"5 - Nota","6 - Proposta","desafio","1- Avaliacao","2 - Nota Final","4 - Mentor","3 - Desc"
"","","","O potencial de resolução do problema pela solução proposta e, se for o caso, da provável economia para a administração pública","","4",""
"","","","A viabilidade e a maturidade do modelo de negócio da solução","","4",""
"","","","Tecnologias utilizadas para a solução do desafio","","5",""
"","","","A demonstração comparativa de custo e benefício da proposta em relação às opções funcionalmente equivalentes","","4",""
"","","","Prazo dos entregáveis da solução","","5",""
"","","","A qualidade da fundamentação, analisando o embasamento e a justificativa da solução proposta pelo aplicante","","1",""
"","","","Escalabilidade, ou seja, refere-se à capacidade da solução ser reproduzida em grande quantidade e para um número grande de clientes","","3",""
"1751049044050x863092773987024900","","","Escalabilidade, ou seja, refere-se à capacidade da solução ser reproduzida em grande quantidade e para um número grande de clientes","","3","()"
"1751049044050x863092773987024900","","","A qualidade da fundamentação, analisando o embasamento e a justificativa da solução proposta pelo aplicante","","1","()"
"1751049044050x863092773987024900","","","A viabilidade e a maturidade do modelo de negócio da solução","","4","()"
"1751049044050x863092773987024900","","","O potencial de resolução do problema pela solução proposta e, se for o caso, da provável economia para a administração pública","","4","()"
"1751049044050x863092773987024900","","","Tecnologias utilizadas para a solução do desafio","","5","()"
"1751049044050x863092773987024900","","","Prazo dos entregáveis da solução","","5","()"
"1751049044050x863092773987024900","","","A demonstração comparativa de custo e benefício da proposta em relação às opções funcionalmente equivalentes","","4","()"
"1751049044050x863092773987024900","3,83","","O potencial de resolução do problema pela solução proposta e, se for o caso, da provável economia para a administração pública","","4","()"
"1751049044050x863092773987024900","3,83","","A viabilidade e a maturidade do modelo de negócio da solução","","4","()"
"1751049044050x863092773987024900","3,83","","A demonstração comparativa de custo e benefício da proposta em relação às opções funcionalmente equivalentes","","4","()"
"1751049044050x863092773987024900","3,83","","Tecnologias utilizadas para a solução do desafio","","5","()"
"1751049044050x863092773987024900","3,83","","Prazo dos entregáveis da solução","","5","()"
"1751049044050x863092773987024900","3,83","","Escalabilidade, ou seja, refere-se à capacidade da solução ser reproduzida em grande quantidade e para um número grande de clientes","","3","()"
"1751049044050x863092773987024900","3,83","","A qualidade da fundamentação, analisando o embasamento e a justificativa da solução proposta pelo aplicante","","1","()"
"1751049044050x863092773987024900","3,83","","A viabilidade e a maturidade do modelo de negócio da solução","","4","()"
"1751049044050x863092773987024900","3,83","","O potencial de resolução do problema pela solução proposta e, se for o caso, da provável economia para a administração pública","","4","()"
"1751049044050x863092773987024900","3,83","","Escalabilidade, ou seja, refere-se à capacidade da solução ser reproduzida em grande quantidade e para um número grande de clientes","","3","()"
"1751049044050x863092773987024900","3,83","","A demonstração comparativa de custo e benefício da proposta em relação às opções funcionalmente equivalentes","","4","()"
"1751049044050x863092773987024900","3,83","","Prazo dos entregáveis da solução","","5","()"
"1751049044050x863092773987024900","3,83","","A qualidade da fundamentação, analisando o embasamento e a justificativa da solução proposta pelo aplicante","","1","()"
"1751049044050x863092773987024900","3,83","","Tecnologias utilizadas para a solução do desafio","","5","()"
"1751049044050x863092773987024900","3,83","","O potencial de resolução do problema pela solução proposta e, se for o caso, da provável economia para a administração pública","","4","()"
"1751049044050x863092773987024900","3,83","","A viabilidade e a maturidade do modelo de negócio da solução","","4","()"
"1751049044050x863092773987024900","3,83","","A demonstração comparativa de custo e benefício da proposta em relação às opções funcionalmente equivalentes","","4","()"
"1751049044050x863092773987024900","3,83","","Tecnologias utilizadas para a solução do desafio","","5","()"
"1751049044050x863092773987024900","3,83","","Escalabilidade, ou seja, refere-se à capacidade da solução ser reproduzida em grande quantidade e para um número grande de clientes","","3","()"
"1751049044050x863092773987024900","3,83","","A qualidade da fundamentação, analisando o embasamento e a justificativa da solução proposta pelo aplicante","","1","()"
"1751049044050x863092773987024900","3,83","","Prazo dos entregáveis da solução","","5","()"
"1751049044050x863092773987024900","3,83","","Prazo dos entregáveis da solução","","5","()"
"1751049044050x863092773987024900","3,83","","Tecnologias utilizadas para a solução do desafio","","5","()"
"1751049044050x863092773987024900","3,83","","Escalabilidade, ou seja, refere-se à capacidade da solução ser reproduzida em grande quantidade e para um número grande de clientes","","3","()"
"1751049044050x863092773987024900","3,83","","O potencial de resolução do problema pela solução proposta e, se for o caso, da provável economia para a administração pública","","4","()"
"1751049044050x863092773987024900","3,83","","A viabilidade e a maturidade do modelo de negócio da solução","","4","()"
"1751049044050x863092773987024900","3,83","","A demonstração comparativa de custo e benefício da proposta em relação às opções funcionalmente equivalentes","","4","()"
"1751049044050x863092773987024900","3,83","","A qualidade da fundamentação, analisando o embasamento e a justificativa da solução proposta pelo aplicante","","1","()"
"1752114458503x107959938814836740","1","1741713756342x475094650909622300","O potencial de resolução do problema pela solução proposta e, se for o caso, da provável economia para a administração pública","ANA INES DE JESUS VIEIRA","1","MEDIBOX(1747154336818x743371960980340700)"
"1752114458503x107959938814836740","1","1741713756342x475094650909622300","A viabilidade e a maturidade do modelo de negócio da solução","ANA INES DE JESUS VIEIRA","1","MEDIBOX(1747154336818x743371960980340700)"
"1752114458503x107959938814836740","1","1741713756342x475094650909622300","A demonstração comparativa de custo e benefício da proposta em relação às opções funcionalmente equivalentes","ANA INES DE JESUS VIEIRA","1","MEDIBOX(1747154336818x743371960980340700)"
"1752114458503x107959938814836740","1","1741713756342x475094650909622300","Tecnologias utilizadas para a solução do desafio","ANA INES DE JESUS VIEIRA","1","MEDIBOX(1747154336818x743371960980340700)"
"1752114458503x107959938814836740","1","1741713756342x475094650909622300","Escalabilidade, ou seja, refere-se à capacidade da solução ser reproduzida em grande quantidade e para um número grande de clientes","ANA INES DE JESUS VIEIRA","1","MEDIBOX(1747154336818x743371960980340700)"
"1752114458503x107959938814836740","1","1741713756342x475094650909622300","A qualidade da fundamentação, analisando o embasamento e a justificativa da solução proposta pelo aplicante","ANA INES DE JESUS VIEIRA","1","MEDIBOX(1747154336818x743371960980340700)"
"1752114458503x107959938814836740","1","1741713756342x475094650909622300","Prazo dos entregáveis da solução","ANA INES DE JESUS VIEIRA","1","MEDIBOX(1747154336818x743371960980340700)"
"1752113972852x316590283336712200","2,17","1741713756342x475094650909622300","O potencial de resolução do problema pela solução proposta e, se for o caso, da provável economia para a administração pública","RODRIGO BEZERRA","2","MEDIBOX(1747154336818x743371960980340700)"
"1752113972852x316590283336712200","2,17","1741713756342x475094650909622300","Prazo dos entregáveis da solução","RODRIGO BEZERRA","3","MEDIBOX(1747154336818x743371960980340700)"
"1752113972852x316590283336712200","2,17","1741713756342x475094650909622300","A demonstração comparativa de custo e benefício da proposta em relação às opções funcionalmente equivalentes","RODRIGO BEZERRA","3","MEDIBOX(1747154336818x743371960980340700)"
"1752113972852x316590283336712200","2,17","1741713756342x475094650909622300","Tecnologias utilizadas para a solução do desafio","RODRIGO BEZERRA","2","MEDIBOX(1747154336818x743371960980340700)"
"1752113972852x316590283336712200","2,17","1741713756342x475094650909622300","Escalabilidade, ou seja, refere-se à capacidade da solução ser reproduzida em grande quantidade e para um número grande de clientes","RODRIGO BEZERRA","2","MEDIBOX(1747154336818x743371960980340700)"
"1752113972852x316590283336712200","2,17","1741713756342x475094650909622300","A qualidade da fundamentação, analisando o embasamento e a justificativa da solução proposta pelo aplicante","RODRIGO BEZERRA","2","MEDIBOX(1747154336818x743371960980340700)"
"1752113972852x316590283336712200","2,17","1741713756342x475094650909622300","A viabilidade e a maturidade do modelo de negócio da solução","RODRIGO BEZERRA","2","MEDIBOX(1747154336818x743371960980340700)"
"1752043370737x846310527617728500","1,58","1741713756342x475094650909622300","A demonstração comparativa de custo e benefício da proposta em relação às opções funcionalmente equivalentes","ANA INES DE JESUS VIEIRA","1","Kali(1750449027146x792217332883652600)"
"1752043370737x846310527617728500","1,58","1741713756342x475094650909622300","A viabilidade e a maturidade do modelo de negócio da solução","ANA INES DE JESUS VIEIRA","1","Kali(1750449027146x792217332883652600)"
"1752043370737x846310527617728500","1,58","1741713756342x475094650909622300","Tecnologias utilizadas para a solução do desafio","ANA INES DE JESUS VIEIRA","2","Kali(1750449027146x792217332883652600)"
"1752043370737x846310527617728500","1,58","1741713756342x475094650909622300","A qualidade da fundamentação, analisando o embasamento e a justificativa da solução proposta pelo aplicante","ANA INES DE JESUS VIEIRA","1","Kali(1750449027146x792217332883652600)"
"1752043370737x846310527617728500","1,58","1741713756342x475094650909622300","O potencial de resolução do problema pela solução proposta e, se for o caso, da provável economia para a administração pública","ANA INES DE JESUS VIEIRA","2","Kali(1750449027146x792217332883652600)"
"1752043370737x846310527617728500","1,58","1741713756342x475094650909622300","Escalabilidade, ou seja, refere-se à capacidade da solução ser reproduzida em grande quantidade e para um número grande de clientes","ANA INES DE JESUS VIEIRA","2","Kali(1750449027146x792217332883652600)"
"1752043370737x846310527617728500","1,58","1741713756342x475094650909622300","Prazo dos entregáveis da solução","ANA INES DE JESUS VIEIRA","1","Kali(1750449027146x792217332883652600)"
"1752042949006x990861684868644900","2,33","1741713756342x475094650909622300","A qualidade da fundamentação, analisando o embasamento e a justificativa da solução proposta pelo aplicante","ANA INES DE JESUS VIEIRA","3","Projeto Saus(1750442890016x722503316385824800)"
"1752042949006x990861684868644900","2,33","1741713756342x475094650909622300","A viabilidade e a maturidade do modelo de negócio da solução","ANA INES DE JESUS VIEIRA","1","Projeto Saus(1750442890016x722503316385824800)"
"1752042949006x990861684868644900","2,33","1741713756342x475094650909622300","A demonstração comparativa de custo e benefício da proposta em relação às opções funcionalmente equivalentes","ANA INES DE JESUS VIEIRA","2","Projeto Saus(1750442890016x722503316385824800)"
"1752042949006x990861684868644900","2,33","1741713756342x475094650909622300","Tecnologias utilizadas para a solução do desafio","ANA INES DE JESUS VIEIRA","2","Projeto Saus(1750442890016x722503316385824800)"
"1752042949006x990861684868644900","2,33","1741713756342x475094650909622300","Escalabilidade, ou seja, refere-se à capacidade da solução ser reproduzida em grande quantidade e para um número grande de clientes","ANA INES DE JESUS VIEIRA","3","Projeto Saus(1750442890016x722503316385824800)"
"1752042627391x457492349157113860","1,92","1741713756342x475094650909622300","O potencial de resolução do problema pela solução proposta e, se for o caso, da provável economia para a administração pública","ANA INES DE JESUS VIEIRA","2","Dayse Maria de Souza Oliveira, Amanda Felix da Silva, Antônia Felix Lessa(1750428483714x110287244945522690)"
"1752042949006x990861684868644900","2,33","1741713756342x475094650909622300","Prazo dos entregáveis da solução","ANA INES DE JESUS VIEIRA","2","Projeto Saus(1750442890016x722503316385824800)"
"1752042627391x457492349157113860","1,92","1741713756342x475094650909622300","A demonstração comparativa de custo e benefício da proposta em relação às opções funcionalmente equivalentes","ANA INES DE JESUS VIEIRA","2","Dayse Maria de Souza Oliveira, Amanda Felix da Silva, Antônia Felix Lessa(1750428483714x110287244945522690)"
"1752042627391x457492349157113860","1,92","1741713756342x475094650909622300","Tecnologias utilizadas para a solução do desafio","ANA INES DE JESUS VIEIRA","1","Dayse Maria de Souza Oliveira, Amanda Felix da Silva, Antônia Felix Lessa(1750428483714x110287244945522690)"
"1752042627391x457492349157113860","1,92","1741713756342x475094650909622300","Escalabilidade, ou seja, refere-se à capacidade da solução ser reproduzida em grande quantidade e para um número grande de clientes","ANA INES DE JESUS VIEIRA","2","Dayse Maria de Souza Oliveira, Amanda Felix da Silva, Antônia Felix Lessa(1750428483714x110287244945522690)"
"1752042627391x457492349157113860","1,92","1741713756342x475094650909622300","A viabilidade e a maturidade do modelo de negócio da solução","ANA INES DE JESUS VIEIRA","2","Dayse Maria de Souza Oliveira, Amanda Felix da Silva, Antônia Felix Lessa(1750428483714x110287244945522690)"
"1752042627391x457492349157113860","1,92","1741713756342x475094650909622300","A qualidade da fundamentação, analisando o embasamento e a justificativa da solução proposta pelo aplicante","ANA INES DE JESUS VIEIRA","3","Dayse Maria de Souza Oliveira, Amanda Felix da Silva, Antônia Felix Lessa(1750428483714x110287244945522690)"
"1752041506127x437935549110812700","4,42","1741713756342x475094650909622300","A demonstração comparativa de custo e benefício da proposta em relação às opções funcionalmente equivalentes","ANA INES DE JESUS VIEIRA","2","Lemobs(1750441883750x976151120499966000)"
"1752041506127x437935549110812700","4,42","1741713756342x475094650909622300","Tecnologias utilizadas para a solução do desafio","ANA INES DE JESUS VIEIRA","5","Lemobs(1750441883750x976151120499966000)"
"1752041506127x437935549110812700","4,42","1741713756342x475094650909622300","O potencial de resolução do problema pela solução proposta e, se for o caso, da provável economia para a administração pública","ANA INES DE JESUS VIEIRA","5","Lemobs(1750441883750x976151120499966000)"
"1752042627391x457492349157113860","1,92","1741713756342x475094650909622300","Prazo dos entregáveis da solução","ANA INES DE JESUS VIEIRA","2","Dayse Maria de Souza Oliveira, Amanda Felix da Silva, Antônia Felix Lessa(1750428483714x110287244945522690)"
"1752041506127x437935549110812700","4,42","1741713756342x475094650909622300","A viabilidade e a maturidade do modelo de negócio da solução","ANA INES DE JESUS VIEIRA","5","Lemobs(1750441883750x976151120499966000)"
"1752041506127x437935549110812700","4,42","1741713756342x475094650909622300","Escalabilidade, ou seja, refere-se à capacidade da solução ser reproduzida em grande quantidade e para um número grande de clientes","ANA INES DE JESUS VIEIRA","4","Lemobs(1750441883750x976151120499966000)"
"1752041506127x437935549110812700","4,42","1741713756342x475094650909622300","A qualidade da fundamentação, analisando o embasamento e a justificativa da solução proposta pelo aplicante","ANA INES DE JESUS VIEIRA","4","Lemobs(1750441883750x976151120499966000)"
"1752042949006x990861684868644900","2,33","1741713756342x475094650909622300","O potencial de resolução do problema pela solução proposta e, se for o caso, da provável economia para a administração pública","ANA INES DE JESUS VIEIRA","3","Projeto Saus(1750442890016x722503316385824800)"
"1752041506127x437935549110812700","4,42","1741713756342x475094650909622300","Prazo dos entregáveis da solução","ANA INES DE JESUS VIEIRA","4","Lemobs(1750441883750x976151120499966000)"
"1752040588904x301431908207689700","3,33","1741713756342x475094650909622300","O potencial de resolução do problema pela solução proposta e, se for o caso, da provável economia para a administração pública","ANA INES DE JESUS VIEIRA","3","Liu(1747794171431x940488044287098900)"
"1752040588904x301431908207689700","3,33","1741713756342x475094650909622300","Tecnologias utilizadas para a solução do desafio","ANA INES DE JESUS VIEIRA","3","Liu(1747794171431x940488044287098900)"
"1752040588904x301431908207689700","3,33","1741713756342x475094650909622300","Prazo dos entregáveis da solução","ANA INES DE JESUS VIEIRA","2","Liu(1747794171431x940488044287098900)"
"1752040588904x301431908207689700","3,33","1741713756342x475094650909622300","A qualidade da fundamentação, analisando o embasamento e a justificativa da solução proposta pelo aplicante","ANA INES DE JESUS VIEIRA","5","Liu(1747794171431x940488044287098900)"
"1752040588904x301431908207689700","3,33","1741713756342x475094650909622300","A demonstração comparativa de custo e benefício da proposta em relação às opções funcionalmente equivalentes","ANA INES DE JESUS VIEIRA","4","Liu(1747794171431x940488044287098900)"
"1752039426205x825326934734930000","2,17","1741713756342x475094650909622300","O potencial de resolução do problema pela solução proposta e, se for o caso, da provável economia para a administração pública","ANA INES DE JESUS VIEIRA","3","Conexão e Cuidado(1750457780030x714257608034222100)"
"1752039426205x825326934734930000","2,17","1741713756342x475094650909622300","A demonstração comparativa de custo e benefício da proposta em relação às opções funcionalmente equivalentes","ANA INES DE JESUS VIEIRA","2","Conexão e Cuidado(1750457780030x714257608034222100)"
"1752040588904x301431908207689700","3,33","1741713756342x475094650909622300","Escalabilidade, ou seja, refere-se à capacidade da solução ser reproduzida em grande quantidade e para um número grande de clientes","ANA INES DE JESUS VIEIRA","3","Liu(1747794171431x940488044287098900)"
"1752039426205x825326934734930000","2,17","1741713756342x475094650909622300","A viabilidade e a maturidade do modelo de negócio da solução","ANA INES DE JESUS VIEIRA","1","Conexão e Cuidado(1750457780030x714257608034222100)"
"1752039426205x825326934734930000","2,17","1741713756342x475094650909622300","Escalabilidade, ou seja, refere-se à capacidade da solução ser reproduzida em grande quantidade e para um número grande de clientes","ANA INES DE JESUS VIEIRA","2","Conexão e Cuidado(1750457780030x714257608034222100)"
"1752039426205x825326934734930000","2,17","1741713756342x475094650909622300","A qualidade da fundamentação, analisando o embasamento e a justificativa da solução proposta pelo aplicante","ANA INES DE JESUS VIEIRA","2","Conexão e Cuidado(1750457780030x714257608034222100)"
"1752039426205x825326934734930000","2,17","1741713756342x475094650909622300","Tecnologias utilizadas para a solução do desafio","ANA INES DE JESUS VIEIRA","3","Conexão e Cuidado(1750457780030x714257608034222100)"
"1752038059288x644213679420866600","3,33","1741713756342x475094650909622300","Tecnologias utilizadas para a solução do desafio","ANA INES DE JESUS VIEIRA","5","Clinitech Tecnologia em Saúde LTDA.(1750437798539x879582976976093200)"
"1752038059288x644213679420866600","3,33","1741713756342x475094650909622300","O potencial de resolução do problema pela solução proposta e, se for o caso, da provável economia para a administração pública","ANA INES DE JESUS VIEIRA","4","Clinitech Tecnologia em Saúde LTDA.(1750437798539x879582976976093200)"
"1752039426205x825326934734930000","2,17","1741713756342x475094650909622300","Prazo dos entregáveis da solução","ANA INES DE JESUS VIEIRA","1","Conexão e Cuidado(1750457780030x714257608034222100)"
"1752038059288x644213679420866600","3,33","1741713756342x475094650909622300","A viabilidade e a maturidade do modelo de negócio da solução","ANA INES DE JESUS VIEIRA","2","Clinitech Tecnologia em Saúde LTDA.(1750437798539x879582976976093200)"
"1752038059288x644213679420866600","3,33","1741713756342x475094650909622300","Escalabilidade, ou seja, refere-se à capacidade da solução ser reproduzida em grande quantidade e para um número grande de clientes","ANA INES DE JESUS VIEIRA","4","Clinitech Tecnologia em Saúde LTDA.(1750437798539x879582976976093200)"
"1752038059288x644213679420866600","3,33","1741713756342x475094650909622300","A demonstração comparativa de custo e benefício da proposta em relação às opções funcionalmente equivalentes","ANA INES DE JESUS VIEIRA","1","Clinitech Tecnologia em Saúde LTDA.(1750437798539x879582976976093200)"
"1752040588904x301431908207689700","3,33","1741713756342x475094650909622300","A viabilidade e a maturidade do modelo de negócio da solução","ANA INES DE JESUS VIEIRA","4","Liu(1747794171431x940488044287098900)"
"1752038059288x644213679420866600","3,33","1741713756342x475094650909622300","Prazo dos entregáveis da solução","ANA INES DE JESUS VIEIRA","2","Clinitech Tecnologia em Saúde LTDA.(1750437798539x879582976976093200)"
"1752037715763x400721804570132500","1","1741713756342x475094650909622300","O potencial de resolução do problema pela solução proposta e, se for o caso, da provável economia para a administração pública","ANA INES DE JESUS VIEIRA","1","RedCheck(1747747339966x581554505157705700)"
"1752038059288x644213679420866600","3,33","1741713756342x475094650909622300","A qualidade da fundamentação, analisando o embasamento e a justificativa da solução proposta pelo aplicante","ANA INES DE JESUS VIEIRA","3","Clinitech Tecnologia em Saúde LTDA.(1750437798539x879582976976093200)"
"1752037715763x400721804570132500","1","1741713756342x475094650909622300","Tecnologias utilizadas para a solução do desafio","ANA INES DE JESUS VIEIRA","1","RedCheck(1747747339966x581554505157705700)"
"1752037715763x400721804570132500","1","1741713756342x475094650909622300","Escalabilidade, ou seja, refere-se à capacidade da solução ser reproduzida em grande quantidade e para um número grande de clientes","ANA INES DE JESUS VIEIRA","1","RedCheck(1747747339966x581554505157705700)"
"1752037715763x400721804570132500","1","1741713756342x475094650909622300","A qualidade da fundamentação, analisando o embasamento e a justificativa da solução proposta pelo aplicante","ANA INES DE JESUS VIEIRA","1","RedCheck(1747747339966x581554505157705700)"
"1752037715763x400721804570132500","1","1741713756342x475094650909622300","A demonstração comparativa de custo e benefício da proposta em relação às opções funcionalmente equivalentes","ANA INES DE JESUS VIEIRA","1","RedCheck(1747747339966x581554505157705700)"
"1752036264899x550346200442208260","1,83","1741713756342x475094650909622300","Tecnologias utilizadas para a solução do desafio","ANA INES DE JESUS VIEIRA","2","neri(1750382702746x817002404516986900)"
"1752036264899x550346200442208260","1,83","1741713756342x475094650909622300","Escalabilidade, ou seja, refere-se à capacidade da solução ser reproduzida em grande quantidade e para um número grande de clientes","ANA INES DE JESUS VIEIRA","2","neri(1750382702746x817002404516986900)"
"1752037715763x400721804570132500","1","1741713756342x475094650909622300","Prazo dos entregáveis da solução","ANA INES DE JESUS VIEIRA","1","RedCheck(1747747339966x581554505157705700)"
"1752036264899x550346200442208260","1,83","1741713756342x475094650909622300","O potencial de resolução do problema pela solução proposta e, se for o caso, da provável economia para a administração pública","ANA INES DE JESUS VIEIRA","2","neri(1750382702746x817002404516986900)"
"1752036264899x550346200442208260","1,83","1741713756342x475094650909622300","A demonstração comparativa de custo e benefício da proposta em relação às opções funcionalmente equivalentes","ANA INES DE JESUS VIEIRA","1","neri(1750382702746x817002404516986900)"
"1752036264899x550346200442208260","1,83","1741713756342x475094650909622300","Prazo dos entregáveis da solução","ANA INES DE JESUS VIEIRA","1","neri(1750382702746x817002404516986900)"
"1752036264899x550346200442208260","1,83","1741713756342x475094650909622300","A qualidade da fundamentação, analisando o embasamento e a justificativa da solução proposta pelo aplicante","ANA INES DE JESUS VIEIRA","2","neri(1750382702746x817002404516986900)"
"1752035959322x287161806747074560","1","1741713756342x475094650909622300","O potencial de resolução do problema pela solução proposta e, se for o caso, da provável economia para a administração pública","ANA INES DE JESUS VIEIRA","1","Clinitech(1747276858851x787162643421200400)"
"1752035959322x287161806747074560","1","1741713756342x475094650909622300","A viabilidade e a maturidade do modelo de negócio da solução","ANA INES DE JESUS VIEIRA","1","Clinitech(1747276858851x787162643421200400)"
"1752035959322x287161806747074560","1","1741713756342x475094650909622300","Tecnologias utilizadas para a solução do desafio","ANA INES DE JESUS VIEIRA","1","Clinitech(1747276858851x787162643421200400)"
"1752035959322x287161806747074560","1","1741713756342x475094650909622300","A demonstração comparativa de custo e benefício da proposta em relação às opções funcionalmente equivalentes","ANA INES DE JESUS VIEIRA","1","Clinitech(1747276858851x787162643421200400)"
"1752035959322x287161806747074560","1","1741713756342x475094650909622300","Prazo dos entregáveis da solução","ANA INES DE JESUS VIEIRA","1","Clinitech(1747276858851x787162643421200400)"
"1752035959322x287161806747074560","1","1741713756342x475094650909622300","A qualidade da fundamentação, analisando o embasamento e a justificativa da solução proposta pelo aplicante","ANA INES DE JESUS VIEIRA","1","Clinitech(1747276858851x787162643421200400)"
"1752036264899x550346200442208260","1,83","1741713756342x475094650909622300","A viabilidade e a maturidade do modelo de negócio da solução","ANA INES DE JESUS VIEIRA","2","neri(1750382702746x817002404516986900)"
"1752035188525x456776810847272960","4","1741713756342x475094650909622300","Tecnologias utilizadas para a solução do desafio","ANA INES DE JESUS VIEIRA","5","Cuida+ Saúde(1750458720850x474968371098288100)"
"1752035188525x456776810847272960","4","1741713756342x475094650909622300","A demonstração comparativa de custo e benefício da proposta em relação às opções funcionalmente equivalentes","ANA INES DE JESUS VIEIRA","5","Cuida+ Saúde(1750458720850x474968371098288100)"
"1752035188525x456776810847272960","4","1741713756342x475094650909622300","A viabilidade e a maturidade do modelo de negócio da solução","ANA INES DE JESUS VIEIRA","3","Cuida+ Saúde(1750458720850x474968371098288100)"
"1752035188525x456776810847272960","4","1741713756342x475094650909622300","Escalabilidade, ou seja, refere-se à capacidade da solução ser reproduzida em grande quantidade e para um número grande de clientes","ANA INES DE JESUS VIEIRA","5","Cuida+ Saúde(1750458720850x474968371098288100)"
"1752035188525x456776810847272960","4","1741713756342x475094650909622300","O potencial de resolução do problema pela solução proposta e, se for o caso, da provável economia para a administração pública","ANA INES DE JESUS VIEIRA","3","Cuida+ Saúde(1750458720850x474968371098288100)"
"1752035188525x456776810847272960","4","1741713756342x475094650909622300","A qualidade da fundamentação, analisando o embasamento e a justificativa da solução proposta pelo aplicante","ANA INES DE JESUS VIEIRA","5","Cuida+ Saúde(1750458720850x474968371098288100)"
"1752034809837x167755476533248000","1,33","1741713756342x475094650909622300","Escalabilidade, ou seja, refere-se à capacidade da solução ser reproduzida em grande quantidade e para um número grande de clientes","ANA INES DE JESUS VIEIRA","1","Cesinhas(1750360813598x604209465657393200)"
"1752034809837x167755476533248000","1,33","1741713756342x475094650909622300","A demonstração comparativa de custo e benefício da proposta em relação às opções funcionalmente equivalentes","ANA INES DE JESUS VIEIRA","1","Cesinhas(1750360813598x604209465657393200)"
"1752035188525x456776810847272960","4","1741713756342x475094650909622300","Prazo dos entregáveis da solução","ANA INES DE JESUS VIEIRA","3","Cuida+ Saúde(1750458720850x474968371098288100)"
"1752034809837x167755476533248000","1,33","1741713756342x475094650909622300","Tecnologias utilizadas para a solução do desafio","ANA INES DE JESUS VIEIRA","1","Cesinhas(1750360813598x604209465657393200)"
"1752034809837x167755476533248000","1,33","1741713756342x475094650909622300","A viabilidade e a maturidade do modelo de negócio da solução","ANA INES DE JESUS VIEIRA","1","Cesinhas(1750360813598x604209465657393200)"
"1752034809837x167755476533248000","1,33","1741713756342x475094650909622300","Prazo dos entregáveis da solução","ANA INES DE JESUS VIEIRA","1","Cesinhas(1750360813598x604209465657393200)"
"1752034809837x167755476533248000","1,33","1741713756342x475094650909622300","O potencial de resolução do problema pela solução proposta e, se for o caso, da provável economia para a administração pública","ANA INES DE JESUS VIEIRA","2","Cesinhas(1750360813598x604209465657393200)"
"1752034809837x167755476533248000","1,33","1741713756342x475094650909622300","A qualidade da fundamentação, analisando o embasamento e a justificativa da solução proposta pelo aplicante","ANA INES DE JESUS VIEIRA","2","Cesinhas(1750360813598x604209465657393200)"
"1752034248749x516744017115086850","1,5","1741713756342x475094650909622300","A qualidade da fundamentação, analisando o embasamento e a justificativa da solução proposta pelo aplicante","ANA INES DE JESUS VIEIRA","2","Ponte Saúde(1750460642268x111056270580514820)"
"1752034248749x516744017115086850","1,5","1741713756342x475094650909622300","Prazo dos entregáveis da solução","ANA INES DE JESUS VIEIRA","1","Ponte Saúde(1750460642268x111056270580514820)"
"1752034248749x516744017115086850","1,5","1741713756342x475094650909622300","Tecnologias utilizadas para a solução do desafio","ANA INES DE JESUS VIEIRA","2","Ponte Saúde(1750460642268x111056270580514820)"
"1752034248749x516744017115086850","1,5","1741713756342x475094650909622300","A demonstração comparativa de custo e benefício da proposta em relação às opções funcionalmente equivalentes","ANA INES DE JESUS VIEIRA","1","Ponte Saúde(1750460642268x111056270580514820)"
"1752034248749x516744017115086850","1,5","1741713756342x475094650909622300","O potencial de resolução do problema pela solução proposta e, se for o caso, da provável economia para a administração pública","ANA INES DE JESUS VIEIRA","2","Ponte Saúde(1750460642268x111056270580514820)"
"1752034248749x516744017115086850","1,5","1741713756342x475094650909622300","Escalabilidade, ou seja, refere-se à capacidade da solução ser reproduzida em grande quantidade e para um número grande de clientes","ANA INES DE JESUS VIEIRA","1","Ponte Saúde(1750460642268x111056270580514820)"
"1752033446983x637062336948994000","3,33","1741713756342x475094650909622300","O potencial de resolução do problema pela solução proposta e, se for o caso, da provável economia para a administração pública","ANA INES DE JESUS VIEIRA","3","Saúde com I.A(1747250100162x590354311999127600)"
"1752033446983x637062336948994000","3,33","1741713756342x475094650909622300","A viabilidade e a maturidade do modelo de negócio da solução","ANA INES DE JESUS VIEIRA","2","Saúde com I.A(1747250100162x590354311999127600)"
"1752033446983x637062336948994000","3,33","1741713756342x475094650909622300","A demonstração comparativa de custo e benefício da proposta em relação às opções funcionalmente equivalentes","ANA INES DE JESUS VIEIRA","3","Saúde com I.A(1747250100162x590354311999127600)"
"1752037715763x400721804570132500","1","1741713756342x475094650909622300","A viabilidade e a maturidade do modelo de negócio da solução","ANA INES DE JESUS VIEIRA","1","RedCheck(1747747339966x581554505157705700)"
"1752033446983x637062336948994000","3,33","1741713756342x475094650909622300","Tecnologias utilizadas para a solução do desafio","ANA INES DE JESUS VIEIRA","5","Saúde com I.A(1747250100162x590354311999127600)"
"1752035959322x287161806747074560","1","1741713756342x475094650909622300","Escalabilidade, ou seja, refere-se à capacidade da solução ser reproduzida em grande quantidade e para um número grande de clientes","ANA INES DE JESUS VIEIRA","1","Clinitech(1747276858851x787162643421200400)"
"1752033446983x637062336948994000","3,33","1741713756342x475094650909622300","A qualidade da fundamentação, analisando o embasamento e a justificativa da solução proposta pelo aplicante","ANA INES DE JESUS VIEIRA","3","Saúde com I.A(1747250100162x590354311999127600)"
"1752032222655x279710150127517700","4,42","1741713756342x475094650909622300","Tecnologias utilizadas para a solução do desafio","ANA INES DE JESUS VIEIRA","4","KTecS(1750457846826x615898407090257900)"
"1752034248749x516744017115086850","1,5","1741713756342x475094650909622300","A viabilidade e a maturidade do modelo de negócio da solução","ANA INES DE JESUS VIEIRA","1","Ponte Saúde(1750460642268x111056270580514820)"
"1752032222655x279710150127517700","4,42","1741713756342x475094650909622300","A viabilidade e a maturidade do modelo de negócio da solução","ANA INES DE JESUS VIEIRA","4","KTecS(1750457846826x615898407090257900)"
"1752033446983x637062336948994000","3,33","1741713756342x475094650909622300","Prazo dos entregáveis da solução","ANA INES DE JESUS VIEIRA","1","Saúde com I.A(1747250100162x590354311999127600)"
"1752033446983x637062336948994000","3,33","1741713756342x475094650909622300","Escalabilidade, ou seja, refere-se à capacidade da solução ser reproduzida em grande quantidade e para um número grande de clientes","ANA INES DE JESUS VIEIRA","5","Saúde com I.A(1747250100162x590354311999127600)"
"1752032222655x279710150127517700","4,42","1741713756342x475094650909622300","A demonstração comparativa de custo e benefício da proposta em relação às opções funcionalmente equivalentes","ANA INES DE JESUS VIEIRA","4","KTecS(1750457846826x615898407090257900)"
"1752032222655x279710150127517700","4,42","1741713756342x475094650909622300","Escalabilidade, ou seja, refere-se à capacidade da solução ser reproduzida em grande quantidade e para um número grande de clientes","ANA INES DE JESUS VIEIRA","5","KTecS(1750457846826x615898407090257900)"
"1752032222655x279710150127517700","4,42","1741713756342x475094650909622300","A qualidade da fundamentação, analisando o embasamento e a justificativa da solução proposta pelo aplicante","ANA INES DE JESUS VIEIRA","5","KTecS(1750457846826x615898407090257900)"
"1752032222655x279710150127517700","4,42","1741713756342x475094650909622300","Prazo dos entregáveis da solução","ANA INES DE JESUS VIEIRA","3","KTecS(1750457846826x615898407090257900)"
"1752032222655x279710150127517700","4,42","1741713756342x475094650909622300","O potencial de resolução do problema pela solução proposta e, se for o caso, da provável economia para a administração pública","ANA INES DE JESUS VIEIRA","5","KTecS(1750457846826x615898407090257900)"
"1752031691993x208580832357515260","1,25","1741713756342x475094650909622300","A qualidade da fundamentação, analisando o embasamento e a justificativa da solução proposta pelo aplicante","ANA INES DE JESUS VIEIRA","1","ROBO LAURA(1747241501575x516406866711674900)"
"1752031691993x208580832357515260","1,25","1741713756342x475094650909622300","Escalabilidade, ou seja, refere-se à capacidade da solução ser reproduzida em grande quantidade e para um número grande de clientes","ANA INES DE JESUS VIEIRA","1","ROBO LAURA(1747241501575x516406866711674900)"
"1752031691993x208580832357515260","1,25","1741713756342x475094650909622300","Prazo dos entregáveis da solução","ANA INES DE JESUS VIEIRA","1","ROBO LAURA(1747241501575x516406866711674900)"
"1752031691993x208580832357515260","1,25","1741713756342x475094650909622300","A viabilidade e a maturidade do modelo de negócio da solução","ANA INES DE JESUS VIEIRA","1","ROBO LAURA(1747241501575x516406866711674900)"
"1752031691993x208580832357515260","1,25","1741713756342x475094650909622300","A demonstração comparativa de custo e benefício da proposta em relação às opções funcionalmente equivalentes","ANA INES DE JESUS VIEIRA","1","ROBO LAURA(1747241501575x516406866711674900)"
"1752031691993x208580832357515260","1,25","1741713756342x475094650909622300","O potencial de resolução do problema pela solução proposta e, se for o caso, da provável economia para a administração pública","ANA INES DE JESUS VIEIRA","2","ROBO LAURA(1747241501575x516406866711674900)"
"1752030652265x204551347900514300","2,42","1741713756342x475094650909622300","O potencial de resolução do problema pela solução proposta e, se for o caso, da provável economia para a administração pública","ANA INES DE JESUS VIEIRA","3","Manguehub(1750468570847x616203165245898800)"
"1752030652265x204551347900514300","2,42","1741713756342x475094650909622300","A viabilidade e a maturidade do modelo de negócio da solução","ANA INES DE JESUS VIEIRA","2","Manguehub(1750468570847x616203165245898800)"
"1752031691993x208580832357515260","1,25","1741713756342x475094650909622300","Tecnologias utilizadas para a solução do desafio","ANA INES DE JESUS VIEIRA","1","ROBO LAURA(1747241501575x516406866711674900)"
"1752030652265x204551347900514300","2,42","1741713756342x475094650909622300","A demonstração comparativa de custo e benefício da proposta em relação às opções funcionalmente equivalentes","ANA INES DE JESUS VIEIRA","2","Manguehub(1750468570847x616203165245898800)"
"1752030652265x204551347900514300","2,42","1741713756342x475094650909622300","Escalabilidade, ou seja, refere-se à capacidade da solução ser reproduzida em grande quantidade e para um número grande de clientes","ANA INES DE JESUS VIEIRA","3","Manguehub(1750468570847x616203165245898800)"
"1752029823335x561977756663152640","2,83","1741713756342x475094650909622300","O potencial de resolução do problema pela solução proposta e, se for o caso, da provável economia para a administração pública","ANA INES DE JESUS VIEIRA","3","REbate(1747183088043x258719990149808130)"
"1752030652265x204551347900514300","2,42","1741713756342x475094650909622300","Prazo dos entregáveis da solução","ANA INES DE JESUS VIEIRA","1","Manguehub(1750468570847x616203165245898800)"
"1752030652265x204551347900514300","2,42","1741713756342x475094650909622300","Tecnologias utilizadas para a solução do desafio","ANA INES DE JESUS VIEIRA","2","Manguehub(1750468570847x616203165245898800)"
"1752029823335x561977756663152640","2,83","1741713756342x475094650909622300","A demonstração comparativa de custo e benefício da proposta em relação às opções funcionalmente equivalentes","ANA INES DE JESUS VIEIRA","2","REbate(1747183088043x258719990149808130)"
"1752029823335x561977756663152640","2,83","1741713756342x475094650909622300","Tecnologias utilizadas para a solução do desafio","ANA INES DE JESUS VIEIRA","4","REbate(1747183088043x258719990149808130)"
"1752029823335x561977756663152640","2,83","1741713756342x475094650909622300","Escalabilidade, ou seja, refere-se à capacidade da solução ser reproduzida em grande quantidade e para um número grande de clientes","ANA INES DE JESUS VIEIRA","2","REbate(1747183088043x258719990149808130)"
"1752029823335x561977756663152640","2,83","1741713756342x475094650909622300","A viabilidade e a maturidade do modelo de negócio da solução","ANA INES DE JESUS VIEIRA","3","REbate(1747183088043x258719990149808130)"
"1752029823335x561977756663152640","2,83","1741713756342x475094650909622300","A qualidade da fundamentação, analisando o embasamento e a justificativa da solução proposta pelo aplicante","ANA INES DE JESUS VIEIRA","3","REbate(1747183088043x258719990149808130)"
"1752029823335x561977756663152640","2,83","1741713756342x475094650909622300","Prazo dos entregáveis da solução","ANA INES DE JESUS VIEIRA","2","REbate(1747183088043x258719990149808130)"
"1752028481062x194663707661041660","4,08","1741713756342x475094650909622300","A demonstração comparativa de custo e benefício da proposta em relação às opções funcionalmente equivalentes","ANA INES DE JESUS VIEIRA","5","GO BEE APIS(1750433496862x349578267965521900)"
"1752028481062x194663707661041660","4,08","1741713756342x475094650909622300","Tecnologias utilizadas para a solução do desafio","ANA INES DE JESUS VIEIRA","3","GO BEE APIS(1750433496862x349578267965521900)"
"1752028481062x194663707661041660","4,08","1741713756342x475094650909622300","A viabilidade e a maturidade do modelo de negócio da solução","ANA INES DE JESUS VIEIRA","4","GO BEE APIS(1750433496862x349578267965521900)"
"1752028481062x194663707661041660","4,08","1741713756342x475094650909622300","Escalabilidade, ou seja, refere-se à capacidade da solução ser reproduzida em grande quantidade e para um número grande de clientes","ANA INES DE JESUS VIEIRA","5","GO BEE APIS(1750433496862x349578267965521900)"
"1752028481062x194663707661041660","4,08","1741713756342x475094650909622300","A qualidade da fundamentação, analisando o embasamento e a justificativa da solução proposta pelo aplicante","ANA INES DE JESUS VIEIRA","5","GO BEE APIS(1750433496862x349578267965521900)"
"1752028481062x194663707661041660","4,08","1741713756342x475094650909622300","O potencial de resolução do problema pela solução proposta e, se for o caso, da provável economia para a administração pública","ANA INES DE JESUS VIEIRA","4","GO BEE APIS(1750433496862x349578267965521900)"
"1752028481062x194663707661041660","4,08","1741713756342x475094650909622300","Prazo dos entregáveis da solução","ANA INES DE JESUS VIEIRA","3","GO BEE APIS(1750433496862x349578267965521900)"
"1752027125762x663216733976789000","3,33","1741713756342x475094650909622300","O potencial de resolução do problema pela solução proposta e, se for o caso, da provável economia para a administração pública","Moisés Leal","4","Wladimilson Bernardino Nascimento(1750474698961x745850263332978700)"
"1752027125762x663216733976789000","3,33","1741713756342x475094650909622300","A demonstração comparativa de custo e benefício da proposta em relação às opções funcionalmente equivalentes","Moisés Leal","3","Wladimilson Bernardino Nascimento(1750474698961x745850263332978700)"
"1752030652265x204551347900514300","2,42","1741713756342x475094650909622300","A qualidade da fundamentação, analisando o embasamento e a justificativa da solução proposta pelo aplicante","ANA INES DE JESUS VIEIRA","3","Manguehub(1750468570847x616203165245898800)"
"1752027125762x663216733976789000","3,33","1741713756342x475094650909622300","Escalabilidade, ou seja, refere-se à capacidade da solução ser reproduzida em grande quantidade e para um número grande de clientes","Moisés Leal","3","Wladimilson Bernardino Nascimento(1750474698961x745850263332978700)"
"1752027125762x663216733976789000","3,33","1741713756342x475094650909622300","A qualidade da fundamentação, analisando o embasamento e a justificativa da solução proposta pelo aplicante","Moisés Leal","2","Wladimilson Bernardino Nascimento(1750474698961x745850263332978700)"
"1752027125762x663216733976789000","3,33","1741713756342x475094650909622300","A viabilidade e a maturidade do modelo de negócio da solução","Moisés Leal","3","Wladimilson Bernardino Nascimento(1750474698961x745850263332978700)"
"1752027125762x663216733976789000","3,33","1741713756342x475094650909622300","Tecnologias utilizadas para a solução do desafio","Moisés Leal","4","Wladimilson Bernardino Nascimento(1750474698961x745850263332978700)"
"1752026981175x991931159451009000","4","1741713756342x475094650909622300","A viabilidade e a maturidade do modelo de negócio da solução","ANA INES DE JESUS VIEIRA","5","CFIT(1750430947736x758923719412285400)"
"1752026981175x991931159451009000","4","1741713756342x475094650909622300","Tecnologias utilizadas para a solução do desafio","ANA INES DE JESUS VIEIRA","4","CFIT(1750430947736x758923719412285400)"
"1752026981175x991931159451009000","4","1741713756342x475094650909622300","O potencial de resolução do problema pela solução proposta e, se for o caso, da provável economia para a administração pública","ANA INES DE JESUS VIEIRA","3","CFIT(1750430947736x758923719412285400)"
"1752027125762x663216733976789000","3,33","1741713756342x475094650909622300","Prazo dos entregáveis da solução","Moisés Leal","3","Wladimilson Bernardino Nascimento(1750474698961x745850263332978700)"
"1752026981175x991931159451009000","4","1741713756342x475094650909622300","Escalabilidade, ou seja, refere-se à capacidade da solução ser reproduzida em grande quantidade e para um número grande de clientes","ANA INES DE JESUS VIEIRA","5","CFIT(1750430947736x758923719412285400)"
"1752026981175x991931159451009000","4","1741713756342x475094650909622300","A demonstração comparativa de custo e benefício da proposta em relação às opções funcionalmente equivalentes","ANA INES DE JESUS VIEIRA","3","CFIT(1750430947736x758923719412285400)"
"1752026612415x902133546737205200","4,08","1741713756342x475094650909622300","A viabilidade e a maturidade do modelo de negócio da solução","Moisés Leal","4","Metasolution(1750474393435x693673183255986200)"
"1752026612415x902133546737205200","4,08","1741713756342x475094650909622300","A demonstração comparativa de custo e benefício da proposta em relação às opções funcionalmente equivalentes","Moisés Leal","5","Metasolution(1750474393435x693673183255986200)"
"1752026612415x902133546737205200","4,08","1741713756342x475094650909622300","O potencial de resolução do problema pela solução proposta e, se for o caso, da provável economia para a administração pública","Moisés Leal","4","Metasolution(1750474393435x693673183255986200)"
"1752026981175x991931159451009000","4","1741713756342x475094650909622300","Prazo dos entregáveis da solução","ANA INES DE JESUS VIEIRA","4","CFIT(1750430947736x758923719412285400)"
"1752026612415x902133546737205200","4,08","1741713756342x475094650909622300","Escalabilidade, ou seja, refere-se à capacidade da solução ser reproduzida em grande quantidade e para um número grande de clientes","Moisés Leal","4","Metasolution(1750474393435x693673183255986200)"
"1752026612415x902133546737205200","4,08","1741713756342x475094650909622300","Prazo dos entregáveis da solução","Moisés Leal","4","Metasolution(1750474393435x693673183255986200)"
"1752026612415x902133546737205200","4,08","1741713756342x475094650909622300","Tecnologias utilizadas para a solução do desafio","Moisés Leal","4","Metasolution(1750474393435x693673183255986200)"
"1752026612415x902133546737205200","4,08","1741713756342x475094650909622300","A qualidade da fundamentação, analisando o embasamento e a justificativa da solução proposta pelo aplicante","Moisés Leal","4","Metasolution(1750474393435x693673183255986200)"
"1752026981175x991931159451009000","4","1741713756342x475094650909622300","A qualidade da fundamentação, analisando o embasamento e a justificativa da solução proposta pelo aplicante","ANA INES DE JESUS VIEIRA","4","CFIT(1750430947736x758923719412285400)"
"1752026270759x153179389369516030","1,83","1741713756342x475094650909622300","A demonstração comparativa de custo e benefício da proposta em relação às opções funcionalmente equivalentes","ANA INES DE JESUS VIEIRA","1","ConectaVital(1747140161151x752513062168166400)"
"1752026270759x153179389369516030","1,83","1741713756342x475094650909622300","Escalabilidade, ou seja, refere-se à capacidade da solução ser reproduzida em grande quantidade e para um número grande de clientes","ANA INES DE JESUS VIEIRA","1","ConectaVital(1747140161151x752513062168166400)"
"1752026270759x153179389369516030","1,83","1741713756342x475094650909622300","Prazo dos entregáveis da solução","ANA INES DE JESUS VIEIRA","1","ConectaVital(1747140161151x752513062168166400)"
"1752026270759x153179389369516030","1,83","1741713756342x475094650909622300","A viabilidade e a maturidade do modelo de negócio da solução","ANA INES DE JESUS VIEIRA","1","ConectaVital(1747140161151x752513062168166400)"
"1752026270759x153179389369516030","1,83","1741713756342x475094650909622300","O potencial de resolução do problema pela solução proposta e, se for o caso, da provável economia para a administração pública","ANA INES DE JESUS VIEIRA","3","ConectaVital(1747140161151x752513062168166400)"
"1752026270759x153179389369516030","1,83","1741713756342x475094650909622300","A qualidade da fundamentação, analisando o embasamento e a justificativa da solução proposta pelo aplicante","ANA INES DE JESUS VIEIRA","1","ConectaVital(1747140161151x752513062168166400)"
"1752026270759x153179389369516030","1,83","1741713756342x475094650909622300","Tecnologias utilizadas para a solução do desafio","ANA INES DE JESUS VIEIRA","3","ConectaVital(1747140161151x752513062168166400)"
"1752026205237x436332149029470200","3,08","1741713756342x475094650909622300","A viabilidade e a maturidade do modelo de negócio da solução","Moisés Leal","3","UPSAÚDE (1750471215836x861794257257103400)"
"1752026205237x436332149029470200","3,08","1741713756342x475094650909622300","A demonstração comparativa de custo e benefício da proposta em relação às opções funcionalmente equivalentes","Moisés Leal","3","UPSAÚDE (1750471215836x861794257257103400)"
"1752026205237x436332149029470200","3,08","1741713756342x475094650909622300","O potencial de resolução do problema pela solução proposta e, se for o caso, da provável economia para a administração pública","Moisés Leal","3","UPSAÚDE (1750471215836x861794257257103400)"
"1752026205237x436332149029470200","3,08","1741713756342x475094650909622300","Tecnologias utilizadas para a solução do desafio","Moisés Leal","3","UPSAÚDE (1750471215836x861794257257103400)"
"1752026205237x436332149029470200","3,08","1741713756342x475094650909622300","A qualidade da fundamentação, analisando o embasamento e a justificativa da solução proposta pelo aplicante","Moisés Leal","2","UPSAÚDE (1750471215836x861794257257103400)"
"1752026205237x436332149029470200","3,08","1741713756342x475094650909622300","Escalabilidade, ou seja, refere-se à capacidade da solução ser reproduzida em grande quantidade e para um número grande de clientes","Moisés Leal","4","UPSAÚDE (1750471215836x861794257257103400)"
"1752026205237x436332149029470200","3,08","1741713756342x475094650909622300","Prazo dos entregáveis da solução","Moisés Leal","3","UPSAÚDE (1750471215836x861794257257103400)"
"1752026123696x783164168990097400","1","1741713756342x475094650909622300","O potencial de resolução do problema pela solução proposta e, se for o caso, da provável economia para a administração pública","ANA INES DE JESUS VIEIRA","1","dolfidoc(1746974279211x999840447551504400)"
"1752026123696x783164168990097400","1","1741713756342x475094650909622300","A viabilidade e a maturidade do modelo de negócio da solução","ANA INES DE JESUS VIEIRA","1","dolfidoc(1746974279211x999840447551504400)"
"1752026123696x783164168990097400","1","1741713756342x475094650909622300","Escalabilidade, ou seja, refere-se à capacidade da solução ser reproduzida em grande quantidade e para um número grande de clientes","ANA INES DE JESUS VIEIRA","1","dolfidoc(1746974279211x999840447551504400)"
"1752026123696x783164168990097400","1","1741713756342x475094650909622300","A demonstração comparativa de custo e benefício da proposta em relação às opções funcionalmente equivalentes","ANA INES DE JESUS VIEIRA","1","dolfidoc(1746974279211x999840447551504400)"
"1752025834826x848484808696266800","1,92","1741713756342x475094650909622300","A demonstração comparativa de custo e benefício da proposta em relação às opções funcionalmente equivalentes","ANA INES DE JESUS VIEIRA","2","UPSAÚDE (1750471215836x861794257257103400)"
"1752025834826x848484808696266800","1,92","1741713756342x475094650909622300","O potencial de resolução do problema pela solução proposta e, se for o caso, da provável economia para a administração pública","ANA INES DE JESUS VIEIRA","2","UPSAÚDE (1750471215836x861794257257103400)"
"1752026123696x783164168990097400","1","1741713756342x475094650909622300","Tecnologias utilizadas para a solução do desafio","ANA INES DE JESUS VIEIRA","1","dolfidoc(1746974279211x999840447551504400)"
"1752025834826x848484808696266800","1,92","1741713756342x475094650909622300","Escalabilidade, ou seja, refere-se à capacidade da solução ser reproduzida em grande quantidade e para um número grande de clientes","ANA INES DE JESUS VIEIRA","2","UPSAÚDE (1750471215836x861794257257103400)"
"1752025834826x848484808696266800","1,92","1741713756342x475094650909622300","A viabilidade e a maturidade do modelo de negócio da solução","ANA INES DE JESUS VIEIRA","2","UPSAÚDE (1750471215836x861794257257103400)"
"1752026123696x783164168990097400","1","1741713756342x475094650909622300","Prazo dos entregáveis da solução","ANA INES DE JESUS VIEIRA","1","dolfidoc(1746974279211x999840447551504400)"
"1752025834826x848484808696266800","1,92","1741713756342x475094650909622300","Tecnologias utilizadas para a solução do desafio","ANA INES DE JESUS VIEIRA","2","UPSAÚDE (1750471215836x861794257257103400)"
"1752025834826x848484808696266800","1,92","1741713756342x475094650909622300","A qualidade da fundamentação, analisando o embasamento e a justificativa da solução proposta pelo aplicante","ANA INES DE JESUS VIEIRA","2","UPSAÚDE (1750471215836x861794257257103400)"
"1752026123696x783164168990097400","1","1741713756342x475094650909622300","A qualidade da fundamentação, analisando o embasamento e a justificativa da solução proposta pelo aplicante","ANA INES DE JESUS VIEIRA","1","dolfidoc(1746974279211x999840447551504400)"
"1752025617253x585229355919867900","3,17","1741713756342x475094650909622300","O potencial de resolução do problema pela solução proposta e, se for o caso, da provável economia para a administração pública","Moisés Leal","3","Manguehub(1750468570847x616203165245898800)"
"1752025617253x585229355919867900","3,17","1741713756342x475094650909622300","A demonstração comparativa de custo e benefício da proposta em relação às opções funcionalmente equivalentes","Moisés Leal","3","Manguehub(1750468570847x616203165245898800)"
"1752025834826x848484808696266800","1,92","1741713756342x475094650909622300","Prazo dos entregáveis da solução","ANA INES DE JESUS VIEIRA","1","UPSAÚDE (1750471215836x861794257257103400)"
"1752025617253x585229355919867900","3,17","1741713756342x475094650909622300","Escalabilidade, ou seja, refere-se à capacidade da solução ser reproduzida em grande quantidade e para um número grande de clientes","Moisés Leal","4","Manguehub(1750468570847x616203165245898800)"
"1752025617253x585229355919867900","3,17","1741713756342x475094650909622300","A viabilidade e a maturidade do modelo de negócio da solução","Moisés Leal","3","Manguehub(1750468570847x616203165245898800)"
"1752025617253x585229355919867900","3,17","1741713756342x475094650909622300","Prazo dos entregáveis da solução","Moisés Leal","2","Manguehub(1750468570847x616203165245898800)"
"1752025617253x585229355919867900","3,17","1741713756342x475094650909622300","A qualidade da fundamentação, analisando o embasamento e a justificativa da solução proposta pelo aplicante","Moisés Leal","2","Manguehub(1750468570847x616203165245898800)"
"1752025617253x585229355919867900","3,17","1741713756342x475094650909622300","Tecnologias utilizadas para a solução do desafio","Moisés Leal","4","Manguehub(1750468570847x616203165245898800)"
"1752025167276x596550470632996900","2,92","1741713756342x475094650909622300","A demonstração comparativa de custo e benefício da proposta em relação às opções funcionalmente equivalentes","Moisés Leal","2","Ponte Saúde(1750460642268x111056270580514820)"
"1752025167276x596550470632996900","2,92","1741713756342x475094650909622300","A viabilidade e a maturidade do modelo de negócio da solução","Moisés Leal","3","Ponte Saúde(1750460642268x111056270580514820)"
"1752025167276x596550470632996900","2,92","1741713756342x475094650909622300","Tecnologias utilizadas para a solução do desafio","Moisés Leal","3","Ponte Saúde(1750460642268x111056270580514820)"
"1752025167276x596550470632996900","2,92","1741713756342x475094650909622300","Escalabilidade, ou seja, refere-se à capacidade da solução ser reproduzida em grande quantidade e para um número grande de clientes","Moisés Leal","4","Ponte Saúde(1750460642268x111056270580514820)"
"1752025167276x596550470632996900","2,92","1741713756342x475094650909622300","O potencial de resolução do problema pela solução proposta e, se for o caso, da provável economia para a administração pública","Moisés Leal","3","Ponte Saúde(1750460642268x111056270580514820)"
"1752024610501x964361250197995500","3,33","1741713756342x475094650909622300","O potencial de resolução do problema pela solução proposta e, se for o caso, da provável economia para a administração pública","Moisés Leal","4","Cuida+ Saúde(1750458720850x474968371098288100)"
"1752024610501x964361250197995500","3,33","1741713756342x475094650909622300","A viabilidade e a maturidade do modelo de negócio da solução","Moisés Leal","3","Cuida+ Saúde(1750458720850x474968371098288100)"
"1752025167276x596550470632996900","2,92","1741713756342x475094650909622300","Prazo dos entregáveis da solução","Moisés Leal","2","Ponte Saúde(1750460642268x111056270580514820)"
"1752024610501x964361250197995500","3,33","1741713756342x475094650909622300","A demonstração comparativa de custo e benefício da proposta em relação às opções funcionalmente equivalentes","Moisés Leal","2","Cuida+ Saúde(1750458720850x474968371098288100)"
"1752024610501x964361250197995500","3,33","1741713756342x475094650909622300","Tecnologias utilizadas para a solução do desafio","Moisés Leal","3","Cuida+ Saúde(1750458720850x474968371098288100)"
"1752024610501x964361250197995500","3,33","1741713756342x475094650909622300","Escalabilidade, ou seja, refere-se à capacidade da solução ser reproduzida em grande quantidade e para um número grande de clientes","Moisés Leal","4","Cuida+ Saúde(1750458720850x474968371098288100)"
"1752024610501x964361250197995500","3,33","1741713756342x475094650909622300","A qualidade da fundamentação, analisando o embasamento e a justificativa da solução proposta pelo aplicante","Moisés Leal","3","Cuida+ Saúde(1750458720850x474968371098288100)"
"1752024610501x964361250197995500","3,33","1741713756342x475094650909622300","Prazo dos entregáveis da solução","Moisés Leal","3","Cuida+ Saúde(1750458720850x474968371098288100)"
"1752024562332x689270580669841400","4,5","1741713756342x475094650909622300","A qualidade da fundamentação, analisando o embasamento e a justificativa da solução proposta pelo aplicante","ANA INES DE JESUS VIEIRA","5","SUSIA(1747235530911x729365137673420800)"
"1752024562332x689270580669841400","4,5","1741713756342x475094650909622300","A demonstração comparativa de custo e benefício da proposta em relação às opções funcionalmente equivalentes","ANA INES DE JESUS VIEIRA","5","SUSIA(1747235530911x729365137673420800)"
"1752024562332x689270580669841400","4,5","1741713756342x475094650909622300","Escalabilidade, ou seja, refere-se à capacidade da solução ser reproduzida em grande quantidade e para um número grande de clientes","ANA INES DE JESUS VIEIRA","5","SUSIA(1747235530911x729365137673420800)"
"1752025167276x596550470632996900","2,92","1741713756342x475094650909622300","A qualidade da fundamentação, analisando o embasamento e a justificativa da solução proposta pelo aplicante","Moisés Leal","2","Ponte Saúde(1750460642268x111056270580514820)"
"1752024562332x689270580669841400","4,5","1741713756342x475094650909622300","Prazo dos entregáveis da solução","ANA INES DE JESUS VIEIRA","3","SUSIA(1747235530911x729365137673420800)"
"1752024562332x689270580669841400","4,5","1741713756342x475094650909622300","O potencial de resolução do problema pela solução proposta e, se for o caso, da provável economia para a administração pública","ANA INES DE JESUS VIEIRA","5","SUSIA(1747235530911x729365137673420800)"
"1752024562332x689270580669841400","4,5","1741713756342x475094650909622300","A viabilidade e a maturidade do modelo de negócio da solução","ANA INES DE JESUS VIEIRA","4","SUSIA(1747235530911x729365137673420800)"
"1752024562332x689270580669841400","4,5","1741713756342x475094650909622300","Tecnologias utilizadas para a solução do desafio","ANA INES DE JESUS VIEIRA","4","SUSIA(1747235530911x729365137673420800)"
"1752023198353x355621535277383700","4","1741713756342x475094650909622300","A viabilidade e a maturidade do modelo de negócio da solução","ANA INES DE JESUS VIEIRA","4","Mosca Branca deeptech(1746965925773x167408289790820350)"
"1752023198353x355621535277383700","4","1741713756342x475094650909622300","A demonstração comparativa de custo e benefício da proposta em relação às opções funcionalmente equivalentes","ANA INES DE JESUS VIEIRA","5","Mosca Branca deeptech(1746965925773x167408289790820350)"
"1752023198353x355621535277383700","4","1741713756342x475094650909622300","Escalabilidade, ou seja, refere-se à capacidade da solução ser reproduzida em grande quantidade e para um número grande de clientes","ANA INES DE JESUS VIEIRA","5","Mosca Branca deeptech(1746965925773x167408289790820350)"
"1752023198353x355621535277383700","4","1741713756342x475094650909622300","Prazo dos entregáveis da solução","ANA INES DE JESUS VIEIRA","2","Mosca Branca deeptech(1746965925773x167408289790820350)"
"1752023198353x355621535277383700","4","1741713756342x475094650909622300","A qualidade da fundamentação, analisando o embasamento e a justificativa da solução proposta pelo aplicante","ANA INES DE JESUS VIEIRA","3","Mosca Branca deeptech(1746965925773x167408289790820350)"
"1752023198353x355621535277383700","4","1741713756342x475094650909622300","Tecnologias utilizadas para a solução do desafio","ANA INES DE JESUS VIEIRA","4","Mosca Branca deeptech(1746965925773x167408289790820350)"
"1752022366999x799957871191130100","2,25","1741713756342x475094650909622300","O potencial de resolução do problema pela solução proposta e, se for o caso, da provável economia para a administração pública","ANA INES DE JESUS VIEIRA","3","NAV + SAÚDE(1746922651654x574889112310644740)"
"1752022366999x799957871191130100","2,25","1741713756342x475094650909622300","A viabilidade e a maturidade do modelo de negócio da solução","ANA INES DE JESUS VIEIRA","1","NAV + SAÚDE(1746922651654x574889112310644740)"
"1752023198353x355621535277383700","4","1741713756342x475094650909622300","O potencial de resolução do problema pela solução proposta e, se for o caso, da provável economia para a administração pública","ANA INES DE JESUS VIEIRA","4","Mosca Branca deeptech(1746965925773x167408289790820350)"
"1752022366999x799957871191130100","2,25","1741713756342x475094650909622300","Tecnologias utilizadas para a solução do desafio","ANA INES DE JESUS VIEIRA","2","NAV + SAÚDE(1746922651654x574889112310644740)"
"1752022366999x799957871191130100","2,25","1741713756342x475094650909622300","Escalabilidade, ou seja, refere-se à capacidade da solução ser reproduzida em grande quantidade e para um número grande de clientes","ANA INES DE JESUS VIEIRA","2","NAV + SAÚDE(1746922651654x574889112310644740)"
"1752022366999x799957871191130100","2,25","1741713756342x475094650909622300","Prazo dos entregáveis da solução","ANA INES DE JESUS VIEIRA","3","NAV + SAÚDE(1746922651654x574889112310644740)"
"1752021696056x512577119547031550","3,58","1741713756342x475094650909622300","O potencial de resolução do problema pela solução proposta e, se for o caso, da provável economia para a administração pública","Moisés Leal","4","KTecS(1750457846826x615898407090257900)"
"1752021696056x512577119547031550","3,58","1741713756342x475094650909622300","Tecnologias utilizadas para a solução do desafio","Moisés Leal","3","KTecS(1750457846826x615898407090257900)"
"1752021696056x512577119547031550","3,58","1741713756342x475094650909622300","A demonstração comparativa de custo e benefício da proposta em relação às opções funcionalmente equivalentes","Moisés Leal","3","KTecS(1750457846826x615898407090257900)"
"1752021696056x512577119547031550","3,58","1741713756342x475094650909622300","A qualidade da fundamentação, analisando o embasamento e a justificativa da solução proposta pelo aplicante","Moisés Leal","3","KTecS(1750457846826x615898407090257900)"
"1752021696056x512577119547031550","3,58","1741713756342x475094650909622300","Prazo dos entregáveis da solução","Moisés Leal","3","KTecS(1750457846826x615898407090257900)"
"1752021017874x749955051163222000","2,17","1741713756342x475094650909622300","Tecnologias utilizadas para a solução do desafio","ANA INES DE JESUS VIEIRA","2","Metasolution(1750474393435x693673183255986200)"
"1752021017874x749955051163222000","2,17","1741713756342x475094650909622300","A viabilidade e a maturidade do modelo de negócio da solução","ANA INES DE JESUS VIEIRA","2","Metasolution(1750474393435x693673183255986200)"
"1752021017874x749955051163222000","2,17","1741713756342x475094650909622300","O potencial de resolução do problema pela solução proposta e, se for o caso, da provável economia para a administração pública","ANA INES DE JESUS VIEIRA","2","Metasolution(1750474393435x693673183255986200)"
"1752021696056x512577119547031550","3,58","1741713756342x475094650909622300","Escalabilidade, ou seja, refere-se à capacidade da solução ser reproduzida em grande quantidade e para um número grande de clientes","Moisés Leal","4","KTecS(1750457846826x615898407090257900)"
"1752022366999x799957871191130100","2,25","1741713756342x475094650909622300","A qualidade da fundamentação, analisando o embasamento e a justificativa da solução proposta pelo aplicante","ANA INES DE JESUS VIEIRA","3","NAV + SAÚDE(1746922651654x574889112310644740)"
"1752021696056x512577119547031550","3,58","1741713756342x475094650909622300","A viabilidade e a maturidade do modelo de negócio da solução","Moisés Leal","4","KTecS(1750457846826x615898407090257900)"
"1752021017874x749955051163222000","2,17","1741713756342x475094650909622300","A qualidade da fundamentação, analisando o embasamento e a justificativa da solução proposta pelo aplicante","ANA INES DE JESUS VIEIRA","4","Metasolution(1750474393435x693673183255986200)"
"1752020257585x893285175988846600","3","1741713756342x475094650909622300","O potencial de resolução do problema pela solução proposta e, se for o caso, da provável economia para a administração pública","Moisés Leal","3","Conexão e Cuidado(1750457780030x714257608034222100)"
"1751978732656x284063917823229950","3,33","1741713756342x475094650909622300","O potencial de resolução do problema pela solução proposta e, se for o caso, da provável economia para a administração pública","Homero Cavalcanti","4","Ponte Saúde(1750460642268x111056270580514820)"
"1751981900573x122308158914035710","2,92","1741713756342x475094650909622300","Escalabilidade, ou seja, refere-se à capacidade da solução ser reproduzida em grande quantidade e para um número grande de clientes","Homero Cavalcanti","4","Manguehub(1750468570847x616203165245898800)"
"1752021017874x749955051163222000","2,17","1741713756342x475094650909622300","Prazo dos entregáveis da solução","ANA INES DE JESUS VIEIRA","2","Metasolution(1750474393435x693673183255986200)"
"1751981900573x122308158914035710","2,92","1741713756342x475094650909622300","Prazo dos entregáveis da solução","Homero Cavalcanti","1","Manguehub(1750468570847x616203165245898800)"
"1752020257585x893285175988846600","3","1741713756342x475094650909622300","A viabilidade e a maturidade do modelo de negócio da solução","Moisés Leal","3","Conexão e Cuidado(1750457780030x714257608034222100)"
"1751981900573x122308158914035710","2,92","1741713756342x475094650909622300","A qualidade da fundamentação, analisando o embasamento e a justificativa da solução proposta pelo aplicante","Homero Cavalcanti","3","Manguehub(1750468570847x616203165245898800)"
"1752021017874x749955051163222000","2,17","1741713756342x475094650909622300","A demonstração comparativa de custo e benefício da proposta em relação às opções funcionalmente equivalentes","ANA INES DE JESUS VIEIRA","2","Metasolution(1750474393435x693673183255986200)"
"1752021017874x749955051163222000","2,17","1741713756342x475094650909622300","Escalabilidade, ou seja, refere-se à capacidade da solução ser reproduzida em grande quantidade e para um número grande de clientes","ANA INES DE JESUS VIEIRA","2","Metasolution(1750474393435x693673183255986200)"
"1751978732656x284063917823229950","3,33","1741713756342x475094650909622300","A viabilidade e a maturidade do modelo de negócio da solução","Homero Cavalcanti","1","Ponte Saúde(1750460642268x111056270580514820)"
"1752020257585x893285175988846600","3","1741713756342x475094650909622300","Escalabilidade, ou seja, refere-se à capacidade da solução ser reproduzida em grande quantidade e para um número grande de clientes","Moisés Leal","4","Conexão e Cuidado(1750457780030x714257608034222100)"
"1752020257585x893285175988846600","3","1741713756342x475094650909622300","A demonstração comparativa de custo e benefício da proposta em relação às opções funcionalmente equivalentes","Moisés Leal","1","Conexão e Cuidado(1750457780030x714257608034222100)"
"1752020257585x893285175988846600","3","1741713756342x475094650909622300","A qualidade da fundamentação, analisando o embasamento e a justificativa da solução proposta pelo aplicante","Moisés Leal","2","Conexão e Cuidado(1750457780030x714257608034222100)"
"1751978732656x284063917823229950","3,33","1741713756342x475094650909622300","Escalabilidade, ou seja, refere-se à capacidade da solução ser reproduzida em grande quantidade e para um número grande de clientes","Homero Cavalcanti","4","Ponte Saúde(1750460642268x111056270580514820)"
"1751978732656x284063917823229950","3,33","1741713756342x475094650909622300","Prazo dos entregáveis da solução","Homero Cavalcanti","4","Ponte Saúde(1750460642268x111056270580514820)"
"1752020257585x893285175988846600","3","1741713756342x475094650909622300","Tecnologias utilizadas para a solução do desafio","Moisés Leal","4","Conexão e Cuidado(1750457780030x714257608034222100)"
"1751978732656x284063917823229950","3,33","1741713756342x475094650909622300","Tecnologias utilizadas para a solução do desafio","Homero Cavalcanti","4","Ponte Saúde(1750460642268x111056270580514820)"
"1751978732656x284063917823229950","3,33","1741713756342x475094650909622300","A demonstração comparativa de custo e benefício da proposta em relação às opções funcionalmente equivalentes","Homero Cavalcanti","3","Ponte Saúde(1750460642268x111056270580514820)"
"1752020257585x893285175988846600","3","1741713756342x475094650909622300","Prazo dos entregáveis da solução","Moisés Leal","2","Conexão e Cuidado(1750457780030x714257608034222100)"
"1751978732656x284063917823229950","3,33","1741713756342x475094650909622300","A qualidade da fundamentação, analisando o embasamento e a justificativa da solução proposta pelo aplicante","Homero Cavalcanti","3","Ponte Saúde(1750460642268x111056270580514820)"
"1752019944533x453036388284104700","1,92","1741713756342x475094650909622300","A viabilidade e a maturidade do modelo de negócio da solução","ANA INES DE JESUS VIEIRA","2","Wladimilson Bernardino Nascimento(1750474698961x745850263332978700)"
"1752019944533x453036388284104700","1,92","1741713756342x475094650909622300","A demonstração comparativa de custo e benefício da proposta em relação às opções funcionalmente equivalentes","ANA INES DE JESUS VIEIRA","2","Wladimilson Bernardino Nascimento(1750474698961x745850263332978700)"
"1752019944533x453036388284104700","1,92","1741713756342x475094650909622300","O potencial de resolução do problema pela solução proposta e, se for o caso, da provável economia para a administração pública","ANA INES DE JESUS VIEIRA","2","Wladimilson Bernardino Nascimento(1750474698961x745850263332978700)"
"1752019944533x453036388284104700","1,92","1741713756342x475094650909622300","Tecnologias utilizadas para a solução do desafio","ANA INES DE JESUS VIEIRA","2","Wladimilson Bernardino Nascimento(1750474698961x745850263332978700)"
"1752019944533x453036388284104700","1,92","1741713756342x475094650909622300","A qualidade da fundamentação, analisando o embasamento e a justificativa da solução proposta pelo aplicante","ANA INES DE JESUS VIEIRA","2","Wladimilson Bernardino Nascimento(1750474698961x745850263332978700)"
"1752019797578x444369731575873540","2,58","1741713756342x475094650909622300","O potencial de resolução do problema pela solução proposta e, se for o caso, da provável economia para a administração pública","Moisés Leal","3","Kali(1750449027146x792217332883652600)"
"1752022366999x799957871191130100","2,25","1741713756342x475094650909622300","A demonstração comparativa de custo e benefício da proposta em relação às opções funcionalmente equivalentes","ANA INES DE JESUS VIEIRA","2","NAV + SAÚDE(1746922651654x574889112310644740)"
"1752019944533x453036388284104700","1,92","1741713756342x475094650909622300","Prazo dos entregáveis da solução","ANA INES DE JESUS VIEIRA","1","Wladimilson Bernardino Nascimento(1750474698961x745850263332978700)"
"1752019944533x453036388284104700","1,92","1741713756342x475094650909622300","Escalabilidade, ou seja, refere-se à capacidade da solução ser reproduzida em grande quantidade e para um número grande de clientes","ANA INES DE JESUS VIEIRA","2","Wladimilson Bernardino Nascimento(1750474698961x745850263332978700)"
"1752019797578x444369731575873540","2,58","1741713756342x475094650909622300","A viabilidade e a maturidade do modelo de negócio da solução","Moisés Leal","2","Kali(1750449027146x792217332883652600)"
"1752019797578x444369731575873540","2,58","1741713756342x475094650909622300","Tecnologias utilizadas para a solução do desafio","Moisés Leal","4","Kali(1750449027146x792217332883652600)"
"1752019797578x444369731575873540","2,58","1741713756342x475094650909622300","A demonstração comparativa de custo e benefício da proposta em relação às opções funcionalmente equivalentes","Moisés Leal","2","Kali(1750449027146x792217332883652600)"
"1752019797578x444369731575873540","2,58","1741713756342x475094650909622300","Prazo dos entregáveis da solução","Moisés Leal","2","Kali(1750449027146x792217332883652600)"
"1752019797578x444369731575873540","2,58","1741713756342x475094650909622300","Escalabilidade, ou seja, refere-se à capacidade da solução ser reproduzida em grande quantidade e para um número grande de clientes","Moisés Leal","2","Kali(1750449027146x792217332883652600)"
"1752019797578x444369731575873540","2,58","1741713756342x475094650909622300","A qualidade da fundamentação, analisando o embasamento e a justificativa da solução proposta pelo aplicante","Moisés Leal","2","Kali(1750449027146x792217332883652600)"
"1752018783932x217275175070334980","2,33","1741713756342x475094650909622300","Tecnologias utilizadas para a solução do desafio","Moisés Leal","2","Projeto Saus(1750442890016x722503316385824800)"
"1752018783932x217275175070334980","2,33","1741713756342x475094650909622300","Escalabilidade, ou seja, refere-se à capacidade da solução ser reproduzida em grande quantidade e para um número grande de clientes","Moisés Leal","2","Projeto Saus(1750442890016x722503316385824800)"
"1752018783932x217275175070334980","2,33","1741713756342x475094650909622300","A viabilidade e a maturidade do modelo de negócio da solução","Moisés Leal","2","Projeto Saus(1750442890016x722503316385824800)"
"1752018783932x217275175070334980","2,33","1741713756342x475094650909622300","O potencial de resolução do problema pela solução proposta e, se for o caso, da provável economia para a administração pública","Moisés Leal","3","Projeto Saus(1750442890016x722503316385824800)"
"1752018783932x217275175070334980","2,33","1741713756342x475094650909622300","A qualidade da fundamentação, analisando o embasamento e a justificativa da solução proposta pelo aplicante","Moisés Leal","3","Projeto Saus(1750442890016x722503316385824800)"
"1752018783932x217275175070334980","2,33","1741713756342x475094650909622300","Prazo dos entregáveis da solução","Moisés Leal","2","Projeto Saus(1750442890016x722503316385824800)"
"1752018783932x217275175070334980","2,33","1741713756342x475094650909622300","A demonstração comparativa de custo e benefício da proposta em relação às opções funcionalmente equivalentes","Moisés Leal","2","Projeto Saus(1750442890016x722503316385824800)"
"1752018760016x547688090096369660","2,67","1741713756342x475094650909622300","Escalabilidade, ou seja, refere-se à capacidade da solução ser reproduzida em grande quantidade e para um número grande de clientes","ANA INES DE JESUS VIEIRA","2","Tia Bete(1746734309886x839844561318576100)"
"1752018760016x547688090096369660","2,67","1741713756342x475094650909622300","A demonstração comparativa de custo e benefício da proposta em relação às opções funcionalmente equivalentes","ANA INES DE JESUS VIEIRA","2","Tia Bete(1746734309886x839844561318576100)"
"1752018760016x547688090096369660","2,67","1741713756342x475094650909622300","O potencial de resolução do problema pela solução proposta e, se for o caso, da provável economia para a administração pública","ANA INES DE JESUS VIEIRA","2","Tia Bete(1746734309886x839844561318576100)"
"1752018760016x547688090096369660","2,67","1741713756342x475094650909622300","Tecnologias utilizadas para a solução do desafio","ANA INES DE JESUS VIEIRA","5","Tia Bete(1746734309886x839844561318576100)"
"1752018760016x547688090096369660","2,67","1741713756342x475094650909622300","A qualidade da fundamentação, analisando o embasamento e a justificativa da solução proposta pelo aplicante","ANA INES DE JESUS VIEIRA","2","Tia Bete(1746734309886x839844561318576100)"
"1752018760016x547688090096369660","2,67","1741713756342x475094650909622300","Prazo dos entregáveis da solução","ANA INES DE JESUS VIEIRA","2","Tia Bete(1746734309886x839844561318576100)"
"1752017277703x247156322058633200","3,83","1741713756342x475094650909622300","A viabilidade e a maturidade do modelo de negócio da solução","Moisés Leal","4","Lemobs(1750441883750x976151120499966000)"
"1752017277703x247156322058633200","3,83","1741713756342x475094650909622300","Escalabilidade, ou seja, refere-se à capacidade da solução ser reproduzida em grande quantidade e para um número grande de clientes","Moisés Leal","4","Lemobs(1750441883750x976151120499966000)"
"1752017277703x247156322058633200","3,83","1741713756342x475094650909622300","A qualidade da fundamentação, analisando o embasamento e a justificativa da solução proposta pelo aplicante","Moisés Leal","3","Lemobs(1750441883750x976151120499966000)"
"1752017277703x247156322058633200","3,83","1741713756342x475094650909622300","A demonstração comparativa de custo e benefício da proposta em relação às opções funcionalmente equivalentes","Moisés Leal","3","Lemobs(1750441883750x976151120499966000)"
"1752017277703x247156322058633200","3,83","1741713756342x475094650909622300","Prazo dos entregáveis da solução","Moisés Leal","4","Lemobs(1750441883750x976151120499966000)"
"1752017277703x247156322058633200","3,83","1741713756342x475094650909622300","Tecnologias utilizadas para a solução do desafio","Moisés Leal","4","Lemobs(1750441883750x976151120499966000)"
"1752017277703x247156322058633200","3,83","1741713756342x475094650909622300","O potencial de resolução do problema pela solução proposta e, se for o caso, da provável economia para a administração pública","Moisés Leal","4","Lemobs(1750441883750x976151120499966000)"
"1752016257107x367775672182243300","3,5","1741713756342x475094650909622300","A demonstração comparativa de custo e benefício da proposta em relação às opções funcionalmente equivalentes","Moisés Leal","2","Clinitech Tecnologia em Saúde LTDA.(1750437798539x879582976976093200)"
"1752016257107x367775672182243300","3,5","1741713756342x475094650909622300","A qualidade da fundamentação, analisando o embasamento e a justificativa da solução proposta pelo aplicante","Moisés Leal","3","Clinitech Tecnologia em Saúde LTDA.(1750437798539x879582976976093200)"
"1752016257107x367775672182243300","3,5","1741713756342x475094650909622300","Escalabilidade, ou seja, refere-se à capacidade da solução ser reproduzida em grande quantidade e para um número grande de clientes","Moisés Leal","4","Clinitech Tecnologia em Saúde LTDA.(1750437798539x879582976976093200)"
"1752016257107x367775672182243300","3,5","1741713756342x475094650909622300","O potencial de resolução do problema pela solução proposta e, se for o caso, da provável economia para a administração pública","Moisés Leal","4","Clinitech Tecnologia em Saúde LTDA.(1750437798539x879582976976093200)"
"1752016257107x367775672182243300","3,5","1741713756342x475094650909622300","A viabilidade e a maturidade do modelo de negócio da solução","Moisés Leal","3","Clinitech Tecnologia em Saúde LTDA.(1750437798539x879582976976093200)"
"1752016257107x367775672182243300","3,5","1741713756342x475094650909622300","Tecnologias utilizadas para a solução do desafio","Moisés Leal","4","Clinitech Tecnologia em Saúde LTDA.(1750437798539x879582976976093200)"
"1752012975120x155496338539675650","4,08","1741713756342x475094650909622300","A demonstração comparativa de custo e benefício da proposta em relação às opções funcionalmente equivalentes","GUSTAVO SÉRGIO DE GODOY MAGALHÃES","4","Wladimilson Bernardino Nascimento(1750474698961x745850263332978700)"
"1752016257107x367775672182243300","3,5","1741713756342x475094650909622300","Prazo dos entregáveis da solução","Moisés Leal","3","Clinitech Tecnologia em Saúde LTDA.(1750437798539x879582976976093200)"
"1752012975120x155496338539675650","4,08","1741713756342x475094650909622300","A viabilidade e a maturidade do modelo de negócio da solução","GUSTAVO SÉRGIO DE GODOY MAGALHÃES","4","Wladimilson Bernardino Nascimento(1750474698961x745850263332978700)"
"1752012975120x155496338539675650","4,08","1741713756342x475094650909622300","O potencial de resolução do problema pela solução proposta e, se for o caso, da provável economia para a administração pública","GUSTAVO SÉRGIO DE GODOY MAGALHÃES","4","Wladimilson Bernardino Nascimento(1750474698961x745850263332978700)"
"1752012975120x155496338539675650","4,08","1741713756342x475094650909622300","Prazo dos entregáveis da solução","GUSTAVO SÉRGIO DE GODOY MAGALHÃES","4","Wladimilson Bernardino Nascimento(1750474698961x745850263332978700)"
"1752012975120x155496338539675650","4,08","1741713756342x475094650909622300","Tecnologias utilizadas para a solução do desafio","GUSTAVO SÉRGIO DE GODOY MAGALHÃES","5","Wladimilson Bernardino Nascimento(1750474698961x745850263332978700)"
"1752012975120x155496338539675650","4,08","1741713756342x475094650909622300","Escalabilidade, ou seja, refere-se à capacidade da solução ser reproduzida em grande quantidade e para um número grande de clientes","GUSTAVO SÉRGIO DE GODOY MAGALHÃES","4","Wladimilson Bernardino Nascimento(1750474698961x745850263332978700)"
"1752012525375x609772412065546200","4,25","1741713756342x475094650909622300","O potencial de resolução do problema pela solução proposta e, se for o caso, da provável economia para a administração pública","Moisés Leal","5","GO BEE APIS(1750433496862x349578267965521900)"
"1752012525375x609772412065546200","4,25","1741713756342x475094650909622300","A viabilidade e a maturidade do modelo de negócio da solução","Moisés Leal","4","GO BEE APIS(1750433496862x349578267965521900)"
"1752012525375x609772412065546200","4,25","1741713756342x475094650909622300","Tecnologias utilizadas para a solução do desafio","Moisés Leal","4","GO BEE APIS(1750433496862x349578267965521900)"
"1752012525375x609772412065546200","4,25","1741713756342x475094650909622300","A demonstração comparativa de custo e benefício da proposta em relação às opções funcionalmente equivalentes","Moisés Leal","4","GO BEE APIS(1750433496862x349578267965521900)"
"1752012525375x609772412065546200","4,25","1741713756342x475094650909622300","Escalabilidade, ou seja, refere-se à capacidade da solução ser reproduzida em grande quantidade e para um número grande de clientes","Moisés Leal","4","GO BEE APIS(1750433496862x349578267965521900)"
"1752012525375x609772412065546200","4,25","1741713756342x475094650909622300","A qualidade da fundamentação, analisando o embasamento e a justificativa da solução proposta pelo aplicante","Moisés Leal","4","GO BEE APIS(1750433496862x349578267965521900)"
"1752012525375x609772412065546200","4,25","1741713756342x475094650909622300","Prazo dos entregáveis da solução","Moisés Leal","4","GO BEE APIS(1750433496862x349578267965521900)"
"1752012975120x155496338539675650","4,08","1741713756342x475094650909622300","A qualidade da fundamentação, analisando o embasamento e a justificativa da solução proposta pelo aplicante","GUSTAVO SÉRGIO DE GODOY MAGALHÃES","3","Wladimilson Bernardino Nascimento(1750474698961x745850263332978700)"
"1752011768922x252466029295304700","3,92","1741713756342x475094650909622300","A demonstração comparativa de custo e benefício da proposta em relação às opções funcionalmente equivalentes","GUSTAVO SÉRGIO DE GODOY MAGALHÃES","3","Metasolution(1750474393435x693673183255986200)"
"1752011768922x252466029295304700","3,92","1741713756342x475094650909622300","Tecnologias utilizadas para a solução do desafio","GUSTAVO SÉRGIO DE GODOY MAGALHÃES","4","Metasolution(1750474393435x693673183255986200)"
"1752011768922x252466029295304700","3,92","1741713756342x475094650909622300","A viabilidade e a maturidade do modelo de negócio da solução","GUSTAVO SÉRGIO DE GODOY MAGALHÃES","4","Metasolution(1750474393435x693673183255986200)"
"1752011768922x252466029295304700","3,92","1741713756342x475094650909622300","O potencial de resolução do problema pela solução proposta e, se for o caso, da provável economia para a administração pública","GUSTAVO SÉRGIO DE GODOY MAGALHÃES","4","Metasolution(1750474393435x693673183255986200)"
"1752011768922x252466029295304700","3,92","1741713756342x475094650909622300","A qualidade da fundamentação, analisando o embasamento e a justificativa da solução proposta pelo aplicante","GUSTAVO SÉRGIO DE GODOY MAGALHÃES","4","Metasolution(1750474393435x693673183255986200)"
"1752011768922x252466029295304700","3,92","1741713756342x475094650909622300","Prazo dos entregáveis da solução","GUSTAVO SÉRGIO DE GODOY MAGALHÃES","4","Metasolution(1750474393435x693673183255986200)"
"1752011768922x252466029295304700","3,92","1741713756342x475094650909622300","Escalabilidade, ou seja, refere-se à capacidade da solução ser reproduzida em grande quantidade e para um número grande de clientes","GUSTAVO SÉRGIO DE GODOY MAGALHÃES","4","Metasolution(1750474393435x693673183255986200)"
"1752009780032x827694673137238000","3,08","1741713756342x475094650909622300","A demonstração comparativa de custo e benefício da proposta em relação às opções funcionalmente equivalentes","GUSTAVO SÉRGIO DE GODOY MAGALHÃES","2","UPSAÚDE (1750471215836x861794257257103400)"
"1752009780032x827694673137238000","3,08","1741713756342x475094650909622300","A viabilidade e a maturidade do modelo de negócio da solução","GUSTAVO SÉRGIO DE GODOY MAGALHÃES","3","UPSAÚDE (1750471215836x861794257257103400)"
"1752009780032x827694673137238000","3,08","1741713756342x475094650909622300","Tecnologias utilizadas para a solução do desafio","GUSTAVO SÉRGIO DE GODOY MAGALHÃES","4","UPSAÚDE (1750471215836x861794257257103400)"
"1752009780032x827694673137238000","3,08","1741713756342x475094650909622300","Escalabilidade, ou seja, refere-se à capacidade da solução ser reproduzida em grande quantidade e para um número grande de clientes","GUSTAVO SÉRGIO DE GODOY MAGALHÃES","3","UPSAÚDE (1750471215836x861794257257103400)"
"1752009780032x827694673137238000","3,08","1741713756342x475094650909622300","Prazo dos entregáveis da solução","GUSTAVO SÉRGIO DE GODOY MAGALHÃES","4","UPSAÚDE (1750471215836x861794257257103400)"
"1752009780032x827694673137238000","3,08","1741713756342x475094650909622300","O potencial de resolução do problema pela solução proposta e, se for o caso, da provável economia para a administração pública","GUSTAVO SÉRGIO DE GODOY MAGALHÃES","3","UPSAÚDE (1750471215836x861794257257103400)"
"1752006107645x495230879696420860","3,25","1741713756342x475094650909622300","O potencial de resolução do problema pela solução proposta e, se for o caso, da provável economia para a administração pública","Moisés Leal","4","CFIT(1750430947736x758923719412285400)"
"1752006107645x495230879696420860","3,25","1741713756342x475094650909622300","A viabilidade e a maturidade do modelo de negócio da solução","Moisés Leal","3","CFIT(1750430947736x758923719412285400)"
"1752006107645x495230879696420860","3,25","1741713756342x475094650909622300","A demonstração comparativa de custo e benefício da proposta em relação às opções funcionalmente equivalentes","Moisés Leal","3","CFIT(1750430947736x758923719412285400)"
"1752009780032x827694673137238000","3,08","1741713756342x475094650909622300","A qualidade da fundamentação, analisando o embasamento e a justificativa da solução proposta pelo aplicante","GUSTAVO SÉRGIO DE GODOY MAGALHÃES","2","UPSAÚDE (1750471215836x861794257257103400)"
"1752006107645x495230879696420860","3,25","1741713756342x475094650909622300","A qualidade da fundamentação, analisando o embasamento e a justificativa da solução proposta pelo aplicante","Moisés Leal","3","CFIT(1750430947736x758923719412285400)"
"1752006107645x495230879696420860","3,25","1741713756342x475094650909622300","Prazo dos entregáveis da solução","Moisés Leal","3","CFIT(1750430947736x758923719412285400)"
"1752006107645x495230879696420860","3,25","1741713756342x475094650909622300","Escalabilidade, ou seja, refere-se à capacidade da solução ser reproduzida em grande quantidade e para um número grande de clientes","Moisés Leal","3","CFIT(1750430947736x758923719412285400)"
"1752004810554x511705966480195600","2,75","1741713756342x475094650909622300","O potencial de resolução do problema pela solução proposta e, se for o caso, da provável economia para a administração pública","Moisés Leal","3","Dayse Maria de Souza Oliveira, Amanda Felix da Silva, Antônia Felix Lessa(1750428483714x110287244945522690)"
"1752004810554x511705966480195600","2,75","1741713756342x475094650909622300","A demonstração comparativa de custo e benefício da proposta em relação às opções funcionalmente equivalentes","Moisés Leal","3","Dayse Maria de Souza Oliveira, Amanda Felix da Silva, Antônia Felix Lessa(1750428483714x110287244945522690)"
"1752004810554x511705966480195600","2,75","1741713756342x475094650909622300","A viabilidade e a maturidade do modelo de negócio da solução","Moisés Leal","3","Dayse Maria de Souza Oliveira, Amanda Felix da Silva, Antônia Felix Lessa(1750428483714x110287244945522690)"
"1752004810554x511705966480195600","2,75","1741713756342x475094650909622300","A qualidade da fundamentação, analisando o embasamento e a justificativa da solução proposta pelo aplicante","Moisés Leal","2","Dayse Maria de Souza Oliveira, Amanda Felix da Silva, Antônia Felix Lessa(1750428483714x110287244945522690)"
"1752004810554x511705966480195600","2,75","1741713756342x475094650909622300","Escalabilidade, ou seja, refere-se à capacidade da solução ser reproduzida em grande quantidade e para um número grande de clientes","Moisés Leal","3","Dayse Maria de Souza Oliveira, Amanda Felix da Silva, Antônia Felix Lessa(1750428483714x110287244945522690)"
"1752006107645x495230879696420860","3,25","1741713756342x475094650909622300","Tecnologias utilizadas para a solução do desafio","Moisés Leal","3","CFIT(1750430947736x758923719412285400)"
"1752002853591x287076924736667650","1","1741713756342x475094650909622300","O potencial de resolução do problema pela solução proposta e, se for o caso, da provável economia para a administração pública","ANA INES DE JESUS VIEIRA","1","ALKE(1746492433853x232626703095037950)"
"1752002853591x287076924736667650","1","1741713756342x475094650909622300","A viabilidade e a maturidade do modelo de negócio da solução","ANA INES DE JESUS VIEIRA","1","ALKE(1746492433853x232626703095037950)"
"1752004810554x511705966480195600","2,75","1741713756342x475094650909622300","Prazo dos entregáveis da solução","Moisés Leal","3","Dayse Maria de Souza Oliveira, Amanda Felix da Silva, Antônia Felix Lessa(1750428483714x110287244945522690)"
"1752004810554x511705966480195600","2,75","1741713756342x475094650909622300","Tecnologias utilizadas para a solução do desafio","Moisés Leal","2","Dayse Maria de Souza Oliveira, Amanda Felix da Silva, Antônia Felix Lessa(1750428483714x110287244945522690)"
"1752002853591x287076924736667650","1","1741713756342x475094650909622300","Tecnologias utilizadas para a solução do desafio","ANA INES DE JESUS VIEIRA","1","ALKE(1746492433853x232626703095037950)"
"1752002853591x287076924736667650","1","1741713756342x475094650909622300","Escalabilidade, ou seja, refere-se à capacidade da solução ser reproduzida em grande quantidade e para um número grande de clientes","ANA INES DE JESUS VIEIRA","1","ALKE(1746492433853x232626703095037950)"
"1752002853591x287076924736667650","1","1741713756342x475094650909622300","A demonstração comparativa de custo e benefício da proposta em relação às opções funcionalmente equivalentes","ANA INES DE JESUS VIEIRA","1","ALKE(1746492433853x232626703095037950)"
"1752018760016x547688090096369660","2,67","1741713756342x475094650909622300","A viabilidade e a maturidade do modelo de negócio da solução","ANA INES DE JESUS VIEIRA","3","Tia Bete(1746734309886x839844561318576100)"
"1752002853591x287076924736667650","1","1741713756342x475094650909622300","A qualidade da fundamentação, analisando o embasamento e a justificativa da solução proposta pelo aplicante","ANA INES DE JESUS VIEIRA","1","ALKE(1746492433853x232626703095037950)"
"1752002853591x287076924736667650","1","1741713756342x475094650909622300","Prazo dos entregáveis da solução","ANA INES DE JESUS VIEIRA","1","ALKE(1746492433853x232626703095037950)"
"1752000888230x538081653492023300","3,83","1741713756342x475094650909622300","Prazo dos entregáveis da solução","ANA INES DE JESUS VIEIRA","5","Cogfy(1746491460701x929709310693867500)"
"1752000888230x538081653492023300","3,83","1741713756342x475094650909622300","Escalabilidade, ou seja, refere-se à capacidade da solução ser reproduzida em grande quantidade e para um número grande de clientes","ANA INES DE JESUS VIEIRA","5","Cogfy(1746491460701x929709310693867500)"
"1752000888230x538081653492023300","3,83","1741713756342x475094650909622300","A demonstração comparativa de custo e benefício da proposta em relação às opções funcionalmente equivalentes","ANA INES DE JESUS VIEIRA","4","Cogfy(1746491460701x929709310693867500)"
"1752000888230x538081653492023300","3,83","1741713756342x475094650909622300","A viabilidade e a maturidade do modelo de negócio da solução","ANA INES DE JESUS VIEIRA","3","Cogfy(1746491460701x929709310693867500)"
"1751997097372x862642680351686700","3,33","1741713756342x475094650909622300","O potencial de resolução do problema pela solução proposta e, se for o caso, da provável economia para a administração pública","Moisés Leal","4","neri(1750382702746x817002404516986900)"
"1751997097372x862642680351686700","3,33","1741713756342x475094650909622300","A viabilidade e a maturidade do modelo de negócio da solução","Moisés Leal","3","neri(1750382702746x817002404516986900)"
"1752000888230x538081653492023300","3,83","1741713756342x475094650909622300","Tecnologias utilizadas para a solução do desafio","ANA INES DE JESUS VIEIRA","3","Cogfy(1746491460701x929709310693867500)"
"1751997097372x862642680351686700","3,33","1741713756342x475094650909622300","A demonstração comparativa de custo e benefício da proposta em relação às opções funcionalmente equivalentes","Moisés Leal","3","neri(1750382702746x817002404516986900)"
"1751997097372x862642680351686700","3,33","1741713756342x475094650909622300","Escalabilidade, ou seja, refere-se à capacidade da solução ser reproduzida em grande quantidade e para um número grande de clientes","Moisés Leal","3","neri(1750382702746x817002404516986900)"
"1752000888230x538081653492023300","3,83","1741713756342x475094650909622300","O potencial de resolução do problema pela solução proposta e, se for o caso, da provável economia para a administração pública","ANA INES DE JESUS VIEIRA","4","Cogfy(1746491460701x929709310693867500)"
"1752000888230x538081653492023300","3,83","1741713756342x475094650909622300","A qualidade da fundamentação, analisando o embasamento e a justificativa da solução proposta pelo aplicante","ANA INES DE JESUS VIEIRA","3","Cogfy(1746491460701x929709310693867500)"
"1751986279902x385468881576919040","3","1741713756342x475094650909622300","A demonstração comparativa de custo e benefício da proposta em relação às opções funcionalmente equivalentes","Homero Cavalcanti","4","Wladimilson Bernardino Nascimento(1750474698961x745850263332978700)"
"1751997097372x862642680351686700","3,33","1741713756342x475094650909622300","Prazo dos entregáveis da solução","Moisés Leal","3","neri(1750382702746x817002404516986900)"
"1751986279902x385468881576919040","3","1741713756342x475094650909622300","Tecnologias utilizadas para a solução do desafio","Homero Cavalcanti","3","Wladimilson Bernardino Nascimento(1750474698961x745850263332978700)"
"1751997097372x862642680351686700","3,33","1741713756342x475094650909622300","Tecnologias utilizadas para a solução do desafio","Moisés Leal","3","neri(1750382702746x817002404516986900)"
"1751997097372x862642680351686700","3,33","1741713756342x475094650909622300","A qualidade da fundamentação, analisando o embasamento e a justificativa da solução proposta pelo aplicante","Moisés Leal","4","neri(1750382702746x817002404516986900)"
"1751986279902x385468881576919040","3","1741713756342x475094650909622300","A qualidade da fundamentação, analisando o embasamento e a justificativa da solução proposta pelo aplicante","Homero Cavalcanti","3","Wladimilson Bernardino Nascimento(1750474698961x745850263332978700)"
"1751986279902x385468881576919040","3","1741713756342x475094650909622300","Prazo dos entregáveis da solução","Homero Cavalcanti","1","Wladimilson Bernardino Nascimento(1750474698961x745850263332978700)"
"1751986279902x385468881576919040","3","1741713756342x475094650909622300","Escalabilidade, ou seja, refere-se à capacidade da solução ser reproduzida em grande quantidade e para um número grande de clientes","Homero Cavalcanti","4","Wladimilson Bernardino Nascimento(1750474698961x745850263332978700)"
"1751985114092x876304640492961800","3,58","1741713756342x475094650909622300","A demonstração comparativa de custo e benefício da proposta em relação às opções funcionalmente equivalentes","Homero Cavalcanti","3","Metasolution(1750474393435x693673183255986200)"
"1751985114092x876304640492961800","3,58","1741713756342x475094650909622300","A viabilidade e a maturidade do modelo de negócio da solução","Homero Cavalcanti","3","Metasolution(1750474393435x693673183255986200)"
"1751985114092x876304640492961800","3,58","1741713756342x475094650909622300","O potencial de resolução do problema pela solução proposta e, se for o caso, da provável economia para a administração pública","Homero Cavalcanti","4","Metasolution(1750474393435x693673183255986200)"
"1751986279902x385468881576919040","3","1741713756342x475094650909622300","A viabilidade e a maturidade do modelo de negócio da solução","Homero Cavalcanti","1","Wladimilson Bernardino Nascimento(1750474698961x745850263332978700)"
"1751985114092x876304640492961800","3,58","1741713756342x475094650909622300","Prazo dos entregáveis da solução","Homero Cavalcanti","3","Metasolution(1750474393435x693673183255986200)"
"1751986279902x385468881576919040","3","1741713756342x475094650909622300","O potencial de resolução do problema pela solução proposta e, se for o caso, da provável economia para a administração pública","Homero Cavalcanti","4","Wladimilson Bernardino Nascimento(1750474698961x745850263332978700)"
"1751983237044x731994766725087200","3,5","1741713756342x475094650909622300","O potencial de resolução do problema pela solução proposta e, se for o caso, da provável economia para a administração pública","Homero Cavalcanti","3","UPSAÚDE (1750471215836x861794257257103400)"
"1751983237044x731994766725087200","3,5","1741713756342x475094650909622300","A demonstração comparativa de custo e benefício da proposta em relação às opções funcionalmente equivalentes","Homero Cavalcanti","3","UPSAÚDE (1750471215836x861794257257103400)"
"1751983237044x731994766725087200","3,5","1741713756342x475094650909622300","Escalabilidade, ou seja, refere-se à capacidade da solução ser reproduzida em grande quantidade e para um número grande de clientes","Homero Cavalcanti","4","UPSAÚDE (1750471215836x861794257257103400)"
"1751983237044x731994766725087200","3,5","1741713756342x475094650909622300","A viabilidade e a maturidade do modelo de negócio da solução","Homero Cavalcanti","3","UPSAÚDE (1750471215836x861794257257103400)"
"1751983237044x731994766725087200","3,5","1741713756342x475094650909622300","Tecnologias utilizadas para a solução do desafio","Homero Cavalcanti","5","UPSAÚDE (1750471215836x861794257257103400)"
"1751985114092x876304640492961800","3,58","1741713756342x475094650909622300","Escalabilidade, ou seja, refere-se à capacidade da solução ser reproduzida em grande quantidade e para um número grande de clientes","Homero Cavalcanti","4","Metasolution(1750474393435x693673183255986200)"
"1751985114092x876304640492961800","3,58","1741713756342x475094650909622300","Tecnologias utilizadas para a solução do desafio","Homero Cavalcanti","4","Metasolution(1750474393435x693673183255986200)"
"1751982575572x725216671350652900","4,17","1741713756342x475094650909622300","A viabilidade e a maturidade do modelo de negócio da solução","GUSTAVO SÉRGIO DE GODOY MAGALHÃES","4","Manguehub(1750468570847x616203165245898800)"
"1751982575572x725216671350652900","4,17","1741713756342x475094650909622300","A demonstração comparativa de custo e benefício da proposta em relação às opções funcionalmente equivalentes","GUSTAVO SÉRGIO DE GODOY MAGALHÃES","3","Manguehub(1750468570847x616203165245898800)"
"1751982575572x725216671350652900","4,17","1741713756342x475094650909622300","A qualidade da fundamentação, analisando o embasamento e a justificativa da solução proposta pelo aplicante","GUSTAVO SÉRGIO DE GODOY MAGALHÃES","4","Manguehub(1750468570847x616203165245898800)"
"1751982575572x725216671350652900","4,17","1741713756342x475094650909622300","Escalabilidade, ou seja, refere-se à capacidade da solução ser reproduzida em grande quantidade e para um número grande de clientes","GUSTAVO SÉRGIO DE GODOY MAGALHÃES","4","Manguehub(1750468570847x616203165245898800)"
"1751983237044x731994766725087200","3,5","1741713756342x475094650909622300","Prazo dos entregáveis da solução","Homero Cavalcanti","3","UPSAÚDE (1750471215836x861794257257103400)"
"1751985114092x876304640492961800","3,58","1741713756342x475094650909622300","A qualidade da fundamentação, analisando o embasamento e a justificativa da solução proposta pelo aplicante","Homero Cavalcanti","3","Metasolution(1750474393435x693673183255986200)"
"1751981900573x122308158914035710","2,92","1741713756342x475094650909622300","O potencial de resolução do problema pela solução proposta e, se for o caso, da provável economia para a administração pública","Homero Cavalcanti","4","Manguehub(1750468570847x616203165245898800)"
"1751982575572x725216671350652900","4,17","1741713756342x475094650909622300","O potencial de resolução do problema pela solução proposta e, se for o caso, da provável economia para a administração pública","GUSTAVO SÉRGIO DE GODOY MAGALHÃES","5","Manguehub(1750468570847x616203165245898800)"
"1751982575572x725216671350652900","4,17","1741713756342x475094650909622300","Tecnologias utilizadas para a solução do desafio","GUSTAVO SÉRGIO DE GODOY MAGALHÃES","4","Manguehub(1750468570847x616203165245898800)"
"1751981900573x122308158914035710","2,92","1741713756342x475094650909622300","A viabilidade e a maturidade do modelo de negócio da solução","Homero Cavalcanti","1","Manguehub(1750468570847x616203165245898800)"
"1751981900573x122308158914035710","2,92","1741713756342x475094650909622300","Tecnologias utilizadas para a solução do desafio","Homero Cavalcanti","3","Manguehub(1750468570847x616203165245898800)"
"1751982575572x725216671350652900","4,17","1741713756342x475094650909622300","Prazo dos entregáveis da solução","GUSTAVO SÉRGIO DE GODOY MAGALHÃES","4","Manguehub(1750468570847x616203165245898800)"
"1751981900573x122308158914035710","2,92","1741713756342x475094650909622300","A demonstração comparativa de custo e benefício da proposta em relação às opções funcionalmente equivalentes","Homero Cavalcanti","3","Manguehub(1750468570847x616203165245898800)"
"1751976964758x253744900128899070","3,75","1741713756342x475094650909622300","A viabilidade e a maturidade do modelo de negócio da solução","Homero Cavalcanti","3","Cuida+ Saúde(1750458720850x474968371098288100)"
"1751976964758x253744900128899070","3,75","1741713756342x475094650909622300","A demonstração comparativa de custo e benefício da proposta em relação às opções funcionalmente equivalentes","Homero Cavalcanti","3","Cuida+ Saúde(1750458720850x474968371098288100)"
"1751976964758x253744900128899070","3,75","1741713756342x475094650909622300","Tecnologias utilizadas para a solução do desafio","Homero Cavalcanti","5","Cuida+ Saúde(1750458720850x474968371098288100)"
"1751976964758x253744900128899070","3,75","1741713756342x475094650909622300","Escalabilidade, ou seja, refere-se à capacidade da solução ser reproduzida em grande quantidade e para um número grande de clientes","Homero Cavalcanti","5","Cuida+ Saúde(1750458720850x474968371098288100)"
"1751976964758x253744900128899070","3,75","1741713756342x475094650909622300","Prazo dos entregáveis da solução","Homero Cavalcanti","3","Cuida+ Saúde(1750458720850x474968371098288100)"
"1751976964758x253744900128899070","3,75","1741713756342x475094650909622300","O potencial de resolução do problema pela solução proposta e, se for o caso, da provável economia para a administração pública","Homero Cavalcanti","3","Cuida+ Saúde(1750458720850x474968371098288100)"
"1751974859953x576871457357824000","4,58","1741713756342x475094650909622300","A viabilidade e a maturidade do modelo de negócio da solução","Homero Cavalcanti","5","KTecS(1750457846826x615898407090257900)"
"1751974859953x576871457357824000","4,58","1741713756342x475094650909622300","A demonstração comparativa de custo e benefício da proposta em relação às opções funcionalmente equivalentes","Homero Cavalcanti","4","KTecS(1750457846826x615898407090257900)"
"1751974859953x576871457357824000","4,58","1741713756342x475094650909622300","O potencial de resolução do problema pela solução proposta e, se for o caso, da provável economia para a administração pública","Homero Cavalcanti","5","KTecS(1750457846826x615898407090257900)"
"1751976964758x253744900128899070","3,75","1741713756342x475094650909622300","A qualidade da fundamentação, analisando o embasamento e a justificativa da solução proposta pelo aplicante","Homero Cavalcanti","4","Cuida+ Saúde(1750458720850x474968371098288100)"
"1751974859953x576871457357824000","4,58","1741713756342x475094650909622300","Tecnologias utilizadas para a solução do desafio","Homero Cavalcanti","4","KTecS(1750457846826x615898407090257900)"
"1751974859953x576871457357824000","4,58","1741713756342x475094650909622300","Escalabilidade, ou seja, refere-se à capacidade da solução ser reproduzida em grande quantidade e para um número grande de clientes","Homero Cavalcanti","4","KTecS(1750457846826x615898407090257900)"
"1751974859953x576871457357824000","4,58","1741713756342x475094650909622300","A qualidade da fundamentação, analisando o embasamento e a justificativa da solução proposta pelo aplicante","Homero Cavalcanti","5","KTecS(1750457846826x615898407090257900)"
"1751974859953x576871457357824000","4,58","1741713756342x475094650909622300","Prazo dos entregáveis da solução","Homero Cavalcanti","5","KTecS(1750457846826x615898407090257900)"
"1751983237044x731994766725087200","3,5","1741713756342x475094650909622300","A qualidade da fundamentação, analisando o embasamento e a justificativa da solução proposta pelo aplicante","Homero Cavalcanti","3","UPSAÚDE (1750471215836x861794257257103400)"
"1751967602996x108589864690384900","2,67","1741713756342x475094650909622300","O potencial de resolução do problema pela solução proposta e, se for o caso, da provável economia para a administração pública","Homero Cavalcanti","4","Conexão e Cuidado(1750457780030x714257608034222100)"
"1751967602996x108589864690384900","2,67","1741713756342x475094650909622300","Tecnologias utilizadas para a solução do desafio","Homero Cavalcanti","3","Conexão e Cuidado(1750457780030x714257608034222100)"
"1751967602996x108589864690384900","2,67","1741713756342x475094650909622300","A demonstração comparativa de custo e benefício da proposta em relação às opções funcionalmente equivalentes","Homero Cavalcanti","3","Conexão e Cuidado(1750457780030x714257608034222100)"
"1751967602996x108589864690384900","2,67","1741713756342x475094650909622300","A viabilidade e a maturidade do modelo de negócio da solução","Homero Cavalcanti","1","Conexão e Cuidado(1750457780030x714257608034222100)"
"1751967602996x108589864690384900","2,67","1741713756342x475094650909622300","Escalabilidade, ou seja, refere-se à capacidade da solução ser reproduzida em grande quantidade e para um número grande de clientes","Homero Cavalcanti","3","Conexão e Cuidado(1750457780030x714257608034222100)"
"1751966057797x705730463085101000","3,83","1741713756342x475094650909622300","O potencial de resolução do problema pela solução proposta e, se for o caso, da provável economia para a administração pública","Homero Cavalcanti","4","Kali(1750449027146x792217332883652600)"
"1751966057797x705730463085101000","3,83","1741713756342x475094650909622300","A demonstração comparativa de custo e benefício da proposta em relação às opções funcionalmente equivalentes","Homero Cavalcanti","3","Kali(1750449027146x792217332883652600)"
"1751966057797x705730463085101000","3,83","1741713756342x475094650909622300","Tecnologias utilizadas para a solução do desafio","Homero Cavalcanti","4","Kali(1750449027146x792217332883652600)"
"1751966057797x705730463085101000","3,83","1741713756342x475094650909622300","A qualidade da fundamentação, analisando o embasamento e a justificativa da solução proposta pelo aplicante","Homero Cavalcanti","4","Kali(1750449027146x792217332883652600)"
"1751966057797x705730463085101000","3,83","1741713756342x475094650909622300","A viabilidade e a maturidade do modelo de negócio da solução","Homero Cavalcanti","4","Kali(1750449027146x792217332883652600)"
"1751966057797x705730463085101000","3,83","1741713756342x475094650909622300","Prazo dos entregáveis da solução","Homero Cavalcanti","3","Kali(1750449027146x792217332883652600)"
"1751966057797x705730463085101000","3,83","1741713756342x475094650909622300","Escalabilidade, ou seja, refere-se à capacidade da solução ser reproduzida em grande quantidade e para um número grande de clientes","Homero Cavalcanti","4","Kali(1750449027146x792217332883652600)"
"1751962641734x903214945863204900","3,08","1741713756342x475094650909622300","O potencial de resolução do problema pela solução proposta e, se for o caso, da provável economia para a administração pública","Homero Cavalcanti","4","Projeto Saus(1750442890016x722503316385824800)"
"1751962641734x903214945863204900","3,08","1741713756342x475094650909622300","A viabilidade e a maturidade do modelo de negócio da solução","Homero Cavalcanti","3","Projeto Saus(1750442890016x722503316385824800)"
"1751967602996x108589864690384900","2,67","1741713756342x475094650909622300","A qualidade da fundamentação, analisando o embasamento e a justificativa da solução proposta pelo aplicante","Homero Cavalcanti","2","Conexão e Cuidado(1750457780030x714257608034222100)"
"1751967602996x108589864690384900","2,67","1741713756342x475094650909622300","Prazo dos entregáveis da solução","Homero Cavalcanti","1","Conexão e Cuidado(1750457780030x714257608034222100)"
"1751962641734x903214945863204900","3,08","1741713756342x475094650909622300","A demonstração comparativa de custo e benefício da proposta em relação às opções funcionalmente equivalentes","Homero Cavalcanti","3","Projeto Saus(1750442890016x722503316385824800)"
"1751962641734x903214945863204900","3,08","1741713756342x475094650909622300","A qualidade da fundamentação, analisando o embasamento e a justificativa da solução proposta pelo aplicante","Homero Cavalcanti","3","Projeto Saus(1750442890016x722503316385824800)"
"1751959832055x991044663008034800","4,42","1741713756342x475094650909622300","O potencial de resolução do problema pela solução proposta e, se for o caso, da provável economia para a administração pública","Homero Cavalcanti","5","Lemobs(1750441883750x976151120499966000)"
"1751959832055x991044663008034800","4,42","1741713756342x475094650909622300","A demonstração comparativa de custo e benefício da proposta em relação às opções funcionalmente equivalentes","Homero Cavalcanti","4","Lemobs(1750441883750x976151120499966000)"
"1751962641734x903214945863204900","3,08","1741713756342x475094650909622300","Prazo dos entregáveis da solução","Homero Cavalcanti","3","Projeto Saus(1750442890016x722503316385824800)"
"1751962641734x903214945863204900","3,08","1741713756342x475094650909622300","Escalabilidade, ou seja, refere-se à capacidade da solução ser reproduzida em grande quantidade e para um número grande de clientes","Homero Cavalcanti","3","Projeto Saus(1750442890016x722503316385824800)"
"1751959832055x991044663008034800","4,42","1741713756342x475094650909622300","Escalabilidade, ou seja, refere-se à capacidade da solução ser reproduzida em grande quantidade e para um número grande de clientes","Homero Cavalcanti","5","Lemobs(1750441883750x976151120499966000)"
"1751959832055x991044663008034800","4,42","1741713756342x475094650909622300","Tecnologias utilizadas para a solução do desafio","Homero Cavalcanti","4","Lemobs(1750441883750x976151120499966000)"
"1751962641734x903214945863204900","3,08","1741713756342x475094650909622300","Tecnologias utilizadas para a solução do desafio","Homero Cavalcanti","2","Projeto Saus(1750442890016x722503316385824800)"
"1751959832055x991044663008034800","4,42","1741713756342x475094650909622300","A qualidade da fundamentação, analisando o embasamento e a justificativa da solução proposta pelo aplicante","Homero Cavalcanti","4","Lemobs(1750441883750x976151120499966000)"
"1751959832055x991044663008034800","4,42","1741713756342x475094650909622300","Prazo dos entregáveis da solução","Homero Cavalcanti","4","Lemobs(1750441883750x976151120499966000)"
"1751955197438x432130365123723260","3,92","1741713756342x475094650909622300","A viabilidade e a maturidade do modelo de negócio da solução","Homero Cavalcanti","4","Clinitech Tecnologia em Saúde LTDA.(1750437798539x879582976976093200)"
"1751955197438x432130365123723260","3,92","1741713756342x475094650909622300","A demonstração comparativa de custo e benefício da proposta em relação às opções funcionalmente equivalentes","Homero Cavalcanti","3","Clinitech Tecnologia em Saúde LTDA.(1750437798539x879582976976093200)"
"1751955197438x432130365123723260","3,92","1741713756342x475094650909622300","Tecnologias utilizadas para a solução do desafio","Homero Cavalcanti","5","Clinitech Tecnologia em Saúde LTDA.(1750437798539x879582976976093200)"
"1751955197438x432130365123723260","3,92","1741713756342x475094650909622300","Escalabilidade, ou seja, refere-se à capacidade da solução ser reproduzida em grande quantidade e para um número grande de clientes","Homero Cavalcanti","5","Clinitech Tecnologia em Saúde LTDA.(1750437798539x879582976976093200)"
"1751955197438x432130365123723260","3,92","1741713756342x475094650909622300","Prazo dos entregáveis da solução","Homero Cavalcanti","3","Clinitech Tecnologia em Saúde LTDA.(1750437798539x879582976976093200)"
"1751955197438x432130365123723260","3,92","1741713756342x475094650909622300","A qualidade da fundamentação, analisando o embasamento e a justificativa da solução proposta pelo aplicante","Homero Cavalcanti","4","Clinitech Tecnologia em Saúde LTDA.(1750437798539x879582976976093200)"
"1751954713530x895817592833310700","3,17","1741713756342x475094650909622300","A viabilidade e a maturidade do modelo de negócio da solução","Moisés Leal","3","Cesinhas(1750360813598x604209465657393200)"
"1751955197438x432130365123723260","3,92","1741713756342x475094650909622300","O potencial de resolução do problema pela solução proposta e, se for o caso, da provável economia para a administração pública","Homero Cavalcanti","3","Clinitech Tecnologia em Saúde LTDA.(1750437798539x879582976976093200)"
"1751954713530x895817592833310700","3,17","1741713756342x475094650909622300","O potencial de resolução do problema pela solução proposta e, se for o caso, da provável economia para a administração pública","Moisés Leal","4","Cesinhas(1750360813598x604209465657393200)"
"1751954713530x895817592833310700","3,17","1741713756342x475094650909622300","Tecnologias utilizadas para a solução do desafio","Moisés Leal","2","Cesinhas(1750360813598x604209465657393200)"
"1751954713530x895817592833310700","3,17","1741713756342x475094650909622300","A demonstração comparativa de custo e benefício da proposta em relação às opções funcionalmente equivalentes","Moisés Leal","3","Cesinhas(1750360813598x604209465657393200)"
"1751954713530x895817592833310700","3,17","1741713756342x475094650909622300","Prazo dos entregáveis da solução","Moisés Leal","3","Cesinhas(1750360813598x604209465657393200)"
"1751954713530x895817592833310700","3,17","1741713756342x475094650909622300","Escalabilidade, ou seja, refere-se à capacidade da solução ser reproduzida em grande quantidade e para um número grande de clientes","Moisés Leal","3","Cesinhas(1750360813598x604209465657393200)"
"1751954713530x895817592833310700","3,17","1741713756342x475094650909622300","A qualidade da fundamentação, analisando o embasamento e a justificativa da solução proposta pelo aplicante","Moisés Leal","4","Cesinhas(1750360813598x604209465657393200)"
"1751959832055x991044663008034800","4,42","1741713756342x475094650909622300","A viabilidade e a maturidade do modelo de negócio da solução","Homero Cavalcanti","4","Lemobs(1750441883750x976151120499966000)"
"1751952530537x691869166920007700","4,33","1741713756342x475094650909622300","A demonstração comparativa de custo e benefício da proposta em relação às opções funcionalmente equivalentes","Homero Cavalcanti","4","GO BEE APIS(1750433496862x349578267965521900)"
"1751952530537x691869166920007700","4,33","1741713756342x475094650909622300","Prazo dos entregáveis da solução","Homero Cavalcanti","3","GO BEE APIS(1750433496862x349578267965521900)"
"1751952530537x691869166920007700","4,33","1741713756342x475094650909622300","Tecnologias utilizadas para a solução do desafio","Homero Cavalcanti","4","GO BEE APIS(1750433496862x349578267965521900)"
"1751952530537x691869166920007700","4,33","1741713756342x475094650909622300","A viabilidade e a maturidade do modelo de negócio da solução","Homero Cavalcanti","4","GO BEE APIS(1750433496862x349578267965521900)"
"1751952530537x691869166920007700","4,33","1741713756342x475094650909622300","O potencial de resolução do problema pela solução proposta e, se for o caso, da provável economia para a administração pública","Homero Cavalcanti","5","GO BEE APIS(1750433496862x349578267965521900)"
"1751952530537x691869166920007700","4,33","1741713756342x475094650909622300","A qualidade da fundamentação, analisando o embasamento e a justificativa da solução proposta pelo aplicante","Homero Cavalcanti","4","GO BEE APIS(1750433496862x349578267965521900)"
"1751952530537x691869166920007700","4,33","1741713756342x475094650909622300","Escalabilidade, ou seja, refere-se à capacidade da solução ser reproduzida em grande quantidade e para um número grande de clientes","Homero Cavalcanti","5","GO BEE APIS(1750433496862x349578267965521900)"
"1751927658592x109368128813137920","3,75","1741713756342x475094650909622300","O potencial de resolução do problema pela solução proposta e, se for o caso, da provável economia para a administração pública","Moisés Leal","4","Liu(1747794171431x940488044287098900)"
"1751927658592x109368128813137920","3,75","1741713756342x475094650909622300","A viabilidade e a maturidade do modelo de negócio da solução","Moisés Leal","4","Liu(1747794171431x940488044287098900)"
"1751927658592x109368128813137920","3,75","1741713756342x475094650909622300","Escalabilidade, ou seja, refere-se à capacidade da solução ser reproduzida em grande quantidade e para um número grande de clientes","Moisés Leal","4","Liu(1747794171431x940488044287098900)"
"1751927658592x109368128813137920","3,75","1741713756342x475094650909622300","Tecnologias utilizadas para a solução do desafio","Moisés Leal","3","Liu(1747794171431x940488044287098900)"
"1751927658592x109368128813137920","3,75","1741713756342x475094650909622300","A demonstração comparativa de custo e benefício da proposta em relação às opções funcionalmente equivalentes","Moisés Leal","3","Liu(1747794171431x940488044287098900)"
"1751927658592x109368128813137920","3,75","1741713756342x475094650909622300","A qualidade da fundamentação, analisando o embasamento e a justificativa da solução proposta pelo aplicante","Moisés Leal","4","Liu(1747794171431x940488044287098900)"
"1751926003164x744249484575506400","2","1741713756342x475094650909622300","O potencial de resolução do problema pela solução proposta e, se for o caso, da provável economia para a administração pública","Moisés Leal","3","RedCheck(1747747339966x581554505157705700)"
"1751926003164x744249484575506400","2","1741713756342x475094650909622300","A demonstração comparativa de custo e benefício da proposta em relação às opções funcionalmente equivalentes","Moisés Leal","1","RedCheck(1747747339966x581554505157705700)"
"1751927658592x109368128813137920","3,75","1741713756342x475094650909622300","Prazo dos entregáveis da solução","Moisés Leal","4","Liu(1747794171431x940488044287098900)"
"1751926003164x744249484575506400","2","1741713756342x475094650909622300","Escalabilidade, ou seja, refere-se à capacidade da solução ser reproduzida em grande quantidade e para um número grande de clientes","Moisés Leal","2","RedCheck(1747747339966x581554505157705700)"
"1751926003164x744249484575506400","2","1741713756342x475094650909622300","A qualidade da fundamentação, analisando o embasamento e a justificativa da solução proposta pelo aplicante","Moisés Leal","1","RedCheck(1747747339966x581554505157705700)"
"1751926003164x744249484575506400","2","1741713756342x475094650909622300","A viabilidade e a maturidade do modelo de negócio da solução","Moisés Leal","2","RedCheck(1747747339966x581554505157705700)"
"1751926003164x744249484575506400","2","1741713756342x475094650909622300","Prazo dos entregáveis da solução","Moisés Leal","1","RedCheck(1747747339966x581554505157705700)"
"1751924591674x368425222589644800","3","1741713756342x475094650909622300","O potencial de resolução do problema pela solução proposta e, se for o caso, da provável economia para a administração pública","Moisés Leal","3","Clinitech(1747276858851x787162643421200400)"
"1751924591674x368425222589644800","3","1741713756342x475094650909622300","A viabilidade e a maturidade do modelo de negócio da solução","Moisés Leal","3","Clinitech(1747276858851x787162643421200400)"
"1751926003164x744249484575506400","2","1741713756342x475094650909622300","Tecnologias utilizadas para a solução do desafio","Moisés Leal","2","RedCheck(1747747339966x581554505157705700)"
"1751924591674x368425222589644800","3","1741713756342x475094650909622300","A demonstração comparativa de custo e benefício da proposta em relação às opções funcionalmente equivalentes","Moisés Leal","2","Clinitech(1747276858851x787162643421200400)"
"1751924591674x368425222589644800","3","1741713756342x475094650909622300","Escalabilidade, ou seja, refere-se à capacidade da solução ser reproduzida em grande quantidade e para um número grande de clientes","Moisés Leal","4","Clinitech(1747276858851x787162643421200400)"
"1751924591674x368425222589644800","3","1741713756342x475094650909622300","Prazo dos entregáveis da solução","Moisés Leal","1","Clinitech(1747276858851x787162643421200400)"
"1751922466812x237551174735888400","4,42","1741713756342x475094650909622300","A demonstração comparativa de custo e benefício da proposta em relação às opções funcionalmente equivalentes","Moisés Leal","4","Saúde com I.A(1747250100162x590354311999127600)"
"1751922466812x237551174735888400","4,42","1741713756342x475094650909622300","O potencial de resolução do problema pela solução proposta e, se for o caso, da provável economia para a administração pública","Moisés Leal","5","Saúde com I.A(1747250100162x590354311999127600)"
"1751922466812x237551174735888400","4,42","1741713756342x475094650909622300","Tecnologias utilizadas para a solução do desafio","Moisés Leal","5","Saúde com I.A(1747250100162x590354311999127600)"
"1751922466812x237551174735888400","4,42","1741713756342x475094650909622300","A viabilidade e a maturidade do modelo de negócio da solução","Moisés Leal","4","Saúde com I.A(1747250100162x590354311999127600)"
"1751924591674x368425222589644800","3","1741713756342x475094650909622300","A qualidade da fundamentação, analisando o embasamento e a justificativa da solução proposta pelo aplicante","Moisés Leal","2","Clinitech(1747276858851x787162643421200400)"
"1751922466812x237551174735888400","4,42","1741713756342x475094650909622300","A qualidade da fundamentação, analisando o embasamento e a justificativa da solução proposta pelo aplicante","Moisés Leal","3","Saúde com I.A(1747250100162x590354311999127600)"
"1751922466812x237551174735888400","4,42","1741713756342x475094650909622300","Escalabilidade, ou seja, refere-se à capacidade da solução ser reproduzida em grande quantidade e para um número grande de clientes","Moisés Leal","5","Saúde com I.A(1747250100162x590354311999127600)"
"1751920130037x125601291947999230","2,58","1741713756342x475094650909622300","O potencial de resolução do problema pela solução proposta e, se for o caso, da provável economia para a administração pública","Moisés Leal","3","ROBO LAURA(1747241501575x516406866711674900)"
"1751920130037x125601291947999230","2,58","1741713756342x475094650909622300","A viabilidade e a maturidade do modelo de negócio da solução","Moisés Leal","2","ROBO LAURA(1747241501575x516406866711674900)"
"1751920130037x125601291947999230","2,58","1741713756342x475094650909622300","A demonstração comparativa de custo e benefício da proposta em relação às opções funcionalmente equivalentes","Moisés Leal","2","ROBO LAURA(1747241501575x516406866711674900)"
"1751922466812x237551174735888400","4,42","1741713756342x475094650909622300","Prazo dos entregáveis da solução","Moisés Leal","3","Saúde com I.A(1747250100162x590354311999127600)"
"1751920130037x125601291947999230","2,58","1741713756342x475094650909622300","Prazo dos entregáveis da solução","Moisés Leal","2","ROBO LAURA(1747241501575x516406866711674900)"
"1751920130037x125601291947999230","2,58","1741713756342x475094650909622300","Tecnologias utilizadas para a solução do desafio","Moisés Leal","2","ROBO LAURA(1747241501575x516406866711674900)"
"1751924591674x368425222589644800","3","1741713756342x475094650909622300","Tecnologias utilizadas para a solução do desafio","Moisés Leal","4","Clinitech(1747276858851x787162643421200400)"
"1751920130037x125601291947999230","2,58","1741713756342x475094650909622300","A qualidade da fundamentação, analisando o embasamento e a justificativa da solução proposta pelo aplicante","Moisés Leal","2","ROBO LAURA(1747241501575x516406866711674900)"
"1751918965042x346597754921025540","3,58","1741713756342x475094650909622300","A viabilidade e a maturidade do modelo de negócio da solução","Moisés Leal","3","SUSIA(1747235530911x729365137673420800)"
"1751918965042x346597754921025540","3,58","1741713756342x475094650909622300","O potencial de resolução do problema pela solução proposta e, se for o caso, da provável economia para a administração pública","Moisés Leal","4","SUSIA(1747235530911x729365137673420800)"
"1751918965042x346597754921025540","3,58","1741713756342x475094650909622300","Tecnologias utilizadas para a solução do desafio","Moisés Leal","4","SUSIA(1747235530911x729365137673420800)"
"1751918965042x346597754921025540","3,58","1741713756342x475094650909622300","A demonstração comparativa de custo e benefício da proposta em relação às opções funcionalmente equivalentes","Moisés Leal","3","SUSIA(1747235530911x729365137673420800)"
"1751920130037x125601291947999230","2,58","1741713756342x475094650909622300","Escalabilidade, ou seja, refere-se à capacidade da solução ser reproduzida em grande quantidade e para um número grande de clientes","Moisés Leal","4","ROBO LAURA(1747241501575x516406866711674900)"
"1751916370236x863488008429240300","3,58","1741713756342x475094650909622300","A viabilidade e a maturidade do modelo de negócio da solução","Moisés Leal","3","REbate(1747183088043x258719990149808130)"
"1751918965042x346597754921025540","3,58","1741713756342x475094650909622300","Escalabilidade, ou seja, refere-se à capacidade da solução ser reproduzida em grande quantidade e para um número grande de clientes","Moisés Leal","4","SUSIA(1747235530911x729365137673420800)"
"1751918965042x346597754921025540","3,58","1741713756342x475094650909622300","Prazo dos entregáveis da solução","Moisés Leal","3","SUSIA(1747235530911x729365137673420800)"
"1751918965042x346597754921025540","3,58","1741713756342x475094650909622300","A qualidade da fundamentação, analisando o embasamento e a justificativa da solução proposta pelo aplicante","Moisés Leal","3","SUSIA(1747235530911x729365137673420800)"
"1751916370236x863488008429240300","3,58","1741713756342x475094650909622300","O potencial de resolução do problema pela solução proposta e, se for o caso, da provável economia para a administração pública","Moisés Leal","4","REbate(1747183088043x258719990149808130)"
"1751916370236x863488008429240300","3,58","1741713756342x475094650909622300","Escalabilidade, ou seja, refere-se à capacidade da solução ser reproduzida em grande quantidade e para um número grande de clientes","Moisés Leal","4","REbate(1747183088043x258719990149808130)"
"1751916370236x863488008429240300","3,58","1741713756342x475094650909622300","Tecnologias utilizadas para a solução do desafio","Moisés Leal","4","REbate(1747183088043x258719990149808130)"
"1751916370236x863488008429240300","3,58","1741713756342x475094650909622300","A qualidade da fundamentação, analisando o embasamento e a justificativa da solução proposta pelo aplicante","Moisés Leal","3","REbate(1747183088043x258719990149808130)"
"1751916370236x863488008429240300","3,58","1741713756342x475094650909622300","Prazo dos entregáveis da solução","Moisés Leal","4","REbate(1747183088043x258719990149808130)"
"1751914304279x933793316094083100","3,08","1741713756342x475094650909622300","A viabilidade e a maturidade do modelo de negócio da solução","Moisés Leal","3","ConectaVital(1747140161151x752513062168166400)"
"1751914304279x933793316094083100","3,08","1741713756342x475094650909622300","A demonstração comparativa de custo e benefício da proposta em relação às opções funcionalmente equivalentes","Moisés Leal","3","ConectaVital(1747140161151x752513062168166400)"
"1751916370236x863488008429240300","3,58","1741713756342x475094650909622300","A demonstração comparativa de custo e benefício da proposta em relação às opções funcionalmente equivalentes","Moisés Leal","2","REbate(1747183088043x258719990149808130)"
"1751914304279x933793316094083100","3,08","1741713756342x475094650909622300","O potencial de resolução do problema pela solução proposta e, se for o caso, da provável economia para a administração pública","Moisés Leal","3","ConectaVital(1747140161151x752513062168166400)"
"1751914304279x933793316094083100","3,08","1741713756342x475094650909622300","A qualidade da fundamentação, analisando o embasamento e a justificativa da solução proposta pelo aplicante","Moisés Leal","3","ConectaVital(1747140161151x752513062168166400)"
"1751914304279x933793316094083100","3,08","1741713756342x475094650909622300","Prazo dos entregáveis da solução","Moisés Leal","2","ConectaVital(1747140161151x752513062168166400)"
"1751900825551x262513433036193800","2,75","1741713756342x475094650909622300","O potencial de resolução do problema pela solução proposta e, se for o caso, da provável economia para a administração pública","Moisés Leal","3","dolfidoc(1746974279211x999840447551504400)"
"1751914304279x933793316094083100","3,08","1741713756342x475094650909622300","Escalabilidade, ou seja, refere-se à capacidade da solução ser reproduzida em grande quantidade e para um número grande de clientes","Moisés Leal","4","ConectaVital(1747140161151x752513062168166400)"
"1751900825551x262513433036193800","2,75","1741713756342x475094650909622300","Prazo dos entregáveis da solução","Moisés Leal","1","dolfidoc(1746974279211x999840447551504400)"
"1751900825551x262513433036193800","2,75","1741713756342x475094650909622300","A demonstração comparativa de custo e benefício da proposta em relação às opções funcionalmente equivalentes","Moisés Leal","3","dolfidoc(1746974279211x999840447551504400)"
"1751900825551x262513433036193800","2,75","1741713756342x475094650909622300","A viabilidade e a maturidade do modelo de negócio da solução","Moisés Leal","2","dolfidoc(1746974279211x999840447551504400)"
"1751900825551x262513433036193800","2,75","1741713756342x475094650909622300","Tecnologias utilizadas para a solução do desafio","Moisés Leal","3","dolfidoc(1746974279211x999840447551504400)"
"1751900825551x262513433036193800","2,75","1741713756342x475094650909622300","Escalabilidade, ou seja, refere-se à capacidade da solução ser reproduzida em grande quantidade e para um número grande de clientes","Moisés Leal","4","dolfidoc(1746974279211x999840447551504400)"
"1751914304279x933793316094083100","3,08","1741713756342x475094650909622300","Tecnologias utilizadas para a solução do desafio","Moisés Leal","3","ConectaVital(1747140161151x752513062168166400)"
"1751893598058x986496153914966000","3,92","1741713756342x475094650909622300","A viabilidade e a maturidade do modelo de negócio da solução","Moisés Leal","4","Mosca Branca deeptech(1746965925773x167408289790820350)"
"1751900825551x262513433036193800","2,75","1741713756342x475094650909622300","A qualidade da fundamentação, analisando o embasamento e a justificativa da solução proposta pelo aplicante","Moisés Leal","2","dolfidoc(1746974279211x999840447551504400)"
"1751893598058x986496153914966000","3,92","1741713756342x475094650909622300","Tecnologias utilizadas para a solução do desafio","Moisés Leal","4","Mosca Branca deeptech(1746965925773x167408289790820350)"
"1751893598058x986496153914966000","3,92","1741713756342x475094650909622300","A demonstração comparativa de custo e benefício da proposta em relação às opções funcionalmente equivalentes","Moisés Leal","4","Mosca Branca deeptech(1746965925773x167408289790820350)"
"1751871290471x314980945682235400","2,58","1741713756342x475094650909622300","O potencial de resolução do problema pela solução proposta e, se for o caso, da provável economia para a administração pública","Moisés Leal","2","MEDIBOX(1747154336818x743371960980340700)"
"1751893598058x986496153914966000","3,92","1741713756342x475094650909622300","Prazo dos entregáveis da solução","Moisés Leal","3","Mosca Branca deeptech(1746965925773x167408289790820350)"
"1751871290471x314980945682235400","2,58","1741713756342x475094650909622300","A viabilidade e a maturidade do modelo de negócio da solução","Moisés Leal","3","MEDIBOX(1747154336818x743371960980340700)"
"1751871290471x314980945682235400","2,58","1741713756342x475094650909622300","Tecnologias utilizadas para a solução do desafio","Moisés Leal","3","MEDIBOX(1747154336818x743371960980340700)"
"1751871290471x314980945682235400","2,58","1741713756342x475094650909622300","A demonstração comparativa de custo e benefício da proposta em relação às opções funcionalmente equivalentes","Moisés Leal","2","MEDIBOX(1747154336818x743371960980340700)"
"1751871290471x314980945682235400","2,58","1741713756342x475094650909622300","Escalabilidade, ou seja, refere-se à capacidade da solução ser reproduzida em grande quantidade e para um número grande de clientes","Moisés Leal","3","MEDIBOX(1747154336818x743371960980340700)"
"1751871290471x314980945682235400","2,58","1741713756342x475094650909622300","A qualidade da fundamentação, analisando o embasamento e a justificativa da solução proposta pelo aplicante","Moisés Leal","3","MEDIBOX(1747154336818x743371960980340700)"
"1751871290471x314980945682235400","2,58","1741713756342x475094650909622300","Prazo dos entregáveis da solução","Moisés Leal","2","MEDIBOX(1747154336818x743371960980340700)"
"1751893598058x986496153914966000","3,92","1741713756342x475094650909622300","A qualidade da fundamentação, analisando o embasamento e a justificativa da solução proposta pelo aplicante","Moisés Leal","4","Mosca Branca deeptech(1746965925773x167408289790820350)"
"1751870059042x187893684394000400","3,67","1741713756342x475094650909622300","A demonstração comparativa de custo e benefício da proposta em relação às opções funcionalmente equivalentes","Moisés Leal","3","NAV + SAÚDE(1746922651654x574889112310644740)"
"1751870059042x187893684394000400","3,67","1741713756342x475094650909622300","A qualidade da fundamentação, analisando o embasamento e a justificativa da solução proposta pelo aplicante","Moisés Leal","4","NAV + SAÚDE(1746922651654x574889112310644740)"
"1751870059042x187893684394000400","3,67","1741713756342x475094650909622300","O potencial de resolução do problema pela solução proposta e, se for o caso, da provável economia para a administração pública","Moisés Leal","4","NAV + SAÚDE(1746922651654x574889112310644740)"
"1751870059042x187893684394000400","3,67","1741713756342x475094650909622300","A viabilidade e a maturidade do modelo de negócio da solução","Moisés Leal","3","NAV + SAÚDE(1746922651654x574889112310644740)"
"1751870059042x187893684394000400","3,67","1741713756342x475094650909622300","Prazo dos entregáveis da solução","Moisés Leal","3","NAV + SAÚDE(1746922651654x574889112310644740)"
"1751870059042x187893684394000400","3,67","1741713756342x475094650909622300","Escalabilidade, ou seja, refere-se à capacidade da solução ser reproduzida em grande quantidade e para um número grande de clientes","Moisés Leal","4","NAV + SAÚDE(1746922651654x574889112310644740)"
"1751870059042x187893684394000400","3,67","1741713756342x475094650909622300","Tecnologias utilizadas para a solução do desafio","Moisés Leal","4","NAV + SAÚDE(1746922651654x574889112310644740)"
"1751868760489x130655120681336830","2,92","1741713756342x475094650909622300","Tecnologias utilizadas para a solução do desafio","Moisés Leal","2","Tia Bete(1746734309886x839844561318576100)"
"1751868760489x130655120681336830","2,92","1741713756342x475094650909622300","A demonstração comparativa de custo e benefício da proposta em relação às opções funcionalmente equivalentes","Moisés Leal","3","Tia Bete(1746734309886x839844561318576100)"
"1751868760489x130655120681336830","2,92","1741713756342x475094650909622300","Escalabilidade, ou seja, refere-se à capacidade da solução ser reproduzida em grande quantidade e para um número grande de clientes","Moisés Leal","4","Tia Bete(1746734309886x839844561318576100)"
"1751868760489x130655120681336830","2,92","1741713756342x475094650909622300","A viabilidade e a maturidade do modelo de negócio da solução","Moisés Leal","3","Tia Bete(1746734309886x839844561318576100)"
"1751868760489x130655120681336830","2,92","1741713756342x475094650909622300","A qualidade da fundamentação, analisando o embasamento e a justificativa da solução proposta pelo aplicante","Moisés Leal","3","Tia Bete(1746734309886x839844561318576100)"
"1751868760489x130655120681336830","2,92","1741713756342x475094650909622300","O potencial de resolução do problema pela solução proposta e, se for o caso, da provável economia para a administração pública","Moisés Leal","3","Tia Bete(1746734309886x839844561318576100)"
"1751868760489x130655120681336830","2,92","1741713756342x475094650909622300","Prazo dos entregáveis da solução","Moisés Leal","2","Tia Bete(1746734309886x839844561318576100)"
"1751866732945x906917172520157200","1,5","1741713756342x475094650909622300","A viabilidade e a maturidade do modelo de negócio da solução","Moisés Leal","1","ALKE(1746492433853x232626703095037950)"
"1751866732945x906917172520157200","1,5","1741713756342x475094650909622300","O potencial de resolução do problema pela solução proposta e, se for o caso, da provável economia para a administração pública","Moisés Leal","2","ALKE(1746492433853x232626703095037950)"
"1751866732945x906917172520157200","1,5","1741713756342x475094650909622300","Tecnologias utilizadas para a solução do desafio","Moisés Leal","1","ALKE(1746492433853x232626703095037950)"
"1751866732945x906917172520157200","1,5","1741713756342x475094650909622300","A demonstração comparativa de custo e benefício da proposta em relação às opções funcionalmente equivalentes","Moisés Leal","2","ALKE(1746492433853x232626703095037950)"
"1751866223003x337108601235832800","4,5","1741713756342x475094650909622300","O potencial de resolução do problema pela solução proposta e, se for o caso, da provável economia para a administração pública","Moisés Leal","5","Cogfy(1746491460701x929709310693867500)"
"1751893598058x986496153914966000","3,92","1741713756342x475094650909622300","Escalabilidade, ou seja, refere-se à capacidade da solução ser reproduzida em grande quantidade e para um número grande de clientes","Moisés Leal","4","Mosca Branca deeptech(1746965925773x167408289790820350)"
"1751866732945x906917172520157200","1,5","1741713756342x475094650909622300","A qualidade da fundamentação, analisando o embasamento e a justificativa da solução proposta pelo aplicante","Moisés Leal","1","ALKE(1746492433853x232626703095037950)"
"1751866732945x906917172520157200","1,5","1741713756342x475094650909622300","Escalabilidade, ou seja, refere-se à capacidade da solução ser reproduzida em grande quantidade e para um número grande de clientes","Moisés Leal","2","ALKE(1746492433853x232626703095037950)"
"1751866732945x906917172520157200","1,5","1741713756342x475094650909622300","Prazo dos entregáveis da solução","Moisés Leal","1","ALKE(1746492433853x232626703095037950)"
"1751866223003x337108601235832800","4,5","1741713756342x475094650909622300","A qualidade da fundamentação, analisando o embasamento e a justificativa da solução proposta pelo aplicante","Moisés Leal","5","Cogfy(1746491460701x929709310693867500)"
"1751866223003x337108601235832800","4,5","1741713756342x475094650909622300","Escalabilidade, ou seja, refere-se à capacidade da solução ser reproduzida em grande quantidade e para um número grande de clientes","Moisés Leal","4","Cogfy(1746491460701x929709310693867500)"
"1751866223003x337108601235832800","4,5","1741713756342x475094650909622300","Prazo dos entregáveis da solução","Moisés Leal","4","Cogfy(1746491460701x929709310693867500)"
"1751893598058x986496153914966000","3,92","1741713756342x475094650909622300","O potencial de resolução do problema pela solução proposta e, se for o caso, da provável economia para a administração pública","Moisés Leal","4","Mosca Branca deeptech(1746965925773x167408289790820350)"
"1751838680207x982326003860242400","4,25","1741713756342x475094650909622300","O potencial de resolução do problema pela solução proposta e, se for o caso, da provável economia para a administração pública","Homero Cavalcanti","4","CFIT(1750430947736x758923719412285400)"
"1751838680207x982326003860242400","4,25","1741713756342x475094650909622300","Tecnologias utilizadas para a solução do desafio","Homero Cavalcanti","5","CFIT(1750430947736x758923719412285400)"
"1751838680207x982326003860242400","4,25","1741713756342x475094650909622300","A demonstração comparativa de custo e benefício da proposta em relação às opções funcionalmente equivalentes","Homero Cavalcanti","3","CFIT(1750430947736x758923719412285400)"
"1751838680207x982326003860242400","4,25","1741713756342x475094650909622300","A qualidade da fundamentação, analisando o embasamento e a justificativa da solução proposta pelo aplicante","Homero Cavalcanti","4","CFIT(1750430947736x758923719412285400)"
"1751838680207x982326003860242400","4,25","1741713756342x475094650909622300","A viabilidade e a maturidade do modelo de negócio da solução","Homero Cavalcanti","4","CFIT(1750430947736x758923719412285400)"
"1751838680207x982326003860242400","4,25","1741713756342x475094650909622300","Escalabilidade, ou seja, refere-se à capacidade da solução ser reproduzida em grande quantidade e para um número grande de clientes","Homero Cavalcanti","5","CFIT(1750430947736x758923719412285400)"
"1751838680207x982326003860242400","4,25","1741713756342x475094650909622300","Prazo dos entregáveis da solução","Homero Cavalcanti","4","CFIT(1750430947736x758923719412285400)"
"1751866223003x337108601235832800","4,5","1741713756342x475094650909622300","A demonstração comparativa de custo e benefício da proposta em relação às opções funcionalmente equivalentes","Moisés Leal","4","Cogfy(1746491460701x929709310693867500)"
"1751829447612x698154850697871400","2,92","1741713756342x475094650909622300","O potencial de resolução do problema pela solução proposta e, se for o caso, da provável economia para a administração pública","Homero Cavalcanti","3","Dayse Maria de Souza Oliveira, Amanda Felix da Silva, Antônia Felix Lessa(1750428483714x110287244945522690)"
"1751829447612x698154850697871400","2,92","1741713756342x475094650909622300","A viabilidade e a maturidade do modelo de negócio da solução","Homero Cavalcanti","3","Dayse Maria de Souza Oliveira, Amanda Felix da Silva, Antônia Felix Lessa(1750428483714x110287244945522690)"
"1751829447612x698154850697871400","2,92","1741713756342x475094650909622300","Escalabilidade, ou seja, refere-se à capacidade da solução ser reproduzida em grande quantidade e para um número grande de clientes","Homero Cavalcanti","4","Dayse Maria de Souza Oliveira, Amanda Felix da Silva, Antônia Felix Lessa(1750428483714x110287244945522690)"
"1751829447612x698154850697871400","2,92","1741713756342x475094650909622300","A demonstração comparativa de custo e benefício da proposta em relação às opções funcionalmente equivalentes","Homero Cavalcanti","2","Dayse Maria de Souza Oliveira, Amanda Felix da Silva, Antônia Felix Lessa(1750428483714x110287244945522690)"
"1751829447612x698154850697871400","2,92","1741713756342x475094650909622300","A qualidade da fundamentação, analisando o embasamento e a justificativa da solução proposta pelo aplicante","Homero Cavalcanti","3","Dayse Maria de Souza Oliveira, Amanda Felix da Silva, Antônia Felix Lessa(1750428483714x110287244945522690)"
"1751829447612x698154850697871400","2,92","1741713756342x475094650909622300","Tecnologias utilizadas para a solução do desafio","Homero Cavalcanti","2","Dayse Maria de Souza Oliveira, Amanda Felix da Silva, Antônia Felix Lessa(1750428483714x110287244945522690)"
"1751866223003x337108601235832800","4,5","1741713756342x475094650909622300","A viabilidade e a maturidade do modelo de negócio da solução","Moisés Leal","4","Cogfy(1746491460701x929709310693867500)"
"1751818916097x567288057667780600","4","1741713756342x475094650909622300","A demonstração comparativa de custo e benefício da proposta em relação às opções funcionalmente equivalentes","Homero Cavalcanti","3","neri(1750382702746x817002404516986900)"
"1751818916097x567288057667780600","4","1741713756342x475094650909622300","A viabilidade e a maturidade do modelo de negócio da solução","Homero Cavalcanti","3","neri(1750382702746x817002404516986900)"
"1751818916097x567288057667780600","4","1741713756342x475094650909622300","O potencial de resolução do problema pela solução proposta e, se for o caso, da provável economia para a administração pública","Homero Cavalcanti","4","neri(1750382702746x817002404516986900)"
"1751829447612x698154850697871400","2,92","1741713756342x475094650909622300","Prazo dos entregáveis da solução","Homero Cavalcanti","3","Dayse Maria de Souza Oliveira, Amanda Felix da Silva, Antônia Felix Lessa(1750428483714x110287244945522690)"
"1751818916097x567288057667780600","4","1741713756342x475094650909622300","Escalabilidade, ou seja, refere-se à capacidade da solução ser reproduzida em grande quantidade e para um número grande de clientes","Homero Cavalcanti","5","neri(1750382702746x817002404516986900)"
"1751818916097x567288057667780600","4","1741713756342x475094650909622300","Prazo dos entregáveis da solução","Homero Cavalcanti","3","neri(1750382702746x817002404516986900)"
"1751818916097x567288057667780600","4","1741713756342x475094650909622300","A qualidade da fundamentação, analisando o embasamento e a justificativa da solução proposta pelo aplicante","Homero Cavalcanti","4","neri(1750382702746x817002404516986900)"
"1751818916097x567288057667780600","4","1741713756342x475094650909622300","Tecnologias utilizadas para a solução do desafio","Homero Cavalcanti","5","neri(1750382702746x817002404516986900)"
"1751815447951x407503302085836800","4,33","1741713756342x475094650909622300","A demonstração comparativa de custo e benefício da proposta em relação às opções funcionalmente equivalentes","Homero Cavalcanti","3","Cesinhas(1750360813598x604209465657393200)"
"1751815447951x407503302085836800","4,33","1741713756342x475094650909622300","Tecnologias utilizadas para a solução do desafio","Homero Cavalcanti","4","Cesinhas(1750360813598x604209465657393200)"
"1751815447951x407503302085836800","4,33","1741713756342x475094650909622300","O potencial de resolução do problema pela solução proposta e, se for o caso, da provável economia para a administração pública","Homero Cavalcanti","5","Cesinhas(1750360813598x604209465657393200)"
"1751815447951x407503302085836800","4,33","1741713756342x475094650909622300","Escalabilidade, ou seja, refere-se à capacidade da solução ser reproduzida em grande quantidade e para um número grande de clientes","Homero Cavalcanti","5","Cesinhas(1750360813598x604209465657393200)"
"1751815447951x407503302085836800","4,33","1741713756342x475094650909622300","Prazo dos entregáveis da solução","Homero Cavalcanti","4","Cesinhas(1750360813598x604209465657393200)"
"1751866223003x337108601235832800","4,5","1741713756342x475094650909622300","Tecnologias utilizadas para a solução do desafio","Moisés Leal","5","Cogfy(1746491460701x929709310693867500)"
"1751815447951x407503302085836800","4,33","1741713756342x475094650909622300","A viabilidade e a maturidade do modelo de negócio da solução","Homero Cavalcanti","4","Cesinhas(1750360813598x604209465657393200)"
"1751810300712x881868845465468900","4,25","1741713756342x475094650909622300","A demonstração comparativa de custo e benefício da proposta em relação às opções funcionalmente equivalentes","Homero Cavalcanti","3","Liu(1747794171431x940488044287098900)"
"1751810300712x881868845465468900","4,25","1741713756342x475094650909622300","Escalabilidade, ou seja, refere-se à capacidade da solução ser reproduzida em grande quantidade e para um número grande de clientes","Homero Cavalcanti","4","Liu(1747794171431x940488044287098900)"
"1751810300712x881868845465468900","4,25","1741713756342x475094650909622300","Prazo dos entregáveis da solução","Homero Cavalcanti","5","Liu(1747794171431x940488044287098900)"
"1751810300712x881868845465468900","4,25","1741713756342x475094650909622300","A qualidade da fundamentação, analisando o embasamento e a justificativa da solução proposta pelo aplicante","Homero Cavalcanti","5","Liu(1747794171431x940488044287098900)"
"1751810300712x881868845465468900","4,25","1741713756342x475094650909622300","A viabilidade e a maturidade do modelo de negócio da solução","Homero Cavalcanti","5","Liu(1747794171431x940488044287098900)"
"1751810300712x881868845465468900","4,25","1741713756342x475094650909622300","O potencial de resolução do problema pela solução proposta e, se for o caso, da provável economia para a administração pública","Homero Cavalcanti","4","Liu(1747794171431x940488044287098900)"
"1751815447951x407503302085836800","4,33","1741713756342x475094650909622300","A qualidade da fundamentação, analisando o embasamento e a justificativa da solução proposta pelo aplicante","Homero Cavalcanti","4","Cesinhas(1750360813598x604209465657393200)"
"1751810300712x881868845465468900","4,25","1741713756342x475094650909622300","Tecnologias utilizadas para a solução do desafio","Homero Cavalcanti","4","Liu(1747794171431x940488044287098900)"
"1751776790272x281245600791658500","2,42","1741713756342x475094650909622300","Tecnologias utilizadas para a solução do desafio","Homero Cavalcanti","2","RedCheck(1747747339966x581554505157705700)"
"1751776790272x281245600791658500","2,42","1741713756342x475094650909622300","A viabilidade e a maturidade do modelo de negócio da solução","Homero Cavalcanti","2","RedCheck(1747747339966x581554505157705700)"
"1751776790272x281245600791658500","2,42","1741713756342x475094650909622300","A qualidade da fundamentação, analisando o embasamento e a justificativa da solução proposta pelo aplicante","Homero Cavalcanti","3","RedCheck(1747747339966x581554505157705700)"
"1751776790272x281245600791658500","2,42","1741713756342x475094650909622300","O potencial de resolução do problema pela solução proposta e, se for o caso, da provável economia para a administração pública","Homero Cavalcanti","2","RedCheck(1747747339966x581554505157705700)"
"1751776790272x281245600791658500","2,42","1741713756342x475094650909622300","A demonstração comparativa de custo e benefício da proposta em relação às opções funcionalmente equivalentes","Homero Cavalcanti","2","RedCheck(1747747339966x581554505157705700)"
"1751775297493x987144600052826100","1","1741713756342x475094650909622300","O potencial de resolução do problema pela solução proposta e, se for o caso, da provável economia para a administração pública","Homero Cavalcanti","1","Clinitech(1747276858851x787162643421200400)"
"1751776790272x281245600791658500","2,42","1741713756342x475094650909622300","Prazo dos entregáveis da solução","Homero Cavalcanti","2","RedCheck(1747747339966x581554505157705700)"
"1751775297493x987144600052826100","1","1741713756342x475094650909622300","A viabilidade e a maturidade do modelo de negócio da solução","Homero Cavalcanti","1","Clinitech(1747276858851x787162643421200400)"
"1751775297493x987144600052826100","1","1741713756342x475094650909622300","A demonstração comparativa de custo e benefício da proposta em relação às opções funcionalmente equivalentes","Homero Cavalcanti","1","Clinitech(1747276858851x787162643421200400)"
"1751775297493x987144600052826100","1","1741713756342x475094650909622300","Tecnologias utilizadas para a solução do desafio","Homero Cavalcanti","1","Clinitech(1747276858851x787162643421200400)"
"1751776790272x281245600791658500","2,42","1741713756342x475094650909622300","Escalabilidade, ou seja, refere-se à capacidade da solução ser reproduzida em grande quantidade e para um número grande de clientes","Homero Cavalcanti","4","RedCheck(1747747339966x581554505157705700)"
"1751775297493x987144600052826100","1","1741713756342x475094650909622300","A qualidade da fundamentação, analisando o embasamento e a justificativa da solução proposta pelo aplicante","Homero Cavalcanti","1","Clinitech(1747276858851x787162643421200400)"
"1751775297493x987144600052826100","1","1741713756342x475094650909622300","Prazo dos entregáveis da solução","Homero Cavalcanti","1","Clinitech(1747276858851x787162643421200400)"
"1751773242186x187992233956081660","3,58","1741713756342x475094650909622300","A demonstração comparativa de custo e benefício da proposta em relação às opções funcionalmente equivalentes","Homero Cavalcanti","3","Saúde com I.A(1747250100162x590354311999127600)"
"1751773242186x187992233956081660","3,58","1741713756342x475094650909622300","Tecnologias utilizadas para a solução do desafio","Homero Cavalcanti","4","Saúde com I.A(1747250100162x590354311999127600)"
"1751773242186x187992233956081660","3,58","1741713756342x475094650909622300","A viabilidade e a maturidade do modelo de negócio da solução","Homero Cavalcanti","3","Saúde com I.A(1747250100162x590354311999127600)"
"1751773242186x187992233956081660","3,58","1741713756342x475094650909622300","O potencial de resolução do problema pela solução proposta e, se for o caso, da provável economia para a administração pública","Homero Cavalcanti","5","Saúde com I.A(1747250100162x590354311999127600)"
"1751773242186x187992233956081660","3,58","1741713756342x475094650909622300","Escalabilidade, ou seja, refere-se à capacidade da solução ser reproduzida em grande quantidade e para um número grande de clientes","Homero Cavalcanti","3","Saúde com I.A(1747250100162x590354311999127600)"
"1751773242186x187992233956081660","3,58","1741713756342x475094650909622300","Prazo dos entregáveis da solução","Homero Cavalcanti","2","Saúde com I.A(1747250100162x590354311999127600)"
"1751766168720x736838692095918100","1,42","1741713756342x475094650909622300","O potencial de resolução do problema pela solução proposta e, se for o caso, da provável economia para a administração pública","Homero Cavalcanti","2","ROBO LAURA(1747241501575x516406866711674900)"
"1751766168720x736838692095918100","1,42","1741713756342x475094650909622300","A viabilidade e a maturidade do modelo de negócio da solução","Homero Cavalcanti","1","ROBO LAURA(1747241501575x516406866711674900)"
"1751773242186x187992233956081660","3,58","1741713756342x475094650909622300","A qualidade da fundamentação, analisando o embasamento e a justificativa da solução proposta pelo aplicante","Homero Cavalcanti","3","Saúde com I.A(1747250100162x590354311999127600)"
"1751766168720x736838692095918100","1,42","1741713756342x475094650909622300","Tecnologias utilizadas para a solução do desafio","Homero Cavalcanti","1","ROBO LAURA(1747241501575x516406866711674900)"
"1751766168720x736838692095918100","1,42","1741713756342x475094650909622300","A demonstração comparativa de custo e benefício da proposta em relação às opções funcionalmente equivalentes","Homero Cavalcanti","1","ROBO LAURA(1747241501575x516406866711674900)"
"1751766168720x736838692095918100","1,42","1741713756342x475094650909622300","Escalabilidade, ou seja, refere-se à capacidade da solução ser reproduzida em grande quantidade e para um número grande de clientes","Homero Cavalcanti","2","ROBO LAURA(1747241501575x516406866711674900)"
"1751766168720x736838692095918100","1,42","1741713756342x475094650909622300","A qualidade da fundamentação, analisando o embasamento e a justificativa da solução proposta pelo aplicante","Homero Cavalcanti","1","ROBO LAURA(1747241501575x516406866711674900)"
"1751775297493x987144600052826100","1","1741713756342x475094650909622300","Escalabilidade, ou seja, refere-se à capacidade da solução ser reproduzida em grande quantidade e para um número grande de clientes","Homero Cavalcanti","1","Clinitech(1747276858851x787162643421200400)"
"1751658857102x626721161142075400","4,67","1741713756342x475094650909622300","A viabilidade e a maturidade do modelo de negócio da solução","Homero Cavalcanti","5","SUSIA(1747235530911x729365137673420800)"
"1751766168720x736838692095918100","1,42","1741713756342x475094650909622300","Prazo dos entregáveis da solução","Homero Cavalcanti","1","ROBO LAURA(1747241501575x516406866711674900)"
"1751658857102x626721161142075400","4,67","1741713756342x475094650909622300","A demonstração comparativa de custo e benefício da proposta em relação às opções funcionalmente equivalentes","Homero Cavalcanti","3","SUSIA(1747235530911x729365137673420800)"
"1751658857102x626721161142075400","4,67","1741713756342x475094650909622300","Tecnologias utilizadas para a solução do desafio","Homero Cavalcanti","4","SUSIA(1747235530911x729365137673420800)"
"1751658857102x626721161142075400","4,67","1741713756342x475094650909622300","Escalabilidade, ou seja, refere-se à capacidade da solução ser reproduzida em grande quantidade e para um número grande de clientes","Homero Cavalcanti","5","SUSIA(1747235530911x729365137673420800)"
"1751658857102x626721161142075400","4,67","1741713756342x475094650909622300","A qualidade da fundamentação, analisando o embasamento e a justificativa da solução proposta pelo aplicante","Homero Cavalcanti","5","SUSIA(1747235530911x729365137673420800)"
"1751658857102x626721161142075400","4,67","1741713756342x475094650909622300","O potencial de resolução do problema pela solução proposta e, se for o caso, da provável economia para a administração pública","Homero Cavalcanti","5","SUSIA(1747235530911x729365137673420800)"
"1751654583623x432176242009833500","4,17","1741713756342x475094650909622300","O potencial de resolução do problema pela solução proposta e, se for o caso, da provável economia para a administração pública","Homero Cavalcanti","4","REbate(1747183088043x258719990149808130)"
"1751658857102x626721161142075400","4,67","1741713756342x475094650909622300","Prazo dos entregáveis da solução","Homero Cavalcanti","5","SUSIA(1747235530911x729365137673420800)"
"1751654583623x432176242009833500","4,17","1741713756342x475094650909622300","A demonstração comparativa de custo e benefício da proposta em relação às opções funcionalmente equivalentes","Homero Cavalcanti","3","REbate(1747183088043x258719990149808130)"
"1751654583623x432176242009833500","4,17","1741713756342x475094650909622300","Tecnologias utilizadas para a solução do desafio","Homero Cavalcanti","5","REbate(1747183088043x258719990149808130)"
"1751654583623x432176242009833500","4,17","1741713756342x475094650909622300","Escalabilidade, ou seja, refere-se à capacidade da solução ser reproduzida em grande quantidade e para um número grande de clientes","Homero Cavalcanti","5","REbate(1747183088043x258719990149808130)"
"1751654583623x432176242009833500","4,17","1741713756342x475094650909622300","A qualidade da fundamentação, analisando o embasamento e a justificativa da solução proposta pelo aplicante","Homero Cavalcanti","4","REbate(1747183088043x258719990149808130)"
"1751654583623x432176242009833500","4,17","1741713756342x475094650909622300","A viabilidade e a maturidade do modelo de negócio da solução","Homero Cavalcanti","3","REbate(1747183088043x258719990149808130)"
"1751652870860x188919865829752830","1","1741713756342x475094650909622300","O potencial de resolução do problema pela solução proposta e, se for o caso, da provável economia para a administração pública","ANA INES DE JESUS VIEIRA","1","LUDI INOVA SIMPLES IS(1744314060151x235712984620990460)"
"1751652870860x188919865829752830","1","1741713756342x475094650909622300","A viabilidade e a maturidade do modelo de negócio da solução","ANA INES DE JESUS VIEIRA","1","LUDI INOVA SIMPLES IS(1744314060151x235712984620990460)"
"1751652870860x188919865829752830","1","1741713756342x475094650909622300","A demonstração comparativa de custo e benefício da proposta em relação às opções funcionalmente equivalentes","ANA INES DE JESUS VIEIRA","1","LUDI INOVA SIMPLES IS(1744314060151x235712984620990460)"
"1751654583623x432176242009833500","4,17","1741713756342x475094650909622300","Prazo dos entregáveis da solução","Homero Cavalcanti","5","REbate(1747183088043x258719990149808130)"
"1751652870860x188919865829752830","1","1741713756342x475094650909622300","Escalabilidade, ou seja, refere-se à capacidade da solução ser reproduzida em grande quantidade e para um número grande de clientes","ANA INES DE JESUS VIEIRA","1","LUDI INOVA SIMPLES IS(1744314060151x235712984620990460)"
"1751652870860x188919865829752830","1","1741713756342x475094650909622300","A qualidade da fundamentação, analisando o embasamento e a justificativa da solução proposta pelo aplicante","ANA INES DE JESUS VIEIRA","1","LUDI INOVA SIMPLES IS(1744314060151x235712984620990460)"
"1751652870860x188919865829752830","1","1741713756342x475094650909622300","Prazo dos entregáveis da solução","ANA INES DE JESUS VIEIRA","1","LUDI INOVA SIMPLES IS(1744314060151x235712984620990460)"
"1751652870860x188919865829752830","1","1741713756342x475094650909622300","Tecnologias utilizadas para a solução do desafio","ANA INES DE JESUS VIEIRA","1","LUDI INOVA SIMPLES IS(1744314060151x235712984620990460)"
"1751652833969x129092633112608770","2,25","1741713756342x475094650909622300","O potencial de resolução do problema pela solução proposta e, se for o caso, da provável economia para a administração pública","Homero Cavalcanti","2","MEDIBOX(1747154336818x743371960980340700)"
"1751652833969x129092633112608770","2,25","1741713756342x475094650909622300","A viabilidade e a maturidade do modelo de negócio da solução","Homero Cavalcanti","2","MEDIBOX(1747154336818x743371960980340700)"
"1751652833969x129092633112608770","2,25","1741713756342x475094650909622300","A demonstração comparativa de custo e benefício da proposta em relação às opções funcionalmente equivalentes","Homero Cavalcanti","2","MEDIBOX(1747154336818x743371960980340700)"
"1751652833969x129092633112608770","2,25","1741713756342x475094650909622300","Tecnologias utilizadas para a solução do desafio","Homero Cavalcanti","2","MEDIBOX(1747154336818x743371960980340700)"
"1751652833969x129092633112608770","2,25","1741713756342x475094650909622300","A qualidade da fundamentação, analisando o embasamento e a justificativa da solução proposta pelo aplicante","Homero Cavalcanti","4","MEDIBOX(1747154336818x743371960980340700)"
"1751650867262x613591245651705900","2,83","1741713756342x475094650909622300","O potencial de resolução do problema pela solução proposta e, se for o caso, da provável economia para a administração pública","Homero Cavalcanti","3","ConectaVital(1747140161151x752513062168166400)"
"1751650867262x613591245651705900","2,83","1741713756342x475094650909622300","A viabilidade e a maturidade do modelo de negócio da solução","Homero Cavalcanti","3","ConectaVital(1747140161151x752513062168166400)"
"1751652833969x129092633112608770","2,25","1741713756342x475094650909622300","Prazo dos entregáveis da solução","Homero Cavalcanti","3","MEDIBOX(1747154336818x743371960980340700)"
"1751650867262x613591245651705900","2,83","1741713756342x475094650909622300","Escalabilidade, ou seja, refere-se à capacidade da solução ser reproduzida em grande quantidade e para um número grande de clientes","Homero Cavalcanti","3","ConectaVital(1747140161151x752513062168166400)"
"1751650867262x613591245651705900","2,83","1741713756342x475094650909622300","A qualidade da fundamentação, analisando o embasamento e a justificativa da solução proposta pelo aplicante","Homero Cavalcanti","3","ConectaVital(1747140161151x752513062168166400)"
"1751650867262x613591245651705900","2,83","1741713756342x475094650909622300","Prazo dos entregáveis da solução","Homero Cavalcanti","3","ConectaVital(1747140161151x752513062168166400)"
"1751652833969x129092633112608770","2,25","1741713756342x475094650909622300","Escalabilidade, ou seja, refere-se à capacidade da solução ser reproduzida em grande quantidade e para um número grande de clientes","Homero Cavalcanti","2","MEDIBOX(1747154336818x743371960980340700)"
"1751650867262x613591245651705900","2,83","1741713756342x475094650909622300","Tecnologias utilizadas para a solução do desafio","Homero Cavalcanti","2","ConectaVital(1747140161151x752513062168166400)"
"1751650867262x613591245651705900","2,83","1741713756342x475094650909622300","A demonstração comparativa de custo e benefício da proposta em relação às opções funcionalmente equivalentes","Homero Cavalcanti","3","ConectaVital(1747140161151x752513062168166400)"
"1751650113143x851719022499594200","2,92","1741713756342x475094650909622300","Tecnologias utilizadas para a solução do desafio","ANA INES DE JESUS VIEIRA","3","HRV4life(1743950956269x224493368474337280)"
"1751650113143x851719022499594200","2,92","1741713756342x475094650909622300","A viabilidade e a maturidade do modelo de negócio da solução","ANA INES DE JESUS VIEIRA","2","HRV4life(1743950956269x224493368474337280)"
"1751650113143x851719022499594200","2,92","1741713756342x475094650909622300","A qualidade da fundamentação, analisando o embasamento e a justificativa da solução proposta pelo aplicante","ANA INES DE JESUS VIEIRA","2","HRV4life(1743950956269x224493368474337280)"
"1751650113143x851719022499594200","2,92","1741713756342x475094650909622300","O potencial de resolução do problema pela solução proposta e, se for o caso, da provável economia para a administração pública","ANA INES DE JESUS VIEIRA","4","HRV4life(1743950956269x224493368474337280)"
"1751649563466x766524709774295000","1","1741713756342x475094650909622300","O potencial de resolução do problema pela solução proposta e, se for o caso, da provável economia para a administração pública","Homero Cavalcanti","1","dolfidoc(1746974279211x999840447551504400)"
"1751649563466x766524709774295000","1","1741713756342x475094650909622300","A demonstração comparativa de custo e benefício da proposta em relação às opções funcionalmente equivalentes","Homero Cavalcanti","1","dolfidoc(1746974279211x999840447551504400)"
"1751650113143x851719022499594200","2,92","1741713756342x475094650909622300","Escalabilidade, ou seja, refere-se à capacidade da solução ser reproduzida em grande quantidade e para um número grande de clientes","ANA INES DE JESUS VIEIRA","3","HRV4life(1743950956269x224493368474337280)"
"1751650113143x851719022499594200","2,92","1741713756342x475094650909622300","Prazo dos entregáveis da solução","ANA INES DE JESUS VIEIRA","2","HRV4life(1743950956269x224493368474337280)"
"1751649563466x766524709774295000","1","1741713756342x475094650909622300","A viabilidade e a maturidade do modelo de negócio da solução","Homero Cavalcanti","1","dolfidoc(1746974279211x999840447551504400)"
"1751649563466x766524709774295000","1","1741713756342x475094650909622300","Tecnologias utilizadas para a solução do desafio","Homero Cavalcanti","1","dolfidoc(1746974279211x999840447551504400)"
"1751649563466x766524709774295000","1","1741713756342x475094650909622300","Escalabilidade, ou seja, refere-se à capacidade da solução ser reproduzida em grande quantidade e para um número grande de clientes","Homero Cavalcanti","1","dolfidoc(1746974279211x999840447551504400)"
"1751649563466x766524709774295000","1","1741713756342x475094650909622300","A qualidade da fundamentação, analisando o embasamento e a justificativa da solução proposta pelo aplicante","Homero Cavalcanti","1","dolfidoc(1746974279211x999840447551504400)"
"1751649563466x766524709774295000","1","1741713756342x475094650909622300","Prazo dos entregáveis da solução","Homero Cavalcanti","1","dolfidoc(1746974279211x999840447551504400)"
"1751649345016x646985835505778700","1","1741713756342x475094650909622300","O potencial de resolução do problema pela solução proposta e, se for o caso, da provável economia para a administração pública","ANA INES DE JESUS VIEIRA","1","daps(1744411579295x899428874322706400)"
"1751649345016x646985835505778700","1","1741713756342x475094650909622300","A demonstração comparativa de custo e benefício da proposta em relação às opções funcionalmente equivalentes","ANA INES DE JESUS VIEIRA","1","daps(1744411579295x899428874322706400)"
"1751649345016x646985835505778700","1","1741713756342x475094650909622300","A viabilidade e a maturidade do modelo de negócio da solução","ANA INES DE JESUS VIEIRA","1","daps(1744411579295x899428874322706400)"
"1751650113143x851719022499594200","2,92","1741713756342x475094650909622300","A demonstração comparativa de custo e benefício da proposta em relação às opções funcionalmente equivalentes","ANA INES DE JESUS VIEIRA","3","HRV4life(1743950956269x224493368474337280)"
"1751649345016x646985835505778700","1","1741713756342x475094650909622300","Tecnologias utilizadas para a solução do desafio","ANA INES DE JESUS VIEIRA","1","daps(1744411579295x899428874322706400)"
"1751649345016x646985835505778700","1","1741713756342x475094650909622300","A qualidade da fundamentação, analisando o embasamento e a justificativa da solução proposta pelo aplicante","ANA INES DE JESUS VIEIRA","1","daps(1744411579295x899428874322706400)"
"1751648120412x178834961537433600","4,17","1741713756342x475094650909622300","A demonstração comparativa de custo e benefício da proposta em relação às opções funcionalmente equivalentes","Homero Cavalcanti","4","Mosca Branca deeptech(1746965925773x167408289790820350)"
"1751648120412x178834961537433600","4,17","1741713756342x475094650909622300","Tecnologias utilizadas para a solução do desafio","Homero Cavalcanti","4","Mosca Branca deeptech(1746965925773x167408289790820350)"
"1751648120412x178834961537433600","4,17","1741713756342x475094650909622300","O potencial de resolução do problema pela solução proposta e, se for o caso, da provável economia para a administração pública","Homero Cavalcanti","4","Mosca Branca deeptech(1746965925773x167408289790820350)"
"1751649345016x646985835505778700","1","1741713756342x475094650909622300","Prazo dos entregáveis da solução","ANA INES DE JESUS VIEIRA","1","daps(1744411579295x899428874322706400)"
"1751648120412x178834961537433600","4,17","1741713756342x475094650909622300","A viabilidade e a maturidade do modelo de negócio da solução","Homero Cavalcanti","4","Mosca Branca deeptech(1746965925773x167408289790820350)"
"1751648120412x178834961537433600","4,17","1741713756342x475094650909622300","A qualidade da fundamentação, analisando o embasamento e a justificativa da solução proposta pelo aplicante","Homero Cavalcanti","4","Mosca Branca deeptech(1746965925773x167408289790820350)"
"1751648120412x178834961537433600","4,17","1741713756342x475094650909622300","Escalabilidade, ou seja, refere-se à capacidade da solução ser reproduzida em grande quantidade e para um número grande de clientes","Homero Cavalcanti","5","Mosca Branca deeptech(1746965925773x167408289790820350)"
"1751643431001x236836060138307600","3,33","1741713756342x475094650909622300","O potencial de resolução do problema pela solução proposta e, se for o caso, da provável economia para a administração pública","GUSTAVO SÉRGIO DE GODOY MAGALHÃES","3","Ponte Saúde(1750460642268x111056270580514820)"
"1751643431001x236836060138307600","3,33","1741713756342x475094650909622300","A demonstração comparativa de custo e benefício da proposta em relação às opções funcionalmente equivalentes","GUSTAVO SÉRGIO DE GODOY MAGALHÃES","3","Ponte Saúde(1750460642268x111056270580514820)"
"1751649345016x646985835505778700","1","1741713756342x475094650909622300","Escalabilidade, ou seja, refere-se à capacidade da solução ser reproduzida em grande quantidade e para um número grande de clientes","ANA INES DE JESUS VIEIRA","1","daps(1744411579295x899428874322706400)"
"1751643431001x236836060138307600","3,33","1741713756342x475094650909622300","Tecnologias utilizadas para a solução do desafio","GUSTAVO SÉRGIO DE GODOY MAGALHÃES","4","Ponte Saúde(1750460642268x111056270580514820)"
"1751648120412x178834961537433600","4,17","1741713756342x475094650909622300","Prazo dos entregáveis da solução","Homero Cavalcanti","4","Mosca Branca deeptech(1746965925773x167408289790820350)"
"1751643431001x236836060138307600","3,33","1741713756342x475094650909622300","A viabilidade e a maturidade do modelo de negócio da solução","GUSTAVO SÉRGIO DE GODOY MAGALHÃES","3","Ponte Saúde(1750460642268x111056270580514820)"
"1751643431001x236836060138307600","3,33","1741713756342x475094650909622300","A qualidade da fundamentação, analisando o embasamento e a justificativa da solução proposta pelo aplicante","GUSTAVO SÉRGIO DE GODOY MAGALHÃES","3","Ponte Saúde(1750460642268x111056270580514820)"
"1751643431001x236836060138307600","3,33","1741713756342x475094650909622300","Escalabilidade, ou seja, refere-se à capacidade da solução ser reproduzida em grande quantidade e para um número grande de clientes","GUSTAVO SÉRGIO DE GODOY MAGALHÃES","4","Ponte Saúde(1750460642268x111056270580514820)"
"1751642352571x265720542306238460","4","1741713756342x475094650909622300","A viabilidade e a maturidade do modelo de negócio da solução","GUSTAVO SÉRGIO DE GODOY MAGALHÃES","4","Cuida+ Saúde(1750458720850x474968371098288100)"
"1751642352571x265720542306238460","4","1741713756342x475094650909622300","A demonstração comparativa de custo e benefício da proposta em relação às opções funcionalmente equivalentes","GUSTAVO SÉRGIO DE GODOY MAGALHÃES","4","Cuida+ Saúde(1750458720850x474968371098288100)"
"1751642352571x265720542306238460","4","1741713756342x475094650909622300","Escalabilidade, ou seja, refere-se à capacidade da solução ser reproduzida em grande quantidade e para um número grande de clientes","GUSTAVO SÉRGIO DE GODOY MAGALHÃES","4","Cuida+ Saúde(1750458720850x474968371098288100)"
"1751642352571x265720542306238460","4","1741713756342x475094650909622300","Prazo dos entregáveis da solução","GUSTAVO SÉRGIO DE GODOY MAGALHÃES","4","Cuida+ Saúde(1750458720850x474968371098288100)"
"1751640644953x674563462798245900","4,5","1741713756342x475094650909622300","O potencial de resolução do problema pela solução proposta e, se for o caso, da provável economia para a administração pública","GUSTAVO SÉRGIO DE GODOY MAGALHÃES","5","KTecS(1750457846826x615898407090257900)"
"1751640644953x674563462798245900","4,5","1741713756342x475094650909622300","A viabilidade e a maturidade do modelo de negócio da solução","GUSTAVO SÉRGIO DE GODOY MAGALHÃES","4","KTecS(1750457846826x615898407090257900)"
"1751642352571x265720542306238460","4","1741713756342x475094650909622300","O potencial de resolução do problema pela solução proposta e, se for o caso, da provável economia para a administração pública","GUSTAVO SÉRGIO DE GODOY MAGALHÃES","4","Cuida+ Saúde(1750458720850x474968371098288100)"
"1751642352571x265720542306238460","4","1741713756342x475094650909622300","A qualidade da fundamentação, analisando o embasamento e a justificativa da solução proposta pelo aplicante","GUSTAVO SÉRGIO DE GODOY MAGALHÃES","4","Cuida+ Saúde(1750458720850x474968371098288100)"
"1751643431001x236836060138307600","3,33","1741713756342x475094650909622300","Prazo dos entregáveis da solução","GUSTAVO SÉRGIO DE GODOY MAGALHÃES","3","Ponte Saúde(1750460642268x111056270580514820)"
"1751640644953x674563462798245900","4,5","1741713756342x475094650909622300","Tecnologias utilizadas para a solução do desafio","GUSTAVO SÉRGIO DE GODOY MAGALHÃES","5","KTecS(1750457846826x615898407090257900)"
"1751642352571x265720542306238460","4","1741713756342x475094650909622300","Tecnologias utilizadas para a solução do desafio","GUSTAVO SÉRGIO DE GODOY MAGALHÃES","4","Cuida+ Saúde(1750458720850x474968371098288100)"
"1751640644953x674563462798245900","4,5","1741713756342x475094650909622300","Escalabilidade, ou seja, refere-se à capacidade da solução ser reproduzida em grande quantidade e para um número grande de clientes","GUSTAVO SÉRGIO DE GODOY MAGALHÃES","4","KTecS(1750457846826x615898407090257900)"
"1751640644953x674563462798245900","4,5","1741713756342x475094650909622300","Prazo dos entregáveis da solução","GUSTAVO SÉRGIO DE GODOY MAGALHÃES","4","KTecS(1750457846826x615898407090257900)"
"1751637667932x959937528093737000","3,08","1741713756342x475094650909622300","O potencial de resolução do problema pela solução proposta e, se for o caso, da provável economia para a administração pública","GUSTAVO SÉRGIO DE GODOY MAGALHÃES","3","Conexão e Cuidado(1750457780030x714257608034222100)"
"1751640644953x674563462798245900","4,5","1741713756342x475094650909622300","A qualidade da fundamentação, analisando o embasamento e a justificativa da solução proposta pelo aplicante","GUSTAVO SÉRGIO DE GODOY MAGALHÃES","5","KTecS(1750457846826x615898407090257900)"
"1751637667932x959937528093737000","3,08","1741713756342x475094650909622300","A demonstração comparativa de custo e benefício da proposta em relação às opções funcionalmente equivalentes","GUSTAVO SÉRGIO DE GODOY MAGALHÃES","3","Conexão e Cuidado(1750457780030x714257608034222100)"
"1751637667932x959937528093737000","3,08","1741713756342x475094650909622300","Escalabilidade, ou seja, refere-se à capacidade da solução ser reproduzida em grande quantidade e para um número grande de clientes","GUSTAVO SÉRGIO DE GODOY MAGALHÃES","3","Conexão e Cuidado(1750457780030x714257608034222100)"
"1751637667932x959937528093737000","3,08","1741713756342x475094650909622300","Tecnologias utilizadas para a solução do desafio","GUSTAVO SÉRGIO DE GODOY MAGALHÃES","4","Conexão e Cuidado(1750457780030x714257608034222100)"
"1751637159790x882884812639305700","3,42","1741713756342x475094650909622300","O potencial de resolução do problema pela solução proposta e, se for o caso, da provável economia para a administração pública","RODRIGO BEZERRA","4","Wladimilson Bernardino Nascimento(1750474698961x745850263332978700)"
"1751637667932x959937528093737000","3,08","1741713756342x475094650909622300","A qualidade da fundamentação, analisando o embasamento e a justificativa da solução proposta pelo aplicante","GUSTAVO SÉRGIO DE GODOY MAGALHÃES","2","Conexão e Cuidado(1750457780030x714257608034222100)"
"1751637667932x959937528093737000","3,08","1741713756342x475094650909622300","Prazo dos entregáveis da solução","GUSTAVO SÉRGIO DE GODOY MAGALHÃES","3","Conexão e Cuidado(1750457780030x714257608034222100)"
"1751637159790x882884812639305700","3,42","1741713756342x475094650909622300","A viabilidade e a maturidade do modelo de negócio da solução","RODRIGO BEZERRA","3","Wladimilson Bernardino Nascimento(1750474698961x745850263332978700)"
"1751637159790x882884812639305700","3,42","1741713756342x475094650909622300","A demonstração comparativa de custo e benefício da proposta em relação às opções funcionalmente equivalentes","RODRIGO BEZERRA","3","Wladimilson Bernardino Nascimento(1750474698961x745850263332978700)"
"1751637667932x959937528093737000","3,08","1741713756342x475094650909622300","A viabilidade e a maturidade do modelo de negócio da solução","GUSTAVO SÉRGIO DE GODOY MAGALHÃES","3","Conexão e Cuidado(1750457780030x714257608034222100)"
"1751637159790x882884812639305700","3,42","1741713756342x475094650909622300","A qualidade da fundamentação, analisando o embasamento e a justificativa da solução proposta pelo aplicante","RODRIGO BEZERRA","4","Wladimilson Bernardino Nascimento(1750474698961x745850263332978700)"
"1751637159790x882884812639305700","3,42","1741713756342x475094650909622300","Escalabilidade, ou seja, refere-se à capacidade da solução ser reproduzida em grande quantidade e para um número grande de clientes","RODRIGO BEZERRA","3","Wladimilson Bernardino Nascimento(1750474698961x745850263332978700)"
"1751637159790x882884812639305700","3,42","1741713756342x475094650909622300","Prazo dos entregáveis da solução","RODRIGO BEZERRA","4","Wladimilson Bernardino Nascimento(1750474698961x745850263332978700)"
"1751636979114x662697353706209300","3,33","1741713756342x475094650909622300","O potencial de resolução do problema pela solução proposta e, se for o caso, da provável economia para a administração pública","GUSTAVO SÉRGIO DE GODOY MAGALHÃES","4","Kali(1750449027146x792217332883652600)"
"1751636979114x662697353706209300","3,33","1741713756342x475094650909622300","Tecnologias utilizadas para a solução do desafio","GUSTAVO SÉRGIO DE GODOY MAGALHÃES","3","Kali(1750449027146x792217332883652600)"
"1751636979114x662697353706209300","3,33","1741713756342x475094650909622300","A demonstração comparativa de custo e benefício da proposta em relação às opções funcionalmente equivalentes","GUSTAVO SÉRGIO DE GODOY MAGALHÃES","3","Kali(1750449027146x792217332883652600)"
"1751636979114x662697353706209300","3,33","1741713756342x475094650909622300","A qualidade da fundamentação, analisando o embasamento e a justificativa da solução proposta pelo aplicante","GUSTAVO SÉRGIO DE GODOY MAGALHÃES","4","Kali(1750449027146x792217332883652600)"
"1751636979114x662697353706209300","3,33","1741713756342x475094650909622300","Escalabilidade, ou seja, refere-se à capacidade da solução ser reproduzida em grande quantidade e para um número grande de clientes","GUSTAVO SÉRGIO DE GODOY MAGALHÃES","3","Kali(1750449027146x792217332883652600)"
"1751636979114x662697353706209300","3,33","1741713756342x475094650909622300","Prazo dos entregáveis da solução","GUSTAVO SÉRGIO DE GODOY MAGALHÃES","3","Kali(1750449027146x792217332883652600)"
"1751636979114x662697353706209300","3,33","1741713756342x475094650909622300","A viabilidade e a maturidade do modelo de negócio da solução","GUSTAVO SÉRGIO DE GODOY MAGALHÃES","3","Kali(1750449027146x792217332883652600)"
"1751636750585x267122334264197120","3,83","1741713756342x475094650909622300","A demonstração comparativa de custo e benefício da proposta em relação às opções funcionalmente equivalentes","RODRIGO BEZERRA","3","Metasolution(1750474393435x693673183255986200)"
"1751637159790x882884812639305700","3,42","1741713756342x475094650909622300","Tecnologias utilizadas para a solução do desafio","RODRIGO BEZERRA","3","Wladimilson Bernardino Nascimento(1750474698961x745850263332978700)"
"1751636750585x267122334264197120","3,83","1741713756342x475094650909622300","A qualidade da fundamentação, analisando o embasamento e a justificativa da solução proposta pelo aplicante","RODRIGO BEZERRA","3","Metasolution(1750474393435x693673183255986200)"
"1751636750585x267122334264197120","3,83","1741713756342x475094650909622300","Prazo dos entregáveis da solução","RODRIGO BEZERRA","4","Metasolution(1750474393435x693673183255986200)"
"1751636750585x267122334264197120","3,83","1741713756342x475094650909622300","A viabilidade e a maturidade do modelo de negócio da solução","RODRIGO BEZERRA","4","Metasolution(1750474393435x693673183255986200)"
"1751636426375x888313816464752600","2,67","1741713756342x475094650909622300","A viabilidade e a maturidade do modelo de negócio da solução","RODRIGO BEZERRA","3","UPSAÚDE (1750471215836x861794257257103400)"
"1751636426375x888313816464752600","2,67","1741713756342x475094650909622300","A demonstração comparativa de custo e benefício da proposta em relação às opções funcionalmente equivalentes","RODRIGO BEZERRA","2","UPSAÚDE (1750471215836x861794257257103400)"
"1751636426375x888313816464752600","2,67","1741713756342x475094650909622300","O potencial de resolução do problema pela solução proposta e, se for o caso, da provável economia para a administração pública","RODRIGO BEZERRA","3","UPSAÚDE (1750471215836x861794257257103400)"
"1751636750585x267122334264197120","3,83","1741713756342x475094650909622300","Tecnologias utilizadas para a solução do desafio","RODRIGO BEZERRA","4","Metasolution(1750474393435x693673183255986200)"
"1751636750585x267122334264197120","3,83","1741713756342x475094650909622300","Escalabilidade, ou seja, refere-se à capacidade da solução ser reproduzida em grande quantidade e para um número grande de clientes","RODRIGO BEZERRA","4","Metasolution(1750474393435x693673183255986200)"
"1751636750585x267122334264197120","3,83","1741713756342x475094650909622300","O potencial de resolução do problema pela solução proposta e, se for o caso, da provável economia para a administração pública","RODRIGO BEZERRA","4","Metasolution(1750474393435x693673183255986200)"
"1751636426375x888313816464752600","2,67","1741713756342x475094650909622300","Escalabilidade, ou seja, refere-se à capacidade da solução ser reproduzida em grande quantidade e para um número grande de clientes","RODRIGO BEZERRA","4","UPSAÚDE (1750471215836x861794257257103400)"
"1751636426375x888313816464752600","2,67","1741713756342x475094650909622300","A qualidade da fundamentação, analisando o embasamento e a justificativa da solução proposta pelo aplicante","RODRIGO BEZERRA","1","UPSAÚDE (1750471215836x861794257257103400)"
"1751635334263x466823509383053300","3,08","1741713756342x475094650909622300","O potencial de resolução do problema pela solução proposta e, se for o caso, da provável economia para a administração pública","GUSTAVO SÉRGIO DE GODOY MAGALHÃES","4","Projeto Saus(1750442890016x722503316385824800)"
"1751635334263x466823509383053300","3,08","1741713756342x475094650909622300","A viabilidade e a maturidade do modelo de negócio da solução","GUSTAVO SÉRGIO DE GODOY MAGALHÃES","3","Projeto Saus(1750442890016x722503316385824800)"
"1751635334263x466823509383053300","3,08","1741713756342x475094650909622300","A demonstração comparativa de custo e benefício da proposta em relação às opções funcionalmente equivalentes","GUSTAVO SÉRGIO DE GODOY MAGALHÃES","3","Projeto Saus(1750442890016x722503316385824800)"
"1751636426375x888313816464752600","2,67","1741713756342x475094650909622300","Prazo dos entregáveis da solução","RODRIGO BEZERRA","2","UPSAÚDE (1750471215836x861794257257103400)"
"1751635334263x466823509383053300","3,08","1741713756342x475094650909622300","Escalabilidade, ou seja, refere-se à capacidade da solução ser reproduzida em grande quantidade e para um número grande de clientes","GUSTAVO SÉRGIO DE GODOY MAGALHÃES","3","Projeto Saus(1750442890016x722503316385824800)"
"1751635334263x466823509383053300","3,08","1741713756342x475094650909622300","Prazo dos entregáveis da solução","GUSTAVO SÉRGIO DE GODOY MAGALHÃES","3","Projeto Saus(1750442890016x722503316385824800)"
"1751634295533x504798668369428500","4,33","1741713756342x475094650909622300","A viabilidade e a maturidade do modelo de negócio da solução","GUSTAVO SÉRGIO DE GODOY MAGALHÃES","5","Lemobs(1750441883750x976151120499966000)"
"1751635334263x466823509383053300","3,08","1741713756342x475094650909622300","A qualidade da fundamentação, analisando o embasamento e a justificativa da solução proposta pelo aplicante","GUSTAVO SÉRGIO DE GODOY MAGALHÃES","3","Projeto Saus(1750442890016x722503316385824800)"
"1751634295533x504798668369428500","4,33","1741713756342x475094650909622300","O potencial de resolução do problema pela solução proposta e, se for o caso, da provável economia para a administração pública","GUSTAVO SÉRGIO DE GODOY MAGALHÃES","4","Lemobs(1750441883750x976151120499966000)"
"1751634295533x504798668369428500","4,33","1741713756342x475094650909622300","Tecnologias utilizadas para a solução do desafio","GUSTAVO SÉRGIO DE GODOY MAGALHÃES","5","Lemobs(1750441883750x976151120499966000)"
"1751634295533x504798668369428500","4,33","1741713756342x475094650909622300","A demonstração comparativa de custo e benefício da proposta em relação às opções funcionalmente equivalentes","GUSTAVO SÉRGIO DE GODOY MAGALHÃES","4","Lemobs(1750441883750x976151120499966000)"
"1751635334263x466823509383053300","3,08","1741713756342x475094650909622300","Tecnologias utilizadas para a solução do desafio","GUSTAVO SÉRGIO DE GODOY MAGALHÃES","2","Projeto Saus(1750442890016x722503316385824800)"
"1751634295533x504798668369428500","4,33","1741713756342x475094650909622300","A qualidade da fundamentação, analisando o embasamento e a justificativa da solução proposta pelo aplicante","GUSTAVO SÉRGIO DE GODOY MAGALHÃES","4","Lemobs(1750441883750x976151120499966000)"
"1751634295533x504798668369428500","4,33","1741713756342x475094650909622300","Escalabilidade, ou seja, refere-se à capacidade da solução ser reproduzida em grande quantidade e para um número grande de clientes","GUSTAVO SÉRGIO DE GODOY MAGALHÃES","4","Lemobs(1750441883750x976151120499966000)"
"1751632987136x200191785444048900","4,25","1741713756342x475094650909622300","O potencial de resolução do problema pela solução proposta e, se for o caso, da provável economia para a administração pública","GUSTAVO SÉRGIO DE GODOY MAGALHÃES","4","Clinitech Tecnologia em Saúde LTDA.(1750437798539x879582976976093200)"
"1751634295533x504798668369428500","4,33","1741713756342x475094650909622300","Prazo dos entregáveis da solução","GUSTAVO SÉRGIO DE GODOY MAGALHÃES","4","Lemobs(1750441883750x976151120499966000)"
"1751632987136x200191785444048900","4,25","1741713756342x475094650909622300","A viabilidade e a maturidade do modelo de negócio da solução","GUSTAVO SÉRGIO DE GODOY MAGALHÃES","4","Clinitech Tecnologia em Saúde LTDA.(1750437798539x879582976976093200)"
"1751632987136x200191785444048900","4,25","1741713756342x475094650909622300","Escalabilidade, ou seja, refere-se à capacidade da solução ser reproduzida em grande quantidade e para um número grande de clientes","GUSTAVO SÉRGIO DE GODOY MAGALHÃES","4","Clinitech Tecnologia em Saúde LTDA.(1750437798539x879582976976093200)"
"1751632987136x200191785444048900","4,25","1741713756342x475094650909622300","A qualidade da fundamentação, analisando o embasamento e a justificativa da solução proposta pelo aplicante","GUSTAVO SÉRGIO DE GODOY MAGALHÃES","5","Clinitech Tecnologia em Saúde LTDA.(1750437798539x879582976976093200)"
"1751631983664x467377963327291400","4,5","1741713756342x475094650909622300","A viabilidade e a maturidade do modelo de negócio da solução","GUSTAVO SÉRGIO DE GODOY MAGALHÃES","4","GO BEE APIS(1750433496862x349578267965521900)"
"1751631983664x467377963327291400","4,5","1741713756342x475094650909622300","O potencial de resolução do problema pela solução proposta e, se for o caso, da provável economia para a administração pública","GUSTAVO SÉRGIO DE GODOY MAGALHÃES","5","GO BEE APIS(1750433496862x349578267965521900)"
"1751631983664x467377963327291400","4,5","1741713756342x475094650909622300","Escalabilidade, ou seja, refere-se à capacidade da solução ser reproduzida em grande quantidade e para um número grande de clientes","GUSTAVO SÉRGIO DE GODOY MAGALHÃES","4","GO BEE APIS(1750433496862x349578267965521900)"
"1751631983664x467377963327291400","4,5","1741713756342x475094650909622300","A qualidade da fundamentação, analisando o embasamento e a justificativa da solução proposta pelo aplicante","GUSTAVO SÉRGIO DE GODOY MAGALHÃES","5","GO BEE APIS(1750433496862x349578267965521900)"
"1751632987136x200191785444048900","4,25","1741713756342x475094650909622300","A demonstração comparativa de custo e benefício da proposta em relação às opções funcionalmente equivalentes","GUSTAVO SÉRGIO DE GODOY MAGALHÃES","4","Clinitech Tecnologia em Saúde LTDA.(1750437798539x879582976976093200)"
"1751631983664x467377963327291400","4,5","1741713756342x475094650909622300","Tecnologias utilizadas para a solução do desafio","GUSTAVO SÉRGIO DE GODOY MAGALHÃES","5","GO BEE APIS(1750433496862x349578267965521900)"
"1751640644953x674563462798245900","4,5","1741713756342x475094650909622300","A demonstração comparativa de custo e benefício da proposta em relação às opções funcionalmente equivalentes","GUSTAVO SÉRGIO DE GODOY MAGALHÃES","4","KTecS(1750457846826x615898407090257900)"
"1751632987136x200191785444048900","4,25","1741713756342x475094650909622300","Prazo dos entregáveis da solução","GUSTAVO SÉRGIO DE GODOY MAGALHÃES","4","Clinitech Tecnologia em Saúde LTDA.(1750437798539x879582976976093200)"
"1751636426375x888313816464752600","2,67","1741713756342x475094650909622300","Tecnologias utilizadas para a solução do desafio","RODRIGO BEZERRA","2","UPSAÚDE (1750471215836x861794257257103400)"
"1751631983664x467377963327291400","4,5","1741713756342x475094650909622300","A demonstração comparativa de custo e benefício da proposta em relação às opções funcionalmente equivalentes","GUSTAVO SÉRGIO DE GODOY MAGALHÃES","4","GO BEE APIS(1750433496862x349578267965521900)"
"1751630694358x957399949735886800","4,17","1741713756342x475094650909622300","A viabilidade e a maturidade do modelo de negócio da solução","GUSTAVO SÉRGIO DE GODOY MAGALHÃES","4","CFIT(1750430947736x758923719412285400)"
"1751632987136x200191785444048900","4,25","1741713756342x475094650909622300","Tecnologias utilizadas para a solução do desafio","GUSTAVO SÉRGIO DE GODOY MAGALHÃES","5","Clinitech Tecnologia em Saúde LTDA.(1750437798539x879582976976093200)"
"1751630694358x957399949735886800","4,17","1741713756342x475094650909622300","O potencial de resolução do problema pela solução proposta e, se for o caso, da provável economia para a administração pública","GUSTAVO SÉRGIO DE GODOY MAGALHÃES","4","CFIT(1750430947736x758923719412285400)"
"1751630694358x957399949735886800","4,17","1741713756342x475094650909622300","Tecnologias utilizadas para a solução do desafio","GUSTAVO SÉRGIO DE GODOY MAGALHÃES","5","CFIT(1750430947736x758923719412285400)"
"1751630694358x957399949735886800","4,17","1741713756342x475094650909622300","Escalabilidade, ou seja, refere-se à capacidade da solução ser reproduzida em grande quantidade e para um número grande de clientes","GUSTAVO SÉRGIO DE GODOY MAGALHÃES","4","CFIT(1750430947736x758923719412285400)"
"1751630694358x957399949735886800","4,17","1741713756342x475094650909622300","A qualidade da fundamentação, analisando o embasamento e a justificativa da solução proposta pelo aplicante","GUSTAVO SÉRGIO DE GODOY MAGALHÃES","4","CFIT(1750430947736x758923719412285400)"
"1751630694358x957399949735886800","4,17","1741713756342x475094650909622300","A demonstração comparativa de custo e benefício da proposta em relação às opções funcionalmente equivalentes","GUSTAVO SÉRGIO DE GODOY MAGALHÃES","4","CFIT(1750430947736x758923719412285400)"
"1751631983664x467377963327291400","4,5","1741713756342x475094650909622300","Prazo dos entregáveis da solução","GUSTAVO SÉRGIO DE GODOY MAGALHÃES","4","GO BEE APIS(1750433496862x349578267965521900)"
"1751630694358x957399949735886800","4,17","1741713756342x475094650909622300","Prazo dos entregáveis da solução","GUSTAVO SÉRGIO DE GODOY MAGALHÃES","4","CFIT(1750430947736x758923719412285400)"
"1751629323130x649039658202431500","2,33","1741713756342x475094650909622300","O potencial de resolução do problema pela solução proposta e, se for o caso, da provável economia para a administração pública","GUSTAVO SÉRGIO DE GODOY MAGALHÃES","2","Dayse Maria de Souza Oliveira, Amanda Felix da Silva, Antônia Felix Lessa(1750428483714x110287244945522690)"
"1751629323130x649039658202431500","2,33","1741713756342x475094650909622300","A demonstração comparativa de custo e benefício da proposta em relação às opções funcionalmente equivalentes","GUSTAVO SÉRGIO DE GODOY MAGALHÃES","3","Dayse Maria de Souza Oliveira, Amanda Felix da Silva, Antônia Felix Lessa(1750428483714x110287244945522690)"
"1751629323130x649039658202431500","2,33","1741713756342x475094650909622300","Escalabilidade, ou seja, refere-se à capacidade da solução ser reproduzida em grande quantidade e para um número grande de clientes","GUSTAVO SÉRGIO DE GODOY MAGALHÃES","2","Dayse Maria de Souza Oliveira, Amanda Felix da Silva, Antônia Felix Lessa(1750428483714x110287244945522690)"
"1751629323130x649039658202431500","2,33","1741713756342x475094650909622300","Prazo dos entregáveis da solução","GUSTAVO SÉRGIO DE GODOY MAGALHÃES","2","Dayse Maria de Souza Oliveira, Amanda Felix da Silva, Antônia Felix Lessa(1750428483714x110287244945522690)"
"1751629323130x649039658202431500","2,33","1741713756342x475094650909622300","A qualidade da fundamentação, analisando o embasamento e a justificativa da solução proposta pelo aplicante","GUSTAVO SÉRGIO DE GODOY MAGALHÃES","3","Dayse Maria de Souza Oliveira, Amanda Felix da Silva, Antônia Felix Lessa(1750428483714x110287244945522690)"
"1751605179804x438950209321959400","3,42","1741713756342x475094650909622300","O potencial de resolução do problema pela solução proposta e, se for o caso, da provável economia para a administração pública","GUSTAVO SÉRGIO DE GODOY MAGALHÃES","3","neri(1750382702746x817002404516986900)"
"1751629323130x649039658202431500","2,33","1741713756342x475094650909622300","Tecnologias utilizadas para a solução do desafio","GUSTAVO SÉRGIO DE GODOY MAGALHÃES","2","Dayse Maria de Souza Oliveira, Amanda Felix da Silva, Antônia Felix Lessa(1750428483714x110287244945522690)"
"1751605179804x438950209321959400","3,42","1741713756342x475094650909622300","A viabilidade e a maturidade do modelo de negócio da solução","GUSTAVO SÉRGIO DE GODOY MAGALHÃES","4","neri(1750382702746x817002404516986900)"
"1751629323130x649039658202431500","2,33","1741713756342x475094650909622300","A viabilidade e a maturidade do modelo de negócio da solução","GUSTAVO SÉRGIO DE GODOY MAGALHÃES","3","Dayse Maria de Souza Oliveira, Amanda Felix da Silva, Antônia Felix Lessa(1750428483714x110287244945522690)"
"1751605179804x438950209321959400","3,42","1741713756342x475094650909622300","A demonstração comparativa de custo e benefício da proposta em relação às opções funcionalmente equivalentes","GUSTAVO SÉRGIO DE GODOY MAGALHÃES","3","neri(1750382702746x817002404516986900)"
"1751605179804x438950209321959400","3,42","1741713756342x475094650909622300","Tecnologias utilizadas para a solução do desafio","GUSTAVO SÉRGIO DE GODOY MAGALHÃES","4","neri(1750382702746x817002404516986900)"
"1751605179804x438950209321959400","3,42","1741713756342x475094650909622300","Escalabilidade, ou seja, refere-se à capacidade da solução ser reproduzida em grande quantidade e para um número grande de clientes","GUSTAVO SÉRGIO DE GODOY MAGALHÃES","3","neri(1750382702746x817002404516986900)"
"1751605179804x438950209321959400","3,42","1741713756342x475094650909622300","A qualidade da fundamentação, analisando o embasamento e a justificativa da solução proposta pelo aplicante","GUSTAVO SÉRGIO DE GODOY MAGALHÃES","3","neri(1750382702746x817002404516986900)"
"1751603487247x528808841896525800","3,17","1741713756342x475094650909622300","O potencial de resolução do problema pela solução proposta e, se for o caso, da provável economia para a administração pública","GUSTAVO SÉRGIO DE GODOY MAGALHÃES","4","Cesinhas(1750360813598x604209465657393200)"
"1751603487247x528808841896525800","3,17","1741713756342x475094650909622300","A viabilidade e a maturidade do modelo de negócio da solução","GUSTAVO SÉRGIO DE GODOY MAGALHÃES","3","Cesinhas(1750360813598x604209465657393200)"
"1751605179804x438950209321959400","3,42","1741713756342x475094650909622300","Prazo dos entregáveis da solução","GUSTAVO SÉRGIO DE GODOY MAGALHÃES","4","neri(1750382702746x817002404516986900)"
"1751603487247x528808841896525800","3,17","1741713756342x475094650909622300","A demonstração comparativa de custo e benefício da proposta em relação às opções funcionalmente equivalentes","GUSTAVO SÉRGIO DE GODOY MAGALHÃES","3","Cesinhas(1750360813598x604209465657393200)"
"1751603487247x528808841896525800","3,17","1741713756342x475094650909622300","Escalabilidade, ou seja, refere-se à capacidade da solução ser reproduzida em grande quantidade e para um número grande de clientes","GUSTAVO SÉRGIO DE GODOY MAGALHÃES","3","Cesinhas(1750360813598x604209465657393200)"
"1751603487247x528808841896525800","3,17","1741713756342x475094650909622300","Tecnologias utilizadas para a solução do desafio","GUSTAVO SÉRGIO DE GODOY MAGALHÃES","2","Cesinhas(1750360813598x604209465657393200)"
"1751603487247x528808841896525800","3,17","1741713756342x475094650909622300","A qualidade da fundamentação, analisando o embasamento e a justificativa da solução proposta pelo aplicante","GUSTAVO SÉRGIO DE GODOY MAGALHÃES","4","Cesinhas(1750360813598x604209465657393200)"
"1751603487247x528808841896525800","3,17","1741713756342x475094650909622300","Prazo dos entregáveis da solução","GUSTAVO SÉRGIO DE GODOY MAGALHÃES","3","Cesinhas(1750360813598x604209465657393200)"
"1751602613960x210740296377171970","3,67","1741713756342x475094650909622300","A viabilidade e a maturidade do modelo de negócio da solução","GUSTAVO SÉRGIO DE GODOY MAGALHÃES","4","Liu(1747794171431x940488044287098900)"
"1751602613960x210740296377171970","3,67","1741713756342x475094650909622300","A demonstração comparativa de custo e benefício da proposta em relação às opções funcionalmente equivalentes","GUSTAVO SÉRGIO DE GODOY MAGALHÃES","3","Liu(1747794171431x940488044287098900)"
"1751602613960x210740296377171970","3,67","1741713756342x475094650909622300","O potencial de resolução do problema pela solução proposta e, se for o caso, da provável economia para a administração pública","GUSTAVO SÉRGIO DE GODOY MAGALHÃES","4","Liu(1747794171431x940488044287098900)"
"1751602613960x210740296377171970","3,67","1741713756342x475094650909622300","Escalabilidade, ou seja, refere-se à capacidade da solução ser reproduzida em grande quantidade e para um número grande de clientes","GUSTAVO SÉRGIO DE GODOY MAGALHÃES","3","Liu(1747794171431x940488044287098900)"
"1751602613960x210740296377171970","3,67","1741713756342x475094650909622300","Tecnologias utilizadas para a solução do desafio","GUSTAVO SÉRGIO DE GODOY MAGALHÃES","4","Liu(1747794171431x940488044287098900)"
"1751602613960x210740296377171970","3,67","1741713756342x475094650909622300","A qualidade da fundamentação, analisando o embasamento e a justificativa da solução proposta pelo aplicante","GUSTAVO SÉRGIO DE GODOY MAGALHÃES","4","Liu(1747794171431x940488044287098900)"
"1751601867439x250554348886818800","3,08","1741713756342x475094650909622300","O potencial de resolução do problema pela solução proposta e, se for o caso, da provável economia para a administração pública","GUSTAVO SÉRGIO DE GODOY MAGALHÃES","2","RedCheck(1747747339966x581554505157705700)"
"1751602613960x210740296377171970","3,67","1741713756342x475094650909622300","Prazo dos entregáveis da solução","GUSTAVO SÉRGIO DE GODOY MAGALHÃES","3","Liu(1747794171431x940488044287098900)"
"1751601867439x250554348886818800","3,08","1741713756342x475094650909622300","A demonstração comparativa de custo e benefício da proposta em relação às opções funcionalmente equivalentes","GUSTAVO SÉRGIO DE GODOY MAGALHÃES","3","RedCheck(1747747339966x581554505157705700)"
"1751601867439x250554348886818800","3,08","1741713756342x475094650909622300","Escalabilidade, ou seja, refere-se à capacidade da solução ser reproduzida em grande quantidade e para um número grande de clientes","GUSTAVO SÉRGIO DE GODOY MAGALHÃES","3","RedCheck(1747747339966x581554505157705700)"
"1751601867439x250554348886818800","3,08","1741713756342x475094650909622300","A qualidade da fundamentação, analisando o embasamento e a justificativa da solução proposta pelo aplicante","GUSTAVO SÉRGIO DE GODOY MAGALHÃES","4","RedCheck(1747747339966x581554505157705700)"
"1751601867439x250554348886818800","3,08","1741713756342x475094650909622300","Prazo dos entregáveis da solução","GUSTAVO SÉRGIO DE GODOY MAGALHÃES","4","RedCheck(1747747339966x581554505157705700)"
"1751601867439x250554348886818800","3,08","1741713756342x475094650909622300","Tecnologias utilizadas para a solução do desafio","GUSTAVO SÉRGIO DE GODOY MAGALHÃES","3","RedCheck(1747747339966x581554505157705700)"
"1751600930165x345457955589849100","4,08","1741713756342x475094650909622300","A viabilidade e a maturidade do modelo de negócio da solução","GUSTAVO SÉRGIO DE GODOY MAGALHÃES","3","Saúde com I.A(1747250100162x590354311999127600)"
"1751600930165x345457955589849100","4,08","1741713756342x475094650909622300","O potencial de resolução do problema pela solução proposta e, se for o caso, da provável economia para a administração pública","GUSTAVO SÉRGIO DE GODOY MAGALHÃES","5","Saúde com I.A(1747250100162x590354311999127600)"
"1751600930165x345457955589849100","4,08","1741713756342x475094650909622300","A qualidade da fundamentação, analisando o embasamento e a justificativa da solução proposta pelo aplicante","GUSTAVO SÉRGIO DE GODOY MAGALHÃES","5","Saúde com I.A(1747250100162x590354311999127600)"
"1751600930165x345457955589849100","4,08","1741713756342x475094650909622300","Tecnologias utilizadas para a solução do desafio","GUSTAVO SÉRGIO DE GODOY MAGALHÃES","4","Saúde com I.A(1747250100162x590354311999127600)"
"1751600930165x345457955589849100","4,08","1741713756342x475094650909622300","Prazo dos entregáveis da solução","GUSTAVO SÉRGIO DE GODOY MAGALHÃES","4","Saúde com I.A(1747250100162x590354311999127600)"
"1751600930165x345457955589849100","4,08","1741713756342x475094650909622300","Escalabilidade, ou seja, refere-se à capacidade da solução ser reproduzida em grande quantidade e para um número grande de clientes","GUSTAVO SÉRGIO DE GODOY MAGALHÃES","4","Saúde com I.A(1747250100162x590354311999127600)"
"1751598767111x341914335196479500","3,83","1741713756342x475094650909622300","A viabilidade e a maturidade do modelo de negócio da solução","GUSTAVO SÉRGIO DE GODOY MAGALHÃES","4","ROBO LAURA(1747241501575x516406866711674900)"
"1751598767111x341914335196479500","3,83","1741713756342x475094650909622300","A demonstração comparativa de custo e benefício da proposta em relação às opções funcionalmente equivalentes","GUSTAVO SÉRGIO DE GODOY MAGALHÃES","3","ROBO LAURA(1747241501575x516406866711674900)"
"1751598767111x341914335196479500","3,83","1741713756342x475094650909622300","O potencial de resolução do problema pela solução proposta e, se for o caso, da provável economia para a administração pública","GUSTAVO SÉRGIO DE GODOY MAGALHÃES","4","ROBO LAURA(1747241501575x516406866711674900)"
"1751598767111x341914335196479500","3,83","1741713756342x475094650909622300","Prazo dos entregáveis da solução","GUSTAVO SÉRGIO DE GODOY MAGALHÃES","4","ROBO LAURA(1747241501575x516406866711674900)"
"1751598767111x341914335196479500","3,83","1741713756342x475094650909622300","A qualidade da fundamentação, analisando o embasamento e a justificativa da solução proposta pelo aplicante","GUSTAVO SÉRGIO DE GODOY MAGALHÃES","3","ROBO LAURA(1747241501575x516406866711674900)"
"1751598767111x341914335196479500","3,83","1741713756342x475094650909622300","Escalabilidade, ou seja, refere-se à capacidade da solução ser reproduzida em grande quantidade e para um número grande de clientes","GUSTAVO SÉRGIO DE GODOY MAGALHÃES","4","ROBO LAURA(1747241501575x516406866711674900)"
"1751594935756x156337761767915520","3","1741713756342x475094650909622300","O potencial de resolução do problema pela solução proposta e, se for o caso, da provável economia para a administração pública","Homero Cavalcanti","3","NAV + SAÚDE(1746922651654x574889112310644740)"
"1751601867439x250554348886818800","3,08","1741713756342x475094650909622300","A viabilidade e a maturidade do modelo de negócio da solução","GUSTAVO SÉRGIO DE GODOY MAGALHÃES","4","RedCheck(1747747339966x581554505157705700)"
"1751594935756x156337761767915520","3","1741713756342x475094650909622300","Tecnologias utilizadas para a solução do desafio","Homero Cavalcanti","3","NAV + SAÚDE(1746922651654x574889112310644740)"
"1751594935756x156337761767915520","3","1741713756342x475094650909622300","A demonstração comparativa de custo e benefício da proposta em relação às opções funcionalmente equivalentes","Homero Cavalcanti","2","NAV + SAÚDE(1746922651654x574889112310644740)"
"1751600930165x345457955589849100","4,08","1741713756342x475094650909622300","A demonstração comparativa de custo e benefício da proposta em relação às opções funcionalmente equivalentes","GUSTAVO SÉRGIO DE GODOY MAGALHÃES","3","Saúde com I.A(1747250100162x590354311999127600)"
"1751594935756x156337761767915520","3","1741713756342x475094650909622300","Escalabilidade, ou seja, refere-se à capacidade da solução ser reproduzida em grande quantidade e para um número grande de clientes","Homero Cavalcanti","3","NAV + SAÚDE(1746922651654x574889112310644740)"
"1751598767111x341914335196479500","3,83","1741713756342x475094650909622300","Tecnologias utilizadas para a solução do desafio","GUSTAVO SÉRGIO DE GODOY MAGALHÃES","4","ROBO LAURA(1747241501575x516406866711674900)"
"1751592686644x281534054704611330","1","1741713756342x475094650909622300","O potencial de resolução do problema pela solução proposta e, se for o caso, da provável economia para a administração pública","GUSTAVO SÉRGIO DE GODOY MAGALHÃES","1","Clinitech(1747276858851x787162643421200400)"
"1751594935756x156337761767915520","3","1741713756342x475094650909622300","A qualidade da fundamentação, analisando o embasamento e a justificativa da solução proposta pelo aplicante","Homero Cavalcanti","4","NAV + SAÚDE(1746922651654x574889112310644740)"
"1751592686644x281534054704611330","1","1741713756342x475094650909622300","Escalabilidade, ou seja, refere-se à capacidade da solução ser reproduzida em grande quantidade e para um número grande de clientes","GUSTAVO SÉRGIO DE GODOY MAGALHÃES","1","Clinitech(1747276858851x787162643421200400)"
"1751592686644x281534054704611330","1","1741713756342x475094650909622300","A demonstração comparativa de custo e benefício da proposta em relação às opções funcionalmente equivalentes","GUSTAVO SÉRGIO DE GODOY MAGALHÃES","1","Clinitech(1747276858851x787162643421200400)"
"1751594935756x156337761767915520","3","1741713756342x475094650909622300","Prazo dos entregáveis da solução","Homero Cavalcanti","3","NAV + SAÚDE(1746922651654x574889112310644740)"
"1751592686644x281534054704611330","1","1741713756342x475094650909622300","Tecnologias utilizadas para a solução do desafio","GUSTAVO SÉRGIO DE GODOY MAGALHÃES","1","Clinitech(1747276858851x787162643421200400)"
"1751592686644x281534054704611330","1","1741713756342x475094650909622300","Prazo dos entregáveis da solução","GUSTAVO SÉRGIO DE GODOY MAGALHÃES","1","Clinitech(1747276858851x787162643421200400)"
"1751592162540x372660747698176000","4,92","1741713756342x475094650909622300","O potencial de resolução do problema pela solução proposta e, se for o caso, da provável economia para a administração pública","GUSTAVO SÉRGIO DE GODOY MAGALHÃES","5","SUSIA(1747235530911x729365137673420800)"
"1751592162540x372660747698176000","4,92","1741713756342x475094650909622300","A viabilidade e a maturidade do modelo de negócio da solução","GUSTAVO SÉRGIO DE GODOY MAGALHÃES","5","SUSIA(1747235530911x729365137673420800)"
"1751592686644x281534054704611330","1","1741713756342x475094650909622300","A qualidade da fundamentação, analisando o embasamento e a justificativa da solução proposta pelo aplicante","GUSTAVO SÉRGIO DE GODOY MAGALHÃES","1","Clinitech(1747276858851x787162643421200400)"
"1751592686644x281534054704611330","1","1741713756342x475094650909622300","A viabilidade e a maturidade do modelo de negócio da solução","GUSTAVO SÉRGIO DE GODOY MAGALHÃES","1","Clinitech(1747276858851x787162643421200400)"
"1751592162540x372660747698176000","4,92","1741713756342x475094650909622300","A demonstração comparativa de custo e benefício da proposta em relação às opções funcionalmente equivalentes","GUSTAVO SÉRGIO DE GODOY MAGALHÃES","4","SUSIA(1747235530911x729365137673420800)"
"1751592162540x372660747698176000","4,92","1741713756342x475094650909622300","Tecnologias utilizadas para a solução do desafio","GUSTAVO SÉRGIO DE GODOY MAGALHÃES","5","SUSIA(1747235530911x729365137673420800)"
"1751594935756x156337761767915520","3","1741713756342x475094650909622300","A viabilidade e a maturidade do modelo de negócio da solução","Homero Cavalcanti","3","NAV + SAÚDE(1746922651654x574889112310644740)"
"1751592162540x372660747698176000","4,92","1741713756342x475094650909622300","A qualidade da fundamentação, analisando o embasamento e a justificativa da solução proposta pelo aplicante","GUSTAVO SÉRGIO DE GODOY MAGALHÃES","5","SUSIA(1747235530911x729365137673420800)"
"1751592162540x372660747698176000","4,92","1741713756342x475094650909622300","Escalabilidade, ou seja, refere-se à capacidade da solução ser reproduzida em grande quantidade e para um número grande de clientes","GUSTAVO SÉRGIO DE GODOY MAGALHÃES","5","SUSIA(1747235530911x729365137673420800)"
"1751592162540x372660747698176000","4,92","1741713756342x475094650909622300","Prazo dos entregáveis da solução","GUSTAVO SÉRGIO DE GODOY MAGALHÃES","5","SUSIA(1747235530911x729365137673420800)"
"1751592055417x926377875141296100","3,83","1741713756342x475094650909622300","O potencial de resolução do problema pela solução proposta e, se for o caso, da provável economia para a administração pública","Homero Cavalcanti","3","Tia Bete(1746734309886x839844561318576100)"
"1751592055417x926377875141296100","3,83","1741713756342x475094650909622300","A demonstração comparativa de custo e benefício da proposta em relação às opções funcionalmente equivalentes","Homero Cavalcanti","4","Tia Bete(1746734309886x839844561318576100)"
"1751592055417x926377875141296100","3,83","1741713756342x475094650909622300","A viabilidade e a maturidade do modelo de negócio da solução","Homero Cavalcanti","4","Tia Bete(1746734309886x839844561318576100)"
"1751592055417x926377875141296100","3,83","1741713756342x475094650909622300","A qualidade da fundamentação, analisando o embasamento e a justificativa da solução proposta pelo aplicante","Homero Cavalcanti","5","Tia Bete(1746734309886x839844561318576100)"
"1751592055417x926377875141296100","3,83","1741713756342x475094650909622300","Tecnologias utilizadas para a solução do desafio","Homero Cavalcanti","4","Tia Bete(1746734309886x839844561318576100)"
"1751592055417x926377875141296100","3,83","1741713756342x475094650909622300","Escalabilidade, ou seja, refere-se à capacidade da solução ser reproduzida em grande quantidade e para um número grande de clientes","Homero Cavalcanti","4","Tia Bete(1746734309886x839844561318576100)"
"1751590965160x626363175036518400","3,92","1741713756342x475094650909622300","A viabilidade e a maturidade do modelo de negócio da solução","GUSTAVO SÉRGIO DE GODOY MAGALHÃES","4","REbate(1747183088043x258719990149808130)"
"1751590965160x626363175036518400","3,92","1741713756342x475094650909622300","O potencial de resolução do problema pela solução proposta e, se for o caso, da provável economia para a administração pública","GUSTAVO SÉRGIO DE GODOY MAGALHÃES","4","REbate(1747183088043x258719990149808130)"
"1751590965160x626363175036518400","3,92","1741713756342x475094650909622300","Escalabilidade, ou seja, refere-se à capacidade da solução ser reproduzida em grande quantidade e para um número grande de clientes","GUSTAVO SÉRGIO DE GODOY MAGALHÃES","4","REbate(1747183088043x258719990149808130)"
"1751590965160x626363175036518400","3,92","1741713756342x475094650909622300","A demonstração comparativa de custo e benefício da proposta em relação às opções funcionalmente equivalentes","GUSTAVO SÉRGIO DE GODOY MAGALHÃES","3","REbate(1747183088043x258719990149808130)"
"1751590965160x626363175036518400","3,92","1741713756342x475094650909622300","A qualidade da fundamentação, analisando o embasamento e a justificativa da solução proposta pelo aplicante","GUSTAVO SÉRGIO DE GODOY MAGALHÃES","4","REbate(1747183088043x258719990149808130)"
"1751590965160x626363175036518400","3,92","1741713756342x475094650909622300","Prazo dos entregáveis da solução","GUSTAVO SÉRGIO DE GODOY MAGALHÃES","4","REbate(1747183088043x258719990149808130)"
"1751590332970x488439519816712200","1","1741713756342x475094650909622300","O potencial de resolução do problema pela solução proposta e, se for o caso, da provável economia para a administração pública","Moisés Leal","1","daps(1744411579295x899428874322706400)"
"1751590332970x488439519816712200","1","1741713756342x475094650909622300","A viabilidade e a maturidade do modelo de negócio da solução","Moisés Leal","1","daps(1744411579295x899428874322706400)"
"1751590332970x488439519816712200","1","1741713756342x475094650909622300","A demonstração comparativa de custo e benefício da proposta em relação às opções funcionalmente equivalentes","Moisés Leal","1","daps(1744411579295x899428874322706400)"
"1751590965160x626363175036518400","3,92","1741713756342x475094650909622300","Tecnologias utilizadas para a solução do desafio","GUSTAVO SÉRGIO DE GODOY MAGALHÃES","4","REbate(1747183088043x258719990149808130)"
"1751590332970x488439519816712200","1","1741713756342x475094650909622300","Tecnologias utilizadas para a solução do desafio","Moisés Leal","1","daps(1744411579295x899428874322706400)"
"1751590332970x488439519816712200","1","1741713756342x475094650909622300","A qualidade da fundamentação, analisando o embasamento e a justificativa da solução proposta pelo aplicante","Moisés Leal","1","daps(1744411579295x899428874322706400)"
"1751590332970x488439519816712200","1","1741713756342x475094650909622300","Prazo dos entregáveis da solução","Moisés Leal","1","daps(1744411579295x899428874322706400)"
"1751590182889x283432321797586940","1,92","1741713756342x475094650909622300","O potencial de resolução do problema pela solução proposta e, se for o caso, da provável economia para a administração pública","GUSTAVO SÉRGIO DE GODOY MAGALHÃES","2","MEDIBOX(1747154336818x743371960980340700)"
"1751590182889x283432321797586940","1,92","1741713756342x475094650909622300","A viabilidade e a maturidade do modelo de negócio da solução","GUSTAVO SÉRGIO DE GODOY MAGALHÃES","2","MEDIBOX(1747154336818x743371960980340700)"
"1751590182889x283432321797586940","1,92","1741713756342x475094650909622300","Escalabilidade, ou seja, refere-se à capacidade da solução ser reproduzida em grande quantidade e para um número grande de clientes","GUSTAVO SÉRGIO DE GODOY MAGALHÃES","1","MEDIBOX(1747154336818x743371960980340700)"
"1751590182889x283432321797586940","1,92","1741713756342x475094650909622300","A demonstração comparativa de custo e benefício da proposta em relação às opções funcionalmente equivalentes","GUSTAVO SÉRGIO DE GODOY MAGALHÃES","2","MEDIBOX(1747154336818x743371960980340700)"
"1751590182889x283432321797586940","1,92","1741713756342x475094650909622300","Prazo dos entregáveis da solução","GUSTAVO SÉRGIO DE GODOY MAGALHÃES","4","MEDIBOX(1747154336818x743371960980340700)"
"1751590182889x283432321797586940","1,92","1741713756342x475094650909622300","A qualidade da fundamentação, analisando o embasamento e a justificativa da solução proposta pelo aplicante","GUSTAVO SÉRGIO DE GODOY MAGALHÃES","1","MEDIBOX(1747154336818x743371960980340700)"
"1751590182889x283432321797586940","1,92","1741713756342x475094650909622300","Tecnologias utilizadas para a solução do desafio","GUSTAVO SÉRGIO DE GODOY MAGALHÃES","2","MEDIBOX(1747154336818x743371960980340700)"
"1751590124954x614773195474731000","1","1741713756342x475094650909622300","A demonstração comparativa de custo e benefício da proposta em relação às opções funcionalmente equivalentes","Moisés Leal","1","LUDI INOVA SIMPLES IS(1744314060151x235712984620990460)"
"1751590124954x614773195474731000","1","1741713756342x475094650909622300","O potencial de resolução do problema pela solução proposta e, se for o caso, da provável economia para a administração pública","Moisés Leal","1","LUDI INOVA SIMPLES IS(1744314060151x235712984620990460)"
"1751590124954x614773195474731000","1","1741713756342x475094650909622300","Escalabilidade, ou seja, refere-se à capacidade da solução ser reproduzida em grande quantidade e para um número grande de clientes","Moisés Leal","1","LUDI INOVA SIMPLES IS(1744314060151x235712984620990460)"
"1751590124954x614773195474731000","1","1741713756342x475094650909622300","A qualidade da fundamentação, analisando o embasamento e a justificativa da solução proposta pelo aplicante","Moisés Leal","1","LUDI INOVA SIMPLES IS(1744314060151x235712984620990460)"
"1751590124954x614773195474731000","1","1741713756342x475094650909622300","A viabilidade e a maturidade do modelo de negócio da solução","Moisés Leal","1","LUDI INOVA SIMPLES IS(1744314060151x235712984620990460)"
"1751585553816x785489978273038300","2,92","1741713756342x475094650909622300","O potencial de resolução do problema pela solução proposta e, se for o caso, da provável economia para a administração pública","GUSTAVO SÉRGIO DE GODOY MAGALHÃES","3","ConectaVital(1747140161151x752513062168166400)"
"1751585553816x785489978273038300","2,92","1741713756342x475094650909622300","A viabilidade e a maturidade do modelo de negócio da solução","GUSTAVO SÉRGIO DE GODOY MAGALHÃES","3","ConectaVital(1747140161151x752513062168166400)"
"1751590124954x614773195474731000","1","1741713756342x475094650909622300","Tecnologias utilizadas para a solução do desafio","Moisés Leal","1","LUDI INOVA SIMPLES IS(1744314060151x235712984620990460)"
"1751585553816x785489978273038300","2,92","1741713756342x475094650909622300","Tecnologias utilizadas para a solução do desafio","GUSTAVO SÉRGIO DE GODOY MAGALHÃES","3","ConectaVital(1747140161151x752513062168166400)"
"1751585553816x785489978273038300","2,92","1741713756342x475094650909622300","A demonstração comparativa de custo e benefício da proposta em relação às opções funcionalmente equivalentes","GUSTAVO SÉRGIO DE GODOY MAGALHÃES","3","ConectaVital(1747140161151x752513062168166400)"
"1751585553816x785489978273038300","2,92","1741713756342x475094650909622300","A qualidade da fundamentação, analisando o embasamento e a justificativa da solução proposta pelo aplicante","GUSTAVO SÉRGIO DE GODOY MAGALHÃES","3","ConectaVital(1747140161151x752513062168166400)"
"1751590124954x614773195474731000","1","1741713756342x475094650909622300","Prazo dos entregáveis da solução","Moisés Leal","1","LUDI INOVA SIMPLES IS(1744314060151x235712984620990460)"
"1751585034013x503752810656694300","1,75","1741713756342x475094650909622300","A viabilidade e a maturidade do modelo de negócio da solução","GUSTAVO SÉRGIO DE GODOY MAGALHÃES","3","dolfidoc(1746974279211x999840447551504400)"
"1751585034013x503752810656694300","1,75","1741713756342x475094650909622300","O potencial de resolução do problema pela solução proposta e, se for o caso, da provável economia para a administração pública","GUSTAVO SÉRGIO DE GODOY MAGALHÃES","1","dolfidoc(1746974279211x999840447551504400)"
"1751585553816x785489978273038300","2,92","1741713756342x475094650909622300","Escalabilidade, ou seja, refere-se à capacidade da solução ser reproduzida em grande quantidade e para um número grande de clientes","GUSTAVO SÉRGIO DE GODOY MAGALHÃES","3","ConectaVital(1747140161151x752513062168166400)"
"1751585034013x503752810656694300","1,75","1741713756342x475094650909622300","Tecnologias utilizadas para a solução do desafio","GUSTAVO SÉRGIO DE GODOY MAGALHÃES","2","dolfidoc(1746974279211x999840447551504400)"
"1751585553816x785489978273038300","2,92","1741713756342x475094650909622300","Prazo dos entregáveis da solução","GUSTAVO SÉRGIO DE GODOY MAGALHÃES","2","ConectaVital(1747140161151x752513062168166400)"
"1751585034013x503752810656694300","1,75","1741713756342x475094650909622300","A demonstração comparativa de custo e benefício da proposta em relação às opções funcionalmente equivalentes","GUSTAVO SÉRGIO DE GODOY MAGALHÃES","2","dolfidoc(1746974279211x999840447551504400)"
"1751585034013x503752810656694300","1,75","1741713756342x475094650909622300","A qualidade da fundamentação, analisando o embasamento e a justificativa da solução proposta pelo aplicante","GUSTAVO SÉRGIO DE GODOY MAGALHÃES","1","dolfidoc(1746974279211x999840447551504400)"
"1751585034013x503752810656694300","1,75","1741713756342x475094650909622300","Prazo dos entregáveis da solução","GUSTAVO SÉRGIO DE GODOY MAGALHÃES","1","dolfidoc(1746974279211x999840447551504400)"
"1751585034013x503752810656694300","1,75","1741713756342x475094650909622300","Escalabilidade, ou seja, refere-se à capacidade da solução ser reproduzida em grande quantidade e para um número grande de clientes","GUSTAVO SÉRGIO DE GODOY MAGALHÃES","2","dolfidoc(1746974279211x999840447551504400)"
"1751584271543x645636904387870700","4,25","1741713756342x475094650909622300","O potencial de resolução do problema pela solução proposta e, se for o caso, da provável economia para a administração pública","GUSTAVO SÉRGIO DE GODOY MAGALHÃES","4","Mosca Branca deeptech(1746965925773x167408289790820350)"
"1751592055417x926377875141296100","3,83","1741713756342x475094650909622300","Prazo dos entregáveis da solução","Homero Cavalcanti","4","Tia Bete(1746734309886x839844561318576100)"
"1751584271543x645636904387870700","4,25","1741713756342x475094650909622300","Escalabilidade, ou seja, refere-se à capacidade da solução ser reproduzida em grande quantidade e para um número grande de clientes","GUSTAVO SÉRGIO DE GODOY MAGALHÃES","4","Mosca Branca deeptech(1746965925773x167408289790820350)"
"1751584271543x645636904387870700","4,25","1741713756342x475094650909622300","A qualidade da fundamentação, analisando o embasamento e a justificativa da solução proposta pelo aplicante","GUSTAVO SÉRGIO DE GODOY MAGALHÃES","5","Mosca Branca deeptech(1746965925773x167408289790820350)"
"1751584271543x645636904387870700","4,25","1741713756342x475094650909622300","Tecnologias utilizadas para a solução do desafio","GUSTAVO SÉRGIO DE GODOY MAGALHÃES","5","Mosca Branca deeptech(1746965925773x167408289790820350)"
"1751572465278x909977621014249500","1,5","1741713756342x475094650909622300","O potencial de resolução do problema pela solução proposta e, se for o caso, da provável economia para a administração pública","Homero Cavalcanti","2","ALKE(1746492433853x232626703095037950)"
"1751584271543x645636904387870700","4,25","1741713756342x475094650909622300","Prazo dos entregáveis da solução","GUSTAVO SÉRGIO DE GODOY MAGALHÃES","5","Mosca Branca deeptech(1746965925773x167408289790820350)"
"1751572465278x909977621014249500","1,5","1741713756342x475094650909622300","A viabilidade e a maturidade do modelo de negócio da solução","Homero Cavalcanti","1","ALKE(1746492433853x232626703095037950)"
"1751584271543x645636904387870700","4,25","1741713756342x475094650909622300","A viabilidade e a maturidade do modelo de negócio da solução","GUSTAVO SÉRGIO DE GODOY MAGALHÃES","4","Mosca Branca deeptech(1746965925773x167408289790820350)"
"1751572465278x909977621014249500","1,5","1741713756342x475094650909622300","Tecnologias utilizadas para a solução do desafio","Homero Cavalcanti","1","ALKE(1746492433853x232626703095037950)"
"1751584271543x645636904387870700","4,25","1741713756342x475094650909622300","A demonstração comparativa de custo e benefício da proposta em relação às opções funcionalmente equivalentes","GUSTAVO SÉRGIO DE GODOY MAGALHÃES","3","Mosca Branca deeptech(1746965925773x167408289790820350)"
"1751572465278x909977621014249500","1,5","1741713756342x475094650909622300","Escalabilidade, ou seja, refere-se à capacidade da solução ser reproduzida em grande quantidade e para um número grande de clientes","Homero Cavalcanti","2","ALKE(1746492433853x232626703095037950)"
"1751572465278x909977621014249500","1,5","1741713756342x475094650909622300","A qualidade da fundamentação, analisando o embasamento e a justificativa da solução proposta pelo aplicante","Homero Cavalcanti","2","ALKE(1746492433853x232626703095037950)"
"1751572465278x909977621014249500","1,5","1741713756342x475094650909622300","Prazo dos entregáveis da solução","Homero Cavalcanti","1","ALKE(1746492433853x232626703095037950)"
"1751570738036x278743885817839600","3,75","1741713756342x475094650909622300","A demonstração comparativa de custo e benefício da proposta em relação às opções funcionalmente equivalentes","GUSTAVO SÉRGIO DE GODOY MAGALHÃES","2","NAV + SAÚDE(1746922651654x574889112310644740)"
"1751570738036x278743885817839600","3,75","1741713756342x475094650909622300","O potencial de resolução do problema pela solução proposta e, se for o caso, da provável economia para a administração pública","GUSTAVO SÉRGIO DE GODOY MAGALHÃES","4","NAV + SAÚDE(1746922651654x574889112310644740)"
"1751572465278x909977621014249500","1,5","1741713756342x475094650909622300","A demonstração comparativa de custo e benefício da proposta em relação às opções funcionalmente equivalentes","Homero Cavalcanti","1","ALKE(1746492433853x232626703095037950)"
"1751570738036x278743885817839600","3,75","1741713756342x475094650909622300","Tecnologias utilizadas para a solução do desafio","GUSTAVO SÉRGIO DE GODOY MAGALHÃES","3","NAV + SAÚDE(1746922651654x574889112310644740)"
"1751570738036x278743885817839600","3,75","1741713756342x475094650909622300","Escalabilidade, ou seja, refere-se à capacidade da solução ser reproduzida em grande quantidade e para um número grande de clientes","GUSTAVO SÉRGIO DE GODOY MAGALHÃES","4","NAV + SAÚDE(1746922651654x574889112310644740)"
"1751570738036x278743885817839600","3,75","1741713756342x475094650909622300","A qualidade da fundamentação, analisando o embasamento e a justificativa da solução proposta pelo aplicante","GUSTAVO SÉRGIO DE GODOY MAGALHÃES","5","NAV + SAÚDE(1746922651654x574889112310644740)"
"1751569688883x424089870849802200","4","1741713756342x475094650909622300","Tecnologias utilizadas para a solução do desafio","GUSTAVO SÉRGIO DE GODOY MAGALHÃES","4","Tia Bete(1746734309886x839844561318576100)"
"1751569688883x424089870849802200","4","1741713756342x475094650909622300","Escalabilidade, ou seja, refere-se à capacidade da solução ser reproduzida em grande quantidade e para um número grande de clientes","GUSTAVO SÉRGIO DE GODOY MAGALHÃES","4","Tia Bete(1746734309886x839844561318576100)"
"1751569688883x424089870849802200","4","1741713756342x475094650909622300","A demonstração comparativa de custo e benefício da proposta em relação às opções funcionalmente equivalentes","GUSTAVO SÉRGIO DE GODOY MAGALHÃES","5","Tia Bete(1746734309886x839844561318576100)"
"1751569688883x424089870849802200","4","1741713756342x475094650909622300","A qualidade da fundamentação, analisando o embasamento e a justificativa da solução proposta pelo aplicante","GUSTAVO SÉRGIO DE GODOY MAGALHÃES","4","Tia Bete(1746734309886x839844561318576100)"
"1751569688883x424089870849802200","4","1741713756342x475094650909622300","O potencial de resolução do problema pela solução proposta e, se for o caso, da provável economia para a administração pública","GUSTAVO SÉRGIO DE GODOY MAGALHÃES","3","Tia Bete(1746734309886x839844561318576100)"
"1751569688883x424089870849802200","4","1741713756342x475094650909622300","Prazo dos entregáveis da solução","GUSTAVO SÉRGIO DE GODOY MAGALHÃES","4","Tia Bete(1746734309886x839844561318576100)"
"1751569688883x424089870849802200","4","1741713756342x475094650909622300","A viabilidade e a maturidade do modelo de negócio da solução","GUSTAVO SÉRGIO DE GODOY MAGALHÃES","5","Tia Bete(1746734309886x839844561318576100)"
"1751568603416x841088319631130600","1,67","1741713756342x475094650909622300","O potencial de resolução do problema pela solução proposta e, se for o caso, da provável economia para a administração pública","GUSTAVO SÉRGIO DE GODOY MAGALHÃES","2","ALKE(1746492433853x232626703095037950)"
"1751570738036x278743885817839600","3,75","1741713756342x475094650909622300","Prazo dos entregáveis da solução","GUSTAVO SÉRGIO DE GODOY MAGALHÃES","4","NAV + SAÚDE(1746922651654x574889112310644740)"
"1751568603416x841088319631130600","1,67","1741713756342x475094650909622300","A demonstração comparativa de custo e benefício da proposta em relação às opções funcionalmente equivalentes","GUSTAVO SÉRGIO DE GODOY MAGALHÃES","2","ALKE(1746492433853x232626703095037950)"
"1751568603416x841088319631130600","1,67","1741713756342x475094650909622300","Escalabilidade, ou seja, refere-se à capacidade da solução ser reproduzida em grande quantidade e para um número grande de clientes","GUSTAVO SÉRGIO DE GODOY MAGALHÃES","2","ALKE(1746492433853x232626703095037950)"
"1751568603416x841088319631130600","1,67","1741713756342x475094650909622300","Tecnologias utilizadas para a solução do desafio","GUSTAVO SÉRGIO DE GODOY MAGALHÃES","1","ALKE(1746492433853x232626703095037950)"
"1751568603416x841088319631130600","1,67","1741713756342x475094650909622300","Prazo dos entregáveis da solução","GUSTAVO SÉRGIO DE GODOY MAGALHÃES","1","ALKE(1746492433853x232626703095037950)"
"1751568603416x841088319631130600","1,67","1741713756342x475094650909622300","A qualidade da fundamentação, analisando o embasamento e a justificativa da solução proposta pelo aplicante","GUSTAVO SÉRGIO DE GODOY MAGALHÃES","1","ALKE(1746492433853x232626703095037950)"
"1751567222335x857122528912474100","4,58","1741713756342x475094650909622300","A viabilidade e a maturidade do modelo de negócio da solução","GUSTAVO SÉRGIO DE GODOY MAGALHÃES","5","Cogfy(1746491460701x929709310693867500)"
"1751567222335x857122528912474100","4,58","1741713756342x475094650909622300","A demonstração comparativa de custo e benefício da proposta em relação às opções funcionalmente equivalentes","GUSTAVO SÉRGIO DE GODOY MAGALHÃES","5","Cogfy(1746491460701x929709310693867500)"
"1751567222335x857122528912474100","4,58","1741713756342x475094650909622300","Tecnologias utilizadas para a solução do desafio","GUSTAVO SÉRGIO DE GODOY MAGALHÃES","5","Cogfy(1746491460701x929709310693867500)"
"1751567222335x857122528912474100","4,58","1741713756342x475094650909622300","A qualidade da fundamentação, analisando o embasamento e a justificativa da solução proposta pelo aplicante","GUSTAVO SÉRGIO DE GODOY MAGALHÃES","5","Cogfy(1746491460701x929709310693867500)"
"1751568603416x841088319631130600","1,67","1741713756342x475094650909622300","A viabilidade e a maturidade do modelo de negócio da solução","GUSTAVO SÉRGIO DE GODOY MAGALHÃES","2","ALKE(1746492433853x232626703095037950)"
"1751590332970x488439519816712200","1","1741713756342x475094650909622300","Escalabilidade, ou seja, refere-se à capacidade da solução ser reproduzida em grande quantidade e para um número grande de clientes","Moisés Leal","1","daps(1744411579295x899428874322706400)"
"1751567222335x857122528912474100","4,58","1741713756342x475094650909622300","Prazo dos entregáveis da solução","GUSTAVO SÉRGIO DE GODOY MAGALHÃES","5","Cogfy(1746491460701x929709310693867500)"
"1751567222335x857122528912474100","4,58","1741713756342x475094650909622300","Escalabilidade, ou seja, refere-se à capacidade da solução ser reproduzida em grande quantidade e para um número grande de clientes","GUSTAVO SÉRGIO DE GODOY MAGALHÃES","4","Cogfy(1746491460701x929709310693867500)"
"1751567222335x857122528912474100","4,58","1741713756342x475094650909622300","O potencial de resolução do problema pela solução proposta e, se for o caso, da provável economia para a administração pública","GUSTAVO SÉRGIO DE GODOY MAGALHÃES","4","Cogfy(1746491460701x929709310693867500)"
"1751566365925x369042302262575100","1","1741713756342x475094650909622300","A demonstração comparativa de custo e benefício da proposta em relação às opções funcionalmente equivalentes","GUSTAVO SÉRGIO DE GODOY MAGALHÃES","1","daps(1744411579295x899428874322706400)"
"1751566365925x369042302262575100","1","1741713756342x475094650909622300","Tecnologias utilizadas para a solução do desafio","GUSTAVO SÉRGIO DE GODOY MAGALHÃES","1","daps(1744411579295x899428874322706400)"
"1751566365925x369042302262575100","1","1741713756342x475094650909622300","A viabilidade e a maturidade do modelo de negócio da solução","GUSTAVO SÉRGIO DE GODOY MAGALHÃES","1","daps(1744411579295x899428874322706400)"
"1751566365925x369042302262575100","1","1741713756342x475094650909622300","Escalabilidade, ou seja, refere-se à capacidade da solução ser reproduzida em grande quantidade e para um número grande de clientes","GUSTAVO SÉRGIO DE GODOY MAGALHÃES","1","daps(1744411579295x899428874322706400)"
"1751566365925x369042302262575100","1","1741713756342x475094650909622300","A qualidade da fundamentação, analisando o embasamento e a justificativa da solução proposta pelo aplicante","GUSTAVO SÉRGIO DE GODOY MAGALHÃES","1","daps(1744411579295x899428874322706400)"
"1751566365925x369042302262575100","1","1741713756342x475094650909622300","O potencial de resolução do problema pela solução proposta e, se for o caso, da provável economia para a administração pública","GUSTAVO SÉRGIO DE GODOY MAGALHÃES","1","daps(1744411579295x899428874322706400)"
"1751566365925x369042302262575100","1","1741713756342x475094650909622300","Prazo dos entregáveis da solução","GUSTAVO SÉRGIO DE GODOY MAGALHÃES","1","daps(1744411579295x899428874322706400)"
"1751566115568x191013853470916600","1","1741713756342x475094650909622300","A viabilidade e a maturidade do modelo de negócio da solução","GUSTAVO SÉRGIO DE GODOY MAGALHÃES","1","LUDI INOVA SIMPLES IS(1744314060151x235712984620990460)"
"1751566115568x191013853470916600","1","1741713756342x475094650909622300","O potencial de resolução do problema pela solução proposta e, se for o caso, da provável economia para a administração pública","GUSTAVO SÉRGIO DE GODOY MAGALHÃES","1","LUDI INOVA SIMPLES IS(1744314060151x235712984620990460)"
"1751566115568x191013853470916600","1","1741713756342x475094650909622300","Tecnologias utilizadas para a solução do desafio","GUSTAVO SÉRGIO DE GODOY MAGALHÃES","1","LUDI INOVA SIMPLES IS(1744314060151x235712984620990460)"
"1751566115568x191013853470916600","1","1741713756342x475094650909622300","A demonstração comparativa de custo e benefício da proposta em relação às opções funcionalmente equivalentes","GUSTAVO SÉRGIO DE GODOY MAGALHÃES","1","LUDI INOVA SIMPLES IS(1744314060151x235712984620990460)"
"1751566115568x191013853470916600","1","1741713756342x475094650909622300","A qualidade da fundamentação, analisando o embasamento e a justificativa da solução proposta pelo aplicante","GUSTAVO SÉRGIO DE GODOY MAGALHÃES","1","LUDI INOVA SIMPLES IS(1744314060151x235712984620990460)"
"1751566115568x191013853470916600","1","1741713756342x475094650909622300","Prazo dos entregáveis da solução","GUSTAVO SÉRGIO DE GODOY MAGALHÃES","1","LUDI INOVA SIMPLES IS(1744314060151x235712984620990460)"
"1751570738036x278743885817839600","3,75","1741713756342x475094650909622300","A viabilidade e a maturidade do modelo de negócio da solução","GUSTAVO SÉRGIO DE GODOY MAGALHÃES","4","NAV + SAÚDE(1746922651654x574889112310644740)"
"1751565075369x940430072673468400","3","1741713756342x475094650909622300","A demonstração comparativa de custo e benefício da proposta em relação às opções funcionalmente equivalentes","GUSTAVO SÉRGIO DE GODOY MAGALHÃES","3","HRV4life(1743950956269x224493368474337280)"
"1751566115568x191013853470916600","1","1741713756342x475094650909622300","Escalabilidade, ou seja, refere-se à capacidade da solução ser reproduzida em grande quantidade e para um número grande de clientes","GUSTAVO SÉRGIO DE GODOY MAGALHÃES","1","LUDI INOVA SIMPLES IS(1744314060151x235712984620990460)"
"1751565075369x940430072673468400","3","1741713756342x475094650909622300","A viabilidade e a maturidade do modelo de negócio da solução","GUSTAVO SÉRGIO DE GODOY MAGALHÃES","3","HRV4life(1743950956269x224493368474337280)"
"1751565075369x940430072673468400","3","1741713756342x475094650909622300","Prazo dos entregáveis da solução","GUSTAVO SÉRGIO DE GODOY MAGALHÃES","4","HRV4life(1743950956269x224493368474337280)"
"1751565075369x940430072673468400","3","1741713756342x475094650909622300","O potencial de resolução do problema pela solução proposta e, se for o caso, da provável economia para a administração pública","GUSTAVO SÉRGIO DE GODOY MAGALHÃES","3","HRV4life(1743950956269x224493368474337280)"
"1751565075369x940430072673468400","3","1741713756342x475094650909622300","Escalabilidade, ou seja, refere-se à capacidade da solução ser reproduzida em grande quantidade e para um número grande de clientes","GUSTAVO SÉRGIO DE GODOY MAGALHÃES","3","HRV4life(1743950956269x224493368474337280)"
"1751565075369x940430072673468400","3","1741713756342x475094650909622300","Tecnologias utilizadas para a solução do desafio","GUSTAVO SÉRGIO DE GODOY MAGALHÃES","2","HRV4life(1743950956269x224493368474337280)"
"1751520512208x797884694262186000","4,17","1741713756342x475094650909622300","A viabilidade e a maturidade do modelo de negócio da solução","Moisés Leal","4","HRV4life(1743950956269x224493368474337280)"
"1751565075369x940430072673468400","3","1741713756342x475094650909622300","A qualidade da fundamentação, analisando o embasamento e a justificativa da solução proposta pelo aplicante","GUSTAVO SÉRGIO DE GODOY MAGALHÃES","4","HRV4life(1743950956269x224493368474337280)"
"1751520512208x797884694262186000","4,17","1741713756342x475094650909622300","A demonstração comparativa de custo e benefício da proposta em relação às opções funcionalmente equivalentes","Moisés Leal","4","HRV4life(1743950956269x224493368474337280)"
"1751520512208x797884694262186000","4,17","1741713756342x475094650909622300","Escalabilidade, ou seja, refere-se à capacidade da solução ser reproduzida em grande quantidade e para um número grande de clientes","Moisés Leal","5","HRV4life(1743950956269x224493368474337280)"
"1751520512208x797884694262186000","4,17","1741713756342x475094650909622300","O potencial de resolução do problema pela solução proposta e, se for o caso, da provável economia para a administração pública","Moisés Leal","4","HRV4life(1743950956269x224493368474337280)"
"1751520512208x797884694262186000","4,17","1741713756342x475094650909622300","A qualidade da fundamentação, analisando o embasamento e a justificativa da solução proposta pelo aplicante","Moisés Leal","4","HRV4life(1743950956269x224493368474337280)"
"1751520512208x797884694262186000","4,17","1741713756342x475094650909622300","Prazo dos entregáveis da solução","Moisés Leal","4","HRV4life(1743950956269x224493368474337280)"
"1751518811360x648670946413510700","4,25","1741713756342x475094650909622300","O potencial de resolução do problema pela solução proposta e, se for o caso, da provável economia para a administração pública","Moisés Leal","4","Saúde Cinco(1742585972084x533940837542264800)"
"1751520512208x797884694262186000","4,17","1741713756342x475094650909622300","Tecnologias utilizadas para a solução do desafio","Moisés Leal","4","HRV4life(1743950956269x224493368474337280)"
"1751518811360x648670946413510700","4,25","1741713756342x475094650909622300","A viabilidade e a maturidade do modelo de negócio da solução","Moisés Leal","4","Saúde Cinco(1742585972084x533940837542264800)"
"1751518811360x648670946413510700","4,25","1741713756342x475094650909622300","A demonstração comparativa de custo e benefício da proposta em relação às opções funcionalmente equivalentes","Moisés Leal","4","Saúde Cinco(1742585972084x533940837542264800)"
"1751518811360x648670946413510700","4,25","1741713756342x475094650909622300","Escalabilidade, ou seja, refere-se à capacidade da solução ser reproduzida em grande quantidade e para um número grande de clientes","Moisés Leal","5","Saúde Cinco(1742585972084x533940837542264800)"
"1751505570963x944909903568830500","5","1741713756342x475094650909622300","O potencial de resolução do problema pela solução proposta e, se for o caso, da provável economia para a administração pública","Homero Cavalcanti","5","Cogfy(1746491460701x929709310693867500)"
"1751518811360x648670946413510700","4,25","1741713756342x475094650909622300","Tecnologias utilizadas para a solução do desafio","Moisés Leal","4","Saúde Cinco(1742585972084x533940837542264800)"
"1751518811360x648670946413510700","4,25","1741713756342x475094650909622300","A qualidade da fundamentação, analisando o embasamento e a justificativa da solução proposta pelo aplicante","Moisés Leal","5","Saúde Cinco(1742585972084x533940837542264800)"
"1751505570963x944909903568830500","5","1741713756342x475094650909622300","A demonstração comparativa de custo e benefício da proposta em relação às opções funcionalmente equivalentes","Homero Cavalcanti","5","Cogfy(1746491460701x929709310693867500)"
"1751505570963x944909903568830500","5","1741713756342x475094650909622300","A viabilidade e a maturidade do modelo de negócio da solução","Homero Cavalcanti","5","Cogfy(1746491460701x929709310693867500)"
"1751505570963x944909903568830500","5","1741713756342x475094650909622300","Escalabilidade, ou seja, refere-se à capacidade da solução ser reproduzida em grande quantidade e para um número grande de clientes","Homero Cavalcanti","5","Cogfy(1746491460701x929709310693867500)"
"1751505570963x944909903568830500","5","1741713756342x475094650909622300","A qualidade da fundamentação, analisando o embasamento e a justificativa da solução proposta pelo aplicante","Homero Cavalcanti","5","Cogfy(1746491460701x929709310693867500)"
"1751505570963x944909903568830500","5","1741713756342x475094650909622300","Tecnologias utilizadas para a solução do desafio","Homero Cavalcanti","5","Cogfy(1746491460701x929709310693867500)"
"1751505570963x944909903568830500","5","1741713756342x475094650909622300","Prazo dos entregáveis da solução","Homero Cavalcanti","5","Cogfy(1746491460701x929709310693867500)"
"1751518811360x648670946413510700","4,25","1741713756342x475094650909622300","Prazo dos entregáveis da solução","Moisés Leal","4","Saúde Cinco(1742585972084x533940837542264800)"
"1751503018236x780391056188112900","1","1741713756342x475094650909622300","A viabilidade e a maturidade do modelo de negócio da solução","Homero Cavalcanti","1","daps(1744411579295x899428874322706400)"
"1751503018236x780391056188112900","1","1741713756342x475094650909622300","O potencial de resolução do problema pela solução proposta e, se for o caso, da provável economia para a administração pública","Homero Cavalcanti","1","daps(1744411579295x899428874322706400)"
"1751503018236x780391056188112900","1","1741713756342x475094650909622300","A demonstração comparativa de custo e benefício da proposta em relação às opções funcionalmente equivalentes","Homero Cavalcanti","1","daps(1744411579295x899428874322706400)"
"1751503018236x780391056188112900","1","1741713756342x475094650909622300","Escalabilidade, ou seja, refere-se à capacidade da solução ser reproduzida em grande quantidade e para um número grande de clientes","Homero Cavalcanti","1","daps(1744411579295x899428874322706400)"
"1751503018236x780391056188112900","1","1741713756342x475094650909622300","A qualidade da fundamentação, analisando o embasamento e a justificativa da solução proposta pelo aplicante","Homero Cavalcanti","1","daps(1744411579295x899428874322706400)"
"1751503018236x780391056188112900","1","1741713756342x475094650909622300","Tecnologias utilizadas para a solução do desafio","Homero Cavalcanti","1","daps(1744411579295x899428874322706400)"
"1751501310051x234591301077827600","1,5","1741713756342x475094650909622300","O potencial de resolução do problema pela solução proposta e, se for o caso, da provável economia para a administração pública","Homero Cavalcanti","1","LUDI INOVA SIMPLES IS(1744314060151x235712984620990460)"
"1751503018236x780391056188112900","1","1741713756342x475094650909622300","Prazo dos entregáveis da solução","Homero Cavalcanti","1","daps(1744411579295x899428874322706400)"
"1751501310051x234591301077827600","1,5","1741713756342x475094650909622300","A viabilidade e a maturidade do modelo de negócio da solução","Homero Cavalcanti","2","LUDI INOVA SIMPLES IS(1744314060151x235712984620990460)"
"1751501310051x234591301077827600","1,5","1741713756342x475094650909622300","Tecnologias utilizadas para a solução do desafio","Homero Cavalcanti","2","LUDI INOVA SIMPLES IS(1744314060151x235712984620990460)"
"1751501310051x234591301077827600","1,5","1741713756342x475094650909622300","Escalabilidade, ou seja, refere-se à capacidade da solução ser reproduzida em grande quantidade e para um número grande de clientes","Homero Cavalcanti","2","LUDI INOVA SIMPLES IS(1744314060151x235712984620990460)"
"1751501310051x234591301077827600","1,5","1741713756342x475094650909622300","A qualidade da fundamentação, analisando o embasamento e a justificativa da solução proposta pelo aplicante","Homero Cavalcanti","1","LUDI INOVA SIMPLES IS(1744314060151x235712984620990460)"
"1751501310051x234591301077827600","1,5","1741713756342x475094650909622300","Prazo dos entregáveis da solução","Homero Cavalcanti","1","LUDI INOVA SIMPLES IS(1744314060151x235712984620990460)"
"1751501310051x234591301077827600","1,5","1741713756342x475094650909622300","A demonstração comparativa de custo e benefício da proposta em relação às opções funcionalmente equivalentes","Homero Cavalcanti","1","LUDI INOVA SIMPLES IS(1744314060151x235712984620990460)"
"1751497363316x686844357270569000","4,08","1741713756342x475094650909622300","A qualidade da fundamentação, analisando o embasamento e a justificativa da solução proposta pelo aplicante","RODRIGO BEZERRA","4","Manguehub(1750468570847x616203165245898800)"
"1751497363316x686844357270569000","4,08","1741713756342x475094650909622300","Prazo dos entregáveis da solução","RODRIGO BEZERRA","4","Manguehub(1750468570847x616203165245898800)"
"1751497224830x738689951027429400","2,67","1741713756342x475094650909622300","O potencial de resolução do problema pela solução proposta e, se for o caso, da provável economia para a administração pública","RODRIGO BEZERRA","2","Ponte Saúde(1750460642268x111056270580514820)"
"1751497224830x738689951027429400","2,67","1741713756342x475094650909622300","A viabilidade e a maturidade do modelo de negócio da solução","RODRIGO BEZERRA","3","Ponte Saúde(1750460642268x111056270580514820)"
"1751497363316x686844357270569000","4,08","1741713756342x475094650909622300","A demonstração comparativa de custo e benefício da proposta em relação às opções funcionalmente equivalentes","RODRIGO BEZERRA","5","Manguehub(1750468570847x616203165245898800)"
"1751497363316x686844357270569000","4,08","1741713756342x475094650909622300","O potencial de resolução do problema pela solução proposta e, se for o caso, da provável economia para a administração pública","RODRIGO BEZERRA","4","Manguehub(1750468570847x616203165245898800)"
"1751497363316x686844357270569000","4,08","1741713756342x475094650909622300","A viabilidade e a maturidade do modelo de negócio da solução","RODRIGO BEZERRA","4","Manguehub(1750468570847x616203165245898800)"
"1751497363316x686844357270569000","4,08","1741713756342x475094650909622300","Escalabilidade, ou seja, refere-se à capacidade da solução ser reproduzida em grande quantidade e para um número grande de clientes","RODRIGO BEZERRA","4","Manguehub(1750468570847x616203165245898800)"
"1751497224830x738689951027429400","2,67","1741713756342x475094650909622300","A demonstração comparativa de custo e benefício da proposta em relação às opções funcionalmente equivalentes","RODRIGO BEZERRA","2","Ponte Saúde(1750460642268x111056270580514820)"
"1751497224830x738689951027429400","2,67","1741713756342x475094650909622300","Tecnologias utilizadas para a solução do desafio","RODRIGO BEZERRA","3","Ponte Saúde(1750460642268x111056270580514820)"
"1751497083867x621790828317900800","2,42","1741713756342x475094650909622300","O potencial de resolução do problema pela solução proposta e, se for o caso, da provável economia para a administração pública","RODRIGO BEZERRA","2","Cuida+ Saúde(1750458720850x474968371098288100)"
"1751497224830x738689951027429400","2,67","1741713756342x475094650909622300","Escalabilidade, ou seja, refere-se à capacidade da solução ser reproduzida em grande quantidade e para um número grande de clientes","RODRIGO BEZERRA","3","Ponte Saúde(1750460642268x111056270580514820)"
"1751497224830x738689951027429400","2,67","1741713756342x475094650909622300","A qualidade da fundamentação, analisando o embasamento e a justificativa da solução proposta pelo aplicante","RODRIGO BEZERRA","3","Ponte Saúde(1750460642268x111056270580514820)"
"1751497083867x621790828317900800","2,42","1741713756342x475094650909622300","A demonstração comparativa de custo e benefício da proposta em relação às opções funcionalmente equivalentes","RODRIGO BEZERRA","3","Cuida+ Saúde(1750458720850x474968371098288100)"
"1751497363316x686844357270569000","4,08","1741713756342x475094650909622300","Tecnologias utilizadas para a solução do desafio","RODRIGO BEZERRA","4","Manguehub(1750468570847x616203165245898800)"
"1751497083867x621790828317900800","2,42","1741713756342x475094650909622300","Escalabilidade, ou seja, refere-se à capacidade da solução ser reproduzida em grande quantidade e para um número grande de clientes","RODRIGO BEZERRA","2","Cuida+ Saúde(1750458720850x474968371098288100)"
"1751497083867x621790828317900800","2,42","1741713756342x475094650909622300","A qualidade da fundamentação, analisando o embasamento e a justificativa da solução proposta pelo aplicante","RODRIGO BEZERRA","3","Cuida+ Saúde(1750458720850x474968371098288100)"
"1751497083867x621790828317900800","2,42","1741713756342x475094650909622300","A viabilidade e a maturidade do modelo de negócio da solução","RODRIGO BEZERRA","2","Cuida+ Saúde(1750458720850x474968371098288100)"
"1751497083867x621790828317900800","2,42","1741713756342x475094650909622300","Prazo dos entregáveis da solução","RODRIGO BEZERRA","3","Cuida+ Saúde(1750458720850x474968371098288100)"
"1751496970255x714896405829517300","3,17","1741713756342x475094650909622300","A viabilidade e a maturidade do modelo de negócio da solução","RODRIGO BEZERRA","3","KTecS(1750457846826x615898407090257900)"
"1751497083867x621790828317900800","2,42","1741713756342x475094650909622300","Tecnologias utilizadas para a solução do desafio","RODRIGO BEZERRA","3","Cuida+ Saúde(1750458720850x474968371098288100)"
"1751496970255x714896405829517300","3,17","1741713756342x475094650909622300","O potencial de resolução do problema pela solução proposta e, se for o caso, da provável economia para a administração pública","RODRIGO BEZERRA","4","KTecS(1750457846826x615898407090257900)"
"1751496970255x714896405829517300","3,17","1741713756342x475094650909622300","A demonstração comparativa de custo e benefício da proposta em relação às opções funcionalmente equivalentes","RODRIGO BEZERRA","2","KTecS(1750457846826x615898407090257900)"
"1751497224830x738689951027429400","2,67","1741713756342x475094650909622300","Prazo dos entregáveis da solução","RODRIGO BEZERRA","3","Ponte Saúde(1750460642268x111056270580514820)"
"1751496970255x714896405829517300","3,17","1741713756342x475094650909622300","Escalabilidade, ou seja, refere-se à capacidade da solução ser reproduzida em grande quantidade e para um número grande de clientes","RODRIGO BEZERRA","3","KTecS(1750457846826x615898407090257900)"
"1751496970255x714896405829517300","3,17","1741713756342x475094650909622300","Tecnologias utilizadas para a solução do desafio","RODRIGO BEZERRA","3","KTecS(1750457846826x615898407090257900)"
"1751496704948x200964392131756030","3,25","1741713756342x475094650909622300","O potencial de resolução do problema pela solução proposta e, se for o caso, da provável economia para a administração pública","RODRIGO BEZERRA","3","Conexão e Cuidado(1750457780030x714257608034222100)"
"1751496704948x200964392131756030","3,25","1741713756342x475094650909622300","A viabilidade e a maturidade do modelo de negócio da solução","RODRIGO BEZERRA","3","Conexão e Cuidado(1750457780030x714257608034222100)"
"1751496970255x714896405829517300","3,17","1741713756342x475094650909622300","A qualidade da fundamentação, analisando o embasamento e a justificativa da solução proposta pelo aplicante","RODRIGO BEZERRA","4","KTecS(1750457846826x615898407090257900)"
"1751496970255x714896405829517300","3,17","1741713756342x475094650909622300","Prazo dos entregáveis da solução","RODRIGO BEZERRA","2","KTecS(1750457846826x615898407090257900)"
"1751496704948x200964392131756030","3,25","1741713756342x475094650909622300","Escalabilidade, ou seja, refere-se à capacidade da solução ser reproduzida em grande quantidade e para um número grande de clientes","RODRIGO BEZERRA","3","Conexão e Cuidado(1750457780030x714257608034222100)"
"1751496704948x200964392131756030","3,25","1741713756342x475094650909622300","A demonstração comparativa de custo e benefício da proposta em relação às opções funcionalmente equivalentes","RODRIGO BEZERRA","3","Conexão e Cuidado(1750457780030x714257608034222100)"
"1751496704948x200964392131756030","3,25","1741713756342x475094650909622300","Tecnologias utilizadas para a solução do desafio","RODRIGO BEZERRA","4","Conexão e Cuidado(1750457780030x714257608034222100)"
"1751496704948x200964392131756030","3,25","1741713756342x475094650909622300","Prazo dos entregáveis da solução","RODRIGO BEZERRA","3","Conexão e Cuidado(1750457780030x714257608034222100)"
"1751496704948x200964392131756030","3,25","1741713756342x475094650909622300","A qualidade da fundamentação, analisando o embasamento e a justificativa da solução proposta pelo aplicante","RODRIGO BEZERRA","4","Conexão e Cuidado(1750457780030x714257608034222100)"
"1751496441702x572281136732962800","3,42","1741713756342x475094650909622300","O potencial de resolução do problema pela solução proposta e, se for o caso, da provável economia para a administração pública","RODRIGO BEZERRA","3","Kali(1750449027146x792217332883652600)"
"1751496441702x572281136732962800","3,42","1741713756342x475094650909622300","A demonstração comparativa de custo e benefício da proposta em relação às opções funcionalmente equivalentes","RODRIGO BEZERRA","4","Kali(1750449027146x792217332883652600)"
"1751496441702x572281136732962800","3,42","1741713756342x475094650909622300","Tecnologias utilizadas para a solução do desafio","RODRIGO BEZERRA","4","Kali(1750449027146x792217332883652600)"
"1751496441702x572281136732962800","3,42","1741713756342x475094650909622300","Escalabilidade, ou seja, refere-se à capacidade da solução ser reproduzida em grande quantidade e para um número grande de clientes","RODRIGO BEZERRA","3","Kali(1750449027146x792217332883652600)"
"1751496441702x572281136732962800","3,42","1741713756342x475094650909622300","A qualidade da fundamentação, analisando o embasamento e a justificativa da solução proposta pelo aplicante","RODRIGO BEZERRA","4","Kali(1750449027146x792217332883652600)"
"1751496243021x416629533054337000","4,42","1741713756342x475094650909622300","O potencial de resolução do problema pela solução proposta e, se for o caso, da provável economia para a administração pública","RODRIGO BEZERRA","4","Lemobs(1750441883750x976151120499966000)"
"1751496243021x416629533054337000","4,42","1741713756342x475094650909622300","A viabilidade e a maturidade do modelo de negócio da solução","RODRIGO BEZERRA","4","Lemobs(1750441883750x976151120499966000)"
"1751496441702x572281136732962800","3,42","1741713756342x475094650909622300","Prazo dos entregáveis da solução","RODRIGO BEZERRA","4","Kali(1750449027146x792217332883652600)"
"1751496243021x416629533054337000","4,42","1741713756342x475094650909622300","A qualidade da fundamentação, analisando o embasamento e a justificativa da solução proposta pelo aplicante","RODRIGO BEZERRA","5","Lemobs(1750441883750x976151120499966000)"
"1751496243021x416629533054337000","4,42","1741713756342x475094650909622300","Tecnologias utilizadas para a solução do desafio","RODRIGO BEZERRA","5","Lemobs(1750441883750x976151120499966000)"
"1751496243021x416629533054337000","4,42","1741713756342x475094650909622300","A demonstração comparativa de custo e benefício da proposta em relação às opções funcionalmente equivalentes","RODRIGO BEZERRA","3","Lemobs(1750441883750x976151120499966000)"
"1751496441702x572281136732962800","3,42","1741713756342x475094650909622300","A viabilidade e a maturidade do modelo de negócio da solução","RODRIGO BEZERRA","3","Kali(1750449027146x792217332883652600)"
"1751496243021x416629533054337000","4,42","1741713756342x475094650909622300","Escalabilidade, ou seja, refere-se à capacidade da solução ser reproduzida em grande quantidade e para um número grande de clientes","RODRIGO BEZERRA","5","Lemobs(1750441883750x976151120499966000)"
"1751495934862x340059009008271360","3,33","1741713756342x475094650909622300","A demonstração comparativa de custo e benefício da proposta em relação às opções funcionalmente equivalentes","RODRIGO BEZERRA","4","Projeto Saus(1750442890016x722503316385824800)"
"1751495934862x340059009008271360","3,33","1741713756342x475094650909622300","Escalabilidade, ou seja, refere-se à capacidade da solução ser reproduzida em grande quantidade e para um número grande de clientes","RODRIGO BEZERRA","3","Projeto Saus(1750442890016x722503316385824800)"
"1751495934862x340059009008271360","3,33","1741713756342x475094650909622300","Tecnologias utilizadas para a solução do desafio","RODRIGO BEZERRA","4","Projeto Saus(1750442890016x722503316385824800)"
"1751495934862x340059009008271360","3,33","1741713756342x475094650909622300","O potencial de resolução do problema pela solução proposta e, se for o caso, da provável economia para a administração pública","RODRIGO BEZERRA","3","Projeto Saus(1750442890016x722503316385824800)"
"1751495934862x340059009008271360","3,33","1741713756342x475094650909622300","A viabilidade e a maturidade do modelo de negócio da solução","RODRIGO BEZERRA","3","Projeto Saus(1750442890016x722503316385824800)"
"1751495934862x340059009008271360","3,33","1741713756342x475094650909622300","Prazo dos entregáveis da solução","RODRIGO BEZERRA","4","Projeto Saus(1750442890016x722503316385824800)"
"1751495934862x340059009008271360","3,33","1741713756342x475094650909622300","A qualidade da fundamentação, analisando o embasamento e a justificativa da solução proposta pelo aplicante","RODRIGO BEZERRA","3","Projeto Saus(1750442890016x722503316385824800)"
"1751495623625x747747244707938300","3,25","1741713756342x475094650909622300","O potencial de resolução do problema pela solução proposta e, se for o caso, da provável economia para a administração pública","RODRIGO BEZERRA","3","Clinitech Tecnologia em Saúde LTDA.(1750437798539x879582976976093200)"
"1751495623625x747747244707938300","3,25","1741713756342x475094650909622300","A viabilidade e a maturidade do modelo de negócio da solução","RODRIGO BEZERRA","3","Clinitech Tecnologia em Saúde LTDA.(1750437798539x879582976976093200)"
"1751496243021x416629533054337000","4,42","1741713756342x475094650909622300","Prazo dos entregáveis da solução","RODRIGO BEZERRA","5","Lemobs(1750441883750x976151120499966000)"
"1751495623625x747747244707938300","3,25","1741713756342x475094650909622300","A demonstração comparativa de custo e benefício da proposta em relação às opções funcionalmente equivalentes","RODRIGO BEZERRA","3","Clinitech Tecnologia em Saúde LTDA.(1750437798539x879582976976093200)"
"1751495623625x747747244707938300","3,25","1741713756342x475094650909622300","Escalabilidade, ou seja, refere-se à capacidade da solução ser reproduzida em grande quantidade e para um número grande de clientes","RODRIGO BEZERRA","3","Clinitech Tecnologia em Saúde LTDA.(1750437798539x879582976976093200)"
"1751495623625x747747244707938300","3,25","1741713756342x475094650909622300","Tecnologias utilizadas para a solução do desafio","RODRIGO BEZERRA","4","Clinitech Tecnologia em Saúde LTDA.(1750437798539x879582976976093200)"
"1751495623625x747747244707938300","3,25","1741713756342x475094650909622300","Prazo dos entregáveis da solução","RODRIGO BEZERRA","4","Clinitech Tecnologia em Saúde LTDA.(1750437798539x879582976976093200)"
"1751445446962x158918949859754000","4,42","1741713756342x475094650909622300","O potencial de resolução do problema pela solução proposta e, se for o caso, da provável economia para a administração pública","RODRIGO BEZERRA","4","GO BEE APIS(1750433496862x349578267965521900)"
"1751445446962x158918949859754000","4,42","1741713756342x475094650909622300","A viabilidade e a maturidade do modelo de negócio da solução","RODRIGO BEZERRA","5","GO BEE APIS(1750433496862x349578267965521900)"
"1751495623625x747747244707938300","3,25","1741713756342x475094650909622300","A qualidade da fundamentação, analisando o embasamento e a justificativa da solução proposta pelo aplicante","RODRIGO BEZERRA","3","Clinitech Tecnologia em Saúde LTDA.(1750437798539x879582976976093200)"
"1751445446962x158918949859754000","4,42","1741713756342x475094650909622300","Tecnologias utilizadas para a solução do desafio","RODRIGO BEZERRA","4","GO BEE APIS(1750433496862x349578267965521900)"
"1751445446962x158918949859754000","4,42","1741713756342x475094650909622300","A demonstração comparativa de custo e benefício da proposta em relação às opções funcionalmente equivalentes","RODRIGO BEZERRA","4","GO BEE APIS(1750433496862x349578267965521900)"
"1751445446962x158918949859754000","4,42","1741713756342x475094650909622300","Prazo dos entregáveis da solução","RODRIGO BEZERRA","4","GO BEE APIS(1750433496862x349578267965521900)"
"1751445446962x158918949859754000","4,42","1741713756342x475094650909622300","Escalabilidade, ou seja, refere-se à capacidade da solução ser reproduzida em grande quantidade e para um número grande de clientes","RODRIGO BEZERRA","5","GO BEE APIS(1750433496862x349578267965521900)"
"1751445446962x158918949859754000","4,42","1741713756342x475094650909622300","A qualidade da fundamentação, analisando o embasamento e a justificativa da solução proposta pelo aplicante","RODRIGO BEZERRA","5","GO BEE APIS(1750433496862x349578267965521900)"
"1751445118929x510450820426760200","3,92","1741713756342x475094650909622300","A viabilidade e a maturidade do modelo de negócio da solução","RODRIGO BEZERRA","4","CFIT(1750430947736x758923719412285400)"
"1751445118929x510450820426760200","3,92","1741713756342x475094650909622300","O potencial de resolução do problema pela solução proposta e, se for o caso, da provável economia para a administração pública","RODRIGO BEZERRA","3","CFIT(1750430947736x758923719412285400)"
"1751445118929x510450820426760200","3,92","1741713756342x475094650909622300","A demonstração comparativa de custo e benefício da proposta em relação às opções funcionalmente equivalentes","RODRIGO BEZERRA","4","CFIT(1750430947736x758923719412285400)"
"1751445118929x510450820426760200","3,92","1741713756342x475094650909622300","Tecnologias utilizadas para a solução do desafio","RODRIGO BEZERRA","4","CFIT(1750430947736x758923719412285400)"
"1751444654464x449039047249887200","3","1741713756342x475094650909622300","O potencial de resolução do problema pela solução proposta e, se for o caso, da provável economia para a administração pública","RODRIGO BEZERRA","3","Dayse Maria de Souza Oliveira, Amanda Felix da Silva, Antônia Felix Lessa(1750428483714x110287244945522690)"
"1751445118929x510450820426760200","3,92","1741713756342x475094650909622300","A qualidade da fundamentação, analisando o embasamento e a justificativa da solução proposta pelo aplicante","RODRIGO BEZERRA","4","CFIT(1750430947736x758923719412285400)"
"1751445118929x510450820426760200","3,92","1741713756342x475094650909622300","Prazo dos entregáveis da solução","RODRIGO BEZERRA","4","CFIT(1750430947736x758923719412285400)"
"1751444654464x449039047249887200","3","1741713756342x475094650909622300","A viabilidade e a maturidade do modelo de negócio da solução","RODRIGO BEZERRA","2","Dayse Maria de Souza Oliveira, Amanda Felix da Silva, Antônia Felix Lessa(1750428483714x110287244945522690)"
"1751444654464x449039047249887200","3","1741713756342x475094650909622300","A demonstração comparativa de custo e benefício da proposta em relação às opções funcionalmente equivalentes","RODRIGO BEZERRA","3","Dayse Maria de Souza Oliveira, Amanda Felix da Silva, Antônia Felix Lessa(1750428483714x110287244945522690)"
"1751444654464x449039047249887200","3","1741713756342x475094650909622300","Tecnologias utilizadas para a solução do desafio","RODRIGO BEZERRA","3","Dayse Maria de Souza Oliveira, Amanda Felix da Silva, Antônia Felix Lessa(1750428483714x110287244945522690)"
"1751444654464x449039047249887200","3","1741713756342x475094650909622300","Escalabilidade, ou seja, refere-se à capacidade da solução ser reproduzida em grande quantidade e para um número grande de clientes","RODRIGO BEZERRA","4","Dayse Maria de Souza Oliveira, Amanda Felix da Silva, Antônia Felix Lessa(1750428483714x110287244945522690)"
"1751444654464x449039047249887200","3","1741713756342x475094650909622300","A qualidade da fundamentação, analisando o embasamento e a justificativa da solução proposta pelo aplicante","RODRIGO BEZERRA","3","Dayse Maria de Souza Oliveira, Amanda Felix da Silva, Antônia Felix Lessa(1750428483714x110287244945522690)"
"1751444458005x972205370381434900","4,33","1741713756342x475094650909622300","O potencial de resolução do problema pela solução proposta e, se for o caso, da provável economia para a administração pública","RODRIGO BEZERRA","4","neri(1750382702746x817002404516986900)"
"1751444458005x972205370381434900","4,33","1741713756342x475094650909622300","A viabilidade e a maturidade do modelo de negócio da solução","RODRIGO BEZERRA","4","neri(1750382702746x817002404516986900)"
"1751444654464x449039047249887200","3","1741713756342x475094650909622300","Prazo dos entregáveis da solução","RODRIGO BEZERRA","3","Dayse Maria de Souza Oliveira, Amanda Felix da Silva, Antônia Felix Lessa(1750428483714x110287244945522690)"
"1751445118929x510450820426760200","3,92","1741713756342x475094650909622300","Escalabilidade, ou seja, refere-se à capacidade da solução ser reproduzida em grande quantidade e para um número grande de clientes","RODRIGO BEZERRA","5","CFIT(1750430947736x758923719412285400)"
"1751444458005x972205370381434900","4,33","1741713756342x475094650909622300","A demonstração comparativa de custo e benefício da proposta em relação às opções funcionalmente equivalentes","RODRIGO BEZERRA","3","neri(1750382702746x817002404516986900)"
"1751444458005x972205370381434900","4,33","1741713756342x475094650909622300","A qualidade da fundamentação, analisando o embasamento e a justificativa da solução proposta pelo aplicante","RODRIGO BEZERRA","5","neri(1750382702746x817002404516986900)"
"1751444458005x972205370381434900","4,33","1741713756342x475094650909622300","Prazo dos entregáveis da solução","RODRIGO BEZERRA","4","neri(1750382702746x817002404516986900)"
"1751444458005x972205370381434900","4,33","1741713756342x475094650909622300","Tecnologias utilizadas para a solução do desafio","RODRIGO BEZERRA","5","neri(1750382702746x817002404516986900)"
"1751444458005x972205370381434900","4,33","1741713756342x475094650909622300","Escalabilidade, ou seja, refere-se à capacidade da solução ser reproduzida em grande quantidade e para um número grande de clientes","RODRIGO BEZERRA","5","neri(1750382702746x817002404516986900)"
"1751444094299x239775366520504320","3,67","1741713756342x475094650909622300","A viabilidade e a maturidade do modelo de negócio da solução","RODRIGO BEZERRA","3","Cesinhas(1750360813598x604209465657393200)"
"1751444094299x239775366520504320","3,67","1741713756342x475094650909622300","O potencial de resolução do problema pela solução proposta e, se for o caso, da provável economia para a administração pública","RODRIGO BEZERRA","3","Cesinhas(1750360813598x604209465657393200)"
"1751444094299x239775366520504320","3,67","1741713756342x475094650909622300","A demonstração comparativa de custo e benefício da proposta em relação às opções funcionalmente equivalentes","RODRIGO BEZERRA","3","Cesinhas(1750360813598x604209465657393200)"
"1751444094299x239775366520504320","3,67","1741713756342x475094650909622300","Escalabilidade, ou seja, refere-se à capacidade da solução ser reproduzida em grande quantidade e para um número grande de clientes","RODRIGO BEZERRA","5","Cesinhas(1750360813598x604209465657393200)"
"1751444094299x239775366520504320","3,67","1741713756342x475094650909622300","Prazo dos entregáveis da solução","RODRIGO BEZERRA","3","Cesinhas(1750360813598x604209465657393200)"
"1751443683717x953043842008875000","4,42","1741713756342x475094650909622300","O potencial de resolução do problema pela solução proposta e, se for o caso, da provável economia para a administração pública","RODRIGO BEZERRA","4","Liu(1747794171431x940488044287098900)"
"1751444094299x239775366520504320","3,67","1741713756342x475094650909622300","A qualidade da fundamentação, analisando o embasamento e a justificativa da solução proposta pelo aplicante","RODRIGO BEZERRA","5","Cesinhas(1750360813598x604209465657393200)"
"1751443683717x953043842008875000","4,42","1741713756342x475094650909622300","A demonstração comparativa de custo e benefício da proposta em relação às opções funcionalmente equivalentes","RODRIGO BEZERRA","3","Liu(1747794171431x940488044287098900)"
"1751444094299x239775366520504320","3,67","1741713756342x475094650909622300","Tecnologias utilizadas para a solução do desafio","RODRIGO BEZERRA","4","Cesinhas(1750360813598x604209465657393200)"
"1751443683717x953043842008875000","4,42","1741713756342x475094650909622300","Tecnologias utilizadas para a solução do desafio","RODRIGO BEZERRA","5","Liu(1747794171431x940488044287098900)"
"1751443683717x953043842008875000","4,42","1741713756342x475094650909622300","Escalabilidade, ou seja, refere-se à capacidade da solução ser reproduzida em grande quantidade e para um número grande de clientes","RODRIGO BEZERRA","5","Liu(1747794171431x940488044287098900)"
"1751443683717x953043842008875000","4,42","1741713756342x475094650909622300","Prazo dos entregáveis da solução","RODRIGO BEZERRA","5","Liu(1747794171431x940488044287098900)"
"1751443683717x953043842008875000","4,42","1741713756342x475094650909622300","A qualidade da fundamentação, analisando o embasamento e a justificativa da solução proposta pelo aplicante","RODRIGO BEZERRA","5","Liu(1747794171431x940488044287098900)"
"1751422918498x392202490877575200","3,42","1741713756342x475094650909622300","Escalabilidade, ou seja, refere-se à capacidade da solução ser reproduzida em grande quantidade e para um número grande de clientes","GUSTAVO SÉRGIO DE GODOY MAGALHÃES","4","Saúde Cinco(1742585972084x533940837542264800)"
"1751422918498x392202490877575200","3,42","1741713756342x475094650909622300","A qualidade da fundamentação, analisando o embasamento e a justificativa da solução proposta pelo aplicante","GUSTAVO SÉRGIO DE GODOY MAGALHÃES","4","Saúde Cinco(1742585972084x533940837542264800)"
"1751422918498x392202490877575200","3,42","1741713756342x475094650909622300","A demonstração comparativa de custo e benefício da proposta em relação às opções funcionalmente equivalentes","GUSTAVO SÉRGIO DE GODOY MAGALHÃES","4","Saúde Cinco(1742585972084x533940837542264800)"
"1751419664632x406738064345137150","3,33","1741713756342x475094650909622300","A viabilidade e a maturidade do modelo de negócio da solução","Homero Cavalcanti","2","HRV4life(1743950956269x224493368474337280)"
"1751422918498x392202490877575200","3,42","1741713756342x475094650909622300","Tecnologias utilizadas para a solução do desafio","GUSTAVO SÉRGIO DE GODOY MAGALHÃES","3","Saúde Cinco(1742585972084x533940837542264800)"
"1751422918498x392202490877575200","3,42","1741713756342x475094650909622300","O potencial de resolução do problema pela solução proposta e, se for o caso, da provável economia para a administração pública","GUSTAVO SÉRGIO DE GODOY MAGALHÃES","3","Saúde Cinco(1742585972084x533940837542264800)"
"1751419664632x406738064345137150","3,33","1741713756342x475094650909622300","A qualidade da fundamentação, analisando o embasamento e a justificativa da solução proposta pelo aplicante","Homero Cavalcanti","4","HRV4life(1743950956269x224493368474337280)"
"1751419664632x406738064345137150","3,33","1741713756342x475094650909622300","Escalabilidade, ou seja, refere-se à capacidade da solução ser reproduzida em grande quantidade e para um número grande de clientes","Homero Cavalcanti","4","HRV4life(1743950956269x224493368474337280)"
"1751422918498x392202490877575200","3,42","1741713756342x475094650909622300","Prazo dos entregáveis da solução","GUSTAVO SÉRGIO DE GODOY MAGALHÃES","4","Saúde Cinco(1742585972084x533940837542264800)"
"1751419664632x406738064345137150","3,33","1741713756342x475094650909622300","A demonstração comparativa de custo e benefício da proposta em relação às opções funcionalmente equivalentes","Homero Cavalcanti","4","HRV4life(1743950956269x224493368474337280)"
"1751419664632x406738064345137150","3,33","1741713756342x475094650909622300","O potencial de resolução do problema pela solução proposta e, se for o caso, da provável economia para a administração pública","Homero Cavalcanti","3","HRV4life(1743950956269x224493368474337280)"
"1751417114956x236843100355428350","3,17","1741713756342x475094650909622300","O potencial de resolução do problema pela solução proposta e, se for o caso, da provável economia para a administração pública","Homero Cavalcanti","4","Saúde Cinco(1742585972084x533940837542264800)"
"1751417114956x236843100355428350","3,17","1741713756342x475094650909622300","A viabilidade e a maturidade do modelo de negócio da solução","Homero Cavalcanti","2","Saúde Cinco(1742585972084x533940837542264800)"
"1751417114956x236843100355428350","3,17","1741713756342x475094650909622300","A qualidade da fundamentação, analisando o embasamento e a justificativa da solução proposta pelo aplicante","Homero Cavalcanti","4","Saúde Cinco(1742585972084x533940837542264800)"
"1751419664632x406738064345137150","3,33","1741713756342x475094650909622300","Prazo dos entregáveis da solução","Homero Cavalcanti","3","HRV4life(1743950956269x224493368474337280)"
"1751419664632x406738064345137150","3,33","1741713756342x475094650909622300","Tecnologias utilizadas para a solução do desafio","Homero Cavalcanti","4","HRV4life(1743950956269x224493368474337280)"
"1751417114956x236843100355428350","3,17","1741713756342x475094650909622300","A demonstração comparativa de custo e benefício da proposta em relação às opções funcionalmente equivalentes","Homero Cavalcanti","4","Saúde Cinco(1742585972084x533940837542264800)"
"1751422918498x392202490877575200","3,42","1741713756342x475094650909622300","A viabilidade e a maturidade do modelo de negócio da solução","GUSTAVO SÉRGIO DE GODOY MAGALHÃES","3","Saúde Cinco(1742585972084x533940837542264800)"
"1751417114956x236843100355428350","3,17","1741713756342x475094650909622300","Escalabilidade, ou seja, refere-se à capacidade da solução ser reproduzida em grande quantidade e para um número grande de clientes","Homero Cavalcanti","3","Saúde Cinco(1742585972084x533940837542264800)"
"1751417114956x236843100355428350","3,17","1741713756342x475094650909622300","Prazo dos entregáveis da solução","Homero Cavalcanti","2","Saúde Cinco(1742585972084x533940837542264800)"
"1751376151337x509340991598886900","2,83","1741713756342x475094650909622300","A demonstração comparativa de custo e benefício da proposta em relação às opções funcionalmente equivalentes","ANA INES DE JESUS VIEIRA","3","Saúde Cinco(1742585972084x533940837542264800)"
"1751376151337x509340991598886900","2,83","1741713756342x475094650909622300","A viabilidade e a maturidade do modelo de negócio da solução","ANA INES DE JESUS VIEIRA","2","Saúde Cinco(1742585972084x533940837542264800)"
"1751376151337x509340991598886900","2,83","1741713756342x475094650909622300","Tecnologias utilizadas para a solução do desafio","ANA INES DE JESUS VIEIRA","3","Saúde Cinco(1742585972084x533940837542264800)"
"1751376151337x509340991598886900","2,83","1741713756342x475094650909622300","O potencial de resolução do problema pela solução proposta e, se for o caso, da provável economia para a administração pública","ANA INES DE JESUS VIEIRA","4","Saúde Cinco(1742585972084x533940837542264800)"
"1751443683717x953043842008875000","4,42","1741713756342x475094650909622300","A viabilidade e a maturidade do modelo de negócio da solução","RODRIGO BEZERRA","4","Liu(1747794171431x940488044287098900)"
"1751417114956x236843100355428350","3,17","1741713756342x475094650909622300","Tecnologias utilizadas para a solução do desafio","Homero Cavalcanti","3","Saúde Cinco(1742585972084x533940837542264800)"
"1751376151337x509340991598886900","2,83","1741713756342x475094650909622300","Prazo dos entregáveis da solução","ANA INES DE JESUS VIEIRA","2","Saúde Cinco(1742585972084x533940837542264800)"
"1751376151337x509340991598886900","2,83","1741713756342x475094650909622300","A qualidade da fundamentação, analisando o embasamento e a justificativa da solução proposta pelo aplicante","ANA INES DE JESUS VIEIRA","3","Saúde Cinco(1742585972084x533940837542264800)"
"1751197666020x420744924457599000","2,83","1741713756342x475094650909622300","O potencial de resolução do problema pela solução proposta e, se for o caso, da provável economia para a administração pública","RODRIGO BEZERRA","2","RedCheck(1747747339966x581554505157705700)"
"1751197666020x420744924457599000","2,83","1741713756342x475094650909622300","A demonstração comparativa de custo e benefício da proposta em relação às opções funcionalmente equivalentes","RODRIGO BEZERRA","2","RedCheck(1747747339966x581554505157705700)"
"1751197666020x420744924457599000","2,83","1741713756342x475094650909622300","Tecnologias utilizadas para a solução do desafio","RODRIGO BEZERRA","2","RedCheck(1747747339966x581554505157705700)"
"1751197666020x420744924457599000","2,83","1741713756342x475094650909622300","A viabilidade e a maturidade do modelo de negócio da solução","RODRIGO BEZERRA","4","RedCheck(1747747339966x581554505157705700)"
"1751197666020x420744924457599000","2,83","1741713756342x475094650909622300","Escalabilidade, ou seja, refere-se à capacidade da solução ser reproduzida em grande quantidade e para um número grande de clientes","RODRIGO BEZERRA","4","RedCheck(1747747339966x581554505157705700)"
"1751197666020x420744924457599000","2,83","1741713756342x475094650909622300","Prazo dos entregáveis da solução","RODRIGO BEZERRA","4","RedCheck(1747747339966x581554505157705700)"
"1751197666020x420744924457599000","2,83","1741713756342x475094650909622300","A qualidade da fundamentação, analisando o embasamento e a justificativa da solução proposta pelo aplicante","RODRIGO BEZERRA","2","RedCheck(1747747339966x581554505157705700)"
"1751197532274x738764548014080000","3,08","1741713756342x475094650909622300","O potencial de resolução do problema pela solução proposta e, se for o caso, da provável economia para a administração pública","RODRIGO BEZERRA","3","Clinitech(1747276858851x787162643421200400)"
"1751197532274x738764548014080000","3,08","1741713756342x475094650909622300","A viabilidade e a maturidade do modelo de negócio da solução","RODRIGO BEZERRA","4","Clinitech(1747276858851x787162643421200400)"
"1751197532274x738764548014080000","3,08","1741713756342x475094650909622300","A demonstração comparativa de custo e benefício da proposta em relação às opções funcionalmente equivalentes","RODRIGO BEZERRA","3","Clinitech(1747276858851x787162643421200400)"
"1751197532274x738764548014080000","3,08","1741713756342x475094650909622300","Tecnologias utilizadas para a solução do desafio","RODRIGO BEZERRA","3","Clinitech(1747276858851x787162643421200400)"
"1751197532274x738764548014080000","3,08","1741713756342x475094650909622300","Escalabilidade, ou seja, refere-se à capacidade da solução ser reproduzida em grande quantidade e para um número grande de clientes","RODRIGO BEZERRA","3","Clinitech(1747276858851x787162643421200400)"
"1751376151337x509340991598886900","2,83","1741713756342x475094650909622300","Escalabilidade, ou seja, refere-se à capacidade da solução ser reproduzida em grande quantidade e para um número grande de clientes","ANA INES DE JESUS VIEIRA","2","Saúde Cinco(1742585972084x533940837542264800)"
"1751197532274x738764548014080000","3,08","1741713756342x475094650909622300","Prazo dos entregáveis da solução","RODRIGO BEZERRA","3","Clinitech(1747276858851x787162643421200400)"
"1751197411445x639584104805826600","4","1741713756342x475094650909622300","O potencial de resolução do problema pela solução proposta e, se for o caso, da provável economia para a administração pública","RODRIGO BEZERRA","4","Saúde com I.A(1747250100162x590354311999127600)"
"1751197411445x639584104805826600","4","1741713756342x475094650909622300","A viabilidade e a maturidade do modelo de negócio da solução","RODRIGO BEZERRA","3","Saúde com I.A(1747250100162x590354311999127600)"
"1751197411445x639584104805826600","4","1741713756342x475094650909622300","A demonstração comparativa de custo e benefício da proposta em relação às opções funcionalmente equivalentes","RODRIGO BEZERRA","3","Saúde com I.A(1747250100162x590354311999127600)"
"1751197411445x639584104805826600","4","1741713756342x475094650909622300","Tecnologias utilizadas para a solução do desafio","RODRIGO BEZERRA","4","Saúde com I.A(1747250100162x590354311999127600)"
"1751197411445x639584104805826600","4","1741713756342x475094650909622300","Escalabilidade, ou seja, refere-se à capacidade da solução ser reproduzida em grande quantidade e para um número grande de clientes","RODRIGO BEZERRA","5","Saúde com I.A(1747250100162x590354311999127600)"
"1751197411445x639584104805826600","4","1741713756342x475094650909622300","A qualidade da fundamentação, analisando o embasamento e a justificativa da solução proposta pelo aplicante","RODRIGO BEZERRA","5","Saúde com I.A(1747250100162x590354311999127600)"
"1751197139131x540066134399647740","4,08","1741713756342x475094650909622300","A viabilidade e a maturidade do modelo de negócio da solução","RODRIGO BEZERRA","4","ROBO LAURA(1747241501575x516406866711674900)"
"1751197139131x540066134399647740","4,08","1741713756342x475094650909622300","O potencial de resolução do problema pela solução proposta e, se for o caso, da provável economia para a administração pública","RODRIGO BEZERRA","4","ROBO LAURA(1747241501575x516406866711674900)"
"1751197411445x639584104805826600","4","1741713756342x475094650909622300","Prazo dos entregáveis da solução","RODRIGO BEZERRA","4","Saúde com I.A(1747250100162x590354311999127600)"
"1751197139131x540066134399647740","4,08","1741713756342x475094650909622300","Tecnologias utilizadas para a solução do desafio","RODRIGO BEZERRA","4","ROBO LAURA(1747241501575x516406866711674900)"
"1751197139131x540066134399647740","4,08","1741713756342x475094650909622300","A qualidade da fundamentação, analisando o embasamento e a justificativa da solução proposta pelo aplicante","RODRIGO BEZERRA","3","ROBO LAURA(1747241501575x516406866711674900)"
"1751197139131x540066134399647740","4,08","1741713756342x475094650909622300","A demonstração comparativa de custo e benefício da proposta em relação às opções funcionalmente equivalentes","RODRIGO BEZERRA","3","ROBO LAURA(1747241501575x516406866711674900)"
"1751197532274x738764548014080000","3,08","1741713756342x475094650909622300","A qualidade da fundamentação, analisando o embasamento e a justificativa da solução proposta pelo aplicante","RODRIGO BEZERRA","2","Clinitech(1747276858851x787162643421200400)"
"1751197139131x540066134399647740","4,08","1741713756342x475094650909622300","Escalabilidade, ou seja, refere-se à capacidade da solução ser reproduzida em grande quantidade e para um número grande de clientes","RODRIGO BEZERRA","5","ROBO LAURA(1747241501575x516406866711674900)"
"1751196787662x359446095063416800","4,25","1741713756342x475094650909622300","A viabilidade e a maturidade do modelo de negócio da solução","RODRIGO BEZERRA","4","SUSIA(1747235530911x729365137673420800)"
"1751196787662x359446095063416800","4,25","1741713756342x475094650909622300","Tecnologias utilizadas para a solução do desafio","RODRIGO BEZERRA","4","SUSIA(1747235530911x729365137673420800)"
"1751196787662x359446095063416800","4,25","1741713756342x475094650909622300","A demonstração comparativa de custo e benefício da proposta em relação às opções funcionalmente equivalentes","RODRIGO BEZERRA","4","SUSIA(1747235530911x729365137673420800)"
"1751196787662x359446095063416800","4,25","1741713756342x475094650909622300","Escalabilidade, ou seja, refere-se à capacidade da solução ser reproduzida em grande quantidade e para um número grande de clientes","RODRIGO BEZERRA","5","SUSIA(1747235530911x729365137673420800)"
"1751196787662x359446095063416800","4,25","1741713756342x475094650909622300","A qualidade da fundamentação, analisando o embasamento e a justificativa da solução proposta pelo aplicante","RODRIGO BEZERRA","5","SUSIA(1747235530911x729365137673420800)"
"1751196787662x359446095063416800","4,25","1741713756342x475094650909622300","Prazo dos entregáveis da solução","RODRIGO BEZERRA","4","SUSIA(1747235530911x729365137673420800)"
"1751196787662x359446095063416800","4,25","1741713756342x475094650909622300","O potencial de resolução do problema pela solução proposta e, se for o caso, da provável economia para a administração pública","RODRIGO BEZERRA","4","SUSIA(1747235530911x729365137673420800)"
"1751196307252x398084479352307700","3,67","1741713756342x475094650909622300","A viabilidade e a maturidade do modelo de negócio da solução","RODRIGO BEZERRA","4","REbate(1747183088043x258719990149808130)"
"1751196307252x398084479352307700","3,67","1741713756342x475094650909622300","O potencial de resolução do problema pela solução proposta e, se for o caso, da provável economia para a administração pública","RODRIGO BEZERRA","4","REbate(1747183088043x258719990149808130)"
"1751196307252x398084479352307700","3,67","1741713756342x475094650909622300","A demonstração comparativa de custo e benefício da proposta em relação às opções funcionalmente equivalentes","RODRIGO BEZERRA","3","REbate(1747183088043x258719990149808130)"
"1751196307252x398084479352307700","3,67","1741713756342x475094650909622300","Escalabilidade, ou seja, refere-se à capacidade da solução ser reproduzida em grande quantidade e para um número grande de clientes","RODRIGO BEZERRA","4","REbate(1747183088043x258719990149808130)"
"1751196307252x398084479352307700","3,67","1741713756342x475094650909622300","Prazo dos entregáveis da solução","RODRIGO BEZERRA","4","REbate(1747183088043x258719990149808130)"
"1751196307252x398084479352307700","3,67","1741713756342x475094650909622300","Tecnologias utilizadas para a solução do desafio","RODRIGO BEZERRA","3","REbate(1747183088043x258719990149808130)"
"1751196307252x398084479352307700","3,67","1741713756342x475094650909622300","A qualidade da fundamentação, analisando o embasamento e a justificativa da solução proposta pelo aplicante","RODRIGO BEZERRA","3","REbate(1747183088043x258719990149808130)"
"1751195764665x202707312832151550","4,17","1741713756342x475094650909622300","O potencial de resolução do problema pela solução proposta e, se for o caso, da provável economia para a administração pública","RODRIGO BEZERRA","4","Mosca Branca deeptech(1746965925773x167408289790820350)"
"1751195764665x202707312832151550","4,17","1741713756342x475094650909622300","A demonstração comparativa de custo e benefício da proposta em relação às opções funcionalmente equivalentes","RODRIGO BEZERRA","4","Mosca Branca deeptech(1746965925773x167408289790820350)"
"1751195764665x202707312832151550","4,17","1741713756342x475094650909622300","Escalabilidade, ou seja, refere-se à capacidade da solução ser reproduzida em grande quantidade e para um número grande de clientes","RODRIGO BEZERRA","4","Mosca Branca deeptech(1746965925773x167408289790820350)"
"1751195764665x202707312832151550","4,17","1741713756342x475094650909622300","A viabilidade e a maturidade do modelo de negócio da solução","RODRIGO BEZERRA","4","Mosca Branca deeptech(1746965925773x167408289790820350)"
"1751195764665x202707312832151550","4,17","1741713756342x475094650909622300","Tecnologias utilizadas para a solução do desafio","RODRIGO BEZERRA","4","Mosca Branca deeptech(1746965925773x167408289790820350)"
"1751195764665x202707312832151550","4,17","1741713756342x475094650909622300","A qualidade da fundamentação, analisando o embasamento e a justificativa da solução proposta pelo aplicante","RODRIGO BEZERRA","5","Mosca Branca deeptech(1746965925773x167408289790820350)"
"1751122669395x293734407759462400","2,92","1741713756342x475094650909622300","O potencial de resolução do problema pela solução proposta e, se for o caso, da provável economia para a administração pública","RODRIGO BEZERRA","3","ConectaVital(1747140161151x752513062168166400)"
"1751195764665x202707312832151550","4,17","1741713756342x475094650909622300","Prazo dos entregáveis da solução","RODRIGO BEZERRA","5","Mosca Branca deeptech(1746965925773x167408289790820350)"
"1751122669395x293734407759462400","2,92","1741713756342x475094650909622300","A viabilidade e a maturidade do modelo de negócio da solução","RODRIGO BEZERRA","3","ConectaVital(1747140161151x752513062168166400)"
"1751122669395x293734407759462400","2,92","1741713756342x475094650909622300","Tecnologias utilizadas para a solução do desafio","RODRIGO BEZERRA","3","ConectaVital(1747140161151x752513062168166400)"
"1751122669395x293734407759462400","2,92","1741713756342x475094650909622300","Escalabilidade, ou seja, refere-se à capacidade da solução ser reproduzida em grande quantidade e para um número grande de clientes","RODRIGO BEZERRA","3","ConectaVital(1747140161151x752513062168166400)"
"1751122669395x293734407759462400","2,92","1741713756342x475094650909622300","A demonstração comparativa de custo e benefício da proposta em relação às opções funcionalmente equivalentes","RODRIGO BEZERRA","3","ConectaVital(1747140161151x752513062168166400)"
"1751122669395x293734407759462400","2,92","1741713756342x475094650909622300","A qualidade da fundamentação, analisando o embasamento e a justificativa da solução proposta pelo aplicante","RODRIGO BEZERRA","2","ConectaVital(1747140161151x752513062168166400)"
"1751122669395x293734407759462400","2,92","1741713756342x475094650909622300","Prazo dos entregáveis da solução","RODRIGO BEZERRA","3","ConectaVital(1747140161151x752513062168166400)"
"1751122431157x141429456214949890","2,17","1741713756342x475094650909622300","O potencial de resolução do problema pela solução proposta e, se for o caso, da provável economia para a administração pública","RODRIGO BEZERRA","2","dolfidoc(1746974279211x999840447551504400)"
"1751122431157x141429456214949890","2,17","1741713756342x475094650909622300","A demonstração comparativa de custo e benefício da proposta em relação às opções funcionalmente equivalentes","RODRIGO BEZERRA","2","dolfidoc(1746974279211x999840447551504400)"
"1751122431157x141429456214949890","2,17","1741713756342x475094650909622300","Escalabilidade, ou seja, refere-se à capacidade da solução ser reproduzida em grande quantidade e para um número grande de clientes","RODRIGO BEZERRA","2","dolfidoc(1746974279211x999840447551504400)"
"1751122431157x141429456214949890","2,17","1741713756342x475094650909622300","A viabilidade e a maturidade do modelo de negócio da solução","RODRIGO BEZERRA","2","dolfidoc(1746974279211x999840447551504400)"
"1751122431157x141429456214949890","2,17","1741713756342x475094650909622300","A qualidade da fundamentação, analisando o embasamento e a justificativa da solução proposta pelo aplicante","RODRIGO BEZERRA","2","dolfidoc(1746974279211x999840447551504400)"
"1751122431157x141429456214949890","2,17","1741713756342x475094650909622300","Tecnologias utilizadas para a solução do desafio","RODRIGO BEZERRA","2","dolfidoc(1746974279211x999840447551504400)"
"1751122177820x203566850297036800","3","1741713756342x475094650909622300","O potencial de resolução do problema pela solução proposta e, se for o caso, da provável economia para a administração pública","RODRIGO BEZERRA","3","NAV + SAÚDE(1746922651654x574889112310644740)"
"1751122177820x203566850297036800","3","1741713756342x475094650909622300","A demonstração comparativa de custo e benefício da proposta em relação às opções funcionalmente equivalentes","RODRIGO BEZERRA","2","NAV + SAÚDE(1746922651654x574889112310644740)"
"1751197139131x540066134399647740","4,08","1741713756342x475094650909622300","Prazo dos entregáveis da solução","RODRIGO BEZERRA","5","ROBO LAURA(1747241501575x516406866711674900)"
"1751122177820x203566850297036800","3","1741713756342x475094650909622300","Escalabilidade, ou seja, refere-se à capacidade da solução ser reproduzida em grande quantidade e para um número grande de clientes","RODRIGO BEZERRA","4","NAV + SAÚDE(1746922651654x574889112310644740)"
"1751121316118x751254678542483500","1,67","1741713756342x475094650909622300","Tecnologias utilizadas para a solução do desafio","RODRIGO BEZERRA","1","ALKE(1746492433853x232626703095037950)"
"1751121316118x751254678542483500","1,67","1741713756342x475094650909622300","Escalabilidade, ou seja, refere-se à capacidade da solução ser reproduzida em grande quantidade e para um número grande de clientes","RODRIGO BEZERRA","2","ALKE(1746492433853x232626703095037950)"
"1751122177820x203566850297036800","3","1741713756342x475094650909622300","Prazo dos entregáveis da solução","RODRIGO BEZERRA","2","NAV + SAÚDE(1746922651654x574889112310644740)"
"1751122431157x141429456214949890","2,17","1741713756342x475094650909622300","Prazo dos entregáveis da solução","RODRIGO BEZERRA","4","dolfidoc(1746974279211x999840447551504400)"
"1751121316118x751254678542483500","1,67","1741713756342x475094650909622300","A demonstração comparativa de custo e benefício da proposta em relação às opções funcionalmente equivalentes","RODRIGO BEZERRA","2","ALKE(1746492433853x232626703095037950)"
"1751122177820x203566850297036800","3","1741713756342x475094650909622300","A qualidade da fundamentação, analisando o embasamento e a justificativa da solução proposta pelo aplicante","RODRIGO BEZERRA","3","NAV + SAÚDE(1746922651654x574889112310644740)"
"1751121316118x751254678542483500","1,67","1741713756342x475094650909622300","A qualidade da fundamentação, analisando o embasamento e a justificativa da solução proposta pelo aplicante","RODRIGO BEZERRA","1","ALKE(1746492433853x232626703095037950)"
"1751121316118x751254678542483500","1,67","1741713756342x475094650909622300","Prazo dos entregáveis da solução","RODRIGO BEZERRA","1","ALKE(1746492433853x232626703095037950)"
"1751122177820x203566850297036800","3","1741713756342x475094650909622300","Tecnologias utilizadas para a solução do desafio","RODRIGO BEZERRA","3","NAV + SAÚDE(1746922651654x574889112310644740)"
"1751122177820x203566850297036800","3","1741713756342x475094650909622300","A viabilidade e a maturidade do modelo de negócio da solução","RODRIGO BEZERRA","3","NAV + SAÚDE(1746922651654x574889112310644740)"
"1751121609454x129235106984361980","3,08","1741713756342x475094650909622300","A viabilidade e a maturidade do modelo de negócio da solução","RODRIGO BEZERRA","4","Tia Bete(1746734309886x839844561318576100)"
"1751121609454x129235106984361980","3,08","1741713756342x475094650909622300","Tecnologias utilizadas para a solução do desafio","RODRIGO BEZERRA","2","Tia Bete(1746734309886x839844561318576100)"
"1751121609454x129235106984361980","3,08","1741713756342x475094650909622300","A demonstração comparativa de custo e benefício da proposta em relação às opções funcionalmente equivalentes","RODRIGO BEZERRA","3","Tia Bete(1746734309886x839844561318576100)"
"1751121192102x655242680860409900","3,92","1741713756342x475094650909622300","A demonstração comparativa de custo e benefício da proposta em relação às opções funcionalmente equivalentes","RODRIGO BEZERRA","3","Cogfy(1746491460701x929709310693867500)"
"1751121192102x655242680860409900","3,92","1741713756342x475094650909622300","A viabilidade e a maturidade do modelo de negócio da solução","RODRIGO BEZERRA","4","Cogfy(1746491460701x929709310693867500)"
"1751121192102x655242680860409900","3,92","1741713756342x475094650909622300","O potencial de resolução do problema pela solução proposta e, se for o caso, da provável economia para a administração pública","RODRIGO BEZERRA","4","Cogfy(1746491460701x929709310693867500)"
"1751121192102x655242680860409900","3,92","1741713756342x475094650909622300","Escalabilidade, ou seja, refere-se à capacidade da solução ser reproduzida em grande quantidade e para um número grande de clientes","RODRIGO BEZERRA","4","Cogfy(1746491460701x929709310693867500)"
"1751121609454x129235106984361980","3,08","1741713756342x475094650909622300","Escalabilidade, ou seja, refere-se à capacidade da solução ser reproduzida em grande quantidade e para um número grande de clientes","RODRIGO BEZERRA","4","Tia Bete(1746734309886x839844561318576100)"
"1751121192102x655242680860409900","3,92","1741713756342x475094650909622300","A qualidade da fundamentação, analisando o embasamento e a justificativa da solução proposta pelo aplicante","RODRIGO BEZERRA","4","Cogfy(1746491460701x929709310693867500)"
"1751121609454x129235106984361980","3,08","1741713756342x475094650909622300","O potencial de resolução do problema pela solução proposta e, se for o caso, da provável economia para a administração pública","RODRIGO BEZERRA","2","Tia Bete(1746734309886x839844561318576100)"
"1751121609454x129235106984361980","3,08","1741713756342x475094650909622300","A qualidade da fundamentação, analisando o embasamento e a justificativa da solução proposta pelo aplicante","RODRIGO BEZERRA","4","Tia Bete(1746734309886x839844561318576100)"
"1751121609454x129235106984361980","3,08","1741713756342x475094650909622300","Prazo dos entregáveis da solução","RODRIGO BEZERRA","4","Tia Bete(1746734309886x839844561318576100)"
"1751121192102x655242680860409900","3,92","1741713756342x475094650909622300","Tecnologias utilizadas para a solução do desafio","RODRIGO BEZERRA","4","Cogfy(1746491460701x929709310693867500)"
"1751121192102x655242680860409900","3,92","1741713756342x475094650909622300","Prazo dos entregáveis da solução","RODRIGO BEZERRA","4","Cogfy(1746491460701x929709310693867500)"
"1751120769338x794208162395717600","1","1741713756342x475094650909622300","O potencial de resolução do problema pela solução proposta e, se for o caso, da provável economia para a administração pública","RODRIGO BEZERRA","1","daps(1744411579295x899428874322706400)"
"1751121316118x751254678542483500","1,67","1741713756342x475094650909622300","A viabilidade e a maturidade do modelo de negócio da solução","RODRIGO BEZERRA","2","ALKE(1746492433853x232626703095037950)"
"1751120769338x794208162395717600","1","1741713756342x475094650909622300","Escalabilidade, ou seja, refere-se à capacidade da solução ser reproduzida em grande quantidade e para um número grande de clientes","RODRIGO BEZERRA","1","daps(1744411579295x899428874322706400)"
"1751120769338x794208162395717600","1","1741713756342x475094650909622300","A qualidade da fundamentação, analisando o embasamento e a justificativa da solução proposta pelo aplicante","RODRIGO BEZERRA","1","daps(1744411579295x899428874322706400)"
"1751121316118x751254678542483500","1,67","1741713756342x475094650909622300","O potencial de resolução do problema pela solução proposta e, se for o caso, da provável economia para a administração pública","RODRIGO BEZERRA","2","ALKE(1746492433853x232626703095037950)"
"1751120769338x794208162395717600","1","1741713756342x475094650909622300","A demonstração comparativa de custo e benefício da proposta em relação às opções funcionalmente equivalentes","RODRIGO BEZERRA","1","daps(1744411579295x899428874322706400)"
"1751120668395x867515464415182800","1,42","1741713756342x475094650909622300","A demonstração comparativa de custo e benefício da proposta em relação às opções funcionalmente equivalentes","RODRIGO BEZERRA","1","LUDI INOVA SIMPLES IS(1744314060151x235712984620990460)"
"1751120769338x794208162395717600","1","1741713756342x475094650909622300","A viabilidade e a maturidade do modelo de negócio da solução","RODRIGO BEZERRA","1","daps(1744411579295x899428874322706400)"
"1751120668395x867515464415182800","1,42","1741713756342x475094650909622300","Escalabilidade, ou seja, refere-se à capacidade da solução ser reproduzida em grande quantidade e para um número grande de clientes","RODRIGO BEZERRA","2","LUDI INOVA SIMPLES IS(1744314060151x235712984620990460)"
"1751120668395x867515464415182800","1,42","1741713756342x475094650909622300","Tecnologias utilizadas para a solução do desafio","RODRIGO BEZERRA","1","LUDI INOVA SIMPLES IS(1744314060151x235712984620990460)"
"1751120668395x867515464415182800","1,42","1741713756342x475094650909622300","O potencial de resolução do problema pela solução proposta e, se for o caso, da provável economia para a administração pública","RODRIGO BEZERRA","1","LUDI INOVA SIMPLES IS(1744314060151x235712984620990460)"
"1751120668395x867515464415182800","1,42","1741713756342x475094650909622300","A viabilidade e a maturidade do modelo de negócio da solução","RODRIGO BEZERRA","1","LUDI INOVA SIMPLES IS(1744314060151x235712984620990460)"
"1751120489182x155963244699975680","1,75","1741713756342x475094650909622300","O potencial de resolução do problema pela solução proposta e, se for o caso, da provável economia para a administração pública","RODRIGO BEZERRA","1","HRV4life(1743950956269x224493368474337280)"
"1751120489182x155963244699975680","1,75","1741713756342x475094650909622300","A demonstração comparativa de custo e benefício da proposta em relação às opções funcionalmente equivalentes","RODRIGO BEZERRA","1","HRV4life(1743950956269x224493368474337280)"
"1751120489182x155963244699975680","1,75","1741713756342x475094650909622300","A viabilidade e a maturidade do modelo de negócio da solução","RODRIGO BEZERRA","2","HRV4life(1743950956269x224493368474337280)"
"1751120769338x794208162395717600","1","1741713756342x475094650909622300","Prazo dos entregáveis da solução","RODRIGO BEZERRA","1","daps(1744411579295x899428874322706400)"
"1751120489182x155963244699975680","1,75","1741713756342x475094650909622300","Escalabilidade, ou seja, refere-se à capacidade da solução ser reproduzida em grande quantidade e para um número grande de clientes","RODRIGO BEZERRA","3","HRV4life(1743950956269x224493368474337280)"
"1751120668395x867515464415182800","1,42","1741713756342x475094650909622300","A qualidade da fundamentação, analisando o embasamento e a justificativa da solução proposta pelo aplicante","RODRIGO BEZERRA","1","LUDI INOVA SIMPLES IS(1744314060151x235712984620990460)"
"1751120668395x867515464415182800","1,42","1741713756342x475094650909622300","Prazo dos entregáveis da solução","RODRIGO BEZERRA","4","LUDI INOVA SIMPLES IS(1744314060151x235712984620990460)"
"1751120489182x155963244699975680","1,75","1741713756342x475094650909622300","A qualidade da fundamentação, analisando o embasamento e a justificativa da solução proposta pelo aplicante","RODRIGO BEZERRA","1","HRV4life(1743950956269x224493368474337280)"
"1751120769338x794208162395717600","1","1741713756342x475094650909622300","Tecnologias utilizadas para a solução do desafio","RODRIGO BEZERRA","1","daps(1744411579295x899428874322706400)"
"1751120489182x155963244699975680","1,75","1741713756342x475094650909622300","Tecnologias utilizadas para a solução do desafio","RODRIGO BEZERRA","1","HRV4life(1743950956269x224493368474337280)"
"1751120489182x155963244699975680","1,75","1741713756342x475094650909622300","Prazo dos entregáveis da solução","RODRIGO BEZERRA","4","HRV4life(1743950956269x224493368474337280)"
"1751120188010x900191172849041400","3,58","1741713756342x475094650909622300","A demonstração comparativa de custo e benefício da proposta em relação às opções funcionalmente equivalentes","RODRIGO BEZERRA","3","Saúde Cinco(1742585972084x533940837542264800)"
"1751120188010x900191172849041400","3,58","1741713756342x475094650909622300","O potencial de resolução do problema pela solução proposta e, se for o caso, da provável economia para a administração pública","RODRIGO BEZERRA","4","Saúde Cinco(1742585972084x533940837542264800)"
"1751120188010x900191172849041400","3,58","1741713756342x475094650909622300","A viabilidade e a maturidade do modelo de negócio da solução","RODRIGO BEZERRA","3","Saúde Cinco(1742585972084x533940837542264800)"
"1751120188010x900191172849041400","3,58","1741713756342x475094650909622300","Tecnologias utilizadas para a solução do desafio","RODRIGO BEZERRA","3","Saúde Cinco(1742585972084x533940837542264800)"
"1751120188010x900191172849041400","3,58","1741713756342x475094650909622300","Escalabilidade, ou seja, refere-se à capacidade da solução ser reproduzida em grande quantidade e para um número grande de clientes","RODRIGO BEZERRA","3","Saúde Cinco(1742585972084x533940837542264800)"
"1751120188010x900191172849041400","3,58","1741713756342x475094650909622300","Prazo dos entregáveis da solução","RODRIGO BEZERRA","5","Saúde Cinco(1742585972084x533940837542264800)"
"1751120188010x900191172849041400","3,58","1741713756342x475094650909622300","A qualidade da fundamentação, analisando o embasamento e a justificativa da solução proposta pelo aplicante","RODRIGO BEZERRA","5","Saúde Cinco(1742585972084x533940837542264800)"
"1751049044050x863092773987024900","3,83","","O potencial de resolução do problema pela solução proposta e, se for o caso, da provável economia para a administração pública","","4","()"
"1751049044050x863092773987024900","3,83","","A viabilidade e a maturidade do modelo de negócio da solução","","4","()"
"1751049044050x863092773987024900","3,83","","Tecnologias utilizadas para a solução do desafio","","5","()"
"1751049044050x863092773987024900","3,83","","Escalabilidade, ou seja, refere-se à capacidade da solução ser reproduzida em grande quantidade e para um número grande de clientes","","3","()"
"1751049044050x863092773987024900","3,83","","A demonstração comparativa de custo e benefício da proposta em relação às opções funcionalmente equivalentes","","4","()"
"1751049044050x863092773987024900","3,83","","A qualidade da fundamentação, analisando o embasamento e a justificativa da solução proposta pelo aplicante","","1","()"
"1751049044050x863092773987024900","3,83","","Prazo dos entregáveis da solução","","5","()"
"1752068691174x736539061096284200","2,83","1741715341881x519750575031320600","O potencial de resolução do problema pela solução proposta e, se for o caso, da provável economia para a administração pública","Viviane Kawashima","3","Cogfy (by Indigo Hive)(1747274257685x122816064052527100)"
"1752068691174x736539061096284200","2,83","1741715341881x519750575031320600","A viabilidade e a maturidade do modelo de negócio da solução","Viviane Kawashima","3","Cogfy (by Indigo Hive)(1747274257685x122816064052527100)"
"1752068691174x736539061096284200","2,83","1741715341881x519750575031320600","A demonstração comparativa de custo e benefício da proposta em relação às opções funcionalmente equivalentes","Viviane Kawashima","3","Cogfy (by Indigo Hive)(1747274257685x122816064052527100)"
"1752068691174x736539061096284200","2,83","1741715341881x519750575031320600","Escalabilidade, ou seja, refere-se à capacidade da solução ser reproduzida em grande quantidade e para um número grande de clientes","Viviane Kawashima","3","Cogfy (by Indigo Hive)(1747274257685x122816064052527100)"
"1752068691174x736539061096284200","2,83","1741715341881x519750575031320600","A qualidade da fundamentação, analisando o embasamento e a justificativa da solução proposta pelo aplicante","Viviane Kawashima","3","Cogfy (by Indigo Hive)(1747274257685x122816064052527100)"
"1752068691174x736539061096284200","2,83","1741715341881x519750575031320600","Prazo dos entregáveis da solução","Viviane Kawashima","1","Cogfy (by Indigo Hive)(1747274257685x122816064052527100)"
"1752068691174x736539061096284200","2,83","1741715341881x519750575031320600","Tecnologias utilizadas para a solução do desafio","Viviane Kawashima","3","Cogfy (by Indigo Hive)(1747274257685x122816064052527100)"
"1752066083139x340036099234594800","3","1741715341881x519750575031320600","O potencial de resolução do problema pela solução proposta e, se for o caso, da provável economia para a administração pública","Viviane Kawashima","3","Cabueta(1750474717548x239448712580956160)"
"1752066083139x340036099234594800","3","1741715341881x519750575031320600","A viabilidade e a maturidade do modelo de negócio da solução","Viviane Kawashima","3","Cabueta(1750474717548x239448712580956160)"
"1752066083139x340036099234594800","3","1741715341881x519750575031320600","Tecnologias utilizadas para a solução do desafio","Viviane Kawashima","3","Cabueta(1750474717548x239448712580956160)"
"1752066083139x340036099234594800","3","1741715341881x519750575031320600","A qualidade da fundamentação, analisando o embasamento e a justificativa da solução proposta pelo aplicante","Viviane Kawashima","4","Cabueta(1750474717548x239448712580956160)"
"1752066083139x340036099234594800","3","1741715341881x519750575031320600","A demonstração comparativa de custo e benefício da proposta em relação às opções funcionalmente equivalentes","Viviane Kawashima","2","Cabueta(1750474717548x239448712580956160)"
"1752066083139x340036099234594800","3","1741715341881x519750575031320600","Escalabilidade, ou seja, refere-se à capacidade da solução ser reproduzida em grande quantidade e para um número grande de clientes","Viviane Kawashima","3","Cabueta(1750474717548x239448712580956160)"
"1752064981829x718171889047175200","2,92","1741715341881x519750575031320600","O potencial de resolução do problema pela solução proposta e, se for o caso, da provável economia para a administração pública","Viviane Kawashima","3","ALEX MIQUEIAS BARBOSA DE SOUZA(1750474350032x203039135597330430)"
"1752066083139x340036099234594800","3","1741715341881x519750575031320600","Prazo dos entregáveis da solução","Viviane Kawashima","3","Cabueta(1750474717548x239448712580956160)"
"1752064981829x718171889047175200","2,92","1741715341881x519750575031320600","A viabilidade e a maturidade do modelo de negócio da solução","Viviane Kawashima","3","ALEX MIQUEIAS BARBOSA DE SOUZA(1750474350032x203039135597330430)"
"1752064981829x718171889047175200","2,92","1741715341881x519750575031320600","A demonstração comparativa de custo e benefício da proposta em relação às opções funcionalmente equivalentes","Viviane Kawashima","2","ALEX MIQUEIAS BARBOSA DE SOUZA(1750474350032x203039135597330430)"
"1752064981829x718171889047175200","2,92","1741715341881x519750575031320600","Escalabilidade, ou seja, refere-se à capacidade da solução ser reproduzida em grande quantidade e para um número grande de clientes","Viviane Kawashima","4","ALEX MIQUEIAS BARBOSA DE SOUZA(1750474350032x203039135597330430)"
"1752064981829x718171889047175200","2,92","1741715341881x519750575031320600","Tecnologias utilizadas para a solução do desafio","Viviane Kawashima","3","ALEX MIQUEIAS BARBOSA DE SOUZA(1750474350032x203039135597330430)"
"1752064981829x718171889047175200","2,92","1741715341881x519750575031320600","A qualidade da fundamentação, analisando o embasamento e a justificativa da solução proposta pelo aplicante","Viviane Kawashima","3","ALEX MIQUEIAS BARBOSA DE SOUZA(1750474350032x203039135597330430)"
"1752064981829x718171889047175200","2,92","1741715341881x519750575031320600","Prazo dos entregáveis da solução","Viviane Kawashima","1","ALEX MIQUEIAS BARBOSA DE SOUZA(1750474350032x203039135597330430)"
"1752063838752x962531144542453800","3,33","1741715341881x519750575031320600","A viabilidade e a maturidade do modelo de negócio da solução","Viviane Kawashima","3","Cidade Science(1750469093364x881078442918936600)"
"1752063838752x962531144542453800","3,33","1741715341881x519750575031320600","Tecnologias utilizadas para a solução do desafio","Viviane Kawashima","3","Cidade Science(1750469093364x881078442918936600)"
"1752063838752x962531144542453800","3,33","1741715341881x519750575031320600","Escalabilidade, ou seja, refere-se à capacidade da solução ser reproduzida em grande quantidade e para um número grande de clientes","Viviane Kawashima","4","Cidade Science(1750469093364x881078442918936600)"
"1752063838752x962531144542453800","3,33","1741715341881x519750575031320600","A demonstração comparativa de custo e benefício da proposta em relação às opções funcionalmente equivalentes","Viviane Kawashima","3","Cidade Science(1750469093364x881078442918936600)"
"1752063838752x962531144542453800","3,33","1741715341881x519750575031320600","Prazo dos entregáveis da solução","Viviane Kawashima","4","Cidade Science(1750469093364x881078442918936600)"
"1752063838752x962531144542453800","3,33","1741715341881x519750575031320600","A qualidade da fundamentação, analisando o embasamento e a justificativa da solução proposta pelo aplicante","Viviane Kawashima","4","Cidade Science(1750469093364x881078442918936600)"
"1752062493157x498346745188843500","4,58","1741715341881x519750575031320600","O potencial de resolução do problema pela solução proposta e, se for o caso, da provável economia para a administração pública","Viviane Kawashima","4","Manacá Tecnologias Sociais(1750452512570x514699865063161860)"
"1752062493157x498346745188843500","4,58","1741715341881x519750575031320600","A demonstração comparativa de custo e benefício da proposta em relação às opções funcionalmente equivalentes","Viviane Kawashima","5","Manacá Tecnologias Sociais(1750452512570x514699865063161860)"
"1752062493157x498346745188843500","4,58","1741715341881x519750575031320600","Tecnologias utilizadas para a solução do desafio","Viviane Kawashima","5","Manacá Tecnologias Sociais(1750452512570x514699865063161860)"
"1752062493157x498346745188843500","4,58","1741715341881x519750575031320600","A viabilidade e a maturidade do modelo de negócio da solução","Viviane Kawashima","4","Manacá Tecnologias Sociais(1750452512570x514699865063161860)"
"1752063838752x962531144542453800","3,33","1741715341881x519750575031320600","O potencial de resolução do problema pela solução proposta e, se for o caso, da provável economia para a administração pública","Viviane Kawashima","3","Cidade Science(1750469093364x881078442918936600)"
"1752062493157x498346745188843500","4,58","1741715341881x519750575031320600","A qualidade da fundamentação, analisando o embasamento e a justificativa da solução proposta pelo aplicante","Viviane Kawashima","5","Manacá Tecnologias Sociais(1750452512570x514699865063161860)"
"1752062493157x498346745188843500","4,58","1741715341881x519750575031320600","Escalabilidade, ou seja, refere-se à capacidade da solução ser reproduzida em grande quantidade e para um número grande de clientes","Viviane Kawashima","5","Manacá Tecnologias Sociais(1750452512570x514699865063161860)"
"1752060663832x249302708611973120","2,92","1741715341881x519750575031320600","A viabilidade e a maturidade do modelo de negócio da solução","Viviane Kawashima","3","Nozes Geoinformações(1750375622115x563711854504050700)"
"1752060663832x249302708611973120","2,92","1741715341881x519750575031320600","O potencial de resolução do problema pela solução proposta e, se for o caso, da provável economia para a administração pública","Viviane Kawashima","3","Nozes Geoinformações(1750375622115x563711854504050700)"
"1752060663832x249302708611973120","2,92","1741715341881x519750575031320600","Tecnologias utilizadas para a solução do desafio","Viviane Kawashima","3","Nozes Geoinformações(1750375622115x563711854504050700)"
"1752060663832x249302708611973120","2,92","1741715341881x519750575031320600","Escalabilidade, ou seja, refere-se à capacidade da solução ser reproduzida em grande quantidade e para um número grande de clientes","Viviane Kawashima","3","Nozes Geoinformações(1750375622115x563711854504050700)"
"1752060663832x249302708611973120","2,92","1741715341881x519750575031320600","A demonstração comparativa de custo e benefício da proposta em relação às opções funcionalmente equivalentes","Viviane Kawashima","3","Nozes Geoinformações(1750375622115x563711854504050700)"
"1752059540432x676810852683743200","2,08","1741715341881x519750575031320600","O potencial de resolução do problema pela solução proposta e, se for o caso, da provável economia para a administração pública","Viviane Kawashima","3","Fluxo Livre(1747146234140x323187820117884900)"
"1752059540432x676810852683743200","2,08","1741715341881x519750575031320600","A demonstração comparativa de custo e benefício da proposta em relação às opções funcionalmente equivalentes","Viviane Kawashima","1","Fluxo Livre(1747146234140x323187820117884900)"
"1752059540432x676810852683743200","2,08","1741715341881x519750575031320600","Tecnologias utilizadas para a solução do desafio","Viviane Kawashima","2","Fluxo Livre(1747146234140x323187820117884900)"
"1752060663832x249302708611973120","2,92","1741715341881x519750575031320600","Prazo dos entregáveis da solução","Viviane Kawashima","2","Nozes Geoinformações(1750375622115x563711854504050700)"
"1752059540432x676810852683743200","2,08","1741715341881x519750575031320600","A qualidade da fundamentação, analisando o embasamento e a justificativa da solução proposta pelo aplicante","Viviane Kawashima","2","Fluxo Livre(1747146234140x323187820117884900)"
"1752060663832x249302708611973120","2,92","1741715341881x519750575031320600","A qualidade da fundamentação, analisando o embasamento e a justificativa da solução proposta pelo aplicante","Viviane Kawashima","3","Nozes Geoinformações(1750375622115x563711854504050700)"
"1752059540432x676810852683743200","2,08","1741715341881x519750575031320600","Escalabilidade, ou seja, refere-se à capacidade da solução ser reproduzida em grande quantidade e para um número grande de clientes","Viviane Kawashima","2","Fluxo Livre(1747146234140x323187820117884900)"
"1752059540432x676810852683743200","2,08","1741715341881x519750575031320600","Prazo dos entregáveis da solução","Viviane Kawashima","1","Fluxo Livre(1747146234140x323187820117884900)"
"1752058083857x406726956637749250","3,58","1741715341881x519750575031320600","A viabilidade e a maturidade do modelo de negócio da solução","Viviane Kawashima","4","Gilsoni Albino, Eloi Ronnau(1750296316999x874523258798211100)"
"1752058083857x406726956637749250","3,58","1741715341881x519750575031320600","O potencial de resolução do problema pela solução proposta e, se for o caso, da provável economia para a administração pública","Viviane Kawashima","4","Gilsoni Albino, Eloi Ronnau(1750296316999x874523258798211100)"
"1752058083857x406726956637749250","3,58","1741715341881x519750575031320600","Escalabilidade, ou seja, refere-se à capacidade da solução ser reproduzida em grande quantidade e para um número grande de clientes","Viviane Kawashima","4","Gilsoni Albino, Eloi Ronnau(1750296316999x874523258798211100)"
"1752058083857x406726956637749250","3,58","1741715341881x519750575031320600","A demonstração comparativa de custo e benefício da proposta em relação às opções funcionalmente equivalentes","Viviane Kawashima","3","Gilsoni Albino, Eloi Ronnau(1750296316999x874523258798211100)"
"1752059540432x676810852683743200","2,08","1741715341881x519750575031320600","A viabilidade e a maturidade do modelo de negócio da solução","Viviane Kawashima","2","Fluxo Livre(1747146234140x323187820117884900)"
"1752058083857x406726956637749250","3,58","1741715341881x519750575031320600","A qualidade da fundamentação, analisando o embasamento e a justificativa da solução proposta pelo aplicante","Viviane Kawashima","3","Gilsoni Albino, Eloi Ronnau(1750296316999x874523258798211100)"
"1752058083857x406726956637749250","3,58","1741715341881x519750575031320600","Tecnologias utilizadas para a solução do desafio","Viviane Kawashima","4","Gilsoni Albino, Eloi Ronnau(1750296316999x874523258798211100)"
"1752058083857x406726956637749250","3,58","1741715341881x519750575031320600","Prazo dos entregáveis da solução","Viviane Kawashima","1","Gilsoni Albino, Eloi Ronnau(1750296316999x874523258798211100)"
"1752056683739x246677696758939650","1","1741715341881x519750575031320600","O potencial de resolução do problema pela solução proposta e, se for o caso, da provável economia para a administração pública","Viviane Kawashima","1","MIT SOLUÇÕES(1750279581521x145867723460575230)"
"1752056683739x246677696758939650","1","1741715341881x519750575031320600","A demonstração comparativa de custo e benefício da proposta em relação às opções funcionalmente equivalentes","Viviane Kawashima","1","MIT SOLUÇÕES(1750279581521x145867723460575230)"
"1752056683739x246677696758939650","1","1741715341881x519750575031320600","Tecnologias utilizadas para a solução do desafio","Viviane Kawashima","1","MIT SOLUÇÕES(1750279581521x145867723460575230)"
"1752056683739x246677696758939650","1","1741715341881x519750575031320600","Prazo dos entregáveis da solução","Viviane Kawashima","1","MIT SOLUÇÕES(1750279581521x145867723460575230)"
"1752056683739x246677696758939650","1","1741715341881x519750575031320600","Escalabilidade, ou seja, refere-se à capacidade da solução ser reproduzida em grande quantidade e para um número grande de clientes","Viviane Kawashima","1","MIT SOLUÇÕES(1750279581521x145867723460575230)"
"1752062493157x498346745188843500","4,58","1741715341881x519750575031320600","Prazo dos entregáveis da solução","Viviane Kawashima","5","Manacá Tecnologias Sociais(1750452512570x514699865063161860)"
"1752055910849x616773548507398100","2,17","1741715341881x519750575031320600","A demonstração comparativa de custo e benefício da proposta em relação às opções funcionalmente equivalentes","Viviane Kawashima","2","TrackMe(1747344947024x807521408212533200)"
"1752055910849x616773548507398100","2,17","1741715341881x519750575031320600","Tecnologias utilizadas para a solução do desafio","Viviane Kawashima","3","TrackMe(1747344947024x807521408212533200)"
"1752055910849x616773548507398100","2,17","1741715341881x519750575031320600","Escalabilidade, ou seja, refere-se à capacidade da solução ser reproduzida em grande quantidade e para um número grande de clientes","Viviane Kawashima","2","TrackMe(1747344947024x807521408212533200)"
"1752055910849x616773548507398100","2,17","1741715341881x519750575031320600","O potencial de resolução do problema pela solução proposta e, se for o caso, da provável economia para a administração pública","Viviane Kawashima","2","TrackMe(1747344947024x807521408212533200)"
"1752056683739x246677696758939650","1","1741715341881x519750575031320600","A qualidade da fundamentação, analisando o embasamento e a justificativa da solução proposta pelo aplicante","Viviane Kawashima","1","MIT SOLUÇÕES(1750279581521x145867723460575230)"
"1752055910849x616773548507398100","2,17","1741715341881x519750575031320600","A viabilidade e a maturidade do modelo de negócio da solução","Viviane Kawashima","2","TrackMe(1747344947024x807521408212533200)"
"1752055910849x616773548507398100","2,17","1741715341881x519750575031320600","A qualidade da fundamentação, analisando o embasamento e a justificativa da solução proposta pelo aplicante","Viviane Kawashima","2","TrackMe(1747344947024x807521408212533200)"
"1752031502032x209446299548516350","3,25","1741715341881x519750575031320600","O potencial de resolução do problema pela solução proposta e, se for o caso, da provável economia para a administração pública","Viviane Kawashima","3","RaiiF(1747181037225x426954338790801400)"
"1752031502032x209446299548516350","3,25","1741715341881x519750575031320600","A viabilidade e a maturidade do modelo de negócio da solução","Viviane Kawashima","4","RaiiF(1747181037225x426954338790801400)"
"1752031502032x209446299548516350","3,25","1741715341881x519750575031320600","Tecnologias utilizadas para a solução do desafio","Viviane Kawashima","4","RaiiF(1747181037225x426954338790801400)"
"1752056683739x246677696758939650","1","1741715341881x519750575031320600","A viabilidade e a maturidade do modelo de negócio da solução","Viviane Kawashima","1","MIT SOLUÇÕES(1750279581521x145867723460575230)"
"1752031502032x209446299548516350","3,25","1741715341881x519750575031320600","Escalabilidade, ou seja, refere-se à capacidade da solução ser reproduzida em grande quantidade e para um número grande de clientes","Viviane Kawashima","4","RaiiF(1747181037225x426954338790801400)"
"1752055910849x616773548507398100","2,17","1741715341881x519750575031320600","Prazo dos entregáveis da solução","Viviane Kawashima","2","TrackMe(1747344947024x807521408212533200)"
"1752031502032x209446299548516350","3,25","1741715341881x519750575031320600","A demonstração comparativa de custo e benefício da proposta em relação às opções funcionalmente equivalentes","Viviane Kawashima","1","RaiiF(1747181037225x426954338790801400)"
"1752031502032x209446299548516350","3,25","1741715341881x519750575031320600","A qualidade da fundamentação, analisando o embasamento e a justificativa da solução proposta pelo aplicante","Viviane Kawashima","4","RaiiF(1747181037225x426954338790801400)"
"1752031502032x209446299548516350","3,25","1741715341881x519750575031320600","Prazo dos entregáveis da solução","Viviane Kawashima","1","RaiiF(1747181037225x426954338790801400)"
"1752031392078x399953901915996160","2,67","1741715341881x519750575031320600","A viabilidade e a maturidade do modelo de negócio da solução","DIOGO HENRIQUE FERNANDES DA PAZ","2","Radar Lixo Zero(1746941035333x838644430649426000)"
"1752031392078x399953901915996160","2,67","1741715341881x519750575031320600","Tecnologias utilizadas para a solução do desafio","DIOGO HENRIQUE FERNANDES DA PAZ","2","Radar Lixo Zero(1746941035333x838644430649426000)"
"1752031392078x399953901915996160","2,67","1741715341881x519750575031320600","O potencial de resolução do problema pela solução proposta e, se for o caso, da provável economia para a administração pública","DIOGO HENRIQUE FERNANDES DA PAZ","3","Radar Lixo Zero(1746941035333x838644430649426000)"
"1752031392078x399953901915996160","2,67","1741715341881x519750575031320600","Escalabilidade, ou seja, refere-se à capacidade da solução ser reproduzida em grande quantidade e para um número grande de clientes","DIOGO HENRIQUE FERNANDES DA PAZ","3","Radar Lixo Zero(1746941035333x838644430649426000)"
"1752031392078x399953901915996160","2,67","1741715341881x519750575031320600","A demonstração comparativa de custo e benefício da proposta em relação às opções funcionalmente equivalentes","DIOGO HENRIQUE FERNANDES DA PAZ","3","Radar Lixo Zero(1746941035333x838644430649426000)"
"1752031321507x549964274260508700","1","1741715341881x519750575031320600","O potencial de resolução do problema pela solução proposta e, se for o caso, da provável economia para a administração pública","DIOGO HENRIQUE FERNANDES DA PAZ","1","Fluxo Livre(1747146234140x323187820117884900)"
"1752031321507x549964274260508700","1","1741715341881x519750575031320600","A viabilidade e a maturidade do modelo de negócio da solução","DIOGO HENRIQUE FERNANDES DA PAZ","1","Fluxo Livre(1747146234140x323187820117884900)"
"1752031392078x399953901915996160","2,67","1741715341881x519750575031320600","Prazo dos entregáveis da solução","DIOGO HENRIQUE FERNANDES DA PAZ","3","Radar Lixo Zero(1746941035333x838644430649426000)"
"1752031392078x399953901915996160","2,67","1741715341881x519750575031320600","A qualidade da fundamentação, analisando o embasamento e a justificativa da solução proposta pelo aplicante","DIOGO HENRIQUE FERNANDES DA PAZ","3","Radar Lixo Zero(1746941035333x838644430649426000)"
"1752031321507x549964274260508700","1","1741715341881x519750575031320600","Tecnologias utilizadas para a solução do desafio","DIOGO HENRIQUE FERNANDES DA PAZ","1","Fluxo Livre(1747146234140x323187820117884900)"
"1752031321507x549964274260508700","1","1741715341881x519750575031320600","Escalabilidade, ou seja, refere-se à capacidade da solução ser reproduzida em grande quantidade e para um número grande de clientes","DIOGO HENRIQUE FERNANDES DA PAZ","1","Fluxo Livre(1747146234140x323187820117884900)"
"1752031116673x567943228050898940","3,75","1741715341881x519750575031320600","A demonstração comparativa de custo e benefício da proposta em relação às opções funcionalmente equivalentes","DIOGO HENRIQUE FERNANDES DA PAZ","4","QUALIPORT(1749432185417x683882622927503400)"
"1752031116673x567943228050898940","3,75","1741715341881x519750575031320600","O potencial de resolução do problema pela solução proposta e, se for o caso, da provável economia para a administração pública","DIOGO HENRIQUE FERNANDES DA PAZ","3","QUALIPORT(1749432185417x683882622927503400)"
"1752028798559x118547827454115840","2,83","1741715341881x519750575031320600","Prazo dos entregáveis da solução","DIOGO HENRIQUE FERNANDES DA PAZ","3","seuzeh(1746021667074x722393361191796700)"
"1752031116673x567943228050898940","3,75","1741715341881x519750575031320600","Tecnologias utilizadas para a solução do desafio","DIOGO HENRIQUE FERNANDES DA PAZ","4","QUALIPORT(1749432185417x683882622927503400)"
"1752031116673x567943228050898940","3,75","1741715341881x519750575031320600","A viabilidade e a maturidade do modelo de negócio da solução","DIOGO HENRIQUE FERNANDES DA PAZ","4","QUALIPORT(1749432185417x683882622927503400)"
"1752031116673x567943228050898940","3,75","1741715341881x519750575031320600","Escalabilidade, ou seja, refere-se à capacidade da solução ser reproduzida em grande quantidade e para um número grande de clientes","DIOGO HENRIQUE FERNANDES DA PAZ","4","QUALIPORT(1749432185417x683882622927503400)"
"1752031321507x549964274260508700","1","1741715341881x519750575031320600","A qualidade da fundamentação, analisando o embasamento e a justificativa da solução proposta pelo aplicante","DIOGO HENRIQUE FERNANDES DA PAZ","1","Fluxo Livre(1747146234140x323187820117884900)"
"1752031116673x567943228050898940","3,75","1741715341881x519750575031320600","A qualidade da fundamentação, analisando o embasamento e a justificativa da solução proposta pelo aplicante","DIOGO HENRIQUE FERNANDES DA PAZ","4","QUALIPORT(1749432185417x683882622927503400)"
"1752031321507x549964274260508700","1","1741715341881x519750575031320600","A demonstração comparativa de custo e benefício da proposta em relação às opções funcionalmente equivalentes","DIOGO HENRIQUE FERNANDES DA PAZ","1","Fluxo Livre(1747146234140x323187820117884900)"
"1752031116673x567943228050898940","3,75","1741715341881x519750575031320600","Prazo dos entregáveis da solução","DIOGO HENRIQUE FERNANDES DA PAZ","4","QUALIPORT(1749432185417x683882622927503400)"
"1752028798559x118547827454115840","2,83","1741715341881x519750575031320600","A qualidade da fundamentação, analisando o embasamento e a justificativa da solução proposta pelo aplicante","DIOGO HENRIQUE FERNANDES DA PAZ","4","seuzeh(1746021667074x722393361191796700)"
"1752030978149x780489842303959000","4","1741715341881x519750575031320600","O potencial de resolução do problema pela solução proposta e, se for o caso, da provável economia para a administração pública","DIOGO HENRIQUE FERNANDES DA PAZ","4","Gilsoni Albino, Eloi Ronnau(1750296316999x874523258798211100)"
"1752030978149x780489842303959000","4","1741715341881x519750575031320600","Tecnologias utilizadas para a solução do desafio","DIOGO HENRIQUE FERNANDES DA PAZ","4","Gilsoni Albino, Eloi Ronnau(1750296316999x874523258798211100)"
"1752030978149x780489842303959000","4","1741715341881x519750575031320600","Prazo dos entregáveis da solução","DIOGO HENRIQUE FERNANDES DA PAZ","4","Gilsoni Albino, Eloi Ronnau(1750296316999x874523258798211100)"
"1752030978149x780489842303959000","4","1741715341881x519750575031320600","A demonstração comparativa de custo e benefício da proposta em relação às opções funcionalmente equivalentes","DIOGO HENRIQUE FERNANDES DA PAZ","4","Gilsoni Albino, Eloi Ronnau(1750296316999x874523258798211100)"
"1752030978149x780489842303959000","4","1741715341881x519750575031320600","A qualidade da fundamentação, analisando o embasamento e a justificativa da solução proposta pelo aplicante","DIOGO HENRIQUE FERNANDES DA PAZ","4","Gilsoni Albino, Eloi Ronnau(1750296316999x874523258798211100)"
"1752030978149x780489842303959000","4","1741715341881x519750575031320600","Escalabilidade, ou seja, refere-se à capacidade da solução ser reproduzida em grande quantidade e para um número grande de clientes","DIOGO HENRIQUE FERNANDES DA PAZ","4","Gilsoni Albino, Eloi Ronnau(1750296316999x874523258798211100)"
"1752030838373x310739447235477500","3,25","1741715341881x519750575031320600","O potencial de resolução do problema pela solução proposta e, se for o caso, da provável economia para a administração pública","DIOGO HENRIQUE FERNANDES DA PAZ","3","Nozes Geoinformações(1750375622115x563711854504050700)"
"1752031321507x549964274260508700","1","1741715341881x519750575031320600","Prazo dos entregáveis da solução","DIOGO HENRIQUE FERNANDES DA PAZ","1","Fluxo Livre(1747146234140x323187820117884900)"
"1752030978149x780489842303959000","4","1741715341881x519750575031320600","A viabilidade e a maturidade do modelo de negócio da solução","DIOGO HENRIQUE FERNANDES DA PAZ","4","Gilsoni Albino, Eloi Ronnau(1750296316999x874523258798211100)"
"1752030838373x310739447235477500","3,25","1741715341881x519750575031320600","A viabilidade e a maturidade do modelo de negócio da solução","DIOGO HENRIQUE FERNANDES DA PAZ","4","Nozes Geoinformações(1750375622115x563711854504050700)"
"1751945636255x926377292107612200","1,5","1741715341881x519750575031320600","Prazo dos entregáveis da solução","Viviane Kawashima","1","Eng Inova(1743340516550x123872810449502200)"
"1751945636255x926377292107612200","1,5","1741715341881x519750575031320600","Escalabilidade, ou seja, refere-se à capacidade da solução ser reproduzida em grande quantidade e para um número grande de clientes","Viviane Kawashima","2","Eng Inova(1743340516550x123872810449502200)"
"1751945636255x926377292107612200","1,5","1741715341881x519750575031320600","A qualidade da fundamentação, analisando o embasamento e a justificativa da solução proposta pelo aplicante","Viviane Kawashima","2","Eng Inova(1743340516550x123872810449502200)"
"1752030838373x310739447235477500","3,25","1741715341881x519750575031320600","Tecnologias utilizadas para a solução do desafio","DIOGO HENRIQUE FERNANDES DA PAZ","3","Nozes Geoinformações(1750375622115x563711854504050700)"
"1752030838373x310739447235477500","3,25","1741715341881x519750575031320600","A qualidade da fundamentação, analisando o embasamento e a justificativa da solução proposta pelo aplicante","DIOGO HENRIQUE FERNANDES DA PAZ","4","Nozes Geoinformações(1750375622115x563711854504050700)"
"1752030838373x310739447235477500","3,25","1741715341881x519750575031320600","A demonstração comparativa de custo e benefício da proposta em relação às opções funcionalmente equivalentes","DIOGO HENRIQUE FERNANDES DA PAZ","4","Nozes Geoinformações(1750375622115x563711854504050700)"
"1752030838373x310739447235477500","3,25","1741715341881x519750575031320600","Prazo dos entregáveis da solução","DIOGO HENRIQUE FERNANDES DA PAZ","4","Nozes Geoinformações(1750375622115x563711854504050700)"
"1752030720493x598351736703549400","4","1741715341881x519750575031320600","A viabilidade e a maturidade do modelo de negócio da solução","DIOGO HENRIQUE FERNANDES DA PAZ","4","Manacá Tecnologias Sociais(1750452512570x514699865063161860)"
"1752030720493x598351736703549400","4","1741715341881x519750575031320600","O potencial de resolução do problema pela solução proposta e, se for o caso, da provável economia para a administração pública","DIOGO HENRIQUE FERNANDES DA PAZ","4","Manacá Tecnologias Sociais(1750452512570x514699865063161860)"
"1752030838373x310739447235477500","3,25","1741715341881x519750575031320600","Escalabilidade, ou seja, refere-se à capacidade da solução ser reproduzida em grande quantidade e para um número grande de clientes","DIOGO HENRIQUE FERNANDES DA PAZ","2","Nozes Geoinformações(1750375622115x563711854504050700)"
"1752030720493x598351736703549400","4","1741715341881x519750575031320600","A demonstração comparativa de custo e benefício da proposta em relação às opções funcionalmente equivalentes","DIOGO HENRIQUE FERNANDES DA PAZ","4","Manacá Tecnologias Sociais(1750452512570x514699865063161860)"
"1752030720493x598351736703549400","4","1741715341881x519750575031320600","Tecnologias utilizadas para a solução do desafio","DIOGO HENRIQUE FERNANDES DA PAZ","4","Manacá Tecnologias Sociais(1750452512570x514699865063161860)"
"1752030720493x598351736703549400","4","1741715341881x519750575031320600","A qualidade da fundamentação, analisando o embasamento e a justificativa da solução proposta pelo aplicante","DIOGO HENRIQUE FERNANDES DA PAZ","4","Manacá Tecnologias Sociais(1750452512570x514699865063161860)"
"1752030720493x598351736703549400","4","1741715341881x519750575031320600","Prazo dos entregáveis da solução","DIOGO HENRIQUE FERNANDES DA PAZ","4","Manacá Tecnologias Sociais(1750452512570x514699865063161860)"
"1752030435664x388179031243620350","2,33","1741715341881x519750575031320600","O potencial de resolução do problema pela solução proposta e, se for o caso, da provável economia para a administração pública","DIOGO HENRIQUE FERNANDES DA PAZ","2","TrackMe(1747344947024x807521408212533200)"
"1752030435664x388179031243620350","2,33","1741715341881x519750575031320600","Escalabilidade, ou seja, refere-se à capacidade da solução ser reproduzida em grande quantidade e para um número grande de clientes","DIOGO HENRIQUE FERNANDES DA PAZ","2","TrackMe(1747344947024x807521408212533200)"
"1752030435664x388179031243620350","2,33","1741715341881x519750575031320600","A demonstração comparativa de custo e benefício da proposta em relação às opções funcionalmente equivalentes","DIOGO HENRIQUE FERNANDES DA PAZ","2","TrackMe(1747344947024x807521408212533200)"
"1752030435664x388179031243620350","2,33","1741715341881x519750575031320600","A viabilidade e a maturidade do modelo de negócio da solução","DIOGO HENRIQUE FERNANDES DA PAZ","2","TrackMe(1747344947024x807521408212533200)"
"1752030435664x388179031243620350","2,33","1741715341881x519750575031320600","Tecnologias utilizadas para a solução do desafio","DIOGO HENRIQUE FERNANDES DA PAZ","3","TrackMe(1747344947024x807521408212533200)"
"1752030275705x893661165090242600","1,67","1741715341881x519750575031320600","A viabilidade e a maturidade do modelo de negócio da solução","DIOGO HENRIQUE FERNANDES DA PAZ","1","Green Minot(1746474917318x165412545582333950)"
"1752030435664x388179031243620350","2,33","1741715341881x519750575031320600","Prazo dos entregáveis da solução","DIOGO HENRIQUE FERNANDES DA PAZ","3","TrackMe(1747344947024x807521408212533200)"
"1752030275705x893661165090242600","1,67","1741715341881x519750575031320600","O potencial de resolução do problema pela solução proposta e, se for o caso, da provável economia para a administração pública","DIOGO HENRIQUE FERNANDES DA PAZ","2","Green Minot(1746474917318x165412545582333950)"
"1752030275705x893661165090242600","1,67","1741715341881x519750575031320600","A demonstração comparativa de custo e benefício da proposta em relação às opções funcionalmente equivalentes","DIOGO HENRIQUE FERNANDES DA PAZ","2","Green Minot(1746474917318x165412545582333950)"
"1752030275705x893661165090242600","1,67","1741715341881x519750575031320600","Tecnologias utilizadas para a solução do desafio","DIOGO HENRIQUE FERNANDES DA PAZ","2","Green Minot(1746474917318x165412545582333950)"
"1752030275705x893661165090242600","1,67","1741715341881x519750575031320600","Prazo dos entregáveis da solução","DIOGO HENRIQUE FERNANDES DA PAZ","1","Green Minot(1746474917318x165412545582333950)"
"1752030720493x598351736703549400","4","1741715341881x519750575031320600","Escalabilidade, ou seja, refere-se à capacidade da solução ser reproduzida em grande quantidade e para um número grande de clientes","DIOGO HENRIQUE FERNANDES DA PAZ","4","Manacá Tecnologias Sociais(1750452512570x514699865063161860)"
"1752030275705x893661165090242600","1,67","1741715341881x519750575031320600","Escalabilidade, ou seja, refere-se à capacidade da solução ser reproduzida em grande quantidade e para um número grande de clientes","DIOGO HENRIQUE FERNANDES DA PAZ","2","Green Minot(1746474917318x165412545582333950)"
"1752030435664x388179031243620350","2,33","1741715341881x519750575031320600","A qualidade da fundamentação, analisando o embasamento e a justificativa da solução proposta pelo aplicante","DIOGO HENRIQUE FERNANDES DA PAZ","3","TrackMe(1747344947024x807521408212533200)"
"1752030275705x893661165090242600","1,67","1741715341881x519750575031320600","A qualidade da fundamentação, analisando o embasamento e a justificativa da solução proposta pelo aplicante","DIOGO HENRIQUE FERNANDES DA PAZ","1","Green Minot(1746474917318x165412545582333950)"
"1752030048627x144206996589772800","2,42","1741715341881x519750575031320600","O potencial de resolução do problema pela solução proposta e, se for o caso, da provável economia para a administração pública","DIOGO HENRIQUE FERNANDES DA PAZ","3","LidEye(1744397193212x857900192720486400)"
"1752030048627x144206996589772800","2,42","1741715341881x519750575031320600","A viabilidade e a maturidade do modelo de negócio da solução","DIOGO HENRIQUE FERNANDES DA PAZ","2","LidEye(1744397193212x857900192720486400)"
"1752030048627x144206996589772800","2,42","1741715341881x519750575031320600","Tecnologias utilizadas para a solução do desafio","DIOGO HENRIQUE FERNANDES DA PAZ","3","LidEye(1744397193212x857900192720486400)"
"1752030048627x144206996589772800","2,42","1741715341881x519750575031320600","A demonstração comparativa de custo e benefício da proposta em relação às opções funcionalmente equivalentes","DIOGO HENRIQUE FERNANDES DA PAZ","1","LidEye(1744397193212x857900192720486400)"
"1752030048627x144206996589772800","2,42","1741715341881x519750575031320600","Escalabilidade, ou seja, refere-se à capacidade da solução ser reproduzida em grande quantidade e para um número grande de clientes","DIOGO HENRIQUE FERNANDES DA PAZ","2","LidEye(1744397193212x857900192720486400)"
"1752030048627x144206996589772800","2,42","1741715341881x519750575031320600","A qualidade da fundamentação, analisando o embasamento e a justificativa da solução proposta pelo aplicante","DIOGO HENRIQUE FERNANDES DA PAZ","3","LidEye(1744397193212x857900192720486400)"
"1752029957875x228063010458697730","1,17","1741715341881x519750575031320600","A viabilidade e a maturidade do modelo de negócio da solução","DIOGO HENRIQUE FERNANDES DA PAZ","1","ECOEDUCA(1743893027408x819035914347741200)"
"1752029957875x228063010458697730","1,17","1741715341881x519750575031320600","O potencial de resolução do problema pela solução proposta e, se for o caso, da provável economia para a administração pública","DIOGO HENRIQUE FERNANDES DA PAZ","1","ECOEDUCA(1743893027408x819035914347741200)"
"1752029957875x228063010458697730","1,17","1741715341881x519750575031320600","Tecnologias utilizadas para a solução do desafio","DIOGO HENRIQUE FERNANDES DA PAZ","1","ECOEDUCA(1743893027408x819035914347741200)"
"1752029957875x228063010458697730","1,17","1741715341881x519750575031320600","A qualidade da fundamentação, analisando o embasamento e a justificativa da solução proposta pelo aplicante","DIOGO HENRIQUE FERNANDES DA PAZ","2","ECOEDUCA(1743893027408x819035914347741200)"
"1752029957875x228063010458697730","1,17","1741715341881x519750575031320600","Prazo dos entregáveis da solução","DIOGO HENRIQUE FERNANDES DA PAZ","2","ECOEDUCA(1743893027408x819035914347741200)"
"1752030048627x144206996589772800","2,42","1741715341881x519750575031320600","Prazo dos entregáveis da solução","DIOGO HENRIQUE FERNANDES DA PAZ","2","LidEye(1744397193212x857900192720486400)"
"1752029957875x228063010458697730","1,17","1741715341881x519750575031320600","Escalabilidade, ou seja, refere-se à capacidade da solução ser reproduzida em grande quantidade e para um número grande de clientes","DIOGO HENRIQUE FERNANDES DA PAZ","1","ECOEDUCA(1743893027408x819035914347741200)"
"1752029826075x290355126027419650","1","1741715341881x519750575031320600","O potencial de resolução do problema pela solução proposta e, se for o caso, da provável economia para a administração pública","DIOGO HENRIQUE FERNANDES DA PAZ","1","EcoSenso (1742767875585x681211700468252700)"
"1752029957875x228063010458697730","1,17","1741715341881x519750575031320600","A demonstração comparativa de custo e benefício da proposta em relação às opções funcionalmente equivalentes","DIOGO HENRIQUE FERNANDES DA PAZ","1","ECOEDUCA(1743893027408x819035914347741200)"
"1752029826075x290355126027419650","1","1741715341881x519750575031320600","A viabilidade e a maturidade do modelo de negócio da solução","DIOGO HENRIQUE FERNANDES DA PAZ","1","EcoSenso (1742767875585x681211700468252700)"
"1752029826075x290355126027419650","1","1741715341881x519750575031320600","Tecnologias utilizadas para a solução do desafio","DIOGO HENRIQUE FERNANDES DA PAZ","1","EcoSenso (1742767875585x681211700468252700)"
"1752029826075x290355126027419650","1","1741715341881x519750575031320600","A demonstração comparativa de custo e benefício da proposta em relação às opções funcionalmente equivalentes","DIOGO HENRIQUE FERNANDES DA PAZ","1","EcoSenso (1742767875585x681211700468252700)"
"1752029826075x290355126027419650","1","1741715341881x519750575031320600","Escalabilidade, ou seja, refere-se à capacidade da solução ser reproduzida em grande quantidade e para um número grande de clientes","DIOGO HENRIQUE FERNANDES DA PAZ","1","EcoSenso (1742767875585x681211700468252700)"
"1752029826075x290355126027419650","1","1741715341881x519750575031320600","A qualidade da fundamentação, analisando o embasamento e a justificativa da solução proposta pelo aplicante","DIOGO HENRIQUE FERNANDES DA PAZ","1","EcoSenso (1742767875585x681211700468252700)"
"1752029749478x561879327739478000","1","1741715341881x519750575031320600","O potencial de resolução do problema pela solução proposta e, se for o caso, da provável economia para a administração pública","DIOGO HENRIQUE FERNANDES DA PAZ","1","equipe 4 (inovação a engenharia)(1742423428232x561693473329643500)"
"1752029826075x290355126027419650","1","1741715341881x519750575031320600","Prazo dos entregáveis da solução","DIOGO HENRIQUE FERNANDES DA PAZ","1","EcoSenso (1742767875585x681211700468252700)"
"1752029749478x561879327739478000","1","1741715341881x519750575031320600","Escalabilidade, ou seja, refere-se à capacidade da solução ser reproduzida em grande quantidade e para um número grande de clientes","DIOGO HENRIQUE FERNANDES DA PAZ","1","equipe 4 (inovação a engenharia)(1742423428232x561693473329643500)"
"1752029749478x561879327739478000","1","1741715341881x519750575031320600","A viabilidade e a maturidade do modelo de negócio da solução","DIOGO HENRIQUE FERNANDES DA PAZ","1","equipe 4 (inovação a engenharia)(1742423428232x561693473329643500)"
"1752029749478x561879327739478000","1","1741715341881x519750575031320600","Tecnologias utilizadas para a solução do desafio","DIOGO HENRIQUE FERNANDES DA PAZ","1","equipe 4 (inovação a engenharia)(1742423428232x561693473329643500)"
"1752029749478x561879327739478000","1","1741715341881x519750575031320600","A demonstração comparativa de custo e benefício da proposta em relação às opções funcionalmente equivalentes","DIOGO HENRIQUE FERNANDES DA PAZ","1","equipe 4 (inovação a engenharia)(1742423428232x561693473329643500)"
"1752029655952x355426085889376260","2,67","1741715341881x519750575031320600","O potencial de resolução do problema pela solução proposta e, se for o caso, da provável economia para a administração pública","Viviane Kawashima","2","Radar Lixo Zero(1746941035333x838644430649426000)"
"1751920819695x664752483929948200","3,75","1741715341881x519750575031320600","A viabilidade e a maturidade do modelo de negócio da solução","ANDRÉ LUIZ GALINDO DE BRITO","4","Cabueta(1750474717548x239448712580956160)"
"1752029655952x355426085889376260","2,67","1741715341881x519750575031320600","Tecnologias utilizadas para a solução do desafio","Viviane Kawashima","2","Radar Lixo Zero(1746941035333x838644430649426000)"
"1751920819695x664752483929948200","3,75","1741715341881x519750575031320600","O potencial de resolução do problema pela solução proposta e, se for o caso, da provável economia para a administração pública","ANDRÉ LUIZ GALINDO DE BRITO","2","Cabueta(1750474717548x239448712580956160)"
"1752029655952x355426085889376260","2,67","1741715341881x519750575031320600","Escalabilidade, ou seja, refere-se à capacidade da solução ser reproduzida em grande quantidade e para um número grande de clientes","Viviane Kawashima","4","Radar Lixo Zero(1746941035333x838644430649426000)"
"1752029749478x561879327739478000","1","1741715341881x519750575031320600","A qualidade da fundamentação, analisando o embasamento e a justificativa da solução proposta pelo aplicante","DIOGO HENRIQUE FERNANDES DA PAZ","1","equipe 4 (inovação a engenharia)(1742423428232x561693473329643500)"
"1751920819695x664752483929948200","3,75","1741715341881x519750575031320600","Tecnologias utilizadas para a solução do desafio","ANDRÉ LUIZ GALINDO DE BRITO","4","Cabueta(1750474717548x239448712580956160)"
"1751920819695x664752483929948200","3,75","1741715341881x519750575031320600","A demonstração comparativa de custo e benefício da proposta em relação às opções funcionalmente equivalentes","ANDRÉ LUIZ GALINDO DE BRITO","4","Cabueta(1750474717548x239448712580956160)"
"1752029651647x621837622657679400","1","1741715341881x519750575031320600","A viabilidade e a maturidade do modelo de negócio da solução","DIOGO HENRIQUE FERNANDES DA PAZ","1","Ecoboard (1742396587841x346059140321247200)"
"1752029655952x355426085889376260","2,67","1741715341881x519750575031320600","A viabilidade e a maturidade do modelo de negócio da solução","Viviane Kawashima","3","Radar Lixo Zero(1746941035333x838644430649426000)"
"1752029655952x355426085889376260","2,67","1741715341881x519750575031320600","Prazo dos entregáveis da solução","Viviane Kawashima","4","Radar Lixo Zero(1746941035333x838644430649426000)"
"1752029651647x621837622657679400","1","1741715341881x519750575031320600","O potencial de resolução do problema pela solução proposta e, se for o caso, da provável economia para a administração pública","DIOGO HENRIQUE FERNANDES DA PAZ","1","Ecoboard (1742396587841x346059140321247200)"
"1752029655952x355426085889376260","2,67","1741715341881x519750575031320600","A qualidade da fundamentação, analisando o embasamento e a justificativa da solução proposta pelo aplicante","Viviane Kawashima","2","Radar Lixo Zero(1746941035333x838644430649426000)"
"1752029651647x621837622657679400","1","1741715341881x519750575031320600","A demonstração comparativa de custo e benefício da proposta em relação às opções funcionalmente equivalentes","DIOGO HENRIQUE FERNANDES DA PAZ","1","Ecoboard (1742396587841x346059140321247200)"
"1752029651647x621837622657679400","1","1741715341881x519750575031320600","Tecnologias utilizadas para a solução do desafio","DIOGO HENRIQUE FERNANDES DA PAZ","1","Ecoboard (1742396587841x346059140321247200)"
"1752029651647x621837622657679400","1","1741715341881x519750575031320600","Escalabilidade, ou seja, refere-se à capacidade da solução ser reproduzida em grande quantidade e para um número grande de clientes","DIOGO HENRIQUE FERNANDES DA PAZ","1","Ecoboard (1742396587841x346059140321247200)"
"1752029655952x355426085889376260","2,67","1741715341881x519750575031320600","A demonstração comparativa de custo e benefício da proposta em relação às opções funcionalmente equivalentes","Viviane Kawashima","2","Radar Lixo Zero(1746941035333x838644430649426000)"
"1752029651647x621837622657679400","1","1741715341881x519750575031320600","A qualidade da fundamentação, analisando o embasamento e a justificativa da solução proposta pelo aplicante","DIOGO HENRIQUE FERNANDES DA PAZ","1","Ecoboard (1742396587841x346059140321247200)"
"1752029651647x621837622657679400","1","1741715341881x519750575031320600","Prazo dos entregáveis da solução","DIOGO HENRIQUE FERNANDES DA PAZ","1","Ecoboard (1742396587841x346059140321247200)"
"1752029749478x561879327739478000","1","1741715341881x519750575031320600","Prazo dos entregáveis da solução","DIOGO HENRIQUE FERNANDES DA PAZ","1","equipe 4 (inovação a engenharia)(1742423428232x561693473329643500)"
"1752029585806x306616258069266400","3,58","1741715341881x519750575031320600","A viabilidade e a maturidade do modelo de negócio da solução","DIOGO HENRIQUE FERNANDES DA PAZ","4","ALEX MIQUEIAS BARBOSA DE SOUZA(1750474350032x203039135597330430)"
"1752029585806x306616258069266400","3,58","1741715341881x519750575031320600","O potencial de resolução do problema pela solução proposta e, se for o caso, da provável economia para a administração pública","DIOGO HENRIQUE FERNANDES DA PAZ","4","ALEX MIQUEIAS BARBOSA DE SOUZA(1750474350032x203039135597330430)"
"1752029585806x306616258069266400","3,58","1741715341881x519750575031320600","Escalabilidade, ou seja, refere-se à capacidade da solução ser reproduzida em grande quantidade e para um número grande de clientes","DIOGO HENRIQUE FERNANDES DA PAZ","3","ALEX MIQUEIAS BARBOSA DE SOUZA(1750474350032x203039135597330430)"
"1752029585806x306616258069266400","3,58","1741715341881x519750575031320600","Tecnologias utilizadas para a solução do desafio","DIOGO HENRIQUE FERNANDES DA PAZ","4","ALEX MIQUEIAS BARBOSA DE SOUZA(1750474350032x203039135597330430)"
"1752029585806x306616258069266400","3,58","1741715341881x519750575031320600","Prazo dos entregáveis da solução","DIOGO HENRIQUE FERNANDES DA PAZ","3","ALEX MIQUEIAS BARBOSA DE SOUZA(1750474350032x203039135597330430)"
"1752029585806x306616258069266400","3,58","1741715341881x519750575031320600","A qualidade da fundamentação, analisando o embasamento e a justificativa da solução proposta pelo aplicante","DIOGO HENRIQUE FERNANDES DA PAZ","3","ALEX MIQUEIAS BARBOSA DE SOUZA(1750474350032x203039135597330430)"
"1752029585806x306616258069266400","3,58","1741715341881x519750575031320600","A demonstração comparativa de custo e benefício da proposta em relação às opções funcionalmente equivalentes","DIOGO HENRIQUE FERNANDES DA PAZ","3","ALEX MIQUEIAS BARBOSA DE SOUZA(1750474350032x203039135597330430)"
"1752029399939x330720515438673900","3,08","1741715341881x519750575031320600","Tecnologias utilizadas para a solução do desafio","DIOGO HENRIQUE FERNANDES DA PAZ","2","Cidade Science(1750469093364x881078442918936600)"
"1752029399939x330720515438673900","3,08","1741715341881x519750575031320600","A viabilidade e a maturidade do modelo de negócio da solução","DIOGO HENRIQUE FERNANDES DA PAZ","4","Cidade Science(1750469093364x881078442918936600)"
"1752029399939x330720515438673900","3,08","1741715341881x519750575031320600","Escalabilidade, ou seja, refere-se à capacidade da solução ser reproduzida em grande quantidade e para um número grande de clientes","DIOGO HENRIQUE FERNANDES DA PAZ","4","Cidade Science(1750469093364x881078442918936600)"
"1752029399939x330720515438673900","3,08","1741715341881x519750575031320600","O potencial de resolução do problema pela solução proposta e, se for o caso, da provável economia para a administração pública","DIOGO HENRIQUE FERNANDES DA PAZ","3","Cidade Science(1750469093364x881078442918936600)"
"1752029399939x330720515438673900","3,08","1741715341881x519750575031320600","A demonstração comparativa de custo e benefício da proposta em relação às opções funcionalmente equivalentes","DIOGO HENRIQUE FERNANDES DA PAZ","2","Cidade Science(1750469093364x881078442918936600)"
"1752029399939x330720515438673900","3,08","1741715341881x519750575031320600","A qualidade da fundamentação, analisando o embasamento e a justificativa da solução proposta pelo aplicante","DIOGO HENRIQUE FERNANDES DA PAZ","3","Cidade Science(1750469093364x881078442918936600)"
"1752029399939x330720515438673900","3,08","1741715341881x519750575031320600","Prazo dos entregáveis da solução","DIOGO HENRIQUE FERNANDES DA PAZ","3","Cidade Science(1750469093364x881078442918936600)"
"1752029256384x714126048018563100","1,5","1741715341881x519750575031320600","A demonstração comparativa de custo e benefício da proposta em relação às opções funcionalmente equivalentes","DIOGO HENRIQUE FERNANDES DA PAZ","1","MIT SOLUÇÕES(1750279581521x145867723460575230)"
"1752029256384x714126048018563100","1,5","1741715341881x519750575031320600","Escalabilidade, ou seja, refere-se à capacidade da solução ser reproduzida em grande quantidade e para um número grande de clientes","DIOGO HENRIQUE FERNANDES DA PAZ","1","MIT SOLUÇÕES(1750279581521x145867723460575230)"
"1752029256384x714126048018563100","1,5","1741715341881x519750575031320600","Prazo dos entregáveis da solução","DIOGO HENRIQUE FERNANDES DA PAZ","2","MIT SOLUÇÕES(1750279581521x145867723460575230)"
"1752029256384x714126048018563100","1,5","1741715341881x519750575031320600","O potencial de resolução do problema pela solução proposta e, se for o caso, da provável economia para a administração pública","DIOGO HENRIQUE FERNANDES DA PAZ","2","MIT SOLUÇÕES(1750279581521x145867723460575230)"
"1752029256384x714126048018563100","1,5","1741715341881x519750575031320600","Tecnologias utilizadas para a solução do desafio","DIOGO HENRIQUE FERNANDES DA PAZ","1","MIT SOLUÇÕES(1750279581521x145867723460575230)"
"1752029256384x714126048018563100","1,5","1741715341881x519750575031320600","A viabilidade e a maturidade do modelo de negócio da solução","DIOGO HENRIQUE FERNANDES DA PAZ","1","MIT SOLUÇÕES(1750279581521x145867723460575230)"
"1752029256384x714126048018563100","1,5","1741715341881x519750575031320600","A qualidade da fundamentação, analisando o embasamento e a justificativa da solução proposta pelo aplicante","DIOGO HENRIQUE FERNANDES DA PAZ","3","MIT SOLUÇÕES(1750279581521x145867723460575230)"
"1752029132430x371000755499302900","1,92","1741715341881x519750575031320600","A viabilidade e a maturidade do modelo de negócio da solução","DIOGO HENRIQUE FERNANDES DA PAZ","2","RaiiF(1747181037225x426954338790801400)"
"1752029132430x371000755499302900","1,92","1741715341881x519750575031320600","O potencial de resolução do problema pela solução proposta e, se for o caso, da provável economia para a administração pública","DIOGO HENRIQUE FERNANDES DA PAZ","3","RaiiF(1747181037225x426954338790801400)"
"1752029132430x371000755499302900","1,92","1741715341881x519750575031320600","A demonstração comparativa de custo e benefício da proposta em relação às opções funcionalmente equivalentes","DIOGO HENRIQUE FERNANDES DA PAZ","1","RaiiF(1747181037225x426954338790801400)"
"1752029132430x371000755499302900","1,92","1741715341881x519750575031320600","Tecnologias utilizadas para a solução do desafio","DIOGO HENRIQUE FERNANDES DA PAZ","2","RaiiF(1747181037225x426954338790801400)"
"1752029132430x371000755499302900","1,92","1741715341881x519750575031320600","A qualidade da fundamentação, analisando o embasamento e a justificativa da solução proposta pelo aplicante","DIOGO HENRIQUE FERNANDES DA PAZ","1","RaiiF(1747181037225x426954338790801400)"
"1752029132430x371000755499302900","1,92","1741715341881x519750575031320600","Escalabilidade, ou seja, refere-se à capacidade da solução ser reproduzida em grande quantidade e para um número grande de clientes","DIOGO HENRIQUE FERNANDES DA PAZ","1","RaiiF(1747181037225x426954338790801400)"
"1752028798559x118547827454115840","2,83","1741715341881x519750575031320600","A viabilidade e a maturidade do modelo de negócio da solução","DIOGO HENRIQUE FERNANDES DA PAZ","2","seuzeh(1746021667074x722393361191796700)"
"1752028798559x118547827454115840","2,83","1741715341881x519750575031320600","Escalabilidade, ou seja, refere-se à capacidade da solução ser reproduzida em grande quantidade e para um número grande de clientes","DIOGO HENRIQUE FERNANDES DA PAZ","3","seuzeh(1746021667074x722393361191796700)"
"1752029132430x371000755499302900","1,92","1741715341881x519750575031320600","Prazo dos entregáveis da solução","DIOGO HENRIQUE FERNANDES DA PAZ","2","RaiiF(1747181037225x426954338790801400)"
"1752028798559x118547827454115840","2,83","1741715341881x519750575031320600","O potencial de resolução do problema pela solução proposta e, se for o caso, da provável economia para a administração pública","DIOGO HENRIQUE FERNANDES DA PAZ","3","seuzeh(1746021667074x722393361191796700)"
"1752028798559x118547827454115840","2,83","1741715341881x519750575031320600","A demonstração comparativa de custo e benefício da proposta em relação às opções funcionalmente equivalentes","DIOGO HENRIQUE FERNANDES DA PAZ","2","seuzeh(1746021667074x722393361191796700)"
"1752028555508x208025896143814660","2,17","1741715341881x519750575031320600","O potencial de resolução do problema pela solução proposta e, se for o caso, da provável economia para a administração pública","DIOGO HENRIQUE FERNANDES DA PAZ","2","Confiança real(1743719132092x937650549396078600)"
"1752028555508x208025896143814660","2,17","1741715341881x519750575031320600","A viabilidade e a maturidade do modelo de negócio da solução","DIOGO HENRIQUE FERNANDES DA PAZ","2","Confiança real(1743719132092x937650549396078600)"
"1752028798559x118547827454115840","2,83","1741715341881x519750575031320600","Tecnologias utilizadas para a solução do desafio","DIOGO HENRIQUE FERNANDES DA PAZ","3","seuzeh(1746021667074x722393361191796700)"
"1752028555508x208025896143814660","2,17","1741715341881x519750575031320600","Tecnologias utilizadas para a solução do desafio","DIOGO HENRIQUE FERNANDES DA PAZ","3","Confiança real(1743719132092x937650549396078600)"
"1752028555508x208025896143814660","2,17","1741715341881x519750575031320600","A demonstração comparativa de custo e benefício da proposta em relação às opções funcionalmente equivalentes","DIOGO HENRIQUE FERNANDES DA PAZ","2","Confiança real(1743719132092x937650549396078600)"
"1752028555508x208025896143814660","2,17","1741715341881x519750575031320600","A qualidade da fundamentação, analisando o embasamento e a justificativa da solução proposta pelo aplicante","DIOGO HENRIQUE FERNANDES DA PAZ","2","Confiança real(1743719132092x937650549396078600)"
"1752028555508x208025896143814660","2,17","1741715341881x519750575031320600","Prazo dos entregáveis da solução","DIOGO HENRIQUE FERNANDES DA PAZ","2","Confiança real(1743719132092x937650549396078600)"
"1752028272066x549965505961656300","4,33","1741715341881x519750575031320600","A viabilidade e a maturidade do modelo de negócio da solução","Viviane Kawashima","4","QUALIPORT(1749432185417x683882622927503400)"
"1752028272066x549965505961656300","4,33","1741715341881x519750575031320600","A demonstração comparativa de custo e benefício da proposta em relação às opções funcionalmente equivalentes","Viviane Kawashima","4","QUALIPORT(1749432185417x683882622927503400)"
"1752028272066x549965505961656300","4,33","1741715341881x519750575031320600","O potencial de resolução do problema pela solução proposta e, se for o caso, da provável economia para a administração pública","Viviane Kawashima","5","QUALIPORT(1749432185417x683882622927503400)"
"1752028272066x549965505961656300","4,33","1741715341881x519750575031320600","Escalabilidade, ou seja, refere-se à capacidade da solução ser reproduzida em grande quantidade e para um número grande de clientes","Viviane Kawashima","5","QUALIPORT(1749432185417x683882622927503400)"
"1752028555508x208025896143814660","2,17","1741715341881x519750575031320600","Escalabilidade, ou seja, refere-se à capacidade da solução ser reproduzida em grande quantidade e para um número grande de clientes","DIOGO HENRIQUE FERNANDES DA PAZ","2","Confiança real(1743719132092x937650549396078600)"
"1752028272066x549965505961656300","4,33","1741715341881x519750575031320600","A qualidade da fundamentação, analisando o embasamento e a justificativa da solução proposta pelo aplicante","Viviane Kawashima","4","QUALIPORT(1749432185417x683882622927503400)"
"1752028093685x943266536566292500","2,83","1741715341881x519750575031320600","O potencial de resolução do problema pela solução proposta e, se for o caso, da provável economia para a administração pública","DIOGO HENRIQUE FERNANDES DA PAZ","3","Time Integrado Governo Digital(1743428760246x239092809917267970)"
"1752028272066x549965505961656300","4,33","1741715341881x519750575031320600","Prazo dos entregáveis da solução","Viviane Kawashima","1","QUALIPORT(1749432185417x683882622927503400)"
"1752028093685x943266536566292500","2,83","1741715341881x519750575031320600","A viabilidade e a maturidade do modelo de negócio da solução","DIOGO HENRIQUE FERNANDES DA PAZ","4","Time Integrado Governo Digital(1743428760246x239092809917267970)"
"1752028093685x943266536566292500","2,83","1741715341881x519750575031320600","Tecnologias utilizadas para a solução do desafio","DIOGO HENRIQUE FERNANDES DA PAZ","2","Time Integrado Governo Digital(1743428760246x239092809917267970)"
"1752028093685x943266536566292500","2,83","1741715341881x519750575031320600","A demonstração comparativa de custo e benefício da proposta em relação às opções funcionalmente equivalentes","DIOGO HENRIQUE FERNANDES DA PAZ","2","Time Integrado Governo Digital(1743428760246x239092809917267970)"
"1752028093685x943266536566292500","2,83","1741715341881x519750575031320600","A qualidade da fundamentação, analisando o embasamento e a justificativa da solução proposta pelo aplicante","DIOGO HENRIQUE FERNANDES DA PAZ","2","Time Integrado Governo Digital(1743428760246x239092809917267970)"
"1752028093685x943266536566292500","2,83","1741715341881x519750575031320600","Escalabilidade, ou seja, refere-se à capacidade da solução ser reproduzida em grande quantidade e para um número grande de clientes","DIOGO HENRIQUE FERNANDES DA PAZ","3","Time Integrado Governo Digital(1743428760246x239092809917267970)"
"1752025431919x505217059122053100","1","1741715341881x519750575031320600","O potencial de resolução do problema pela solução proposta e, se for o caso, da provável economia para a administração pública","Viviane Kawashima","1","Green Minot(1746474917318x165412545582333950)"
"1752028093685x943266536566292500","2,83","1741715341881x519750575031320600","Prazo dos entregáveis da solução","DIOGO HENRIQUE FERNANDES DA PAZ","3","Time Integrado Governo Digital(1743428760246x239092809917267970)"
"1752025431919x505217059122053100","1","1741715341881x519750575031320600","A demonstração comparativa de custo e benefício da proposta em relação às opções funcionalmente equivalentes","Viviane Kawashima","1","Green Minot(1746474917318x165412545582333950)"
"1752028272066x549965505961656300","4,33","1741715341881x519750575031320600","Tecnologias utilizadas para a solução do desafio","Viviane Kawashima","5","QUALIPORT(1749432185417x683882622927503400)"
"1752025431919x505217059122053100","1","1741715341881x519750575031320600","A viabilidade e a maturidade do modelo de negócio da solução","Viviane Kawashima","1","Green Minot(1746474917318x165412545582333950)"
"1752025431919x505217059122053100","1","1741715341881x519750575031320600","Escalabilidade, ou seja, refere-se à capacidade da solução ser reproduzida em grande quantidade e para um número grande de clientes","Viviane Kawashima","1","Green Minot(1746474917318x165412545582333950)"
"1752025431919x505217059122053100","1","1741715341881x519750575031320600","A qualidade da fundamentação, analisando o embasamento e a justificativa da solução proposta pelo aplicante","Viviane Kawashima","1","Green Minot(1746474917318x165412545582333950)"
"1752025431919x505217059122053100","1","1741715341881x519750575031320600","Tecnologias utilizadas para a solução do desafio","Viviane Kawashima","1","Green Minot(1746474917318x165412545582333950)"
"1752025431919x505217059122053100","1","1741715341881x519750575031320600","Prazo dos entregáveis da solução","Viviane Kawashima","1","Green Minot(1746474917318x165412545582333950)"
"1752024790788x753812753156669400","3,08","1741715341881x519750575031320600","A viabilidade e a maturidade do modelo de negócio da solução","Viviane Kawashima","3","seuzeh(1746021667074x722393361191796700)"
"1752024790788x753812753156669400","3,08","1741715341881x519750575031320600","Tecnologias utilizadas para a solução do desafio","Viviane Kawashima","3","seuzeh(1746021667074x722393361191796700)"
"1752024790788x753812753156669400","3,08","1741715341881x519750575031320600","Escalabilidade, ou seja, refere-se à capacidade da solução ser reproduzida em grande quantidade e para um número grande de clientes","Viviane Kawashima","4","seuzeh(1746021667074x722393361191796700)"
"1752024790788x753812753156669400","3,08","1741715341881x519750575031320600","Prazo dos entregáveis da solução","Viviane Kawashima","1","seuzeh(1746021667074x722393361191796700)"
"1752024726475x958693424737288200","2,08","1741715341881x519750575031320600","O potencial de resolução do problema pela solução proposta e, se for o caso, da provável economia para a administração pública","DIOGO HENRIQUE FERNANDES DA PAZ","1","Cogfy (by Indigo Hive)(1747274257685x122816064052527100)"
"1752024726475x958693424737288200","2,08","1741715341881x519750575031320600","A viabilidade e a maturidade do modelo de negócio da solução","DIOGO HENRIQUE FERNANDES DA PAZ","1","Cogfy (by Indigo Hive)(1747274257685x122816064052527100)"
"1752024726475x958693424737288200","2,08","1741715341881x519750575031320600","Tecnologias utilizadas para a solução do desafio","DIOGO HENRIQUE FERNANDES DA PAZ","3","Cogfy (by Indigo Hive)(1747274257685x122816064052527100)"
"1752024726475x958693424737288200","2,08","1741715341881x519750575031320600","Escalabilidade, ou seja, refere-se à capacidade da solução ser reproduzida em grande quantidade e para um número grande de clientes","DIOGO HENRIQUE FERNANDES DA PAZ","3","Cogfy (by Indigo Hive)(1747274257685x122816064052527100)"
"1752024726475x958693424737288200","2,08","1741715341881x519750575031320600","A demonstração comparativa de custo e benefício da proposta em relação às opções funcionalmente equivalentes","DIOGO HENRIQUE FERNANDES DA PAZ","3","Cogfy (by Indigo Hive)(1747274257685x122816064052527100)"
"1752024726475x958693424737288200","2,08","1741715341881x519750575031320600","A qualidade da fundamentação, analisando o embasamento e a justificativa da solução proposta pelo aplicante","DIOGO HENRIQUE FERNANDES DA PAZ","2","Cogfy (by Indigo Hive)(1747274257685x122816064052527100)"
"1752024726475x958693424737288200","2,08","1741715341881x519750575031320600","Prazo dos entregáveis da solução","DIOGO HENRIQUE FERNANDES DA PAZ","3","Cogfy (by Indigo Hive)(1747274257685x122816064052527100)"
"1752024527120x667327016115896300","2,33","1741715341881x519750575031320600","O potencial de resolução do problema pela solução proposta e, se for o caso, da provável economia para a administração pública","DIOGO HENRIQUE FERNANDES DA PAZ","3","Eng Inova(1743340516550x123872810449502200)"
"1752024527120x667327016115896300","2,33","1741715341881x519750575031320600","Tecnologias utilizadas para a solução do desafio","DIOGO HENRIQUE FERNANDES DA PAZ","3","Eng Inova(1743340516550x123872810449502200)"
"1752024527120x667327016115896300","2,33","1741715341881x519750575031320600","Escalabilidade, ou seja, refere-se à capacidade da solução ser reproduzida em grande quantidade e para um número grande de clientes","DIOGO HENRIQUE FERNANDES DA PAZ","2","Eng Inova(1743340516550x123872810449502200)"
"1752024527120x667327016115896300","2,33","1741715341881x519750575031320600","A qualidade da fundamentação, analisando o embasamento e a justificativa da solução proposta pelo aplicante","DIOGO HENRIQUE FERNANDES DA PAZ","1","Eng Inova(1743340516550x123872810449502200)"
"1751895841371x456594166825615400","1","1741715341881x519750575031320600","O potencial de resolução do problema pela solução proposta e, se for o caso, da provável economia para a administração pública","ANDRÉ LUIZ GALINDO DE BRITO","1","Ecoboard (1742396587841x346059140321247200)"
"1752024527120x667327016115896300","2,33","1741715341881x519750575031320600","A demonstração comparativa de custo e benefício da proposta em relação às opções funcionalmente equivalentes","DIOGO HENRIQUE FERNANDES DA PAZ","2","Eng Inova(1743340516550x123872810449502200)"
"1751895841371x456594166825615400","1","1741715341881x519750575031320600","A viabilidade e a maturidade do modelo de negócio da solução","ANDRÉ LUIZ GALINDO DE BRITO","1","Ecoboard (1742396587841x346059140321247200)"
"1751898835225x341474499322708000","1","1741715341881x519750575031320600","Prazo dos entregáveis da solução","ANDRÉ LUIZ GALINDO DE BRITO","1","equipe 4 (inovação a engenharia)(1742423428232x561693473329643500)"
"1752024527120x667327016115896300","2,33","1741715341881x519750575031320600","Prazo dos entregáveis da solução","DIOGO HENRIQUE FERNANDES DA PAZ","2","Eng Inova(1743340516550x123872810449502200)"
"1752024527120x667327016115896300","2,33","1741715341881x519750575031320600","A viabilidade e a maturidade do modelo de negócio da solução","DIOGO HENRIQUE FERNANDES DA PAZ","2","Eng Inova(1743340516550x123872810449502200)"
"1751895841371x456594166825615400","1","1741715341881x519750575031320600","Escalabilidade, ou seja, refere-se à capacidade da solução ser reproduzida em grande quantidade e para um número grande de clientes","ANDRÉ LUIZ GALINDO DE BRITO","1","Ecoboard (1742396587841x346059140321247200)"
"1752022769130x473330777388220400","3,75","1741715341881x519750575031320600","O potencial de resolução do problema pela solução proposta e, se for o caso, da provável economia para a administração pública","Viviane Kawashima","4","LidEye(1744397193212x857900192720486400)"
"1751373903289x869969923932160000","1","1741715341881x519750575031320600","A qualidade da fundamentação, analisando o embasamento e a justificativa da solução proposta pelo aplicante","ANA CAROLINA ALVES BREDA","1","equipe 4 (inovação a engenharia)(1742423428232x561693473329643500)"
"1751895841371x456594166825615400","1","1741715341881x519750575031320600","A demonstração comparativa de custo e benefício da proposta em relação às opções funcionalmente equivalentes","ANDRÉ LUIZ GALINDO DE BRITO","1","Ecoboard (1742396587841x346059140321247200)"
"1751895841371x456594166825615400","1","1741715341881x519750575031320600","A qualidade da fundamentação, analisando o embasamento e a justificativa da solução proposta pelo aplicante","ANDRÉ LUIZ GALINDO DE BRITO","1","Ecoboard (1742396587841x346059140321247200)"
"1751895841371x456594166825615400","1","1741715341881x519750575031320600","Prazo dos entregáveis da solução","ANDRÉ LUIZ GALINDO DE BRITO","1","Ecoboard (1742396587841x346059140321247200)"
"1751895841371x456594166825615400","1","1741715341881x519750575031320600","Tecnologias utilizadas para a solução do desafio","ANDRÉ LUIZ GALINDO DE BRITO","1","Ecoboard (1742396587841x346059140321247200)"
"1752019841852x779012385876738000","2,58","1741715341881x519750575031320600","O potencial de resolução do problema pela solução proposta e, se for o caso, da provável economia para a administração pública","Viviane Kawashima","2","ECOEDUCA(1743893027408x819035914347741200)"
"1752022769130x473330777388220400","3,75","1741715341881x519750575031320600","Tecnologias utilizadas para a solução do desafio","Viviane Kawashima","4","LidEye(1744397193212x857900192720486400)"
"1752022769130x473330777388220400","3,75","1741715341881x519750575031320600","Prazo dos entregáveis da solução","Viviane Kawashima","5","LidEye(1744397193212x857900192720486400)"
"1752024790788x753812753156669400","3,08","1741715341881x519750575031320600","A qualidade da fundamentação, analisando o embasamento e a justificativa da solução proposta pelo aplicante","Viviane Kawashima","4","seuzeh(1746021667074x722393361191796700)"
"1752022769130x473330777388220400","3,75","1741715341881x519750575031320600","A qualidade da fundamentação, analisando o embasamento e a justificativa da solução proposta pelo aplicante","Viviane Kawashima","2","LidEye(1744397193212x857900192720486400)"
"1752022769130x473330777388220400","3,75","1741715341881x519750575031320600","A demonstração comparativa de custo e benefício da proposta em relação às opções funcionalmente equivalentes","Viviane Kawashima","2","LidEye(1744397193212x857900192720486400)"
"1752022769130x473330777388220400","3,75","1741715341881x519750575031320600","Escalabilidade, ou seja, refere-se à capacidade da solução ser reproduzida em grande quantidade e para um número grande de clientes","Viviane Kawashima","3","LidEye(1744397193212x857900192720486400)"
"1752024790788x753812753156669400","3,08","1741715341881x519750575031320600","O potencial de resolução do problema pela solução proposta e, se for o caso, da provável economia para a administração pública","Viviane Kawashima","3","seuzeh(1746021667074x722393361191796700)"
"1752019841852x779012385876738000","2,58","1741715341881x519750575031320600","A demonstração comparativa de custo e benefício da proposta em relação às opções funcionalmente equivalentes","Viviane Kawashima","2","ECOEDUCA(1743893027408x819035914347741200)"
"1752024790788x753812753156669400","3,08","1741715341881x519750575031320600","A demonstração comparativa de custo e benefício da proposta em relação às opções funcionalmente equivalentes","Viviane Kawashima","3","seuzeh(1746021667074x722393361191796700)"
"1752019841852x779012385876738000","2,58","1741715341881x519750575031320600","Tecnologias utilizadas para a solução do desafio","Viviane Kawashima","3","ECOEDUCA(1743893027408x819035914347741200)"
"1752019841852x779012385876738000","2,58","1741715341881x519750575031320600","Escalabilidade, ou seja, refere-se à capacidade da solução ser reproduzida em grande quantidade e para um número grande de clientes","Viviane Kawashima","3","ECOEDUCA(1743893027408x819035914347741200)"
"1752019841852x779012385876738000","2,58","1741715341881x519750575031320600","A viabilidade e a maturidade do modelo de negócio da solução","Viviane Kawashima","2","ECOEDUCA(1743893027408x819035914347741200)"
"1752018893736x922845193070182400","1,83","1741715341881x519750575031320600","O potencial de resolução do problema pela solução proposta e, se for o caso, da provável economia para a administração pública","Viviane Kawashima","1","Confiança real(1743719132092x937650549396078600)"
"1752019841852x779012385876738000","2,58","1741715341881x519750575031320600","Prazo dos entregáveis da solução","Viviane Kawashima","3","ECOEDUCA(1743893027408x819035914347741200)"
"1752019841852x779012385876738000","2,58","1741715341881x519750575031320600","A qualidade da fundamentação, analisando o embasamento e a justificativa da solução proposta pelo aplicante","Viviane Kawashima","4","ECOEDUCA(1743893027408x819035914347741200)"
"1752018893736x922845193070182400","1,83","1741715341881x519750575031320600","A demonstração comparativa de custo e benefício da proposta em relação às opções funcionalmente equivalentes","Viviane Kawashima","2","Confiança real(1743719132092x937650549396078600)"
"1752018893736x922845193070182400","1,83","1741715341881x519750575031320600","A viabilidade e a maturidade do modelo de negócio da solução","Viviane Kawashima","1","Confiança real(1743719132092x937650549396078600)"
"1752018893736x922845193070182400","1,83","1741715341881x519750575031320600","Escalabilidade, ou seja, refere-se à capacidade da solução ser reproduzida em grande quantidade e para um número grande de clientes","Viviane Kawashima","3","Confiança real(1743719132092x937650549396078600)"
"1752018893736x922845193070182400","1,83","1741715341881x519750575031320600","Tecnologias utilizadas para a solução do desafio","Viviane Kawashima","3","Confiança real(1743719132092x937650549396078600)"
"1752022769130x473330777388220400","3,75","1741715341881x519750575031320600","A viabilidade e a maturidade do modelo de negócio da solução","Viviane Kawashima","5","LidEye(1744397193212x857900192720486400)"
"1752012656530x435694042278002700","3,58","1741715341881x519750575031320600","A viabilidade e a maturidade do modelo de negócio da solução","DIOGO HENRIQUE FERNANDES DA PAZ","3","Cabueta(1750474717548x239448712580956160)"
"1752012656530x435694042278002700","3,58","1741715341881x519750575031320600","A demonstração comparativa de custo e benefício da proposta em relação às opções funcionalmente equivalentes","DIOGO HENRIQUE FERNANDES DA PAZ","4","Cabueta(1750474717548x239448712580956160)"
"1752012656530x435694042278002700","3,58","1741715341881x519750575031320600","Tecnologias utilizadas para a solução do desafio","DIOGO HENRIQUE FERNANDES DA PAZ","4","Cabueta(1750474717548x239448712580956160)"
"1752018893736x922845193070182400","1,83","1741715341881x519750575031320600","Prazo dos entregáveis da solução","Viviane Kawashima","1","Confiança real(1743719132092x937650549396078600)"
"1752012656530x435694042278002700","3,58","1741715341881x519750575031320600","O potencial de resolução do problema pela solução proposta e, se for o caso, da provável economia para a administração pública","DIOGO HENRIQUE FERNANDES DA PAZ","4","Cabueta(1750474717548x239448712580956160)"
"1752012656530x435694042278002700","3,58","1741715341881x519750575031320600","Escalabilidade, ou seja, refere-se à capacidade da solução ser reproduzida em grande quantidade e para um número grande de clientes","DIOGO HENRIQUE FERNANDES DA PAZ","3","Cabueta(1750474717548x239448712580956160)"
"1752012656530x435694042278002700","3,58","1741715341881x519750575031320600","A qualidade da fundamentação, analisando o embasamento e a justificativa da solução proposta pelo aplicante","DIOGO HENRIQUE FERNANDES DA PAZ","3","Cabueta(1750474717548x239448712580956160)"
"1752012656530x435694042278002700","3,58","1741715341881x519750575031320600","Prazo dos entregáveis da solução","DIOGO HENRIQUE FERNANDES DA PAZ","4","Cabueta(1750474717548x239448712580956160)"
"1751999911939x293868022073393150","2","1741715341881x519750575031320600","O potencial de resolução do problema pela solução proposta e, se for o caso, da provável economia para a administração pública","Tiago dos Santos Mendes","2","Cabueta(1750474717548x239448712580956160)"
"1751999911939x293868022073393150","2","1741715341881x519750575031320600","Tecnologias utilizadas para a solução do desafio","Tiago dos Santos Mendes","2","Cabueta(1750474717548x239448712580956160)"
"1751999911939x293868022073393150","2","1741715341881x519750575031320600","A demonstração comparativa de custo e benefício da proposta em relação às opções funcionalmente equivalentes","Tiago dos Santos Mendes","2","Cabueta(1750474717548x239448712580956160)"
"1751999911939x293868022073393150","2","1741715341881x519750575031320600","A qualidade da fundamentação, analisando o embasamento e a justificativa da solução proposta pelo aplicante","Tiago dos Santos Mendes","2","Cabueta(1750474717548x239448712580956160)"
"1751999911939x293868022073393150","2","1741715341881x519750575031320600","Escalabilidade, ou seja, refere-se à capacidade da solução ser reproduzida em grande quantidade e para um número grande de clientes","Tiago dos Santos Mendes","2","Cabueta(1750474717548x239448712580956160)"
"1751999911939x293868022073393150","2","1741715341881x519750575031320600","Prazo dos entregáveis da solução","Tiago dos Santos Mendes","2","Cabueta(1750474717548x239448712580956160)"
"1751999535597x404775550877696000","2,42","1741715341881x519750575031320600","A demonstração comparativa de custo e benefício da proposta em relação às opções funcionalmente equivalentes","Tiago dos Santos Mendes","1","ALEX MIQUEIAS BARBOSA DE SOUZA(1750474350032x203039135597330430)"
"1751999535597x404775550877696000","2,42","1741715341881x519750575031320600","O potencial de resolução do problema pela solução proposta e, se for o caso, da provável economia para a administração pública","Tiago dos Santos Mendes","3","ALEX MIQUEIAS BARBOSA DE SOUZA(1750474350032x203039135597330430)"
"1751999535597x404775550877696000","2,42","1741715341881x519750575031320600","Tecnologias utilizadas para a solução do desafio","Tiago dos Santos Mendes","3","ALEX MIQUEIAS BARBOSA DE SOUZA(1750474350032x203039135597330430)"
"1751999535597x404775550877696000","2,42","1741715341881x519750575031320600","A viabilidade e a maturidade do modelo de negócio da solução","Tiago dos Santos Mendes","2","ALEX MIQUEIAS BARBOSA DE SOUZA(1750474350032x203039135597330430)"
"1751999535597x404775550877696000","2,42","1741715341881x519750575031320600","Escalabilidade, ou seja, refere-se à capacidade da solução ser reproduzida em grande quantidade e para um número grande de clientes","Tiago dos Santos Mendes","3","ALEX MIQUEIAS BARBOSA DE SOUZA(1750474350032x203039135597330430)"
"1751999535597x404775550877696000","2,42","1741715341881x519750575031320600","A qualidade da fundamentação, analisando o embasamento e a justificativa da solução proposta pelo aplicante","Tiago dos Santos Mendes","2","ALEX MIQUEIAS BARBOSA DE SOUZA(1750474350032x203039135597330430)"
"1751999535597x404775550877696000","2,42","1741715341881x519750575031320600","Prazo dos entregáveis da solução","Tiago dos Santos Mendes","1","ALEX MIQUEIAS BARBOSA DE SOUZA(1750474350032x203039135597330430)"
"1752018893736x922845193070182400","1,83","1741715341881x519750575031320600","A qualidade da fundamentação, analisando o embasamento e a justificativa da solução proposta pelo aplicante","Viviane Kawashima","2","Confiança real(1743719132092x937650549396078600)"
"1751999911939x293868022073393150","2","1741715341881x519750575031320600","A viabilidade e a maturidade do modelo de negócio da solução","Tiago dos Santos Mendes","2","Cabueta(1750474717548x239448712580956160)"
"1751999130989x353745148143730700","2,5","1741715341881x519750575031320600","Escalabilidade, ou seja, refere-se à capacidade da solução ser reproduzida em grande quantidade e para um número grande de clientes","Tiago dos Santos Mendes","2","Cidade Science(1750469093364x881078442918936600)"
"1751999130989x353745148143730700","2,5","1741715341881x519750575031320600","A qualidade da fundamentação, analisando o embasamento e a justificativa da solução proposta pelo aplicante","Tiago dos Santos Mendes","3","Cidade Science(1750469093364x881078442918936600)"
"1751999130989x353745148143730700","2,5","1741715341881x519750575031320600","Tecnologias utilizadas para a solução do desafio","Tiago dos Santos Mendes","2","Cidade Science(1750469093364x881078442918936600)"
"1751999130989x353745148143730700","2,5","1741715341881x519750575031320600","A viabilidade e a maturidade do modelo de negócio da solução","Tiago dos Santos Mendes","3","Cidade Science(1750469093364x881078442918936600)"
"1751999130989x353745148143730700","2,5","1741715341881x519750575031320600","O potencial de resolução do problema pela solução proposta e, se for o caso, da provável economia para a administração pública","Tiago dos Santos Mendes","3","Cidade Science(1750469093364x881078442918936600)"
"1751999130989x353745148143730700","2,5","1741715341881x519750575031320600","A demonstração comparativa de custo e benefício da proposta em relação às opções funcionalmente equivalentes","Tiago dos Santos Mendes","2","Cidade Science(1750469093364x881078442918936600)"
"1751998610948x985687113685532700","3,5","1741715341881x519750575031320600","O potencial de resolução do problema pela solução proposta e, se for o caso, da provável economia para a administração pública","Tiago dos Santos Mendes","4","Manacá Tecnologias Sociais(1750452512570x514699865063161860)"
"1751999130989x353745148143730700","2,5","1741715341881x519750575031320600","Prazo dos entregáveis da solução","Tiago dos Santos Mendes","2","Cidade Science(1750469093364x881078442918936600)"
"1751998610948x985687113685532700","3,5","1741715341881x519750575031320600","A viabilidade e a maturidade do modelo de negócio da solução","Tiago dos Santos Mendes","3","Manacá Tecnologias Sociais(1750452512570x514699865063161860)"
"1751998610948x985687113685532700","3,5","1741715341881x519750575031320600","Escalabilidade, ou seja, refere-se à capacidade da solução ser reproduzida em grande quantidade e para um número grande de clientes","Tiago dos Santos Mendes","3","Manacá Tecnologias Sociais(1750452512570x514699865063161860)"
"1751998610948x985687113685532700","3,5","1741715341881x519750575031320600","A demonstração comparativa de custo e benefício da proposta em relação às opções funcionalmente equivalentes","Tiago dos Santos Mendes","2","Manacá Tecnologias Sociais(1750452512570x514699865063161860)"
"1751998610948x985687113685532700","3,5","1741715341881x519750575031320600","Tecnologias utilizadas para a solução do desafio","Tiago dos Santos Mendes","4","Manacá Tecnologias Sociais(1750452512570x514699865063161860)"
"1751998610948x985687113685532700","3,5","1741715341881x519750575031320600","A qualidade da fundamentação, analisando o embasamento e a justificativa da solução proposta pelo aplicante","Tiago dos Santos Mendes","5","Manacá Tecnologias Sociais(1750452512570x514699865063161860)"
"1751983197062x185698709770076160","1","1741715341881x519750575031320600","O potencial de resolução do problema pela solução proposta e, se for o caso, da provável economia para a administração pública","Tiago dos Santos Mendes","1","Nozes Geoinformações(1750375622115x563711854504050700)"
"1751983197062x185698709770076160","1","1741715341881x519750575031320600","A demonstração comparativa de custo e benefício da proposta em relação às opções funcionalmente equivalentes","Tiago dos Santos Mendes","1","Nozes Geoinformações(1750375622115x563711854504050700)"
"1751998610948x985687113685532700","3,5","1741715341881x519750575031320600","Prazo dos entregáveis da solução","Tiago dos Santos Mendes","3","Manacá Tecnologias Sociais(1750452512570x514699865063161860)"
"1751983197062x185698709770076160","1","1741715341881x519750575031320600","A qualidade da fundamentação, analisando o embasamento e a justificativa da solução proposta pelo aplicante","Tiago dos Santos Mendes","1","Nozes Geoinformações(1750375622115x563711854504050700)"
"1751983197062x185698709770076160","1","1741715341881x519750575031320600","Escalabilidade, ou seja, refere-se à capacidade da solução ser reproduzida em grande quantidade e para um número grande de clientes","Tiago dos Santos Mendes","1","Nozes Geoinformações(1750375622115x563711854504050700)"
"1751983197062x185698709770076160","1","1741715341881x519750575031320600","Tecnologias utilizadas para a solução do desafio","Tiago dos Santos Mendes","1","Nozes Geoinformações(1750375622115x563711854504050700)"
"1751982850666x527415258696908800","1,58","1741715341881x519750575031320600","A demonstração comparativa de custo e benefício da proposta em relação às opções funcionalmente equivalentes","Tiago dos Santos Mendes","1","Gilsoni Albino, Eloi Ronnau(1750296316999x874523258798211100)"
"1751983197062x185698709770076160","1","1741715341881x519750575031320600","A viabilidade e a maturidade do modelo de negócio da solução","Tiago dos Santos Mendes","1","Nozes Geoinformações(1750375622115x563711854504050700)"
"1751982850666x527415258696908800","1,58","1741715341881x519750575031320600","O potencial de resolução do problema pela solução proposta e, se for o caso, da provável economia para a administração pública","Tiago dos Santos Mendes","2","Gilsoni Albino, Eloi Ronnau(1750296316999x874523258798211100)"
"1751982850666x527415258696908800","1,58","1741715341881x519750575031320600","Tecnologias utilizadas para a solução do desafio","Tiago dos Santos Mendes","3","Gilsoni Albino, Eloi Ronnau(1750296316999x874523258798211100)"
"1751982850666x527415258696908800","1,58","1741715341881x519750575031320600","A viabilidade e a maturidade do modelo de negócio da solução","Tiago dos Santos Mendes","1","Gilsoni Albino, Eloi Ronnau(1750296316999x874523258798211100)"
"1751982850666x527415258696908800","1,58","1741715341881x519750575031320600","Escalabilidade, ou seja, refere-se à capacidade da solução ser reproduzida em grande quantidade e para um número grande de clientes","Tiago dos Santos Mendes","1","Gilsoni Albino, Eloi Ronnau(1750296316999x874523258798211100)"
"1751982850666x527415258696908800","1,58","1741715341881x519750575031320600","Prazo dos entregáveis da solução","Tiago dos Santos Mendes","1","Gilsoni Albino, Eloi Ronnau(1750296316999x874523258798211100)"
"1751982670843x840586526907695100","1","1741715341881x519750575031320600","O potencial de resolução do problema pela solução proposta e, se for o caso, da provável economia para a administração pública","Tiago dos Santos Mendes","1","MIT SOLUÇÕES(1750279581521x145867723460575230)"
"1751983197062x185698709770076160","1","1741715341881x519750575031320600","Prazo dos entregáveis da solução","Tiago dos Santos Mendes","1","Nozes Geoinformações(1750375622115x563711854504050700)"
"1751982670843x840586526907695100","1","1741715341881x519750575031320600","A demonstração comparativa de custo e benefício da proposta em relação às opções funcionalmente equivalentes","Tiago dos Santos Mendes","1","MIT SOLUÇÕES(1750279581521x145867723460575230)"
"1751982670843x840586526907695100","1","1741715341881x519750575031320600","Tecnologias utilizadas para a solução do desafio","Tiago dos Santos Mendes","1","MIT SOLUÇÕES(1750279581521x145867723460575230)"
"1751982670843x840586526907695100","1","1741715341881x519750575031320600","A qualidade da fundamentação, analisando o embasamento e a justificativa da solução proposta pelo aplicante","Tiago dos Santos Mendes","1","MIT SOLUÇÕES(1750279581521x145867723460575230)"
"1751982670843x840586526907695100","1","1741715341881x519750575031320600","Escalabilidade, ou seja, refere-se à capacidade da solução ser reproduzida em grande quantidade e para um número grande de clientes","Tiago dos Santos Mendes","1","MIT SOLUÇÕES(1750279581521x145867723460575230)"
"1751982463033x360823847577452540","2","1741715341881x519750575031320600","Escalabilidade, ou seja, refere-se à capacidade da solução ser reproduzida em grande quantidade e para um número grande de clientes","Tiago dos Santos Mendes","2","QUALIPORT(1749432185417x683882622927503400)"
"1751982463033x360823847577452540","2","1741715341881x519750575031320600","A qualidade da fundamentação, analisando o embasamento e a justificativa da solução proposta pelo aplicante","Tiago dos Santos Mendes","1","QUALIPORT(1749432185417x683882622927503400)"
"1751982463033x360823847577452540","2","1741715341881x519750575031320600","A viabilidade e a maturidade do modelo de negócio da solução","Tiago dos Santos Mendes","1","QUALIPORT(1749432185417x683882622927503400)"
"1751982463033x360823847577452540","2","1741715341881x519750575031320600","O potencial de resolução do problema pela solução proposta e, se for o caso, da provável economia para a administração pública","Tiago dos Santos Mendes","3","QUALIPORT(1749432185417x683882622927503400)"
"1751982463033x360823847577452540","2","1741715341881x519750575031320600","A demonstração comparativa de custo e benefício da proposta em relação às opções funcionalmente equivalentes","Tiago dos Santos Mendes","1","QUALIPORT(1749432185417x683882622927503400)"
"1751982463033x360823847577452540","2","1741715341881x519750575031320600","Prazo dos entregáveis da solução","Tiago dos Santos Mendes","1","QUALIPORT(1749432185417x683882622927503400)"
"1751982850666x527415258696908800","1,58","1741715341881x519750575031320600","A qualidade da fundamentação, analisando o embasamento e a justificativa da solução proposta pelo aplicante","Tiago dos Santos Mendes","1","Gilsoni Albino, Eloi Ronnau(1750296316999x874523258798211100)"
"1751982463033x360823847577452540","2","1741715341881x519750575031320600","Tecnologias utilizadas para a solução do desafio","Tiago dos Santos Mendes","3","QUALIPORT(1749432185417x683882622927503400)"
"1751982222632x258631829191393280","1,17","1741715341881x519750575031320600","A viabilidade e a maturidade do modelo de negócio da solução","Tiago dos Santos Mendes","1","TrackMe(1747344947024x807521408212533200)"
"1751982670843x840586526907695100","1","1741715341881x519750575031320600","Prazo dos entregáveis da solução","Tiago dos Santos Mendes","1","MIT SOLUÇÕES(1750279581521x145867723460575230)"
"1751982222632x258631829191393280","1,17","1741715341881x519750575031320600","A demonstração comparativa de custo e benefício da proposta em relação às opções funcionalmente equivalentes","Tiago dos Santos Mendes","1","TrackMe(1747344947024x807521408212533200)"
"1751982222632x258631829191393280","1,17","1741715341881x519750575031320600","Escalabilidade, ou seja, refere-se à capacidade da solução ser reproduzida em grande quantidade e para um número grande de clientes","Tiago dos Santos Mendes","2","TrackMe(1747344947024x807521408212533200)"
"1751982222632x258631829191393280","1,17","1741715341881x519750575031320600","A qualidade da fundamentação, analisando o embasamento e a justificativa da solução proposta pelo aplicante","Tiago dos Santos Mendes","1","TrackMe(1747344947024x807521408212533200)"
"1751982222632x258631829191393280","1,17","1741715341881x519750575031320600","Prazo dos entregáveis da solução","Tiago dos Santos Mendes","1","TrackMe(1747344947024x807521408212533200)"
"1751981937528x180106447467577340","2,17","1741715341881x519750575031320600","A viabilidade e a maturidade do modelo de negócio da solução","Tiago dos Santos Mendes","1","RaiiF(1747181037225x426954338790801400)"
"1751982670843x840586526907695100","1","1741715341881x519750575031320600","A viabilidade e a maturidade do modelo de negócio da solução","Tiago dos Santos Mendes","1","MIT SOLUÇÕES(1750279581521x145867723460575230)"
"1751981937528x180106447467577340","2,17","1741715341881x519750575031320600","A demonstração comparativa de custo e benefício da proposta em relação às opções funcionalmente equivalentes","Tiago dos Santos Mendes","1","RaiiF(1747181037225x426954338790801400)"
"1751981937528x180106447467577340","2,17","1741715341881x519750575031320600","Tecnologias utilizadas para a solução do desafio","Tiago dos Santos Mendes","3","RaiiF(1747181037225x426954338790801400)"
"1751981937528x180106447467577340","2,17","1741715341881x519750575031320600","Escalabilidade, ou seja, refere-se à capacidade da solução ser reproduzida em grande quantidade e para um número grande de clientes","Tiago dos Santos Mendes","3","RaiiF(1747181037225x426954338790801400)"
"1751982222632x258631829191393280","1,17","1741715341881x519750575031320600","O potencial de resolução do problema pela solução proposta e, se for o caso, da provável economia para a administração pública","Tiago dos Santos Mendes","1","TrackMe(1747344947024x807521408212533200)"
"1751981937528x180106447467577340","2,17","1741715341881x519750575031320600","O potencial de resolução do problema pela solução proposta e, se for o caso, da provável economia para a administração pública","Tiago dos Santos Mendes","3","RaiiF(1747181037225x426954338790801400)"
"1751982222632x258631829191393280","1,17","1741715341881x519750575031320600","Tecnologias utilizadas para a solução do desafio","Tiago dos Santos Mendes","1","TrackMe(1747344947024x807521408212533200)"
"1751981937528x180106447467577340","2,17","1741715341881x519750575031320600","A qualidade da fundamentação, analisando o embasamento e a justificativa da solução proposta pelo aplicante","Tiago dos Santos Mendes","1","RaiiF(1747181037225x426954338790801400)"
"1751981425601x357466665359245300","1,75","1741715341881x519750575031320600","A viabilidade e a maturidade do modelo de negócio da solução","Tiago dos Santos Mendes","2","Fluxo Livre(1747146234140x323187820117884900)"
"1751981425601x357466665359245300","1,75","1741715341881x519750575031320600","A demonstração comparativa de custo e benefício da proposta em relação às opções funcionalmente equivalentes","Tiago dos Santos Mendes","1","Fluxo Livre(1747146234140x323187820117884900)"
"1751981937528x180106447467577340","2,17","1741715341881x519750575031320600","Prazo dos entregáveis da solução","Tiago dos Santos Mendes","1","RaiiF(1747181037225x426954338790801400)"
"1751981425601x357466665359245300","1,75","1741715341881x519750575031320600","O potencial de resolução do problema pela solução proposta e, se for o caso, da provável economia para a administração pública","Tiago dos Santos Mendes","2","Fluxo Livre(1747146234140x323187820117884900)"
"1751981425601x357466665359245300","1,75","1741715341881x519750575031320600","Tecnologias utilizadas para a solução do desafio","Tiago dos Santos Mendes","2","Fluxo Livre(1747146234140x323187820117884900)"
"1751981425601x357466665359245300","1,75","1741715341881x519750575031320600","Escalabilidade, ou seja, refere-se à capacidade da solução ser reproduzida em grande quantidade e para um número grande de clientes","Tiago dos Santos Mendes","2","Fluxo Livre(1747146234140x323187820117884900)"
"1751981425601x357466665359245300","1,75","1741715341881x519750575031320600","Prazo dos entregáveis da solução","Tiago dos Santos Mendes","1","Fluxo Livre(1747146234140x323187820117884900)"
"1751981425601x357466665359245300","1,75","1741715341881x519750575031320600","A qualidade da fundamentação, analisando o embasamento e a justificativa da solução proposta pelo aplicante","Tiago dos Santos Mendes","1","Fluxo Livre(1747146234140x323187820117884900)"
"1751981131740x385128600027267100","2,33","1741715341881x519750575031320600","O potencial de resolução do problema pela solução proposta e, se for o caso, da provável economia para a administração pública","Tiago dos Santos Mendes","2","Radar Lixo Zero(1746941035333x838644430649426000)"
"1751981131740x385128600027267100","2,33","1741715341881x519750575031320600","A demonstração comparativa de custo e benefício da proposta em relação às opções funcionalmente equivalentes","Tiago dos Santos Mendes","3","Radar Lixo Zero(1746941035333x838644430649426000)"
"1751981131740x385128600027267100","2,33","1741715341881x519750575031320600","Escalabilidade, ou seja, refere-se à capacidade da solução ser reproduzida em grande quantidade e para um número grande de clientes","Tiago dos Santos Mendes","2","Radar Lixo Zero(1746941035333x838644430649426000)"
"1751981131740x385128600027267100","2,33","1741715341881x519750575031320600","A qualidade da fundamentação, analisando o embasamento e a justificativa da solução proposta pelo aplicante","Tiago dos Santos Mendes","2","Radar Lixo Zero(1746941035333x838644430649426000)"
"1751980527972x916886979495854100","1","1741715341881x519750575031320600","O potencial de resolução do problema pela solução proposta e, se for o caso, da provável economia para a administração pública","Tiago dos Santos Mendes","1","Green Minot(1746474917318x165412545582333950)"
"1751981131740x385128600027267100","2,33","1741715341881x519750575031320600","Prazo dos entregáveis da solução","Tiago dos Santos Mendes","3","Radar Lixo Zero(1746941035333x838644430649426000)"
"1751980527972x916886979495854100","1","1741715341881x519750575031320600","A viabilidade e a maturidade do modelo de negócio da solução","Tiago dos Santos Mendes","1","Green Minot(1746474917318x165412545582333950)"
"1751980527972x916886979495854100","1","1741715341881x519750575031320600","A demonstração comparativa de custo e benefício da proposta em relação às opções funcionalmente equivalentes","Tiago dos Santos Mendes","1","Green Minot(1746474917318x165412545582333950)"
"1751981131740x385128600027267100","2,33","1741715341881x519750575031320600","Tecnologias utilizadas para a solução do desafio","Tiago dos Santos Mendes","3","Radar Lixo Zero(1746941035333x838644430649426000)"
"1751980527972x916886979495854100","1","1741715341881x519750575031320600","A qualidade da fundamentação, analisando o embasamento e a justificativa da solução proposta pelo aplicante","Tiago dos Santos Mendes","1","Green Minot(1746474917318x165412545582333950)"
"1751981131740x385128600027267100","2,33","1741715341881x519750575031320600","A viabilidade e a maturidade do modelo de negócio da solução","Tiago dos Santos Mendes","2","Radar Lixo Zero(1746941035333x838644430649426000)"
"1751980527972x916886979495854100","1","1741715341881x519750575031320600","Escalabilidade, ou seja, refere-se à capacidade da solução ser reproduzida em grande quantidade e para um número grande de clientes","Tiago dos Santos Mendes","1","Green Minot(1746474917318x165412545582333950)"
"1751980195364x119169036851609600","1,42","1741715341881x519750575031320600","A demonstração comparativa de custo e benefício da proposta em relação às opções funcionalmente equivalentes","Tiago dos Santos Mendes","1","seuzeh(1746021667074x722393361191796700)"
"1751980527972x916886979495854100","1","1741715341881x519750575031320600","Tecnologias utilizadas para a solução do desafio","Tiago dos Santos Mendes","1","Green Minot(1746474917318x165412545582333950)"
"1751980195364x119169036851609600","1,42","1741715341881x519750575031320600","Tecnologias utilizadas para a solução do desafio","Tiago dos Santos Mendes","1","seuzeh(1746021667074x722393361191796700)"
"1751980195364x119169036851609600","1,42","1741715341881x519750575031320600","A qualidade da fundamentação, analisando o embasamento e a justificativa da solução proposta pelo aplicante","Tiago dos Santos Mendes","1","seuzeh(1746021667074x722393361191796700)"
"1751980195364x119169036851609600","1,42","1741715341881x519750575031320600","Escalabilidade, ou seja, refere-se à capacidade da solução ser reproduzida em grande quantidade e para um número grande de clientes","Tiago dos Santos Mendes","2","seuzeh(1746021667074x722393361191796700)"
"1751980195364x119169036851609600","1,42","1741715341881x519750575031320600","Prazo dos entregáveis da solução","Tiago dos Santos Mendes","1","seuzeh(1746021667074x722393361191796700)"
"1751948188109x480639091171917800","3,25","1741715341881x519750575031320600","O potencial de resolução do problema pela solução proposta e, se for o caso, da provável economia para a administração pública","Viviane Kawashima","3","Time Integrado Governo Digital(1743428760246x239092809917267970)"
"1751980527972x916886979495854100","1","1741715341881x519750575031320600","Prazo dos entregáveis da solução","Tiago dos Santos Mendes","1","Green Minot(1746474917318x165412545582333950)"
"1751980195364x119169036851609600","1,42","1741715341881x519750575031320600","A viabilidade e a maturidade do modelo de negócio da solução","Tiago dos Santos Mendes","1","seuzeh(1746021667074x722393361191796700)"
"1751980195364x119169036851609600","1,42","1741715341881x519750575031320600","O potencial de resolução do problema pela solução proposta e, se for o caso, da provável economia para a administração pública","Tiago dos Santos Mendes","2","seuzeh(1746021667074x722393361191796700)"
"1751948188109x480639091171917800","3,25","1741715341881x519750575031320600","A demonstração comparativa de custo e benefício da proposta em relação às opções funcionalmente equivalentes","Viviane Kawashima","1","Time Integrado Governo Digital(1743428760246x239092809917267970)"
"1751948188109x480639091171917800","3,25","1741715341881x519750575031320600","Escalabilidade, ou seja, refere-se à capacidade da solução ser reproduzida em grande quantidade e para um número grande de clientes","Viviane Kawashima","5","Time Integrado Governo Digital(1743428760246x239092809917267970)"
"1751948188109x480639091171917800","3,25","1741715341881x519750575031320600","Tecnologias utilizadas para a solução do desafio","Viviane Kawashima","4","Time Integrado Governo Digital(1743428760246x239092809917267970)"
"1751948188109x480639091171917800","3,25","1741715341881x519750575031320600","A viabilidade e a maturidade do modelo de negócio da solução","Viviane Kawashima","3","Time Integrado Governo Digital(1743428760246x239092809917267970)"
"1751945636255x926377292107612200","1,5","1741715341881x519750575031320600","O potencial de resolução do problema pela solução proposta e, se for o caso, da provável economia para a administração pública","Viviane Kawashima","2","Eng Inova(1743340516550x123872810449502200)"
"1751948188109x480639091171917800","3,25","1741715341881x519750575031320600","Prazo dos entregáveis da solução","Viviane Kawashima","2","Time Integrado Governo Digital(1743428760246x239092809917267970)"
"1751945636255x926377292107612200","1,5","1741715341881x519750575031320600","A viabilidade e a maturidade do modelo de negócio da solução","Viviane Kawashima","1","Eng Inova(1743340516550x123872810449502200)"
"1751948188109x480639091171917800","3,25","1741715341881x519750575031320600","A qualidade da fundamentação, analisando o embasamento e a justificativa da solução proposta pelo aplicante","Viviane Kawashima","3","Time Integrado Governo Digital(1743428760246x239092809917267970)"
"1751945636255x926377292107612200","1,5","1741715341881x519750575031320600","A demonstração comparativa de custo e benefício da proposta em relação às opções funcionalmente equivalentes","Viviane Kawashima","1","Eng Inova(1743340516550x123872810449502200)"
"1751944636017x762980292754145300","1","1741715341881x519750575031320600","A viabilidade e a maturidade do modelo de negócio da solução","Viviane Kawashima","1","EcoSenso (1742767875585x681211700468252700)"
"1751944636017x762980292754145300","1","1741715341881x519750575031320600","A demonstração comparativa de custo e benefício da proposta em relação às opções funcionalmente equivalentes","Viviane Kawashima","1","EcoSenso (1742767875585x681211700468252700)"
"1751944636017x762980292754145300","1","1741715341881x519750575031320600","Tecnologias utilizadas para a solução do desafio","Viviane Kawashima","1","EcoSenso (1742767875585x681211700468252700)"
"1751944636017x762980292754145300","1","1741715341881x519750575031320600","Prazo dos entregáveis da solução","Viviane Kawashima","1","EcoSenso (1742767875585x681211700468252700)"
"1751945636255x926377292107612200","1,5","1741715341881x519750575031320600","Tecnologias utilizadas para a solução do desafio","Viviane Kawashima","1","Eng Inova(1743340516550x123872810449502200)"
"1751944481194x844417367247421400","1","1741715341881x519750575031320600","O potencial de resolução do problema pela solução proposta e, se for o caso, da provável economia para a administração pública","Viviane Kawashima","1","equipe 4 (inovação a engenharia)(1742423428232x561693473329643500)"
"1751944636017x762980292754145300","1","1741715341881x519750575031320600","O potencial de resolução do problema pela solução proposta e, se for o caso, da provável economia para a administração pública","Viviane Kawashima","1","EcoSenso (1742767875585x681211700468252700)"
"1751944481194x844417367247421400","1","1741715341881x519750575031320600","A demonstração comparativa de custo e benefício da proposta em relação às opções funcionalmente equivalentes","Viviane Kawashima","1","equipe 4 (inovação a engenharia)(1742423428232x561693473329643500)"
"1751944481194x844417367247421400","1","1741715341881x519750575031320600","Escalabilidade, ou seja, refere-se à capacidade da solução ser reproduzida em grande quantidade e para um número grande de clientes","Viviane Kawashima","1","equipe 4 (inovação a engenharia)(1742423428232x561693473329643500)"
"1751944481194x844417367247421400","1","1741715341881x519750575031320600","A qualidade da fundamentação, analisando o embasamento e a justificativa da solução proposta pelo aplicante","Viviane Kawashima","1","equipe 4 (inovação a engenharia)(1742423428232x561693473329643500)"
"1751944481194x844417367247421400","1","1741715341881x519750575031320600","Tecnologias utilizadas para a solução do desafio","Viviane Kawashima","1","equipe 4 (inovação a engenharia)(1742423428232x561693473329643500)"
"1751944481194x844417367247421400","1","1741715341881x519750575031320600","A viabilidade e a maturidade do modelo de negócio da solução","Viviane Kawashima","1","equipe 4 (inovação a engenharia)(1742423428232x561693473329643500)"
"1751944636017x762980292754145300","1","1741715341881x519750575031320600","A qualidade da fundamentação, analisando o embasamento e a justificativa da solução proposta pelo aplicante","Viviane Kawashima","1","EcoSenso (1742767875585x681211700468252700)"
"1751944481194x844417367247421400","1","1741715341881x519750575031320600","Prazo dos entregáveis da solução","Viviane Kawashima","1","equipe 4 (inovação a engenharia)(1742423428232x561693473329643500)"
"1751942432606x682037779600244700","1","1741715341881x519750575031320600","O potencial de resolução do problema pela solução proposta e, se for o caso, da provável economia para a administração pública","Viviane Kawashima","1","Ecoboard (1742396587841x346059140321247200)"
"1751942432606x682037779600244700","1","1741715341881x519750575031320600","A demonstração comparativa de custo e benefício da proposta em relação às opções funcionalmente equivalentes","Viviane Kawashima","1","Ecoboard (1742396587841x346059140321247200)"
"1751942432606x682037779600244700","1","1741715341881x519750575031320600","Tecnologias utilizadas para a solução do desafio","Viviane Kawashima","1","Ecoboard (1742396587841x346059140321247200)"
"1751942432606x682037779600244700","1","1741715341881x519750575031320600","A viabilidade e a maturidade do modelo de negócio da solução","Viviane Kawashima","1","Ecoboard (1742396587841x346059140321247200)"
"1751942432606x682037779600244700","1","1741715341881x519750575031320600","Escalabilidade, ou seja, refere-se à capacidade da solução ser reproduzida em grande quantidade e para um número grande de clientes","Viviane Kawashima","1","Ecoboard (1742396587841x346059140321247200)"
"1751942432606x682037779600244700","1","1741715341881x519750575031320600","A qualidade da fundamentação, analisando o embasamento e a justificativa da solução proposta pelo aplicante","Viviane Kawashima","1","Ecoboard (1742396587841x346059140321247200)"
"1751920819695x664752483929948200","3,75","1741715341881x519750575031320600","A qualidade da fundamentação, analisando o embasamento e a justificativa da solução proposta pelo aplicante","ANDRÉ LUIZ GALINDO DE BRITO","4","Cabueta(1750474717548x239448712580956160)"
"1751942432606x682037779600244700","1","1741715341881x519750575031320600","Prazo dos entregáveis da solução","Viviane Kawashima","1","Ecoboard (1742396587841x346059140321247200)"
"1751920819695x664752483929948200","3,75","1741715341881x519750575031320600","Prazo dos entregáveis da solução","ANDRÉ LUIZ GALINDO DE BRITO","5","Cabueta(1750474717548x239448712580956160)"
"1751920349584x826601468227747800","3,75","1741715341881x519750575031320600","O potencial de resolução do problema pela solução proposta e, se for o caso, da provável economia para a administração pública","ANDRÉ LUIZ GALINDO DE BRITO","4","ALEX MIQUEIAS BARBOSA DE SOUZA(1750474350032x203039135597330430)"
"1751944636017x762980292754145300","1","1741715341881x519750575031320600","Escalabilidade, ou seja, refere-se à capacidade da solução ser reproduzida em grande quantidade e para um número grande de clientes","Viviane Kawashima","1","EcoSenso (1742767875585x681211700468252700)"
"1751920819695x664752483929948200","3,75","1741715341881x519750575031320600","Escalabilidade, ou seja, refere-se à capacidade da solução ser reproduzida em grande quantidade e para um número grande de clientes","ANDRÉ LUIZ GALINDO DE BRITO","5","Cabueta(1750474717548x239448712580956160)"
"1751920349584x826601468227747800","3,75","1741715341881x519750575031320600","Tecnologias utilizadas para a solução do desafio","ANDRÉ LUIZ GALINDO DE BRITO","5","ALEX MIQUEIAS BARBOSA DE SOUZA(1750474350032x203039135597330430)"
"1751920349584x826601468227747800","3,75","1741715341881x519750575031320600","A viabilidade e a maturidade do modelo de negócio da solução","ANDRÉ LUIZ GALINDO DE BRITO","3","ALEX MIQUEIAS BARBOSA DE SOUZA(1750474350032x203039135597330430)"
"1751920349584x826601468227747800","3,75","1741715341881x519750575031320600","A demonstração comparativa de custo e benefício da proposta em relação às opções funcionalmente equivalentes","ANDRÉ LUIZ GALINDO DE BRITO","4","ALEX MIQUEIAS BARBOSA DE SOUZA(1750474350032x203039135597330430)"
"1751918950003x938904254153752600","3,25","1741715341881x519750575031320600","A demonstração comparativa de custo e benefício da proposta em relação às opções funcionalmente equivalentes","ANDRÉ LUIZ GALINDO DE BRITO","4","Cidade Science(1750469093364x881078442918936600)"
"1751918950003x938904254153752600","3,25","1741715341881x519750575031320600","Prazo dos entregáveis da solução","ANDRÉ LUIZ GALINDO DE BRITO","5","Cidade Science(1750469093364x881078442918936600)"
"1751918950003x938904254153752600","3,25","1741715341881x519750575031320600","A viabilidade e a maturidade do modelo de negócio da solução","ANDRÉ LUIZ GALINDO DE BRITO","2","Cidade Science(1750469093364x881078442918936600)"
"1751920349584x826601468227747800","3,75","1741715341881x519750575031320600","A qualidade da fundamentação, analisando o embasamento e a justificativa da solução proposta pelo aplicante","ANDRÉ LUIZ GALINDO DE BRITO","4","ALEX MIQUEIAS BARBOSA DE SOUZA(1750474350032x203039135597330430)"
"1751920349584x826601468227747800","3,75","1741715341881x519750575031320600","Prazo dos entregáveis da solução","ANDRÉ LUIZ GALINDO DE BRITO","3","ALEX MIQUEIAS BARBOSA DE SOUZA(1750474350032x203039135597330430)"
"1751918950003x938904254153752600","3,25","1741715341881x519750575031320600","Escalabilidade, ou seja, refere-se à capacidade da solução ser reproduzida em grande quantidade e para um número grande de clientes","ANDRÉ LUIZ GALINDO DE BRITO","4","Cidade Science(1750469093364x881078442918936600)"
"1751920349584x826601468227747800","3,75","1741715341881x519750575031320600","Escalabilidade, ou seja, refere-se à capacidade da solução ser reproduzida em grande quantidade e para um número grande de clientes","ANDRÉ LUIZ GALINDO DE BRITO","3","ALEX MIQUEIAS BARBOSA DE SOUZA(1750474350032x203039135597330430)"
"1751918950003x938904254153752600","3,25","1741715341881x519750575031320600","A qualidade da fundamentação, analisando o embasamento e a justificativa da solução proposta pelo aplicante","ANDRÉ LUIZ GALINDO DE BRITO","4","Cidade Science(1750469093364x881078442918936600)"
"1751918950003x938904254153752600","3,25","1741715341881x519750575031320600","Tecnologias utilizadas para a solução do desafio","ANDRÉ LUIZ GALINDO DE BRITO","4","Cidade Science(1750469093364x881078442918936600)"
"1751918950003x938904254153752600","3,25","1741715341881x519750575031320600","O potencial de resolução do problema pela solução proposta e, se for o caso, da provável economia para a administração pública","ANDRÉ LUIZ GALINDO DE BRITO","2","Cidade Science(1750469093364x881078442918936600)"
"1751918686011x323711032442486800","2,58","1741715341881x519750575031320600","A demonstração comparativa de custo e benefício da proposta em relação às opções funcionalmente equivalentes","Tiago dos Santos Mendes","1","LidEye(1744397193212x857900192720486400)"
"1751918686011x323711032442486800","2,58","1741715341881x519750575031320600","A viabilidade e a maturidade do modelo de negócio da solução","Tiago dos Santos Mendes","1","LidEye(1744397193212x857900192720486400)"
"1751918686011x323711032442486800","2,58","1741715341881x519750575031320600","Tecnologias utilizadas para a solução do desafio","Tiago dos Santos Mendes","3","LidEye(1744397193212x857900192720486400)"
"1751918686011x323711032442486800","2,58","1741715341881x519750575031320600","A qualidade da fundamentação, analisando o embasamento e a justificativa da solução proposta pelo aplicante","Tiago dos Santos Mendes","1","LidEye(1744397193212x857900192720486400)"
"1751918686011x323711032442486800","2,58","1741715341881x519750575031320600","Escalabilidade, ou seja, refere-se à capacidade da solução ser reproduzida em grande quantidade e para um número grande de clientes","Tiago dos Santos Mendes","3","LidEye(1744397193212x857900192720486400)"
"1751918686011x323711032442486800","2,58","1741715341881x519750575031320600","Prazo dos entregáveis da solução","Tiago dos Santos Mendes","3","LidEye(1744397193212x857900192720486400)"
"1751918686011x323711032442486800","2,58","1741715341881x519750575031320600","O potencial de resolução do problema pela solução proposta e, se for o caso, da provável economia para a administração pública","Tiago dos Santos Mendes","4","LidEye(1744397193212x857900192720486400)"
"1751918580083x625181595560837100","4","1741715341881x519750575031320600","A viabilidade e a maturidade do modelo de negócio da solução","ANDRÉ LUIZ GALINDO DE BRITO","4","Manacá Tecnologias Sociais(1750452512570x514699865063161860)"
"1751918580083x625181595560837100","4","1741715341881x519750575031320600","A demonstração comparativa de custo e benefício da proposta em relação às opções funcionalmente equivalentes","ANDRÉ LUIZ GALINDO DE BRITO","4","Manacá Tecnologias Sociais(1750452512570x514699865063161860)"
"1751918580083x625181595560837100","4","1741715341881x519750575031320600","A qualidade da fundamentação, analisando o embasamento e a justificativa da solução proposta pelo aplicante","ANDRÉ LUIZ GALINDO DE BRITO","5","Manacá Tecnologias Sociais(1750452512570x514699865063161860)"
"1751918580083x625181595560837100","4","1741715341881x519750575031320600","Escalabilidade, ou seja, refere-se à capacidade da solução ser reproduzida em grande quantidade e para um número grande de clientes","ANDRÉ LUIZ GALINDO DE BRITO","3","Manacá Tecnologias Sociais(1750452512570x514699865063161860)"
"1751918580083x625181595560837100","4","1741715341881x519750575031320600","Tecnologias utilizadas para a solução do desafio","ANDRÉ LUIZ GALINDO DE BRITO","4","Manacá Tecnologias Sociais(1750452512570x514699865063161860)"
"1751918059529x349064343291691000","3,17","1741715341881x519750575031320600","A demonstração comparativa de custo e benefício da proposta em relação às opções funcionalmente equivalentes","ANDRÉ LUIZ GALINDO DE BRITO","3","Nozes Geoinformações(1750375622115x563711854504050700)"
"1751918059529x349064343291691000","3,17","1741715341881x519750575031320600","Escalabilidade, ou seja, refere-se à capacidade da solução ser reproduzida em grande quantidade e para um número grande de clientes","ANDRÉ LUIZ GALINDO DE BRITO","3","Nozes Geoinformações(1750375622115x563711854504050700)"
"1751918059529x349064343291691000","3,17","1741715341881x519750575031320600","Tecnologias utilizadas para a solução do desafio","ANDRÉ LUIZ GALINDO DE BRITO","5","Nozes Geoinformações(1750375622115x563711854504050700)"
"1751918059529x349064343291691000","3,17","1741715341881x519750575031320600","Prazo dos entregáveis da solução","ANDRÉ LUIZ GALINDO DE BRITO","2","Nozes Geoinformações(1750375622115x563711854504050700)"
"1751918059529x349064343291691000","3,17","1741715341881x519750575031320600","A viabilidade e a maturidade do modelo de negócio da solução","ANDRÉ LUIZ GALINDO DE BRITO","2","Nozes Geoinformações(1750375622115x563711854504050700)"
"1751918580083x625181595560837100","4","1741715341881x519750575031320600","Prazo dos entregáveis da solução","ANDRÉ LUIZ GALINDO DE BRITO","5","Manacá Tecnologias Sociais(1750452512570x514699865063161860)"
"1751917949104x731791622148718600","1,33","1741715341881x519750575031320600","O potencial de resolução do problema pela solução proposta e, se for o caso, da provável economia para a administração pública","Tiago dos Santos Mendes","1","ECOEDUCA(1743893027408x819035914347741200)"
"1751917949104x731791622148718600","1,33","1741715341881x519750575031320600","A viabilidade e a maturidade do modelo de negócio da solução","Tiago dos Santos Mendes","1","ECOEDUCA(1743893027408x819035914347741200)"
"1751918059529x349064343291691000","3,17","1741715341881x519750575031320600","A qualidade da fundamentação, analisando o embasamento e a justificativa da solução proposta pelo aplicante","ANDRÉ LUIZ GALINDO DE BRITO","4","Nozes Geoinformações(1750375622115x563711854504050700)"
"1751917949104x731791622148718600","1,33","1741715341881x519750575031320600","A demonstração comparativa de custo e benefício da proposta em relação às opções funcionalmente equivalentes","Tiago dos Santos Mendes","1","ECOEDUCA(1743893027408x819035914347741200)"
"1751918580083x625181595560837100","4","1741715341881x519750575031320600","O potencial de resolução do problema pela solução proposta e, se for o caso, da provável economia para a administração pública","ANDRÉ LUIZ GALINDO DE BRITO","4","Manacá Tecnologias Sociais(1750452512570x514699865063161860)"
"1751918059529x349064343291691000","3,17","1741715341881x519750575031320600","O potencial de resolução do problema pela solução proposta e, se for o caso, da provável economia para a administração pública","ANDRÉ LUIZ GALINDO DE BRITO","3","Nozes Geoinformações(1750375622115x563711854504050700)"
"1751917949104x731791622148718600","1,33","1741715341881x519750575031320600","A qualidade da fundamentação, analisando o embasamento e a justificativa da solução proposta pelo aplicante","Tiago dos Santos Mendes","1","ECOEDUCA(1743893027408x819035914347741200)"
"1751917467735x748458412984500200","3,5","1741715341881x519750575031320600","A viabilidade e a maturidade do modelo de negócio da solução","ANDRÉ LUIZ GALINDO DE BRITO","3","Gilsoni Albino, Eloi Ronnau(1750296316999x874523258798211100)"
"1751917467735x748458412984500200","3,5","1741715341881x519750575031320600","Escalabilidade, ou seja, refere-se à capacidade da solução ser reproduzida em grande quantidade e para um número grande de clientes","ANDRÉ LUIZ GALINDO DE BRITO","3","Gilsoni Albino, Eloi Ronnau(1750296316999x874523258798211100)"
"1751917949104x731791622148718600","1,33","1741715341881x519750575031320600","Prazo dos entregáveis da solução","Tiago dos Santos Mendes","1","ECOEDUCA(1743893027408x819035914347741200)"
"1751917467735x748458412984500200","3,5","1741715341881x519750575031320600","Tecnologias utilizadas para a solução do desafio","ANDRÉ LUIZ GALINDO DE BRITO","5","Gilsoni Albino, Eloi Ronnau(1750296316999x874523258798211100)"
"1751917949104x731791622148718600","1,33","1741715341881x519750575031320600","Escalabilidade, ou seja, refere-se à capacidade da solução ser reproduzida em grande quantidade e para um número grande de clientes","Tiago dos Santos Mendes","2","ECOEDUCA(1743893027408x819035914347741200)"
"1751917467735x748458412984500200","3,5","1741715341881x519750575031320600","A qualidade da fundamentação, analisando o embasamento e a justificativa da solução proposta pelo aplicante","ANDRÉ LUIZ GALINDO DE BRITO","5","Gilsoni Albino, Eloi Ronnau(1750296316999x874523258798211100)"
"1751917467735x748458412984500200","3,5","1741715341881x519750575031320600","A demonstração comparativa de custo e benefício da proposta em relação às opções funcionalmente equivalentes","ANDRÉ LUIZ GALINDO DE BRITO","3","Gilsoni Albino, Eloi Ronnau(1750296316999x874523258798211100)"
"1751917205225x277752355314204670","1","1741715341881x519750575031320600","A demonstração comparativa de custo e benefício da proposta em relação às opções funcionalmente equivalentes","ANDRÉ LUIZ GALINDO DE BRITO","1","MIT SOLUÇÕES(1750279581521x145867723460575230)"
"1751917205225x277752355314204670","1","1741715341881x519750575031320600","A viabilidade e a maturidade do modelo de negócio da solução","ANDRÉ LUIZ GALINDO DE BRITO","1","MIT SOLUÇÕES(1750279581521x145867723460575230)"
"1751917205225x277752355314204670","1","1741715341881x519750575031320600","Escalabilidade, ou seja, refere-se à capacidade da solução ser reproduzida em grande quantidade e para um número grande de clientes","ANDRÉ LUIZ GALINDO DE BRITO","1","MIT SOLUÇÕES(1750279581521x145867723460575230)"
"1751917467735x748458412984500200","3,5","1741715341881x519750575031320600","Prazo dos entregáveis da solução","ANDRÉ LUIZ GALINDO DE BRITO","3","Gilsoni Albino, Eloi Ronnau(1750296316999x874523258798211100)"
"1751917205225x277752355314204670","1","1741715341881x519750575031320600","Tecnologias utilizadas para a solução do desafio","ANDRÉ LUIZ GALINDO DE BRITO","1","MIT SOLUÇÕES(1750279581521x145867723460575230)"
"1751917205225x277752355314204670","1","1741715341881x519750575031320600","Prazo dos entregáveis da solução","ANDRÉ LUIZ GALINDO DE BRITO","1","MIT SOLUÇÕES(1750279581521x145867723460575230)"
"1751917949104x731791622148718600","1,33","1741715341881x519750575031320600","Tecnologias utilizadas para a solução do desafio","Tiago dos Santos Mendes","2","ECOEDUCA(1743893027408x819035914347741200)"
"1751916993890x663416475436187600","3,92","1741715341881x519750575031320600","A demonstração comparativa de custo e benefício da proposta em relação às opções funcionalmente equivalentes","ANDRÉ LUIZ GALINDO DE BRITO","4","QUALIPORT(1749432185417x683882622927503400)"
"1751916993890x663416475436187600","3,92","1741715341881x519750575031320600","Tecnologias utilizadas para a solução do desafio","ANDRÉ LUIZ GALINDO DE BRITO","4","QUALIPORT(1749432185417x683882622927503400)"
"1751916993890x663416475436187600","3,92","1741715341881x519750575031320600","O potencial de resolução do problema pela solução proposta e, se for o caso, da provável economia para a administração pública","ANDRÉ LUIZ GALINDO DE BRITO","4","QUALIPORT(1749432185417x683882622927503400)"
"1751917467735x748458412984500200","3,5","1741715341881x519750575031320600","O potencial de resolução do problema pela solução proposta e, se for o caso, da provável economia para a administração pública","ANDRÉ LUIZ GALINDO DE BRITO","3","Gilsoni Albino, Eloi Ronnau(1750296316999x874523258798211100)"
"1751917205225x277752355314204670","1","1741715341881x519750575031320600","A qualidade da fundamentação, analisando o embasamento e a justificativa da solução proposta pelo aplicante","ANDRÉ LUIZ GALINDO DE BRITO","1","MIT SOLUÇÕES(1750279581521x145867723460575230)"
"1751916993890x663416475436187600","3,92","1741715341881x519750575031320600","A viabilidade e a maturidade do modelo de negócio da solução","ANDRÉ LUIZ GALINDO DE BRITO","4","QUALIPORT(1749432185417x683882622927503400)"
"1751916993890x663416475436187600","3,92","1741715341881x519750575031320600","A qualidade da fundamentação, analisando o embasamento e a justificativa da solução proposta pelo aplicante","ANDRÉ LUIZ GALINDO DE BRITO","4","QUALIPORT(1749432185417x683882622927503400)"
"1751916993890x663416475436187600","3,92","1741715341881x519750575031320600","Prazo dos entregáveis da solução","ANDRÉ LUIZ GALINDO DE BRITO","3","QUALIPORT(1749432185417x683882622927503400)"
"1751917205225x277752355314204670","1","1741715341881x519750575031320600","O potencial de resolução do problema pela solução proposta e, se for o caso, da provável economia para a administração pública","ANDRÉ LUIZ GALINDO DE BRITO","1","MIT SOLUÇÕES(1750279581521x145867723460575230)"
"1751916822937x874426663376257000","1,75","1741715341881x519750575031320600","O potencial de resolução do problema pela solução proposta e, se for o caso, da provável economia para a administração pública","Tiago dos Santos Mendes","1","Confiança real(1743719132092x937650549396078600)"
"1751916993890x663416475436187600","3,92","1741715341881x519750575031320600","Escalabilidade, ou seja, refere-se à capacidade da solução ser reproduzida em grande quantidade e para um número grande de clientes","ANDRÉ LUIZ GALINDO DE BRITO","4","QUALIPORT(1749432185417x683882622927503400)"
"1751916822937x874426663376257000","1,75","1741715341881x519750575031320600","A demonstração comparativa de custo e benefício da proposta em relação às opções funcionalmente equivalentes","Tiago dos Santos Mendes","2","Confiança real(1743719132092x937650549396078600)"
"1751916822937x874426663376257000","1,75","1741715341881x519750575031320600","A viabilidade e a maturidade do modelo de negócio da solução","Tiago dos Santos Mendes","2","Confiança real(1743719132092x937650549396078600)"
"1751916822937x874426663376257000","1,75","1741715341881x519750575031320600","A qualidade da fundamentação, analisando o embasamento e a justificativa da solução proposta pelo aplicante","Tiago dos Santos Mendes","3","Confiança real(1743719132092x937650549396078600)"
"1751916822937x874426663376257000","1,75","1741715341881x519750575031320600","Tecnologias utilizadas para a solução do desafio","Tiago dos Santos Mendes","2","Confiança real(1743719132092x937650549396078600)"
"1751916822937x874426663376257000","1,75","1741715341881x519750575031320600","Prazo dos entregáveis da solução","Tiago dos Santos Mendes","1","Confiança real(1743719132092x937650549396078600)"
"1751915856323x742901857388855300","1,92","1741715341881x519750575031320600","A demonstração comparativa de custo e benefício da proposta em relação às opções funcionalmente equivalentes","ANDRÉ LUIZ GALINDO DE BRITO","3","TrackMe(1747344947024x807521408212533200)"
"1751915856323x742901857388855300","1,92","1741715341881x519750575031320600","Tecnologias utilizadas para a solução do desafio","ANDRÉ LUIZ GALINDO DE BRITO","2","TrackMe(1747344947024x807521408212533200)"
"1751915856323x742901857388855300","1,92","1741715341881x519750575031320600","Escalabilidade, ou seja, refere-se à capacidade da solução ser reproduzida em grande quantidade e para um número grande de clientes","ANDRÉ LUIZ GALINDO DE BRITO","2","TrackMe(1747344947024x807521408212533200)"
"1751915856323x742901857388855300","1,92","1741715341881x519750575031320600","O potencial de resolução do problema pela solução proposta e, se for o caso, da provável economia para a administração pública","ANDRÉ LUIZ GALINDO DE BRITO","1","TrackMe(1747344947024x807521408212533200)"
"1751915856323x742901857388855300","1,92","1741715341881x519750575031320600","A viabilidade e a maturidade do modelo de negócio da solução","ANDRÉ LUIZ GALINDO DE BRITO","3","TrackMe(1747344947024x807521408212533200)"
"1751916822937x874426663376257000","1,75","1741715341881x519750575031320600","Escalabilidade, ou seja, refere-se à capacidade da solução ser reproduzida em grande quantidade e para um número grande de clientes","Tiago dos Santos Mendes","2","Confiança real(1743719132092x937650549396078600)"
"1751915856323x742901857388855300","1,92","1741715341881x519750575031320600","Prazo dos entregáveis da solução","ANDRÉ LUIZ GALINDO DE BRITO","2","TrackMe(1747344947024x807521408212533200)"
"1751915057313x266703790348697600","1,33","1741715341881x519750575031320600","O potencial de resolução do problema pela solução proposta e, se for o caso, da provável economia para a administração pública","ANDRÉ LUIZ GALINDO DE BRITO","2","Cogfy (by Indigo Hive)(1747274257685x122816064052527100)"
"1751915856323x742901857388855300","1,92","1741715341881x519750575031320600","A qualidade da fundamentação, analisando o embasamento e a justificativa da solução proposta pelo aplicante","ANDRÉ LUIZ GALINDO DE BRITO","1","TrackMe(1747344947024x807521408212533200)"
"1751915057313x266703790348697600","1,33","1741715341881x519750575031320600","Tecnologias utilizadas para a solução do desafio","ANDRÉ LUIZ GALINDO DE BRITO","1","Cogfy (by Indigo Hive)(1747274257685x122816064052527100)"
"1751915057313x266703790348697600","1,33","1741715341881x519750575031320600","A demonstração comparativa de custo e benefício da proposta em relação às opções funcionalmente equivalentes","ANDRÉ LUIZ GALINDO DE BRITO","2","Cogfy (by Indigo Hive)(1747274257685x122816064052527100)"
"1751915057313x266703790348697600","1,33","1741715341881x519750575031320600","A viabilidade e a maturidade do modelo de negócio da solução","ANDRÉ LUIZ GALINDO DE BRITO","1","Cogfy (by Indigo Hive)(1747274257685x122816064052527100)"
"1751914866880x638536133617123300","1,5","1741715341881x519750575031320600","A viabilidade e a maturidade do modelo de negócio da solução","Tiago dos Santos Mendes","2","Time Integrado Governo Digital(1743428760246x239092809917267970)"
"1751915057313x266703790348697600","1,33","1741715341881x519750575031320600","Prazo dos entregáveis da solução","ANDRÉ LUIZ GALINDO DE BRITO","1","Cogfy (by Indigo Hive)(1747274257685x122816064052527100)"
"1751914866880x638536133617123300","1,5","1741715341881x519750575031320600","A demonstração comparativa de custo e benefício da proposta em relação às opções funcionalmente equivalentes","Tiago dos Santos Mendes","1","Time Integrado Governo Digital(1743428760246x239092809917267970)"
"1751915057313x266703790348697600","1,33","1741715341881x519750575031320600","A qualidade da fundamentação, analisando o embasamento e a justificativa da solução proposta pelo aplicante","ANDRÉ LUIZ GALINDO DE BRITO","1","Cogfy (by Indigo Hive)(1747274257685x122816064052527100)"
"1751914866880x638536133617123300","1,5","1741715341881x519750575031320600","Tecnologias utilizadas para a solução do desafio","Tiago dos Santos Mendes","2","Time Integrado Governo Digital(1743428760246x239092809917267970)"
"1751914866880x638536133617123300","1,5","1741715341881x519750575031320600","O potencial de resolução do problema pela solução proposta e, se for o caso, da provável economia para a administração pública","Tiago dos Santos Mendes","1","Time Integrado Governo Digital(1743428760246x239092809917267970)"
"1751914866880x638536133617123300","1,5","1741715341881x519750575031320600","Escalabilidade, ou seja, refere-se à capacidade da solução ser reproduzida em grande quantidade e para um número grande de clientes","Tiago dos Santos Mendes","2","Time Integrado Governo Digital(1743428760246x239092809917267970)"
"1751914866880x638536133617123300","1,5","1741715341881x519750575031320600","A qualidade da fundamentação, analisando o embasamento e a justificativa da solução proposta pelo aplicante","Tiago dos Santos Mendes","1","Time Integrado Governo Digital(1743428760246x239092809917267970)"
"1751913917865x341885945832538100","2,5","1741715341881x519750575031320600","O potencial de resolução do problema pela solução proposta e, se for o caso, da provável economia para a administração pública","ANDRÉ LUIZ GALINDO DE BRITO","3","RaiiF(1747181037225x426954338790801400)"
"1751913917865x341885945832538100","2,5","1741715341881x519750575031320600","A viabilidade e a maturidade do modelo de negócio da solução","ANDRÉ LUIZ GALINDO DE BRITO","2","RaiiF(1747181037225x426954338790801400)"
"1751914866880x638536133617123300","1,5","1741715341881x519750575031320600","Prazo dos entregáveis da solução","Tiago dos Santos Mendes","1","Time Integrado Governo Digital(1743428760246x239092809917267970)"
"1751913917865x341885945832538100","2,5","1741715341881x519750575031320600","Tecnologias utilizadas para a solução do desafio","ANDRÉ LUIZ GALINDO DE BRITO","2","RaiiF(1747181037225x426954338790801400)"
"1751913917865x341885945832538100","2,5","1741715341881x519750575031320600","Escalabilidade, ou seja, refere-se à capacidade da solução ser reproduzida em grande quantidade e para um número grande de clientes","ANDRÉ LUIZ GALINDO DE BRITO","2","RaiiF(1747181037225x426954338790801400)"
"1751913917865x341885945832538100","2,5","1741715341881x519750575031320600","A demonstração comparativa de custo e benefício da proposta em relação às opções funcionalmente equivalentes","ANDRÉ LUIZ GALINDO DE BRITO","3","RaiiF(1747181037225x426954338790801400)"
"1751913612636x122073356561285120","2,92","1741715341881x519750575031320600","O potencial de resolução do problema pela solução proposta e, se for o caso, da provável economia para a administração pública","Tiago dos Santos Mendes","3","Cogfy (by Indigo Hive)(1747274257685x122816064052527100)"
"1751913612636x122073356561285120","2,92","1741715341881x519750575031320600","Tecnologias utilizadas para a solução do desafio","Tiago dos Santos Mendes","4","Cogfy (by Indigo Hive)(1747274257685x122816064052527100)"
"1751915057313x266703790348697600","1,33","1741715341881x519750575031320600","Escalabilidade, ou seja, refere-se à capacidade da solução ser reproduzida em grande quantidade e para um número grande de clientes","ANDRÉ LUIZ GALINDO DE BRITO","1","Cogfy (by Indigo Hive)(1747274257685x122816064052527100)"
"1751913917865x341885945832538100","2,5","1741715341881x519750575031320600","Prazo dos entregáveis da solução","ANDRÉ LUIZ GALINDO DE BRITO","3","RaiiF(1747181037225x426954338790801400)"
"1751913612636x122073356561285120","2,92","1741715341881x519750575031320600","A qualidade da fundamentação, analisando o embasamento e a justificativa da solução proposta pelo aplicante","Tiago dos Santos Mendes","3","Cogfy (by Indigo Hive)(1747274257685x122816064052527100)"
"1751913612636x122073356561285120","2,92","1741715341881x519750575031320600","Escalabilidade, ou seja, refere-se à capacidade da solução ser reproduzida em grande quantidade e para um número grande de clientes","Tiago dos Santos Mendes","3","Cogfy (by Indigo Hive)(1747274257685x122816064052527100)"
"1751913612636x122073356561285120","2,92","1741715341881x519750575031320600","A demonstração comparativa de custo e benefício da proposta em relação às opções funcionalmente equivalentes","Tiago dos Santos Mendes","2","Cogfy (by Indigo Hive)(1747274257685x122816064052527100)"
"1751913612636x122073356561285120","2,92","1741715341881x519750575031320600","A viabilidade e a maturidade do modelo de negócio da solução","Tiago dos Santos Mendes","3","Cogfy (by Indigo Hive)(1747274257685x122816064052527100)"
"1751912233443x148206399208816640","3,17","1741715341881x519750575031320600","O potencial de resolução do problema pela solução proposta e, se for o caso, da provável economia para a administração pública","ANDRÉ LUIZ GALINDO DE BRITO","3","Fluxo Livre(1747146234140x323187820117884900)"
"1751912233443x148206399208816640","3,17","1741715341881x519750575031320600","A viabilidade e a maturidade do modelo de negócio da solução","ANDRÉ LUIZ GALINDO DE BRITO","3","Fluxo Livre(1747146234140x323187820117884900)"
"1751912233443x148206399208816640","3,17","1741715341881x519750575031320600","A demonstração comparativa de custo e benefício da proposta em relação às opções funcionalmente equivalentes","ANDRÉ LUIZ GALINDO DE BRITO","3","Fluxo Livre(1747146234140x323187820117884900)"
"1751912233443x148206399208816640","3,17","1741715341881x519750575031320600","Tecnologias utilizadas para a solução do desafio","ANDRÉ LUIZ GALINDO DE BRITO","4","Fluxo Livre(1747146234140x323187820117884900)"
"1751912233443x148206399208816640","3,17","1741715341881x519750575031320600","Escalabilidade, ou seja, refere-se à capacidade da solução ser reproduzida em grande quantidade e para um número grande de clientes","ANDRÉ LUIZ GALINDO DE BRITO","4","Fluxo Livre(1747146234140x323187820117884900)"
"1751913612636x122073356561285120","2,92","1741715341881x519750575031320600","Prazo dos entregáveis da solução","Tiago dos Santos Mendes","1","Cogfy (by Indigo Hive)(1747274257685x122816064052527100)"
"1751912233443x148206399208816640","3,17","1741715341881x519750575031320600","A qualidade da fundamentação, analisando o embasamento e a justificativa da solução proposta pelo aplicante","ANDRÉ LUIZ GALINDO DE BRITO","2","Fluxo Livre(1747146234140x323187820117884900)"
"1751913917865x341885945832538100","2,5","1741715341881x519750575031320600","A qualidade da fundamentação, analisando o embasamento e a justificativa da solução proposta pelo aplicante","ANDRÉ LUIZ GALINDO DE BRITO","3","RaiiF(1747181037225x426954338790801400)"
"1751912233443x148206399208816640","3,17","1741715341881x519750575031320600","Prazo dos entregáveis da solução","ANDRÉ LUIZ GALINDO DE BRITO","2","Fluxo Livre(1747146234140x323187820117884900)"
"1751912080146x603732852063600600","2,92","1741715341881x519750575031320600","A viabilidade e a maturidade do modelo de negócio da solução","ANDRÉ LUIZ GALINDO DE BRITO","3","Radar Lixo Zero(1746941035333x838644430649426000)"
"1751912080146x603732852063600600","2,92","1741715341881x519750575031320600","A demonstração comparativa de custo e benefício da proposta em relação às opções funcionalmente equivalentes","ANDRÉ LUIZ GALINDO DE BRITO","2","Radar Lixo Zero(1746941035333x838644430649426000)"
"1751912080146x603732852063600600","2,92","1741715341881x519750575031320600","Tecnologias utilizadas para a solução do desafio","ANDRÉ LUIZ GALINDO DE BRITO","3","Radar Lixo Zero(1746941035333x838644430649426000)"
"1751912080146x603732852063600600","2,92","1741715341881x519750575031320600","O potencial de resolução do problema pela solução proposta e, se for o caso, da provável economia para a administração pública","ANDRÉ LUIZ GALINDO DE BRITO","3","Radar Lixo Zero(1746941035333x838644430649426000)"
"1751912080146x603732852063600600","2,92","1741715341881x519750575031320600","A qualidade da fundamentação, analisando o embasamento e a justificativa da solução proposta pelo aplicante","ANDRÉ LUIZ GALINDO DE BRITO","2","Radar Lixo Zero(1746941035333x838644430649426000)"
"1751911561138x146625132346474500","1","1741715341881x519750575031320600","O potencial de resolução do problema pela solução proposta e, se for o caso, da provável economia para a administração pública","ANDRÉ LUIZ GALINDO DE BRITO","1","Green Minot(1746474917318x165412545582333950)"
"1751911561138x146625132346474500","1","1741715341881x519750575031320600","A demonstração comparativa de custo e benefício da proposta em relação às opções funcionalmente equivalentes","ANDRÉ LUIZ GALINDO DE BRITO","1","Green Minot(1746474917318x165412545582333950)"
"1751912080146x603732852063600600","2,92","1741715341881x519750575031320600","Escalabilidade, ou seja, refere-se à capacidade da solução ser reproduzida em grande quantidade e para um número grande de clientes","ANDRÉ LUIZ GALINDO DE BRITO","4","Radar Lixo Zero(1746941035333x838644430649426000)"
"1751912080146x603732852063600600","2,92","1741715341881x519750575031320600","Prazo dos entregáveis da solução","ANDRÉ LUIZ GALINDO DE BRITO","2","Radar Lixo Zero(1746941035333x838644430649426000)"
"1751911561138x146625132346474500","1","1741715341881x519750575031320600","A viabilidade e a maturidade do modelo de negócio da solução","ANDRÉ LUIZ GALINDO DE BRITO","1","Green Minot(1746474917318x165412545582333950)"
"1751911561138x146625132346474500","1","1741715341881x519750575031320600","Escalabilidade, ou seja, refere-se à capacidade da solução ser reproduzida em grande quantidade e para um número grande de clientes","ANDRÉ LUIZ GALINDO DE BRITO","1","Green Minot(1746474917318x165412545582333950)"
"1751911561138x146625132346474500","1","1741715341881x519750575031320600","Prazo dos entregáveis da solução","ANDRÉ LUIZ GALINDO DE BRITO","1","Green Minot(1746474917318x165412545582333950)"
"1751911561138x146625132346474500","1","1741715341881x519750575031320600","A qualidade da fundamentação, analisando o embasamento e a justificativa da solução proposta pelo aplicante","ANDRÉ LUIZ GALINDO DE BRITO","1","Green Minot(1746474917318x165412545582333950)"
"1751911399689x451545135861727200","2,75","1741715341881x519750575031320600","O potencial de resolução do problema pela solução proposta e, se for o caso, da provável economia para a administração pública","ANDRÉ LUIZ GALINDO DE BRITO","3","seuzeh(1746021667074x722393361191796700)"
"1751911561138x146625132346474500","1","1741715341881x519750575031320600","Tecnologias utilizadas para a solução do desafio","ANDRÉ LUIZ GALINDO DE BRITO","1","Green Minot(1746474917318x165412545582333950)"
"1751911399689x451545135861727200","2,75","1741715341881x519750575031320600","A demonstração comparativa de custo e benefício da proposta em relação às opções funcionalmente equivalentes","ANDRÉ LUIZ GALINDO DE BRITO","2","seuzeh(1746021667074x722393361191796700)"
"1751911399689x451545135861727200","2,75","1741715341881x519750575031320600","Tecnologias utilizadas para a solução do desafio","ANDRÉ LUIZ GALINDO DE BRITO","3","seuzeh(1746021667074x722393361191796700)"
"1751911399689x451545135861727200","2,75","1741715341881x519750575031320600","A viabilidade e a maturidade do modelo de negócio da solução","ANDRÉ LUIZ GALINDO DE BRITO","2","seuzeh(1746021667074x722393361191796700)"
"1751911399689x451545135861727200","2,75","1741715341881x519750575031320600","Escalabilidade, ou seja, refere-se à capacidade da solução ser reproduzida em grande quantidade e para um número grande de clientes","ANDRÉ LUIZ GALINDO DE BRITO","4","seuzeh(1746021667074x722393361191796700)"
"1751911399689x451545135861727200","2,75","1741715341881x519750575031320600","A qualidade da fundamentação, analisando o embasamento e a justificativa da solução proposta pelo aplicante","ANDRÉ LUIZ GALINDO DE BRITO","2","seuzeh(1746021667074x722393361191796700)"
"1751910987780x259368837850333200","3,83","1741715341881x519750575031320600","Prazo dos entregáveis da solução","ANDRÉ LUIZ GALINDO DE BRITO","3","LidEye(1744397193212x857900192720486400)"
"1751910987780x259368837850333200","3,83","1741715341881x519750575031320600","O potencial de resolução do problema pela solução proposta e, se for o caso, da provável economia para a administração pública","ANDRÉ LUIZ GALINDO DE BRITO","4","LidEye(1744397193212x857900192720486400)"
"1751910987780x259368837850333200","3,83","1741715341881x519750575031320600","Escalabilidade, ou seja, refere-se à capacidade da solução ser reproduzida em grande quantidade e para um número grande de clientes","ANDRÉ LUIZ GALINDO DE BRITO","4","LidEye(1744397193212x857900192720486400)"
"1751910177385x404885875386482700","2,58","1741715341881x519750575031320600","O potencial de resolução do problema pela solução proposta e, se for o caso, da provável economia para a administração pública","ANDRÉ LUIZ GALINDO DE BRITO","3","ECOEDUCA(1743893027408x819035914347741200)"
"1751910987780x259368837850333200","3,83","1741715341881x519750575031320600","A viabilidade e a maturidade do modelo de negócio da solução","ANDRÉ LUIZ GALINDO DE BRITO","4","LidEye(1744397193212x857900192720486400)"
"1751911399689x451545135861727200","2,75","1741715341881x519750575031320600","Prazo dos entregáveis da solução","ANDRÉ LUIZ GALINDO DE BRITO","2","seuzeh(1746021667074x722393361191796700)"
"1751910987780x259368837850333200","3,83","1741715341881x519750575031320600","A qualidade da fundamentação, analisando o embasamento e a justificativa da solução proposta pelo aplicante","ANDRÉ LUIZ GALINDO DE BRITO","1","LidEye(1744397193212x857900192720486400)"
"1751910987780x259368837850333200","3,83","1741715341881x519750575031320600","A demonstração comparativa de custo e benefício da proposta em relação às opções funcionalmente equivalentes","ANDRÉ LUIZ GALINDO DE BRITO","4","LidEye(1744397193212x857900192720486400)"
"1751910987780x259368837850333200","3,83","1741715341881x519750575031320600","Tecnologias utilizadas para a solução do desafio","ANDRÉ LUIZ GALINDO DE BRITO","5","LidEye(1744397193212x857900192720486400)"
"1751910177385x404885875386482700","2,58","1741715341881x519750575031320600","A demonstração comparativa de custo e benefício da proposta em relação às opções funcionalmente equivalentes","ANDRÉ LUIZ GALINDO DE BRITO","3","ECOEDUCA(1743893027408x819035914347741200)"
"1751910177385x404885875386482700","2,58","1741715341881x519750575031320600","Prazo dos entregáveis da solução","ANDRÉ LUIZ GALINDO DE BRITO","1","ECOEDUCA(1743893027408x819035914347741200)"
"1751910177385x404885875386482700","2,58","1741715341881x519750575031320600","Escalabilidade, ou seja, refere-se à capacidade da solução ser reproduzida em grande quantidade e para um número grande de clientes","ANDRÉ LUIZ GALINDO DE BRITO","4","ECOEDUCA(1743893027408x819035914347741200)"
"1751909758138x693685540387815400","2,58","1741715341881x519750575031320600","A viabilidade e a maturidade do modelo de negócio da solução","ANDRÉ LUIZ GALINDO DE BRITO","2","Confiança real(1743719132092x937650549396078600)"
"1751909758138x693685540387815400","2,58","1741715341881x519750575031320600","A demonstração comparativa de custo e benefício da proposta em relação às opções funcionalmente equivalentes","ANDRÉ LUIZ GALINDO DE BRITO","3","Confiança real(1743719132092x937650549396078600)"
"1751910177385x404885875386482700","2,58","1741715341881x519750575031320600","A qualidade da fundamentação, analisando o embasamento e a justificativa da solução proposta pelo aplicante","ANDRÉ LUIZ GALINDO DE BRITO","2","ECOEDUCA(1743893027408x819035914347741200)"
"1751910177385x404885875386482700","2,58","1741715341881x519750575031320600","Tecnologias utilizadas para a solução do desafio","ANDRÉ LUIZ GALINDO DE BRITO","1","ECOEDUCA(1743893027408x819035914347741200)"
"1751909758138x693685540387815400","2,58","1741715341881x519750575031320600","A qualidade da fundamentação, analisando o embasamento e a justificativa da solução proposta pelo aplicante","ANDRÉ LUIZ GALINDO DE BRITO","2","Confiança real(1743719132092x937650549396078600)"
"1751909758138x693685540387815400","2,58","1741715341881x519750575031320600","Escalabilidade, ou seja, refere-se à capacidade da solução ser reproduzida em grande quantidade e para um número grande de clientes","ANDRÉ LUIZ GALINDO DE BRITO","4","Confiança real(1743719132092x937650549396078600)"
"1751909758138x693685540387815400","2,58","1741715341881x519750575031320600","O potencial de resolução do problema pela solução proposta e, se for o caso, da provável economia para a administração pública","ANDRÉ LUIZ GALINDO DE BRITO","2","Confiança real(1743719132092x937650549396078600)"
"1751909758138x693685540387815400","2,58","1741715341881x519750575031320600","Prazo dos entregáveis da solução","ANDRÉ LUIZ GALINDO DE BRITO","4","Confiança real(1743719132092x937650549396078600)"
"1751909124407x551438584187453400","2,83","1741715341881x519750575031320600","A viabilidade e a maturidade do modelo de negócio da solução","ANDRÉ LUIZ GALINDO DE BRITO","3","Time Integrado Governo Digital(1743428760246x239092809917267970)"
"1751909124407x551438584187453400","2,83","1741715341881x519750575031320600","O potencial de resolução do problema pela solução proposta e, se for o caso, da provável economia para a administração pública","ANDRÉ LUIZ GALINDO DE BRITO","2","Time Integrado Governo Digital(1743428760246x239092809917267970)"
"1751909758138x693685540387815400","2,58","1741715341881x519750575031320600","Tecnologias utilizadas para a solução do desafio","ANDRÉ LUIZ GALINDO DE BRITO","2","Confiança real(1743719132092x937650549396078600)"
"1751909124407x551438584187453400","2,83","1741715341881x519750575031320600","A demonstração comparativa de custo e benefício da proposta em relação às opções funcionalmente equivalentes","ANDRÉ LUIZ GALINDO DE BRITO","2","Time Integrado Governo Digital(1743428760246x239092809917267970)"
"1751910177385x404885875386482700","2,58","1741715341881x519750575031320600","A viabilidade e a maturidade do modelo de negócio da solução","ANDRÉ LUIZ GALINDO DE BRITO","3","ECOEDUCA(1743893027408x819035914347741200)"
"1751909124407x551438584187453400","2,83","1741715341881x519750575031320600","Tecnologias utilizadas para a solução do desafio","ANDRÉ LUIZ GALINDO DE BRITO","3","Time Integrado Governo Digital(1743428760246x239092809917267970)"
"1751909124407x551438584187453400","2,83","1741715341881x519750575031320600","Escalabilidade, ou seja, refere-se à capacidade da solução ser reproduzida em grande quantidade e para um número grande de clientes","ANDRÉ LUIZ GALINDO DE BRITO","4","Time Integrado Governo Digital(1743428760246x239092809917267970)"
"1751909124407x551438584187453400","2,83","1741715341881x519750575031320600","Prazo dos entregáveis da solução","ANDRÉ LUIZ GALINDO DE BRITO","4","Time Integrado Governo Digital(1743428760246x239092809917267970)"
"1751900107823x153756319057707000","1","1741715341881x519750575031320600","O potencial de resolução do problema pela solução proposta e, se for o caso, da provável economia para a administração pública","ANDRÉ LUIZ GALINDO DE BRITO","1","Eng Inova(1743340516550x123872810449502200)"
"1751909124407x551438584187453400","2,83","1741715341881x519750575031320600","A qualidade da fundamentação, analisando o embasamento e a justificativa da solução proposta pelo aplicante","ANDRÉ LUIZ GALINDO DE BRITO","2","Time Integrado Governo Digital(1743428760246x239092809917267970)"
"1751900107823x153756319057707000","1","1741715341881x519750575031320600","A viabilidade e a maturidade do modelo de negócio da solução","ANDRÉ LUIZ GALINDO DE BRITO","1","Eng Inova(1743340516550x123872810449502200)"
"1751900107823x153756319057707000","1","1741715341881x519750575031320600","A demonstração comparativa de custo e benefício da proposta em relação às opções funcionalmente equivalentes","ANDRÉ LUIZ GALINDO DE BRITO","1","Eng Inova(1743340516550x123872810449502200)"
"1751900107823x153756319057707000","1","1741715341881x519750575031320600","Tecnologias utilizadas para a solução do desafio","ANDRÉ LUIZ GALINDO DE BRITO","1","Eng Inova(1743340516550x123872810449502200)"
"1751900107823x153756319057707000","1","1741715341881x519750575031320600","A qualidade da fundamentação, analisando o embasamento e a justificativa da solução proposta pelo aplicante","ANDRÉ LUIZ GALINDO DE BRITO","1","Eng Inova(1743340516550x123872810449502200)"
"1751900107823x153756319057707000","1","1741715341881x519750575031320600","Escalabilidade, ou seja, refere-se à capacidade da solução ser reproduzida em grande quantidade e para um número grande de clientes","ANDRÉ LUIZ GALINDO DE BRITO","1","Eng Inova(1743340516550x123872810449502200)"
"1751900107823x153756319057707000","1","1741715341881x519750575031320600","Prazo dos entregáveis da solução","ANDRÉ LUIZ GALINDO DE BRITO","1","Eng Inova(1743340516550x123872810449502200)"
"1751899478000x160243901436788740","1,17","1741715341881x519750575031320600","O potencial de resolução do problema pela solução proposta e, se for o caso, da provável economia para a administração pública","ANDRÉ LUIZ GALINDO DE BRITO","1","EcoSenso (1742767875585x681211700468252700)"
"1751899478000x160243901436788740","1,17","1741715341881x519750575031320600","A viabilidade e a maturidade do modelo de negócio da solução","ANDRÉ LUIZ GALINDO DE BRITO","1","EcoSenso (1742767875585x681211700468252700)"
"1751899478000x160243901436788740","1,17","1741715341881x519750575031320600","Tecnologias utilizadas para a solução do desafio","ANDRÉ LUIZ GALINDO DE BRITO","2","EcoSenso (1742767875585x681211700468252700)"
"1751899478000x160243901436788740","1,17","1741715341881x519750575031320600","A qualidade da fundamentação, analisando o embasamento e a justificativa da solução proposta pelo aplicante","ANDRÉ LUIZ GALINDO DE BRITO","1","EcoSenso (1742767875585x681211700468252700)"
"1751899478000x160243901436788740","1,17","1741715341881x519750575031320600","Escalabilidade, ou seja, refere-se à capacidade da solução ser reproduzida em grande quantidade e para um número grande de clientes","ANDRÉ LUIZ GALINDO DE BRITO","1","EcoSenso (1742767875585x681211700468252700)"
"1751898835225x341474499322708000","1","1741715341881x519750575031320600","O potencial de resolução do problema pela solução proposta e, se for o caso, da provável economia para a administração pública","ANDRÉ LUIZ GALINDO DE BRITO","1","equipe 4 (inovação a engenharia)(1742423428232x561693473329643500)"
"1751898835225x341474499322708000","1","1741715341881x519750575031320600","A viabilidade e a maturidade do modelo de negócio da solução","ANDRÉ LUIZ GALINDO DE BRITO","1","equipe 4 (inovação a engenharia)(1742423428232x561693473329643500)"
"1751898835225x341474499322708000","1","1741715341881x519750575031320600","Tecnologias utilizadas para a solução do desafio","ANDRÉ LUIZ GALINDO DE BRITO","1","equipe 4 (inovação a engenharia)(1742423428232x561693473329643500)"
"1751898835225x341474499322708000","1","1741715341881x519750575031320600","A demonstração comparativa de custo e benefício da proposta em relação às opções funcionalmente equivalentes","ANDRÉ LUIZ GALINDO DE BRITO","1","equipe 4 (inovação a engenharia)(1742423428232x561693473329643500)"
"1751898835225x341474499322708000","1","1741715341881x519750575031320600","Escalabilidade, ou seja, refere-se à capacidade da solução ser reproduzida em grande quantidade e para um número grande de clientes","ANDRÉ LUIZ GALINDO DE BRITO","1","equipe 4 (inovação a engenharia)(1742423428232x561693473329643500)"
"1751899478000x160243901436788740","1,17","1741715341881x519750575031320600","Prazo dos entregáveis da solução","ANDRÉ LUIZ GALINDO DE BRITO","1","EcoSenso (1742767875585x681211700468252700)"
"1751898835225x341474499322708000","1","1741715341881x519750575031320600","A qualidade da fundamentação, analisando o embasamento e a justificativa da solução proposta pelo aplicante","ANDRÉ LUIZ GALINDO DE BRITO","1","equipe 4 (inovação a engenharia)(1742423428232x561693473329643500)"
"1751640081611x630874754159738900","3,75","1741715341881x519750575031320600","A viabilidade e a maturidade do modelo de negócio da solução","ANA CAROLINA ALVES BREDA","4","Cabueta(1750474717548x239448712580956160)"
"1751640081611x630874754159738900","3,75","1741715341881x519750575031320600","Prazo dos entregáveis da solução","ANA CAROLINA ALVES BREDA","5","Cabueta(1750474717548x239448712580956160)"
"1751640081611x630874754159738900","3,75","1741715341881x519750575031320600","A demonstração comparativa de custo e benefício da proposta em relação às opções funcionalmente equivalentes","ANA CAROLINA ALVES BREDA","3","Cabueta(1750474717548x239448712580956160)"
"1751640081611x630874754159738900","3,75","1741715341881x519750575031320600","Escalabilidade, ou seja, refere-se à capacidade da solução ser reproduzida em grande quantidade e para um número grande de clientes","ANA CAROLINA ALVES BREDA","4","Cabueta(1750474717548x239448712580956160)"
"1751640081611x630874754159738900","3,75","1741715341881x519750575031320600","Tecnologias utilizadas para a solução do desafio","ANA CAROLINA ALVES BREDA","4","Cabueta(1750474717548x239448712580956160)"
"1751639607594x748006862802649100","3,75","1741715341881x519750575031320600","O potencial de resolução do problema pela solução proposta e, se for o caso, da provável economia para a administração pública","ANA CAROLINA ALVES BREDA","4","ALEX MIQUEIAS BARBOSA DE SOUZA(1750474350032x203039135597330430)"
"1751640081611x630874754159738900","3,75","1741715341881x519750575031320600","O potencial de resolução do problema pela solução proposta e, se for o caso, da provável economia para a administração pública","ANA CAROLINA ALVES BREDA","3","Cabueta(1750474717548x239448712580956160)"
"1751640081611x630874754159738900","3,75","1741715341881x519750575031320600","A qualidade da fundamentação, analisando o embasamento e a justificativa da solução proposta pelo aplicante","ANA CAROLINA ALVES BREDA","4","Cabueta(1750474717548x239448712580956160)"
"1751639607594x748006862802649100","3,75","1741715341881x519750575031320600","A demonstração comparativa de custo e benefício da proposta em relação às opções funcionalmente equivalentes","ANA CAROLINA ALVES BREDA","4","ALEX MIQUEIAS BARBOSA DE SOUZA(1750474350032x203039135597330430)"
"1751639607594x748006862802649100","3,75","1741715341881x519750575031320600","Tecnologias utilizadas para a solução do desafio","ANA CAROLINA ALVES BREDA","4","ALEX MIQUEIAS BARBOSA DE SOUZA(1750474350032x203039135597330430)"
"1751639607594x748006862802649100","3,75","1741715341881x519750575031320600","Escalabilidade, ou seja, refere-se à capacidade da solução ser reproduzida em grande quantidade e para um número grande de clientes","ANA CAROLINA ALVES BREDA","4","ALEX MIQUEIAS BARBOSA DE SOUZA(1750474350032x203039135597330430)"
"1751639607594x748006862802649100","3,75","1741715341881x519750575031320600","A viabilidade e a maturidade do modelo de negócio da solução","ANA CAROLINA ALVES BREDA","3","ALEX MIQUEIAS BARBOSA DE SOUZA(1750474350032x203039135597330430)"
"1751639607594x748006862802649100","3,75","1741715341881x519750575031320600","Prazo dos entregáveis da solução","ANA CAROLINA ALVES BREDA","3","ALEX MIQUEIAS BARBOSA DE SOUZA(1750474350032x203039135597330430)"
"1751639607594x748006862802649100","3,75","1741715341881x519750575031320600","A qualidade da fundamentação, analisando o embasamento e a justificativa da solução proposta pelo aplicante","ANA CAROLINA ALVES BREDA","4","ALEX MIQUEIAS BARBOSA DE SOUZA(1750474350032x203039135597330430)"
"1751575478867x574291585573584900","3,75","1741715341881x519750575031320600","O potencial de resolução do problema pela solução proposta e, se for o caso, da provável economia para a administração pública","ANA CAROLINA ALVES BREDA","3","Cidade Science(1750469093364x881078442918936600)"
"1751575478867x574291585573584900","3,75","1741715341881x519750575031320600","Tecnologias utilizadas para a solução do desafio","ANA CAROLINA ALVES BREDA","4","Cidade Science(1750469093364x881078442918936600)"
"1751575478867x574291585573584900","3,75","1741715341881x519750575031320600","Escalabilidade, ou seja, refere-se à capacidade da solução ser reproduzida em grande quantidade e para um número grande de clientes","ANA CAROLINA ALVES BREDA","4","Cidade Science(1750469093364x881078442918936600)"
"1751575478867x574291585573584900","3,75","1741715341881x519750575031320600","A qualidade da fundamentação, analisando o embasamento e a justificativa da solução proposta pelo aplicante","ANA CAROLINA ALVES BREDA","4","Cidade Science(1750469093364x881078442918936600)"
"1751575478867x574291585573584900","3,75","1741715341881x519750575031320600","A demonstração comparativa de custo e benefício da proposta em relação às opções funcionalmente equivalentes","ANA CAROLINA ALVES BREDA","3","Cidade Science(1750469093364x881078442918936600)"
"1751575478867x574291585573584900","3,75","1741715341881x519750575031320600","Prazo dos entregáveis da solução","ANA CAROLINA ALVES BREDA","5","Cidade Science(1750469093364x881078442918936600)"
"1751575043976x174611122660311040","4,75","1741715341881x519750575031320600","O potencial de resolução do problema pela solução proposta e, se for o caso, da provável economia para a administração pública","ANA CAROLINA ALVES BREDA","5","Manacá Tecnologias Sociais(1750452512570x514699865063161860)"
"1751575043976x174611122660311040","4,75","1741715341881x519750575031320600","A viabilidade e a maturidade do modelo de negócio da solução","ANA CAROLINA ALVES BREDA","5","Manacá Tecnologias Sociais(1750452512570x514699865063161860)"
"1751575043976x174611122660311040","4,75","1741715341881x519750575031320600","A demonstração comparativa de custo e benefício da proposta em relação às opções funcionalmente equivalentes","ANA CAROLINA ALVES BREDA","5","Manacá Tecnologias Sociais(1750452512570x514699865063161860)"
"1751575043976x174611122660311040","4,75","1741715341881x519750575031320600","Tecnologias utilizadas para a solução do desafio","ANA CAROLINA ALVES BREDA","4","Manacá Tecnologias Sociais(1750452512570x514699865063161860)"
"1751575043976x174611122660311040","4,75","1741715341881x519750575031320600","A qualidade da fundamentação, analisando o embasamento e a justificativa da solução proposta pelo aplicante","ANA CAROLINA ALVES BREDA","5","Manacá Tecnologias Sociais(1750452512570x514699865063161860)"
"1751575043976x174611122660311040","4,75","1741715341881x519750575031320600","Escalabilidade, ou seja, refere-se à capacidade da solução ser reproduzida em grande quantidade e para um número grande de clientes","ANA CAROLINA ALVES BREDA","5","Manacá Tecnologias Sociais(1750452512570x514699865063161860)"
"1751575043976x174611122660311040","4,75","1741715341881x519750575031320600","Prazo dos entregáveis da solução","ANA CAROLINA ALVES BREDA","4","Manacá Tecnologias Sociais(1750452512570x514699865063161860)"
"1751574215336x142104498268536830","4","1741715341881x519750575031320600","A demonstração comparativa de custo e benefício da proposta em relação às opções funcionalmente equivalentes","ANA CAROLINA ALVES BREDA","4","Nozes Geoinformações(1750375622115x563711854504050700)"
"1751574215336x142104498268536830","4","1741715341881x519750575031320600","A viabilidade e a maturidade do modelo de negócio da solução","ANA CAROLINA ALVES BREDA","4","Nozes Geoinformações(1750375622115x563711854504050700)"
"1751574215336x142104498268536830","4","1741715341881x519750575031320600","O potencial de resolução do problema pela solução proposta e, se for o caso, da provável economia para a administração pública","ANA CAROLINA ALVES BREDA","4","Nozes Geoinformações(1750375622115x563711854504050700)"
"1751574215336x142104498268536830","4","1741715341881x519750575031320600","Prazo dos entregáveis da solução","ANA CAROLINA ALVES BREDA","4","Nozes Geoinformações(1750375622115x563711854504050700)"
"1751574215336x142104498268536830","4","1741715341881x519750575031320600","A qualidade da fundamentação, analisando o embasamento e a justificativa da solução proposta pelo aplicante","ANA CAROLINA ALVES BREDA","4","Nozes Geoinformações(1750375622115x563711854504050700)"
"1751573589107x278409353000386560","1","1741715341881x519750575031320600","A viabilidade e a maturidade do modelo de negócio da solução","ANA CAROLINA ALVES BREDA","1","MIT SOLUÇÕES(1750279581521x145867723460575230)"
"1751573589107x278409353000386560","1","1741715341881x519750575031320600","A qualidade da fundamentação, analisando o embasamento e a justificativa da solução proposta pelo aplicante","ANA CAROLINA ALVES BREDA","1","MIT SOLUÇÕES(1750279581521x145867723460575230)"
"1751573589107x278409353000386560","1","1741715341881x519750575031320600","Escalabilidade, ou seja, refere-se à capacidade da solução ser reproduzida em grande quantidade e para um número grande de clientes","ANA CAROLINA ALVES BREDA","1","MIT SOLUÇÕES(1750279581521x145867723460575230)"
"1751573589107x278409353000386560","1","1741715341881x519750575031320600","Tecnologias utilizadas para a solução do desafio","ANA CAROLINA ALVES BREDA","1","MIT SOLUÇÕES(1750279581521x145867723460575230)"
"1751573359066x717974530683306000","3,92","1741715341881x519750575031320600","Tecnologias utilizadas para a solução do desafio","ANA CAROLINA ALVES BREDA","4","Gilsoni Albino, Eloi Ronnau(1750296316999x874523258798211100)"
"1751573589107x278409353000386560","1","1741715341881x519750575031320600","Prazo dos entregáveis da solução","ANA CAROLINA ALVES BREDA","1","MIT SOLUÇÕES(1750279581521x145867723460575230)"
"1751573359066x717974530683306000","3,92","1741715341881x519750575031320600","Escalabilidade, ou seja, refere-se à capacidade da solução ser reproduzida em grande quantidade e para um número grande de clientes","ANA CAROLINA ALVES BREDA","5","Gilsoni Albino, Eloi Ronnau(1750296316999x874523258798211100)"
"1751573589107x278409353000386560","1","1741715341881x519750575031320600","A demonstração comparativa de custo e benefício da proposta em relação às opções funcionalmente equivalentes","ANA CAROLINA ALVES BREDA","1","MIT SOLUÇÕES(1750279581521x145867723460575230)"
"1751573359066x717974530683306000","3,92","1741715341881x519750575031320600","Prazo dos entregáveis da solução","ANA CAROLINA ALVES BREDA","3","Gilsoni Albino, Eloi Ronnau(1750296316999x874523258798211100)"
"1751573589107x278409353000386560","1","1741715341881x519750575031320600","O potencial de resolução do problema pela solução proposta e, se for o caso, da provável economia para a administração pública","ANA CAROLINA ALVES BREDA","1","MIT SOLUÇÕES(1750279581521x145867723460575230)"
"1751573359066x717974530683306000","3,92","1741715341881x519750575031320600","A viabilidade e a maturidade do modelo de negócio da solução","ANA CAROLINA ALVES BREDA","3","Gilsoni Albino, Eloi Ronnau(1750296316999x874523258798211100)"
"1751573359066x717974530683306000","3,92","1741715341881x519750575031320600","O potencial de resolução do problema pela solução proposta e, se for o caso, da provável economia para a administração pública","ANA CAROLINA ALVES BREDA","4","Gilsoni Albino, Eloi Ronnau(1750296316999x874523258798211100)"
"1751551075973x527770459730346000","4,17","1741715341881x519750575031320600","O potencial de resolução do problema pela solução proposta e, se for o caso, da provável economia para a administração pública","ANA CAROLINA ALVES BREDA","4","QUALIPORT(1749432185417x683882622927503400)"
"1751573359066x717974530683306000","3,92","1741715341881x519750575031320600","A demonstração comparativa de custo e benefício da proposta em relação às opções funcionalmente equivalentes","ANA CAROLINA ALVES BREDA","4","Gilsoni Albino, Eloi Ronnau(1750296316999x874523258798211100)"
"1751551075973x527770459730346000","4,17","1741715341881x519750575031320600","A viabilidade e a maturidade do modelo de negócio da solução","ANA CAROLINA ALVES BREDA","4","QUALIPORT(1749432185417x683882622927503400)"
"1751574215336x142104498268536830","4","1741715341881x519750575031320600","Escalabilidade, ou seja, refere-se à capacidade da solução ser reproduzida em grande quantidade e para um número grande de clientes","ANA CAROLINA ALVES BREDA","4","Nozes Geoinformações(1750375622115x563711854504050700)"
"1751551075973x527770459730346000","4,17","1741715341881x519750575031320600","Tecnologias utilizadas para a solução do desafio","ANA CAROLINA ALVES BREDA","5","QUALIPORT(1749432185417x683882622927503400)"
"1751551075973x527770459730346000","4,17","1741715341881x519750575031320600","A demonstração comparativa de custo e benefício da proposta em relação às opções funcionalmente equivalentes","ANA CAROLINA ALVES BREDA","3","QUALIPORT(1749432185417x683882622927503400)"
"1751551075973x527770459730346000","4,17","1741715341881x519750575031320600","Escalabilidade, ou seja, refere-se à capacidade da solução ser reproduzida em grande quantidade e para um número grande de clientes","ANA CAROLINA ALVES BREDA","5","QUALIPORT(1749432185417x683882622927503400)"
"1751574215336x142104498268536830","4","1741715341881x519750575031320600","Tecnologias utilizadas para a solução do desafio","ANA CAROLINA ALVES BREDA","4","Nozes Geoinformações(1750375622115x563711854504050700)"
"1751551075973x527770459730346000","4,17","1741715341881x519750575031320600","Prazo dos entregáveis da solução","ANA CAROLINA ALVES BREDA","3","QUALIPORT(1749432185417x683882622927503400)"
"1751549967923x401574969269813250","3,33","1741715341881x519750575031320600","O potencial de resolução do problema pela solução proposta e, se for o caso, da provável economia para a administração pública","ANA CAROLINA ALVES BREDA","3","TrackMe(1747344947024x807521408212533200)"
"1751575478867x574291585573584900","3,75","1741715341881x519750575031320600","A viabilidade e a maturidade do modelo de negócio da solução","ANA CAROLINA ALVES BREDA","4","Cidade Science(1750469093364x881078442918936600)"
"1751549967923x401574969269813250","3,33","1741715341881x519750575031320600","Tecnologias utilizadas para a solução do desafio","ANA CAROLINA ALVES BREDA","4","TrackMe(1747344947024x807521408212533200)"
"1751549967923x401574969269813250","3,33","1741715341881x519750575031320600","Escalabilidade, ou seja, refere-se à capacidade da solução ser reproduzida em grande quantidade e para um número grande de clientes","ANA CAROLINA ALVES BREDA","5","TrackMe(1747344947024x807521408212533200)"
"1751549967923x401574969269813250","3,33","1741715341881x519750575031320600","Prazo dos entregáveis da solução","ANA CAROLINA ALVES BREDA","2","TrackMe(1747344947024x807521408212533200)"
"1751549967923x401574969269813250","3,33","1741715341881x519750575031320600","A qualidade da fundamentação, analisando o embasamento e a justificativa da solução proposta pelo aplicante","ANA CAROLINA ALVES BREDA","3","TrackMe(1747344947024x807521408212533200)"
"1751549967923x401574969269813250","3,33","1741715341881x519750575031320600","A demonstração comparativa de custo e benefício da proposta em relação às opções funcionalmente equivalentes","ANA CAROLINA ALVES BREDA","4","TrackMe(1747344947024x807521408212533200)"
"1751551075973x527770459730346000","4,17","1741715341881x519750575031320600","A qualidade da fundamentação, analisando o embasamento e a justificativa da solução proposta pelo aplicante","ANA CAROLINA ALVES BREDA","4","QUALIPORT(1749432185417x683882622927503400)"
"1751549265884x258929125079121920","1","1741715341881x519750575031320600","O potencial de resolução do problema pela solução proposta e, se for o caso, da provável economia para a administração pública","Tiago dos Santos Mendes","1","Eng Inova(1743340516550x123872810449502200)"
"1751549265884x258929125079121920","1","1741715341881x519750575031320600","Tecnologias utilizadas para a solução do desafio","Tiago dos Santos Mendes","1","Eng Inova(1743340516550x123872810449502200)"
"1751549265884x258929125079121920","1","1741715341881x519750575031320600","A demonstração comparativa de custo e benefício da proposta em relação às opções funcionalmente equivalentes","Tiago dos Santos Mendes","1","Eng Inova(1743340516550x123872810449502200)"
"1751549265884x258929125079121920","1","1741715341881x519750575031320600","Escalabilidade, ou seja, refere-se à capacidade da solução ser reproduzida em grande quantidade e para um número grande de clientes","Tiago dos Santos Mendes","1","Eng Inova(1743340516550x123872810449502200)"
"1751549967923x401574969269813250","3,33","1741715341881x519750575031320600","A viabilidade e a maturidade do modelo de negócio da solução","ANA CAROLINA ALVES BREDA","3","TrackMe(1747344947024x807521408212533200)"
"1751549265884x258929125079121920","1","1741715341881x519750575031320600","A viabilidade e a maturidade do modelo de negócio da solução","Tiago dos Santos Mendes","1","Eng Inova(1743340516550x123872810449502200)"
"1751549265884x258929125079121920","1","1741715341881x519750575031320600","Prazo dos entregáveis da solução","Tiago dos Santos Mendes","1","Eng Inova(1743340516550x123872810449502200)"
"1751549265884x258929125079121920","1","1741715341881x519750575031320600","A qualidade da fundamentação, analisando o embasamento e a justificativa da solução proposta pelo aplicante","Tiago dos Santos Mendes","1","Eng Inova(1743340516550x123872810449502200)"
"1751548993146x838478613602893800","1","1741715341881x519750575031320600","O potencial de resolução do problema pela solução proposta e, se for o caso, da provável economia para a administração pública","Tiago dos Santos Mendes","1","EcoSenso (1742767875585x681211700468252700)"
"1751548993146x838478613602893800","1","1741715341881x519750575031320600","A viabilidade e a maturidade do modelo de negócio da solução","Tiago dos Santos Mendes","1","EcoSenso (1742767875585x681211700468252700)"
"1751548993146x838478613602893800","1","1741715341881x519750575031320600","Tecnologias utilizadas para a solução do desafio","Tiago dos Santos Mendes","1","EcoSenso (1742767875585x681211700468252700)"
"1751548993146x838478613602893800","1","1741715341881x519750575031320600","A demonstração comparativa de custo e benefício da proposta em relação às opções funcionalmente equivalentes","Tiago dos Santos Mendes","1","EcoSenso (1742767875585x681211700468252700)"
"1751548993146x838478613602893800","1","1741715341881x519750575031320600","A qualidade da fundamentação, analisando o embasamento e a justificativa da solução proposta pelo aplicante","Tiago dos Santos Mendes","1","EcoSenso (1742767875585x681211700468252700)"
"1751548993146x838478613602893800","1","1741715341881x519750575031320600","Prazo dos entregáveis da solução","Tiago dos Santos Mendes","1","EcoSenso (1742767875585x681211700468252700)"
"1751548889043x225773708839485440","1","1741715341881x519750575031320600","A viabilidade e a maturidade do modelo de negócio da solução","Tiago dos Santos Mendes","1","equipe 4 (inovação a engenharia)(1742423428232x561693473329643500)"
"1751573359066x717974530683306000","3,92","1741715341881x519750575031320600","A qualidade da fundamentação, analisando o embasamento e a justificativa da solução proposta pelo aplicante","ANA CAROLINA ALVES BREDA","4","Gilsoni Albino, Eloi Ronnau(1750296316999x874523258798211100)"
"1751548889043x225773708839485440","1","1741715341881x519750575031320600","A demonstração comparativa de custo e benefício da proposta em relação às opções funcionalmente equivalentes","Tiago dos Santos Mendes","1","equipe 4 (inovação a engenharia)(1742423428232x561693473329643500)"
"1751548993146x838478613602893800","1","1741715341881x519750575031320600","Escalabilidade, ou seja, refere-se à capacidade da solução ser reproduzida em grande quantidade e para um número grande de clientes","Tiago dos Santos Mendes","1","EcoSenso (1742767875585x681211700468252700)"
"1751548889043x225773708839485440","1","1741715341881x519750575031320600","Escalabilidade, ou seja, refere-se à capacidade da solução ser reproduzida em grande quantidade e para um número grande de clientes","Tiago dos Santos Mendes","1","equipe 4 (inovação a engenharia)(1742423428232x561693473329643500)"
"1751548889043x225773708839485440","1","1741715341881x519750575031320600","Tecnologias utilizadas para a solução do desafio","Tiago dos Santos Mendes","1","equipe 4 (inovação a engenharia)(1742423428232x561693473329643500)"
"1751548471590x767069699159883800","1","1741715341881x519750575031320600","O potencial de resolução do problema pela solução proposta e, se for o caso, da provável economia para a administração pública","Tiago dos Santos Mendes","1","Ecoboard (1742396587841x346059140321247200)"
"1751548889043x225773708839485440","1","1741715341881x519750575031320600","Prazo dos entregáveis da solução","Tiago dos Santos Mendes","1","equipe 4 (inovação a engenharia)(1742423428232x561693473329643500)"
"1751548889043x225773708839485440","1","1741715341881x519750575031320600","A qualidade da fundamentação, analisando o embasamento e a justificativa da solução proposta pelo aplicante","Tiago dos Santos Mendes","1","equipe 4 (inovação a engenharia)(1742423428232x561693473329643500)"
"1751548471590x767069699159883800","1","1741715341881x519750575031320600","Tecnologias utilizadas para a solução do desafio","Tiago dos Santos Mendes","1","Ecoboard (1742396587841x346059140321247200)"
"1751548471590x767069699159883800","1","1741715341881x519750575031320600","Prazo dos entregáveis da solução","Tiago dos Santos Mendes","1","Ecoboard (1742396587841x346059140321247200)"
"1751548471590x767069699159883800","1","1741715341881x519750575031320600","A viabilidade e a maturidade do modelo de negócio da solução","Tiago dos Santos Mendes","1","Ecoboard (1742396587841x346059140321247200)"
"1751548471590x767069699159883800","1","1741715341881x519750575031320600","Escalabilidade, ou seja, refere-se à capacidade da solução ser reproduzida em grande quantidade e para um número grande de clientes","Tiago dos Santos Mendes","1","Ecoboard (1742396587841x346059140321247200)"
"1751488243858x388411064696176640","3,67","1741715341881x519750575031320600","A demonstração comparativa de custo e benefício da proposta em relação às opções funcionalmente equivalentes","ANA CAROLINA ALVES BREDA","2","Cogfy (by Indigo Hive)(1747274257685x122816064052527100)"
"1751488243858x388411064696176640","3,67","1741715341881x519750575031320600","A viabilidade e a maturidade do modelo de negócio da solução","ANA CAROLINA ALVES BREDA","3","Cogfy (by Indigo Hive)(1747274257685x122816064052527100)"
"1751488243858x388411064696176640","3,67","1741715341881x519750575031320600","O potencial de resolução do problema pela solução proposta e, se for o caso, da provável economia para a administração pública","ANA CAROLINA ALVES BREDA","4","Cogfy (by Indigo Hive)(1747274257685x122816064052527100)"
"1751548471590x767069699159883800","1","1741715341881x519750575031320600","A qualidade da fundamentação, analisando o embasamento e a justificativa da solução proposta pelo aplicante","Tiago dos Santos Mendes","1","Ecoboard (1742396587841x346059140321247200)"
"1751488243858x388411064696176640","3,67","1741715341881x519750575031320600","Escalabilidade, ou seja, refere-se à capacidade da solução ser reproduzida em grande quantidade e para um número grande de clientes","ANA CAROLINA ALVES BREDA","4","Cogfy (by Indigo Hive)(1747274257685x122816064052527100)"
"1751488243858x388411064696176640","3,67","1741715341881x519750575031320600","Prazo dos entregáveis da solução","ANA CAROLINA ALVES BREDA","4","Cogfy (by Indigo Hive)(1747274257685x122816064052527100)"
"1751488243858x388411064696176640","3,67","1741715341881x519750575031320600","A qualidade da fundamentação, analisando o embasamento e a justificativa da solução proposta pelo aplicante","ANA CAROLINA ALVES BREDA","4","Cogfy (by Indigo Hive)(1747274257685x122816064052527100)"
"1751487705283x303394677274968060","4,75","1741715341881x519750575031320600","A demonstração comparativa de custo e benefício da proposta em relação às opções funcionalmente equivalentes","ANA CAROLINA ALVES BREDA","4","RaiiF(1747181037225x426954338790801400)"
"1751487705283x303394677274968060","4,75","1741715341881x519750575031320600","Escalabilidade, ou seja, refere-se à capacidade da solução ser reproduzida em grande quantidade e para um número grande de clientes","ANA CAROLINA ALVES BREDA","5","RaiiF(1747181037225x426954338790801400)"
"1751487705283x303394677274968060","4,75","1741715341881x519750575031320600","Tecnologias utilizadas para a solução do desafio","ANA CAROLINA ALVES BREDA","4","RaiiF(1747181037225x426954338790801400)"
"1751548471590x767069699159883800","1","1741715341881x519750575031320600","A demonstração comparativa de custo e benefício da proposta em relação às opções funcionalmente equivalentes","Tiago dos Santos Mendes","1","Ecoboard (1742396587841x346059140321247200)"
"1751488243858x388411064696176640","3,67","1741715341881x519750575031320600","Tecnologias utilizadas para a solução do desafio","ANA CAROLINA ALVES BREDA","4","Cogfy (by Indigo Hive)(1747274257685x122816064052527100)"
"1751487705283x303394677274968060","4,75","1741715341881x519750575031320600","A viabilidade e a maturidade do modelo de negócio da solução","ANA CAROLINA ALVES BREDA","5","RaiiF(1747181037225x426954338790801400)"
"1751487705283x303394677274968060","4,75","1741715341881x519750575031320600","A qualidade da fundamentação, analisando o embasamento e a justificativa da solução proposta pelo aplicante","ANA CAROLINA ALVES BREDA","5","RaiiF(1747181037225x426954338790801400)"
"1751487705283x303394677274968060","4,75","1741715341881x519750575031320600","Prazo dos entregáveis da solução","ANA CAROLINA ALVES BREDA","5","RaiiF(1747181037225x426954338790801400)"
"1751487705283x303394677274968060","4,75","1741715341881x519750575031320600","O potencial de resolução do problema pela solução proposta e, se for o caso, da provável economia para a administração pública","ANA CAROLINA ALVES BREDA","5","RaiiF(1747181037225x426954338790801400)"
"1751398556992x307552727804149760","2,92","1741715341881x519750575031320600","O potencial de resolução do problema pela solução proposta e, se for o caso, da provável economia para a administração pública","ANA CAROLINA ALVES BREDA","3","Fluxo Livre(1747146234140x323187820117884900)"
"1751398556992x307552727804149760","2,92","1741715341881x519750575031320600","A viabilidade e a maturidade do modelo de negócio da solução","ANA CAROLINA ALVES BREDA","3","Fluxo Livre(1747146234140x323187820117884900)"
"1751548889043x225773708839485440","1","1741715341881x519750575031320600","O potencial de resolução do problema pela solução proposta e, se for o caso, da provável economia para a administração pública","Tiago dos Santos Mendes","1","equipe 4 (inovação a engenharia)(1742423428232x561693473329643500)"
"1751398556992x307552727804149760","2,92","1741715341881x519750575031320600","A demonstração comparativa de custo e benefício da proposta em relação às opções funcionalmente equivalentes","ANA CAROLINA ALVES BREDA","3","Fluxo Livre(1747146234140x323187820117884900)"
"1751398556992x307552727804149760","2,92","1741715341881x519750575031320600","Escalabilidade, ou seja, refere-se à capacidade da solução ser reproduzida em grande quantidade e para um número grande de clientes","ANA CAROLINA ALVES BREDA","4","Fluxo Livre(1747146234140x323187820117884900)"
"1751398556992x307552727804149760","2,92","1741715341881x519750575031320600","A qualidade da fundamentação, analisando o embasamento e a justificativa da solução proposta pelo aplicante","ANA CAROLINA ALVES BREDA","3","Fluxo Livre(1747146234140x323187820117884900)"
"1751398303939x667426686923178000","4,08","1741715341881x519750575031320600","O potencial de resolução do problema pela solução proposta e, se for o caso, da provável economia para a administração pública","ANA CAROLINA ALVES BREDA","4","Radar Lixo Zero(1746941035333x838644430649426000)"
"1751398556992x307552727804149760","2,92","1741715341881x519750575031320600","Tecnologias utilizadas para a solução do desafio","ANA CAROLINA ALVES BREDA","2","Fluxo Livre(1747146234140x323187820117884900)"
"1751398303939x667426686923178000","4,08","1741715341881x519750575031320600","Tecnologias utilizadas para a solução do desafio","ANA CAROLINA ALVES BREDA","4","Radar Lixo Zero(1746941035333x838644430649426000)"
"1751398303939x667426686923178000","4,08","1741715341881x519750575031320600","A demonstração comparativa de custo e benefício da proposta em relação às opções funcionalmente equivalentes","ANA CAROLINA ALVES BREDA","3","Radar Lixo Zero(1746941035333x838644430649426000)"
"1751398303939x667426686923178000","4,08","1741715341881x519750575031320600","A viabilidade e a maturidade do modelo de negócio da solução","ANA CAROLINA ALVES BREDA","4","Radar Lixo Zero(1746941035333x838644430649426000)"
"1751396837795x494641783440932860","1","1741715341881x519750575031320600","O potencial de resolução do problema pela solução proposta e, se for o caso, da provável economia para a administração pública","ANA CAROLINA ALVES BREDA","1","Green Minot(1746474917318x165412545582333950)"
"1751398303939x667426686923178000","4,08","1741715341881x519750575031320600","A qualidade da fundamentação, analisando o embasamento e a justificativa da solução proposta pelo aplicante","ANA CAROLINA ALVES BREDA","4","Radar Lixo Zero(1746941035333x838644430649426000)"
"1751398303939x667426686923178000","4,08","1741715341881x519750575031320600","Prazo dos entregáveis da solução","ANA CAROLINA ALVES BREDA","4","Radar Lixo Zero(1746941035333x838644430649426000)"
"1751396837795x494641783440932860","1","1741715341881x519750575031320600","Escalabilidade, ou seja, refere-se à capacidade da solução ser reproduzida em grande quantidade e para um número grande de clientes","ANA CAROLINA ALVES BREDA","1","Green Minot(1746474917318x165412545582333950)"
"1751396837795x494641783440932860","1","1741715341881x519750575031320600","Tecnologias utilizadas para a solução do desafio","ANA CAROLINA ALVES BREDA","1","Green Minot(1746474917318x165412545582333950)"
"1751396837795x494641783440932860","1","1741715341881x519750575031320600","A qualidade da fundamentação, analisando o embasamento e a justificativa da solução proposta pelo aplicante","ANA CAROLINA ALVES BREDA","1","Green Minot(1746474917318x165412545582333950)"
"1751396837795x494641783440932860","1","1741715341881x519750575031320600","Prazo dos entregáveis da solução","ANA CAROLINA ALVES BREDA","1","Green Minot(1746474917318x165412545582333950)"
"1751398556992x307552727804149760","2,92","1741715341881x519750575031320600","Prazo dos entregáveis da solução","ANA CAROLINA ALVES BREDA","2","Fluxo Livre(1747146234140x323187820117884900)"
"1751394810676x670109954973368300","4,5","1741715341881x519750575031320600","A viabilidade e a maturidade do modelo de negócio da solução","ANA CAROLINA ALVES BREDA","4","seuzeh(1746021667074x722393361191796700)"
"1751394810676x670109954973368300","4,5","1741715341881x519750575031320600","Escalabilidade, ou seja, refere-se à capacidade da solução ser reproduzida em grande quantidade e para um número grande de clientes","ANA CAROLINA ALVES BREDA","5","seuzeh(1746021667074x722393361191796700)"
"1751394810676x670109954973368300","4,5","1741715341881x519750575031320600","O potencial de resolução do problema pela solução proposta e, se for o caso, da provável economia para a administração pública","ANA CAROLINA ALVES BREDA","5","seuzeh(1746021667074x722393361191796700)"
"1751394810676x670109954973368300","4,5","1741715341881x519750575031320600","A qualidade da fundamentação, analisando o embasamento e a justificativa da solução proposta pelo aplicante","ANA CAROLINA ALVES BREDA","5","seuzeh(1746021667074x722393361191796700)"
"1751394810676x670109954973368300","4,5","1741715341881x519750575031320600","Prazo dos entregáveis da solução","ANA CAROLINA ALVES BREDA","3","seuzeh(1746021667074x722393361191796700)"
"1751394810676x670109954973368300","4,5","1741715341881x519750575031320600","Tecnologias utilizadas para a solução do desafio","ANA CAROLINA ALVES BREDA","4","seuzeh(1746021667074x722393361191796700)"
"1751396837795x494641783440932860","1","1741715341881x519750575031320600","A demonstração comparativa de custo e benefício da proposta em relação às opções funcionalmente equivalentes","ANA CAROLINA ALVES BREDA","1","Green Minot(1746474917318x165412545582333950)"
"1751394810676x670109954973368300","4,5","1741715341881x519750575031320600","A demonstração comparativa de custo e benefício da proposta em relação às opções funcionalmente equivalentes","ANA CAROLINA ALVES BREDA","5","seuzeh(1746021667074x722393361191796700)"
"1751394223526x369579226442235900","3,75","1741715341881x519750575031320600","A viabilidade e a maturidade do modelo de negócio da solução","ANA CAROLINA ALVES BREDA","3","LidEye(1744397193212x857900192720486400)"
"1751394223526x369579226442235900","3,75","1741715341881x519750575031320600","O potencial de resolução do problema pela solução proposta e, se for o caso, da provável economia para a administração pública","ANA CAROLINA ALVES BREDA","4","LidEye(1744397193212x857900192720486400)"
"1751394223526x369579226442235900","3,75","1741715341881x519750575031320600","A demonstração comparativa de custo e benefício da proposta em relação às opções funcionalmente equivalentes","ANA CAROLINA ALVES BREDA","4","LidEye(1744397193212x857900192720486400)"
"1751396837795x494641783440932860","1","1741715341881x519750575031320600","A viabilidade e a maturidade do modelo de negócio da solução","ANA CAROLINA ALVES BREDA","1","Green Minot(1746474917318x165412545582333950)"
"1751394223526x369579226442235900","3,75","1741715341881x519750575031320600","Tecnologias utilizadas para a solução do desafio","ANA CAROLINA ALVES BREDA","3","LidEye(1744397193212x857900192720486400)"
"1751394223526x369579226442235900","3,75","1741715341881x519750575031320600","Escalabilidade, ou seja, refere-se à capacidade da solução ser reproduzida em grande quantidade e para um número grande de clientes","ANA CAROLINA ALVES BREDA","5","LidEye(1744397193212x857900192720486400)"
"1751394223526x369579226442235900","3,75","1741715341881x519750575031320600","Prazo dos entregáveis da solução","ANA CAROLINA ALVES BREDA","4","LidEye(1744397193212x857900192720486400)"
"1751398303939x667426686923178000","4,08","1741715341881x519750575031320600","Escalabilidade, ou seja, refere-se à capacidade da solução ser reproduzida em grande quantidade e para um número grande de clientes","ANA CAROLINA ALVES BREDA","5","Radar Lixo Zero(1746941035333x838644430649426000)"
"1751393688463x579368485837865000","3,08","1741715341881x519750575031320600","A demonstração comparativa de custo e benefício da proposta em relação às opções funcionalmente equivalentes","ANA CAROLINA ALVES BREDA","3","ECOEDUCA(1743893027408x819035914347741200)"
"1751393688463x579368485837865000","3,08","1741715341881x519750575031320600","Tecnologias utilizadas para a solução do desafio","ANA CAROLINA ALVES BREDA","2","ECOEDUCA(1743893027408x819035914347741200)"
"1751393688463x579368485837865000","3,08","1741715341881x519750575031320600","O potencial de resolução do problema pela solução proposta e, se for o caso, da provável economia para a administração pública","ANA CAROLINA ALVES BREDA","3","ECOEDUCA(1743893027408x819035914347741200)"
"1751394223526x369579226442235900","3,75","1741715341881x519750575031320600","A qualidade da fundamentação, analisando o embasamento e a justificativa da solução proposta pelo aplicante","ANA CAROLINA ALVES BREDA","3","LidEye(1744397193212x857900192720486400)"
"1751393688463x579368485837865000","3,08","1741715341881x519750575031320600","A viabilidade e a maturidade do modelo de negócio da solução","ANA CAROLINA ALVES BREDA","4","ECOEDUCA(1743893027408x819035914347741200)"
"1751393688463x579368485837865000","3,08","1741715341881x519750575031320600","Escalabilidade, ou seja, refere-se à capacidade da solução ser reproduzida em grande quantidade e para um número grande de clientes","ANA CAROLINA ALVES BREDA","4","ECOEDUCA(1743893027408x819035914347741200)"
"1751377338594x639739569484070900","3,5","1741715341881x519750575031320600","O potencial de resolução do problema pela solução proposta e, se for o caso, da provável economia para a administração pública","ANA CAROLINA ALVES BREDA","3","Confiança real(1743719132092x937650549396078600)"
"1751377338594x639739569484070900","3,5","1741715341881x519750575031320600","Tecnologias utilizadas para a solução do desafio","ANA CAROLINA ALVES BREDA","4","Confiança real(1743719132092x937650549396078600)"
"1751377338594x639739569484070900","3,5","1741715341881x519750575031320600","A demonstração comparativa de custo e benefício da proposta em relação às opções funcionalmente equivalentes","ANA CAROLINA ALVES BREDA","3","Confiança real(1743719132092x937650549396078600)"
"1751393688463x579368485837865000","3,08","1741715341881x519750575031320600","Prazo dos entregáveis da solução","ANA CAROLINA ALVES BREDA","2","ECOEDUCA(1743893027408x819035914347741200)"
"1751377338594x639739569484070900","3,5","1741715341881x519750575031320600","A viabilidade e a maturidade do modelo de negócio da solução","ANA CAROLINA ALVES BREDA","4","Confiança real(1743719132092x937650549396078600)"
"1751377338594x639739569484070900","3,5","1741715341881x519750575031320600","A qualidade da fundamentação, analisando o embasamento e a justificativa da solução proposta pelo aplicante","ANA CAROLINA ALVES BREDA","3","Confiança real(1743719132092x937650549396078600)"
"1751377338594x639739569484070900","3,5","1741715341881x519750575031320600","Prazo dos entregáveis da solução","ANA CAROLINA ALVES BREDA","3","Confiança real(1743719132092x937650549396078600)"
"1751393688463x579368485837865000","3,08","1741715341881x519750575031320600","A qualidade da fundamentação, analisando o embasamento e a justificativa da solução proposta pelo aplicante","ANA CAROLINA ALVES BREDA","3","ECOEDUCA(1743893027408x819035914347741200)"
"1751377338594x639739569484070900","3,5","1741715341881x519750575031320600","Escalabilidade, ou seja, refere-se à capacidade da solução ser reproduzida em grande quantidade e para um número grande de clientes","ANA CAROLINA ALVES BREDA","4","Confiança real(1743719132092x937650549396078600)"
"1751376164481x928347532315852800","4","1741715341881x519750575031320600","O potencial de resolução do problema pela solução proposta e, se for o caso, da provável economia para a administração pública","ANA CAROLINA ALVES BREDA","3","Time Integrado Governo Digital(1743428760246x239092809917267970)"
"1751376164481x928347532315852800","4","1741715341881x519750575031320600","A demonstração comparativa de custo e benefício da proposta em relação às opções funcionalmente equivalentes","ANA CAROLINA ALVES BREDA","3","Time Integrado Governo Digital(1743428760246x239092809917267970)"
"1751376164481x928347532315852800","4","1741715341881x519750575031320600","Escalabilidade, ou seja, refere-se à capacidade da solução ser reproduzida em grande quantidade e para um número grande de clientes","ANA CAROLINA ALVES BREDA","5","Time Integrado Governo Digital(1743428760246x239092809917267970)"
"1751376164481x928347532315852800","4","1741715341881x519750575031320600","A viabilidade e a maturidade do modelo de negócio da solução","ANA CAROLINA ALVES BREDA","4","Time Integrado Governo Digital(1743428760246x239092809917267970)"
"1751376164481x928347532315852800","4","1741715341881x519750575031320600","Prazo dos entregáveis da solução","ANA CAROLINA ALVES BREDA","4","Time Integrado Governo Digital(1743428760246x239092809917267970)"
"1751375469078x783825630334287900","3,58","1741715341881x519750575031320600","A viabilidade e a maturidade do modelo de negócio da solução","ANA CAROLINA ALVES BREDA","3","Eng Inova(1743340516550x123872810449502200)"
"1751376164481x928347532315852800","4","1741715341881x519750575031320600","Tecnologias utilizadas para a solução do desafio","ANA CAROLINA ALVES BREDA","5","Time Integrado Governo Digital(1743428760246x239092809917267970)"
"1751375469078x783825630334287900","3,58","1741715341881x519750575031320600","A demonstração comparativa de custo e benefício da proposta em relação às opções funcionalmente equivalentes","ANA CAROLINA ALVES BREDA","3","Eng Inova(1743340516550x123872810449502200)"
"1751375469078x783825630334287900","3,58","1741715341881x519750575031320600","Tecnologias utilizadas para a solução do desafio","ANA CAROLINA ALVES BREDA","4","Eng Inova(1743340516550x123872810449502200)"
"1751375469078x783825630334287900","3,58","1741715341881x519750575031320600","O potencial de resolução do problema pela solução proposta e, se for o caso, da provável economia para a administração pública","ANA CAROLINA ALVES BREDA","3","Eng Inova(1743340516550x123872810449502200)"
"1751376164481x928347532315852800","4","1741715341881x519750575031320600","A qualidade da fundamentação, analisando o embasamento e a justificativa da solução proposta pelo aplicante","ANA CAROLINA ALVES BREDA","4","Time Integrado Governo Digital(1743428760246x239092809917267970)"
"1751375469078x783825630334287900","3,58","1741715341881x519750575031320600","Escalabilidade, ou seja, refere-se à capacidade da solução ser reproduzida em grande quantidade e para um número grande de clientes","ANA CAROLINA ALVES BREDA","5","Eng Inova(1743340516550x123872810449502200)"
"1751375469078x783825630334287900","3,58","1741715341881x519750575031320600","A qualidade da fundamentação, analisando o embasamento e a justificativa da solução proposta pelo aplicante","ANA CAROLINA ALVES BREDA","4","Eng Inova(1743340516550x123872810449502200)"
"1751374277226x792686988218859500","1","1741715341881x519750575031320600","O potencial de resolução do problema pela solução proposta e, se for o caso, da provável economia para a administração pública","ANA CAROLINA ALVES BREDA","1","EcoSenso (1742767875585x681211700468252700)"
"1751374277226x792686988218859500","1","1741715341881x519750575031320600","A demonstração comparativa de custo e benefício da proposta em relação às opções funcionalmente equivalentes","ANA CAROLINA ALVES BREDA","1","EcoSenso (1742767875585x681211700468252700)"
"1751375469078x783825630334287900","3,58","1741715341881x519750575031320600","Prazo dos entregáveis da solução","ANA CAROLINA ALVES BREDA","3","Eng Inova(1743340516550x123872810449502200)"
"1751374277226x792686988218859500","1","1741715341881x519750575031320600","A qualidade da fundamentação, analisando o embasamento e a justificativa da solução proposta pelo aplicante","ANA CAROLINA ALVES BREDA","1","EcoSenso (1742767875585x681211700468252700)"
"1751374277226x792686988218859500","1","1741715341881x519750575031320600","Tecnologias utilizadas para a solução do desafio","ANA CAROLINA ALVES BREDA","1","EcoSenso (1742767875585x681211700468252700)"
"1751374277226x792686988218859500","1","1741715341881x519750575031320600","Escalabilidade, ou seja, refere-se à capacidade da solução ser reproduzida em grande quantidade e para um número grande de clientes","ANA CAROLINA ALVES BREDA","1","EcoSenso (1742767875585x681211700468252700)"
"1751374277226x792686988218859500","1","1741715341881x519750575031320600","Prazo dos entregáveis da solução","ANA CAROLINA ALVES BREDA","1","EcoSenso (1742767875585x681211700468252700)"
"1751373903289x869969923932160000","1","1741715341881x519750575031320600","A viabilidade e a maturidade do modelo de negócio da solução","ANA CAROLINA ALVES BREDA","1","equipe 4 (inovação a engenharia)(1742423428232x561693473329643500)"
"1751374277226x792686988218859500","1","1741715341881x519750575031320600","A viabilidade e a maturidade do modelo de negócio da solução","ANA CAROLINA ALVES BREDA","1","EcoSenso (1742767875585x681211700468252700)"
"1751373903289x869969923932160000","1","1741715341881x519750575031320600","O potencial de resolução do problema pela solução proposta e, se for o caso, da provável economia para a administração pública","ANA CAROLINA ALVES BREDA","1","equipe 4 (inovação a engenharia)(1742423428232x561693473329643500)"
"1751373903289x869969923932160000","1","1741715341881x519750575031320600","A demonstração comparativa de custo e benefício da proposta em relação às opções funcionalmente equivalentes","ANA CAROLINA ALVES BREDA","1","equipe 4 (inovação a engenharia)(1742423428232x561693473329643500)"
"1751373903289x869969923932160000","1","1741715341881x519750575031320600","Tecnologias utilizadas para a solução do desafio","ANA CAROLINA ALVES BREDA","1","equipe 4 (inovação a engenharia)(1742423428232x561693473329643500)"
"1751373903289x869969923932160000","1","1741715341881x519750575031320600","Escalabilidade, ou seja, refere-se à capacidade da solução ser reproduzida em grande quantidade e para um número grande de clientes","ANA CAROLINA ALVES BREDA","1","equipe 4 (inovação a engenharia)(1742423428232x561693473329643500)"
"1751373903289x869969923932160000","1","1741715341881x519750575031320600","Prazo dos entregáveis da solução","ANA CAROLINA ALVES BREDA","1","equipe 4 (inovação a engenharia)(1742423428232x561693473329643500)"
"1751373490386x412013084977659900","1","1741715341881x519750575031320600","O potencial de resolução do problema pela solução proposta e, se for o caso, da provável economia para a administração pública","ANA CAROLINA ALVES BREDA","1","Ecoboard (1742396587841x346059140321247200)"
"1751373490386x412013084977659900","1","1741715341881x519750575031320600","A viabilidade e a maturidade do modelo de negócio da solução","ANA CAROLINA ALVES BREDA","1","Ecoboard (1742396587841x346059140321247200)"
"1751373490386x412013084977659900","1","1741715341881x519750575031320600","Tecnologias utilizadas para a solução do desafio","ANA CAROLINA ALVES BREDA","1","Ecoboard (1742396587841x346059140321247200)"
"1751373490386x412013084977659900","1","1741715341881x519750575031320600","A qualidade da fundamentação, analisando o embasamento e a justificativa da solução proposta pelo aplicante","ANA CAROLINA ALVES BREDA","1","Ecoboard (1742396587841x346059140321247200)"
"1751373490386x412013084977659900","1","1741715341881x519750575031320600","A demonstração comparativa de custo e benefício da proposta em relação às opções funcionalmente equivalentes","ANA CAROLINA ALVES BREDA","1","Ecoboard (1742396587841x346059140321247200)"
"1751373490386x412013084977659900","1","1741715341881x519750575031320600","Prazo dos entregáveis da solução","ANA CAROLINA ALVES BREDA","1","Ecoboard (1742396587841x346059140321247200)"
"1751373490386x412013084977659900","1","1741715341881x519750575031320600","Escalabilidade, ou seja, refere-se à capacidade da solução ser reproduzida em grande quantidade e para um número grande de clientes","ANA CAROLINA ALVES BREDA","1","Ecoboard (1742396587841x346059140321247200)"
"1751899478000x160243901436788740","1,17","1741715341881x519750575031320600","A demonstração comparativa de custo e benefício da proposta em relação às opções funcionalmente equivalentes","ANDRÉ LUIZ GALINDO DE BRITO","1","EcoSenso (1742767875585x681211700468252700)"
"1752021489312x794747930883129300","3,75","1741717308549x865975349857747000","A demonstração comparativa de custo e benefício da proposta em relação às opções funcionalmente equivalentes","EDER LIRA DE SOUZA LEAO","3","REVIRA(1750384916592x151474736440279040)"
"1752021489312x794747930883129300","3,75","1741717308549x865975349857747000","A viabilidade e a maturidade do modelo de negócio da solução","EDER LIRA DE SOUZA LEAO","3","REVIRA(1750384916592x151474736440279040)"
"1752021489312x794747930883129300","3,75","1741717308549x865975349857747000","Escalabilidade, ou seja, refere-se à capacidade da solução ser reproduzida em grande quantidade e para um número grande de clientes","EDER LIRA DE SOUZA LEAO","4","REVIRA(1750384916592x151474736440279040)"
"1752021489312x794747930883129300","3,75","1741717308549x865975349857747000","A qualidade da fundamentação, analisando o embasamento e a justificativa da solução proposta pelo aplicante","EDER LIRA DE SOUZA LEAO","4","REVIRA(1750384916592x151474736440279040)"
"1752021489312x794747930883129300","3,75","1741717308549x865975349857747000","Tecnologias utilizadas para a solução do desafio","EDER LIRA DE SOUZA LEAO","4","REVIRA(1750384916592x151474736440279040)"
"1752021489312x794747930883129300","3,75","1741717308549x865975349857747000","Prazo dos entregáveis da solução","EDER LIRA DE SOUZA LEAO","4","REVIRA(1750384916592x151474736440279040)"
"1752020746877x247387839520833540","4,58","1741717308549x865975349857747000","O potencial de resolução do problema pela solução proposta e, se for o caso, da provável economia para a administração pública","EDER LIRA DE SOUZA LEAO","5","Associação Luminus(1747312681308x105417894606929920)"
"1752020746877x247387839520833540","4,58","1741717308549x865975349857747000","A viabilidade e a maturidade do modelo de negócio da solução","EDER LIRA DE SOUZA LEAO","5","Associação Luminus(1747312681308x105417894606929920)"
"1752020746877x247387839520833540","4,58","1741717308549x865975349857747000","A demonstração comparativa de custo e benefício da proposta em relação às opções funcionalmente equivalentes","EDER LIRA DE SOUZA LEAO","3","Associação Luminus(1747312681308x105417894606929920)"
"1752020746877x247387839520833540","4,58","1741717308549x865975349857747000","Tecnologias utilizadas para a solução do desafio","EDER LIRA DE SOUZA LEAO","4","Associação Luminus(1747312681308x105417894606929920)"
"1752020746877x247387839520833540","4,58","1741717308549x865975349857747000","Prazo dos entregáveis da solução","EDER LIRA DE SOUZA LEAO","4","Associação Luminus(1747312681308x105417894606929920)"
"1752020746877x247387839520833540","4,58","1741717308549x865975349857747000","Escalabilidade, ou seja, refere-se à capacidade da solução ser reproduzida em grande quantidade e para um número grande de clientes","EDER LIRA DE SOUZA LEAO","5","Associação Luminus(1747312681308x105417894606929920)"
"1752020124338x589536612982456300","3,83","1741717308549x865975349857747000","O potencial de resolução do problema pela solução proposta e, se for o caso, da provável economia para a administração pública","EDER LIRA DE SOUZA LEAO","4","BDI Cooptec(1747270956929x223852702211768300)"
"1752020124338x589536612982456300","3,83","1741717308549x865975349857747000","A viabilidade e a maturidade do modelo de negócio da solução","EDER LIRA DE SOUZA LEAO","4","BDI Cooptec(1747270956929x223852702211768300)"
"1752020746877x247387839520833540","4,58","1741717308549x865975349857747000","A qualidade da fundamentação, analisando o embasamento e a justificativa da solução proposta pelo aplicante","EDER LIRA DE SOUZA LEAO","5","Associação Luminus(1747312681308x105417894606929920)"
"1752020124338x589536612982456300","3,83","1741717308549x865975349857747000","A demonstração comparativa de custo e benefício da proposta em relação às opções funcionalmente equivalentes","EDER LIRA DE SOUZA LEAO","3","BDI Cooptec(1747270956929x223852702211768300)"
"1752020124338x589536612982456300","3,83","1741717308549x865975349857747000","Tecnologias utilizadas para a solução do desafio","EDER LIRA DE SOUZA LEAO","4","BDI Cooptec(1747270956929x223852702211768300)"
"1752020124338x589536612982456300","3,83","1741717308549x865975349857747000","Escalabilidade, ou seja, refere-se à capacidade da solução ser reproduzida em grande quantidade e para um número grande de clientes","EDER LIRA DE SOUZA LEAO","3","BDI Cooptec(1747270956929x223852702211768300)"
"1752020124338x589536612982456300","3,83","1741717308549x865975349857747000","A qualidade da fundamentação, analisando o embasamento e a justificativa da solução proposta pelo aplicante","EDER LIRA DE SOUZA LEAO","5","BDI Cooptec(1747270956929x223852702211768300)"
"1752021489312x794747930883129300","3,75","1741717308549x865975349857747000","O potencial de resolução do problema pela solução proposta e, se for o caso, da provável economia para a administração pública","EDER LIRA DE SOUZA LEAO","4","REVIRA(1750384916592x151474736440279040)"
"1752019430623x741035917972340700","3,58","1741717308549x865975349857747000","O potencial de resolução do problema pela solução proposta e, se for o caso, da provável economia para a administração pública","EDER LIRA DE SOUZA LEAO","4","CincoduQuatro(1747263600491x625636412432056300)"
"1752019430623x741035917972340700","3,58","1741717308549x865975349857747000","A viabilidade e a maturidade do modelo de negócio da solução","EDER LIRA DE SOUZA LEAO","4","CincoduQuatro(1747263600491x625636412432056300)"
"1752020124338x589536612982456300","3,83","1741717308549x865975349857747000","Prazo dos entregáveis da solução","EDER LIRA DE SOUZA LEAO","4","BDI Cooptec(1747270956929x223852702211768300)"
"1752019430623x741035917972340700","3,58","1741717308549x865975349857747000","Tecnologias utilizadas para a solução do desafio","EDER LIRA DE SOUZA LEAO","3","CincoduQuatro(1747263600491x625636412432056300)"
"1752019430623x741035917972340700","3,58","1741717308549x865975349857747000","A demonstração comparativa de custo e benefício da proposta em relação às opções funcionalmente equivalentes","EDER LIRA DE SOUZA LEAO","3","CincoduQuatro(1747263600491x625636412432056300)"
"1752019430623x741035917972340700","3,58","1741717308549x865975349857747000","Escalabilidade, ou seja, refere-se à capacidade da solução ser reproduzida em grande quantidade e para um número grande de clientes","EDER LIRA DE SOUZA LEAO","3","CincoduQuatro(1747263600491x625636412432056300)"
"1752019430623x741035917972340700","3,58","1741717308549x865975349857747000","A qualidade da fundamentação, analisando o embasamento e a justificativa da solução proposta pelo aplicante","EDER LIRA DE SOUZA LEAO","4","CincoduQuatro(1747263600491x625636412432056300)"
"1752019430623x741035917972340700","3,58","1741717308549x865975349857747000","Prazo dos entregáveis da solução","EDER LIRA DE SOUZA LEAO","4","CincoduQuatro(1747263600491x625636412432056300)"
"1752017732954x117243562520215550","2,58","1741717308549x865975349857747000","A demonstração comparativa de custo e benefício da proposta em relação às opções funcionalmente equivalentes","CESAR ARAUJO EVANGELISTA","1","REVIRA(1750384916592x151474736440279040)"
"1752017732954x117243562520215550","2,58","1741717308549x865975349857747000","O potencial de resolução do problema pela solução proposta e, se for o caso, da provável economia para a administração pública","CESAR ARAUJO EVANGELISTA","5","REVIRA(1750384916592x151474736440279040)"
"1752017732954x117243562520215550","2,58","1741717308549x865975349857747000","A qualidade da fundamentação, analisando o embasamento e a justificativa da solução proposta pelo aplicante","CESAR ARAUJO EVANGELISTA","3","REVIRA(1750384916592x151474736440279040)"
"1752017732954x117243562520215550","2,58","1741717308549x865975349857747000","Escalabilidade, ou seja, refere-se à capacidade da solução ser reproduzida em grande quantidade e para um número grande de clientes","CESAR ARAUJO EVANGELISTA","1","REVIRA(1750384916592x151474736440279040)"
"1752017732954x117243562520215550","2,58","1741717308549x865975349857747000","Prazo dos entregáveis da solução","CESAR ARAUJO EVANGELISTA","2","REVIRA(1750384916592x151474736440279040)"
"1752016834423x641917419370840000","3,83","1741717308549x865975349857747000","O potencial de resolução do problema pela solução proposta e, se for o caso, da provável economia para a administração pública","CESAR ARAUJO EVANGELISTA","4","Associação Luminus(1747312681308x105417894606929920)"
"1752017732954x117243562520215550","2,58","1741717308549x865975349857747000","A viabilidade e a maturidade do modelo de negócio da solução","CESAR ARAUJO EVANGELISTA","1","REVIRA(1750384916592x151474736440279040)"
"1752016834423x641917419370840000","3,83","1741717308549x865975349857747000","Tecnologias utilizadas para a solução do desafio","CESAR ARAUJO EVANGELISTA","3","Associação Luminus(1747312681308x105417894606929920)"
"1752017732954x117243562520215550","2,58","1741717308549x865975349857747000","Tecnologias utilizadas para a solução do desafio","CESAR ARAUJO EVANGELISTA","3","REVIRA(1750384916592x151474736440279040)"
"1752016834423x641917419370840000","3,83","1741717308549x865975349857747000","A demonstração comparativa de custo e benefício da proposta em relação às opções funcionalmente equivalentes","CESAR ARAUJO EVANGELISTA","4","Associação Luminus(1747312681308x105417894606929920)"
"1752016834423x641917419370840000","3,83","1741717308549x865975349857747000","Escalabilidade, ou seja, refere-se à capacidade da solução ser reproduzida em grande quantidade e para um número grande de clientes","CESAR ARAUJO EVANGELISTA","3","Associação Luminus(1747312681308x105417894606929920)"
"1752016834423x641917419370840000","3,83","1741717308549x865975349857747000","A qualidade da fundamentação, analisando o embasamento e a justificativa da solução proposta pelo aplicante","CESAR ARAUJO EVANGELISTA","5","Associação Luminus(1747312681308x105417894606929920)"
"1752016834423x641917419370840000","3,83","1741717308549x865975349857747000","Prazo dos entregáveis da solução","CESAR ARAUJO EVANGELISTA","3","Associação Luminus(1747312681308x105417894606929920)"
"1752016329221x227796645890490370","4,92","1741717308549x865975349857747000","O potencial de resolução do problema pela solução proposta e, se for o caso, da provável economia para a administração pública","EDER LIRA DE SOUZA LEAO","5","Rafaela de Abreu Archangelo(1747251651001x309203201899102200)"
"1752016834423x641917419370840000","3,83","1741717308549x865975349857747000","A viabilidade e a maturidade do modelo de negócio da solução","CESAR ARAUJO EVANGELISTA","5","Associação Luminus(1747312681308x105417894606929920)"
"1752016329221x227796645890490370","4,92","1741717308549x865975349857747000","Tecnologias utilizadas para a solução do desafio","EDER LIRA DE SOUZA LEAO","5","Rafaela de Abreu Archangelo(1747251651001x309203201899102200)"
"1752016329221x227796645890490370","4,92","1741717308549x865975349857747000","A qualidade da fundamentação, analisando o embasamento e a justificativa da solução proposta pelo aplicante","EDER LIRA DE SOUZA LEAO","4","Rafaela de Abreu Archangelo(1747251651001x309203201899102200)"
"1752016329221x227796645890490370","4,92","1741717308549x865975349857747000","Escalabilidade, ou seja, refere-se à capacidade da solução ser reproduzida em grande quantidade e para um número grande de clientes","EDER LIRA DE SOUZA LEAO","5","Rafaela de Abreu Archangelo(1747251651001x309203201899102200)"
"1752016329221x227796645890490370","4,92","1741717308549x865975349857747000","Prazo dos entregáveis da solução","EDER LIRA DE SOUZA LEAO","5","Rafaela de Abreu Archangelo(1747251651001x309203201899102200)"
"1752016329221x227796645890490370","4,92","1741717308549x865975349857747000","A demonstração comparativa de custo e benefício da proposta em relação às opções funcionalmente equivalentes","EDER LIRA DE SOUZA LEAO","5","Rafaela de Abreu Archangelo(1747251651001x309203201899102200)"
"1752016329221x227796645890490370","4,92","1741717308549x865975349857747000","A viabilidade e a maturidade do modelo de negócio da solução","EDER LIRA DE SOUZA LEAO","5","Rafaela de Abreu Archangelo(1747251651001x309203201899102200)"
"1752015732974x303018351078146050","4,5","1741717308549x865975349857747000","O potencial de resolução do problema pela solução proposta e, se for o caso, da provável economia para a administração pública","CESAR ARAUJO EVANGELISTA","5","BDI Cooptec(1747270956929x223852702211768300)"
"1752015732974x303018351078146050","4,5","1741717308549x865975349857747000","Tecnologias utilizadas para a solução do desafio","CESAR ARAUJO EVANGELISTA","4","BDI Cooptec(1747270956929x223852702211768300)"
"1752015732974x303018351078146050","4,5","1741717308549x865975349857747000","A demonstração comparativa de custo e benefício da proposta em relação às opções funcionalmente equivalentes","CESAR ARAUJO EVANGELISTA","5","BDI Cooptec(1747270956929x223852702211768300)"
"1752015732974x303018351078146050","4,5","1741717308549x865975349857747000","Escalabilidade, ou seja, refere-se à capacidade da solução ser reproduzida em grande quantidade e para um número grande de clientes","CESAR ARAUJO EVANGELISTA","4","BDI Cooptec(1747270956929x223852702211768300)"
"1752015732974x303018351078146050","4,5","1741717308549x865975349857747000","A qualidade da fundamentação, analisando o embasamento e a justificativa da solução proposta pelo aplicante","CESAR ARAUJO EVANGELISTA","4","BDI Cooptec(1747270956929x223852702211768300)"
"1752015732974x303018351078146050","4,5","1741717308549x865975349857747000","Prazo dos entregáveis da solução","CESAR ARAUJO EVANGELISTA","4","BDI Cooptec(1747270956929x223852702211768300)"
"1752007752798x632718587336065000","4,08","1741717308549x865975349857747000","A demonstração comparativa de custo e benefício da proposta em relação às opções funcionalmente equivalentes","CESAR ARAUJO EVANGELISTA","3","CincoduQuatro(1747263600491x625636412432056300)"
"1752015732974x303018351078146050","4,5","1741717308549x865975349857747000","A viabilidade e a maturidade do modelo de negócio da solução","CESAR ARAUJO EVANGELISTA","5","BDI Cooptec(1747270956929x223852702211768300)"
"1752007752798x632718587336065000","4,08","1741717308549x865975349857747000","A qualidade da fundamentação, analisando o embasamento e a justificativa da solução proposta pelo aplicante","CESAR ARAUJO EVANGELISTA","4","CincoduQuatro(1747263600491x625636412432056300)"
"1752007752798x632718587336065000","4,08","1741717308549x865975349857747000","Prazo dos entregáveis da solução","CESAR ARAUJO EVANGELISTA","5","CincoduQuatro(1747263600491x625636412432056300)"
"1752007752798x632718587336065000","4,08","1741717308549x865975349857747000","O potencial de resolução do problema pela solução proposta e, se for o caso, da provável economia para a administração pública","CESAR ARAUJO EVANGELISTA","5","CincoduQuatro(1747263600491x625636412432056300)"
"1752007752798x632718587336065000","4,08","1741717308549x865975349857747000","Tecnologias utilizadas para a solução do desafio","CESAR ARAUJO EVANGELISTA","5","CincoduQuatro(1747263600491x625636412432056300)"
"1752007012502x656284120230395900","4,83","1741717308549x865975349857747000","A viabilidade e a maturidade do modelo de negócio da solução","CESAR ARAUJO EVANGELISTA","4","Rafaela de Abreu Archangelo(1747251651001x309203201899102200)"
"1752007752798x632718587336065000","4,08","1741717308549x865975349857747000","A viabilidade e a maturidade do modelo de negócio da solução","CESAR ARAUJO EVANGELISTA","2","CincoduQuatro(1747263600491x625636412432056300)"
"1752007012502x656284120230395900","4,83","1741717308549x865975349857747000","A demonstração comparativa de custo e benefício da proposta em relação às opções funcionalmente equivalentes","CESAR ARAUJO EVANGELISTA","5","Rafaela de Abreu Archangelo(1747251651001x309203201899102200)"
"1752007012502x656284120230395900","4,83","1741717308549x865975349857747000","A qualidade da fundamentação, analisando o embasamento e a justificativa da solução proposta pelo aplicante","CESAR ARAUJO EVANGELISTA","5","Rafaela de Abreu Archangelo(1747251651001x309203201899102200)"
"1752007012502x656284120230395900","4,83","1741717308549x865975349857747000","Tecnologias utilizadas para a solução do desafio","CESAR ARAUJO EVANGELISTA","5","Rafaela de Abreu Archangelo(1747251651001x309203201899102200)"
"1752007012502x656284120230395900","4,83","1741717308549x865975349857747000","Prazo dos entregáveis da solução","CESAR ARAUJO EVANGELISTA","5","Rafaela de Abreu Archangelo(1747251651001x309203201899102200)"
"1752007012502x656284120230395900","4,83","1741717308549x865975349857747000","Escalabilidade, ou seja, refere-se à capacidade da solução ser reproduzida em grande quantidade e para um número grande de clientes","CESAR ARAUJO EVANGELISTA","5","Rafaela de Abreu Archangelo(1747251651001x309203201899102200)"
"1752007752798x632718587336065000","4,08","1741717308549x865975349857747000","Escalabilidade, ou seja, refere-se à capacidade da solução ser reproduzida em grande quantidade e para um número grande de clientes","CESAR ARAUJO EVANGELISTA","4","CincoduQuatro(1747263600491x625636412432056300)"
"1752007012502x656284120230395900","4,83","1741717308549x865975349857747000","O potencial de resolução do problema pela solução proposta e, se for o caso, da provável economia para a administração pública","CESAR ARAUJO EVANGELISTA","5","Rafaela de Abreu Archangelo(1747251651001x309203201899102200)"
"1752006156408x679899789469941800","4,58","1741717308549x865975349857747000","O potencial de resolução do problema pela solução proposta e, se for o caso, da provável economia para a administração pública","CESAR ARAUJO EVANGELISTA","5","EVA Agricultura Urbana(1747194250308x563060757529624600)"
"1752006156408x679899789469941800","4,58","1741717308549x865975349857747000","A demonstração comparativa de custo e benefício da proposta em relação às opções funcionalmente equivalentes","CESAR ARAUJO EVANGELISTA","4","EVA Agricultura Urbana(1747194250308x563060757529624600)"
"1752006156408x679899789469941800","4,58","1741717308549x865975349857747000","A viabilidade e a maturidade do modelo de negócio da solução","CESAR ARAUJO EVANGELISTA","4","EVA Agricultura Urbana(1747194250308x563060757529624600)"
"1752006156408x679899789469941800","4,58","1741717308549x865975349857747000","Escalabilidade, ou seja, refere-se à capacidade da solução ser reproduzida em grande quantidade e para um número grande de clientes","CESAR ARAUJO EVANGELISTA","4","EVA Agricultura Urbana(1747194250308x563060757529624600)"
"1752006156408x679899789469941800","4,58","1741717308549x865975349857747000","Tecnologias utilizadas para a solução do desafio","CESAR ARAUJO EVANGELISTA","5","EVA Agricultura Urbana(1747194250308x563060757529624600)"
"1752006156408x679899789469941800","4,58","1741717308549x865975349857747000","A qualidade da fundamentação, analisando o embasamento e a justificativa da solução proposta pelo aplicante","CESAR ARAUJO EVANGELISTA","5","EVA Agricultura Urbana(1747194250308x563060757529624600)"
"1752005278811x470580605154754600","4,42","1741717308549x865975349857747000","A viabilidade e a maturidade do modelo de negócio da solução","CESAR ARAUJO EVANGELISTA","5","Ekonavi(1747085309395x688064878954676200)"
"1752006156408x679899789469941800","4,58","1741717308549x865975349857747000","Prazo dos entregáveis da solução","CESAR ARAUJO EVANGELISTA","5","EVA Agricultura Urbana(1747194250308x563060757529624600)"
"1752005278811x470580605154754600","4,42","1741717308549x865975349857747000","O potencial de resolução do problema pela solução proposta e, se for o caso, da provável economia para a administração pública","CESAR ARAUJO EVANGELISTA","4","Ekonavi(1747085309395x688064878954676200)"
"1752005278811x470580605154754600","4,42","1741717308549x865975349857747000","Tecnologias utilizadas para a solução do desafio","CESAR ARAUJO EVANGELISTA","4","Ekonavi(1747085309395x688064878954676200)"
"1752005278811x470580605154754600","4,42","1741717308549x865975349857747000","A qualidade da fundamentação, analisando o embasamento e a justificativa da solução proposta pelo aplicante","CESAR ARAUJO EVANGELISTA","5","Ekonavi(1747085309395x688064878954676200)"
"1752005278811x470580605154754600","4,42","1741717308549x865975349857747000","A demonstração comparativa de custo e benefício da proposta em relação às opções funcionalmente equivalentes","CESAR ARAUJO EVANGELISTA","5","Ekonavi(1747085309395x688064878954676200)"
"1752005278811x470580605154754600","4,42","1741717308549x865975349857747000","Escalabilidade, ou seja, refere-se à capacidade da solução ser reproduzida em grande quantidade e para um número grande de clientes","CESAR ARAUJO EVANGELISTA","4","Ekonavi(1747085309395x688064878954676200)"
"1752004378619x782644091754381300","4,42","1741717308549x865975349857747000","O potencial de resolução do problema pela solução proposta e, se for o caso, da provável economia para a administração pública","CESAR ARAUJO EVANGELISTA","5","SaveAdd(1746916850978x482881701165137900)"
"1752004378619x782644091754381300","4,42","1741717308549x865975349857747000","A viabilidade e a maturidade do modelo de negócio da solução","CESAR ARAUJO EVANGELISTA","5","SaveAdd(1746916850978x482881701165137900)"
"1752004378619x782644091754381300","4,42","1741717308549x865975349857747000","A demonstração comparativa de custo e benefício da proposta em relação às opções funcionalmente equivalentes","CESAR ARAUJO EVANGELISTA","4","SaveAdd(1746916850978x482881701165137900)"
"1752004378619x782644091754381300","4,42","1741717308549x865975349857747000","Tecnologias utilizadas para a solução do desafio","CESAR ARAUJO EVANGELISTA","4","SaveAdd(1746916850978x482881701165137900)"
"1752004378619x782644091754381300","4,42","1741717308549x865975349857747000","A qualidade da fundamentação, analisando o embasamento e a justificativa da solução proposta pelo aplicante","CESAR ARAUJO EVANGELISTA","4","SaveAdd(1746916850978x482881701165137900)"
"1752004378619x782644091754381300","4,42","1741717308549x865975349857747000","Prazo dos entregáveis da solução","CESAR ARAUJO EVANGELISTA","4","SaveAdd(1746916850978x482881701165137900)"
"1752004265047x159089206330654720","4,17","1741717308549x865975349857747000","A viabilidade e a maturidade do modelo de negócio da solução","EDER LIRA DE SOUZA LEAO","5","EVA Agricultura Urbana(1747194250308x563060757529624600)"
"1752004265047x159089206330654720","4,17","1741717308549x865975349857747000","A demonstração comparativa de custo e benefício da proposta em relação às opções funcionalmente equivalentes","EDER LIRA DE SOUZA LEAO","4","EVA Agricultura Urbana(1747194250308x563060757529624600)"
"1752004265047x159089206330654720","4,17","1741717308549x865975349857747000","Tecnologias utilizadas para a solução do desafio","EDER LIRA DE SOUZA LEAO","4","EVA Agricultura Urbana(1747194250308x563060757529624600)"
"1752004265047x159089206330654720","4,17","1741717308549x865975349857747000","Escalabilidade, ou seja, refere-se à capacidade da solução ser reproduzida em grande quantidade e para um número grande de clientes","EDER LIRA DE SOUZA LEAO","3","EVA Agricultura Urbana(1747194250308x563060757529624600)"
"1752004378619x782644091754381300","4,42","1741717308549x865975349857747000","Escalabilidade, ou seja, refere-se à capacidade da solução ser reproduzida em grande quantidade e para um número grande de clientes","CESAR ARAUJO EVANGELISTA","4","SaveAdd(1746916850978x482881701165137900)"
"1752004265047x159089206330654720","4,17","1741717308549x865975349857747000","Prazo dos entregáveis da solução","EDER LIRA DE SOUZA LEAO","5","EVA Agricultura Urbana(1747194250308x563060757529624600)"
"1752004265047x159089206330654720","4,17","1741717308549x865975349857747000","A qualidade da fundamentação, analisando o embasamento e a justificativa da solução proposta pelo aplicante","EDER LIRA DE SOUZA LEAO","5","EVA Agricultura Urbana(1747194250308x563060757529624600)"
"1752003746707x447053826073821200","4,25","1741717308549x865975349857747000","O potencial de resolução do problema pela solução proposta e, se for o caso, da provável economia para a administração pública","EDER LIRA DE SOUZA LEAO","4","Ekonavi(1747085309395x688064878954676200)"
"1752003746707x447053826073821200","4,25","1741717308549x865975349857747000","A viabilidade e a maturidade do modelo de negócio da solução","EDER LIRA DE SOUZA LEAO","5","Ekonavi(1747085309395x688064878954676200)"
"1752003746707x447053826073821200","4,25","1741717308549x865975349857747000","A demonstração comparativa de custo e benefício da proposta em relação às opções funcionalmente equivalentes","EDER LIRA DE SOUZA LEAO","3","Ekonavi(1747085309395x688064878954676200)"
"1752003746707x447053826073821200","4,25","1741717308549x865975349857747000","Tecnologias utilizadas para a solução do desafio","EDER LIRA DE SOUZA LEAO","4","Ekonavi(1747085309395x688064878954676200)"
"1752003746707x447053826073821200","4,25","1741717308549x865975349857747000","Escalabilidade, ou seja, refere-se à capacidade da solução ser reproduzida em grande quantidade e para um número grande de clientes","EDER LIRA DE SOUZA LEAO","4","Ekonavi(1747085309395x688064878954676200)"
"1752003746707x447053826073821200","4,25","1741717308549x865975349857747000","A qualidade da fundamentação, analisando o embasamento e a justificativa da solução proposta pelo aplicante","EDER LIRA DE SOUZA LEAO","5","Ekonavi(1747085309395x688064878954676200)"
"1752004265047x159089206330654720","4,17","1741717308549x865975349857747000","O potencial de resolução do problema pela solução proposta e, se for o caso, da provável economia para a administração pública","EDER LIRA DE SOUZA LEAO","4","EVA Agricultura Urbana(1747194250308x563060757529624600)"
"1752003746707x447053826073821200","4,25","1741717308549x865975349857747000","Prazo dos entregáveis da solução","EDER LIRA DE SOUZA LEAO","5","Ekonavi(1747085309395x688064878954676200)"
"1752003229269x532837666261827600","2","1741717308549x865975349857747000","O potencial de resolução do problema pela solução proposta e, se for o caso, da provável economia para a administração pública","CESAR ARAUJO EVANGELISTA","2","EMANUEL DA MOTA PASSOS(1745961810223x622941298904531000)"
"1752003229269x532837666261827600","2","1741717308549x865975349857747000","A demonstração comparativa de custo e benefício da proposta em relação às opções funcionalmente equivalentes","CESAR ARAUJO EVANGELISTA","2","EMANUEL DA MOTA PASSOS(1745961810223x622941298904531000)"
"1752003229269x532837666261827600","2","1741717308549x865975349857747000","A viabilidade e a maturidade do modelo de negócio da solução","CESAR ARAUJO EVANGELISTA","2","EMANUEL DA MOTA PASSOS(1745961810223x622941298904531000)"
"1752003229269x532837666261827600","2","1741717308549x865975349857747000","Tecnologias utilizadas para a solução do desafio","CESAR ARAUJO EVANGELISTA","2","EMANUEL DA MOTA PASSOS(1745961810223x622941298904531000)"
"1752003229269x532837666261827600","2","1741717308549x865975349857747000","Escalabilidade, ou seja, refere-se à capacidade da solução ser reproduzida em grande quantidade e para um número grande de clientes","CESAR ARAUJO EVANGELISTA","2","EMANUEL DA MOTA PASSOS(1745961810223x622941298904531000)"
"1752003229269x532837666261827600","2","1741717308549x865975349857747000","A qualidade da fundamentação, analisando o embasamento e a justificativa da solução proposta pelo aplicante","CESAR ARAUJO EVANGELISTA","2","EMANUEL DA MOTA PASSOS(1745961810223x622941298904531000)"
"1752002783854x130450883023208450","5","1741717308549x865975349857747000","O potencial de resolução do problema pela solução proposta e, se for o caso, da provável economia para a administração pública","EDER LIRA DE SOUZA LEAO","5","SaveAdd(1746916850978x482881701165137900)"
"1752005278811x470580605154754600","4,42","1741717308549x865975349857747000","Prazo dos entregáveis da solução","CESAR ARAUJO EVANGELISTA","5","Ekonavi(1747085309395x688064878954676200)"
"1752002783854x130450883023208450","5","1741717308549x865975349857747000","A demonstração comparativa de custo e benefício da proposta em relação às opções funcionalmente equivalentes","EDER LIRA DE SOUZA LEAO","5","SaveAdd(1746916850978x482881701165137900)"
"1752002783854x130450883023208450","5","1741717308549x865975349857747000","Tecnologias utilizadas para a solução do desafio","EDER LIRA DE SOUZA LEAO","5","SaveAdd(1746916850978x482881701165137900)"
"1752002783854x130450883023208450","5","1741717308549x865975349857747000","A viabilidade e a maturidade do modelo de negócio da solução","EDER LIRA DE SOUZA LEAO","5","SaveAdd(1746916850978x482881701165137900)"
"1752002783854x130450883023208450","5","1741717308549x865975349857747000","Escalabilidade, ou seja, refere-se à capacidade da solução ser reproduzida em grande quantidade e para um número grande de clientes","EDER LIRA DE SOUZA LEAO","5","SaveAdd(1746916850978x482881701165137900)"
"1752002783854x130450883023208450","5","1741717308549x865975349857747000","A qualidade da fundamentação, analisando o embasamento e a justificativa da solução proposta pelo aplicante","EDER LIRA DE SOUZA LEAO","5","SaveAdd(1746916850978x482881701165137900)"
"1752002783854x130450883023208450","5","1741717308549x865975349857747000","Prazo dos entregáveis da solução","EDER LIRA DE SOUZA LEAO","5","SaveAdd(1746916850978x482881701165137900)"
"1752001471763x660687696023781400","4,17","1741717308549x865975349857747000","O potencial de resolução do problema pela solução proposta e, se for o caso, da provável economia para a administração pública","EDER LIRA DE SOUZA LEAO","5","EMANUEL DA MOTA PASSOS(1745961810223x622941298904531000)"
"1752001471763x660687696023781400","4,17","1741717308549x865975349857747000","A viabilidade e a maturidade do modelo de negócio da solução","EDER LIRA DE SOUZA LEAO","4","EMANUEL DA MOTA PASSOS(1745961810223x622941298904531000)"
"1752001471763x660687696023781400","4,17","1741717308549x865975349857747000","A demonstração comparativa de custo e benefício da proposta em relação às opções funcionalmente equivalentes","EDER LIRA DE SOUZA LEAO","3","EMANUEL DA MOTA PASSOS(1745961810223x622941298904531000)"
"1752001471763x660687696023781400","4,17","1741717308549x865975349857747000","A qualidade da fundamentação, analisando o embasamento e a justificativa da solução proposta pelo aplicante","EDER LIRA DE SOUZA LEAO","5","EMANUEL DA MOTA PASSOS(1745961810223x622941298904531000)"
"1752001471763x660687696023781400","4,17","1741717308549x865975349857747000","Escalabilidade, ou seja, refere-se à capacidade da solução ser reproduzida em grande quantidade e para um número grande de clientes","EDER LIRA DE SOUZA LEAO","3","EMANUEL DA MOTA PASSOS(1745961810223x622941298904531000)"
"1752001471763x660687696023781400","4,17","1741717308549x865975349857747000","Prazo dos entregáveis da solução","EDER LIRA DE SOUZA LEAO","5","EMANUEL DA MOTA PASSOS(1745961810223x622941298904531000)"
"1752001443215x516793524248117250","2,42","1741717308549x865975349857747000","O potencial de resolução do problema pela solução proposta e, se for o caso, da provável economia para a administração pública","CESAR ARAUJO EVANGELISTA","2","Confiança real(1743719836156x359029446949994500)"
"1752001443215x516793524248117250","2,42","1741717308549x865975349857747000","A viabilidade e a maturidade do modelo de negócio da solução","CESAR ARAUJO EVANGELISTA","2","Confiança real(1743719836156x359029446949994500)"
"1752001443215x516793524248117250","2,42","1741717308549x865975349857747000","A demonstração comparativa de custo e benefício da proposta em relação às opções funcionalmente equivalentes","CESAR ARAUJO EVANGELISTA","2","Confiança real(1743719836156x359029446949994500)"
"1752001443215x516793524248117250","2,42","1741717308549x865975349857747000","Escalabilidade, ou seja, refere-se à capacidade da solução ser reproduzida em grande quantidade e para um número grande de clientes","CESAR ARAUJO EVANGELISTA","2","Confiança real(1743719836156x359029446949994500)"
"1752003229269x532837666261827600","2","1741717308549x865975349857747000","Prazo dos entregáveis da solução","CESAR ARAUJO EVANGELISTA","2","EMANUEL DA MOTA PASSOS(1745961810223x622941298904531000)"
"1752001443215x516793524248117250","2,42","1741717308549x865975349857747000","Tecnologias utilizadas para a solução do desafio","CESAR ARAUJO EVANGELISTA","5","Confiança real(1743719836156x359029446949994500)"
"1752001471763x660687696023781400","4,17","1741717308549x865975349857747000","Tecnologias utilizadas para a solução do desafio","EDER LIRA DE SOUZA LEAO","4","EMANUEL DA MOTA PASSOS(1745961810223x622941298904531000)"
"1752001443215x516793524248117250","2,42","1741717308549x865975349857747000","A qualidade da fundamentação, analisando o embasamento e a justificativa da solução proposta pelo aplicante","CESAR ARAUJO EVANGELISTA","2","Confiança real(1743719836156x359029446949994500)"
"1751400416846x952495248593911800","2,33","1741717308549x865975349857747000","Tecnologias utilizadas para a solução do desafio","LAURA CALDAS MIGUEL","1","Cyro Hernandez Calixto(1742925887659x316803116278480900)"
"1752000819425x164190365930487800","3,33","1741717308549x865975349857747000","O potencial de resolução do problema pela solução proposta e, se for o caso, da provável economia para a administração pública","EDER LIRA DE SOUZA LEAO","3","Confiança real(1743719836156x359029446949994500)"
"1751399908204x176489921721139200","2,17","1741717308549x865975349857747000","A viabilidade e a maturidade do modelo de negócio da solução","ADRIANA BARATA DOS SANTOS FIGUEIRA","2","Confiança real(1743719836156x359029446949994500)"
"1751400416846x952495248593911800","2,33","1741717308549x865975349857747000","Prazo dos entregáveis da solução","LAURA CALDAS MIGUEL","1","Cyro Hernandez Calixto(1742925887659x316803116278480900)"
"1751399908204x176489921721139200","2,17","1741717308549x865975349857747000","O potencial de resolução do problema pela solução proposta e, se for o caso, da provável economia para a administração pública","ADRIANA BARATA DOS SANTOS FIGUEIRA","2","Confiança real(1743719836156x359029446949994500)"
"1752000819425x164190365930487800","3,33","1741717308549x865975349857747000","A demonstração comparativa de custo e benefício da proposta em relação às opções funcionalmente equivalentes","EDER LIRA DE SOUZA LEAO","3","Confiança real(1743719836156x359029446949994500)"
"1752000819425x164190365930487800","3,33","1741717308549x865975349857747000","A viabilidade e a maturidade do modelo de negócio da solução","EDER LIRA DE SOUZA LEAO","3","Confiança real(1743719836156x359029446949994500)"
"1752000819425x164190365930487800","3,33","1741717308549x865975349857747000","Tecnologias utilizadas para a solução do desafio","EDER LIRA DE SOUZA LEAO","4","Confiança real(1743719836156x359029446949994500)"
"1751399908204x176489921721139200","2,17","1741717308549x865975349857747000","Tecnologias utilizadas para a solução do desafio","ADRIANA BARATA DOS SANTOS FIGUEIRA","2","Confiança real(1743719836156x359029446949994500)"
"1751399908204x176489921721139200","2,17","1741717308549x865975349857747000","Escalabilidade, ou seja, refere-se à capacidade da solução ser reproduzida em grande quantidade e para um número grande de clientes","ADRIANA BARATA DOS SANTOS FIGUEIRA","3","Confiança real(1743719836156x359029446949994500)"
"1751399908204x176489921721139200","2,17","1741717308549x865975349857747000","A qualidade da fundamentação, analisando o embasamento e a justificativa da solução proposta pelo aplicante","ADRIANA BARATA DOS SANTOS FIGUEIRA","1","Confiança real(1743719836156x359029446949994500)"
"1752000819425x164190365930487800","3,33","1741717308549x865975349857747000","Escalabilidade, ou seja, refere-se à capacidade da solução ser reproduzida em grande quantidade e para um número grande de clientes","EDER LIRA DE SOUZA LEAO","4","Confiança real(1743719836156x359029446949994500)"
"1752000819425x164190365930487800","3,33","1741717308549x865975349857747000","A qualidade da fundamentação, analisando o embasamento e a justificativa da solução proposta pelo aplicante","EDER LIRA DE SOUZA LEAO","3","Confiança real(1743719836156x359029446949994500)"
"1752000819425x164190365930487800","3,33","1741717308549x865975349857747000","Prazo dos entregáveis da solução","EDER LIRA DE SOUZA LEAO","3","Confiança real(1743719836156x359029446949994500)"
"1751399662783x481770346561404900","1,75","1741717308549x865975349857747000","A viabilidade e a maturidade do modelo de negócio da solução","ADRIANA BARATA DOS SANTOS FIGUEIRA","2","Fresco Labs(1742927604251x321704278513680400)"
"1751399662783x481770346561404900","1,75","1741717308549x865975349857747000","A demonstração comparativa de custo e benefício da proposta em relação às opções funcionalmente equivalentes","ADRIANA BARATA DOS SANTOS FIGUEIRA","1","Fresco Labs(1742927604251x321704278513680400)"
"1751399908204x176489921721139200","2,17","1741717308549x865975349857747000","Prazo dos entregáveis da solução","ADRIANA BARATA DOS SANTOS FIGUEIRA","3","Confiança real(1743719836156x359029446949994500)"
"1752001443215x516793524248117250","2,42","1741717308549x865975349857747000","Prazo dos entregáveis da solução","CESAR ARAUJO EVANGELISTA","1","Confiança real(1743719836156x359029446949994500)"
"1751399662783x481770346561404900","1,75","1741717308549x865975349857747000","O potencial de resolução do problema pela solução proposta e, se for o caso, da provável economia para a administração pública","ADRIANA BARATA DOS SANTOS FIGUEIRA","1","Fresco Labs(1742927604251x321704278513680400)"
"1752000161336x590047916760236000","4,92","1741717308549x865975349857747000","A demonstração comparativa de custo e benefício da proposta em relação às opções funcionalmente equivalentes","EDER LIRA DE SOUZA LEAO","4","Fresco Labs(1742927604251x321704278513680400)"
"1752000161336x590047916760236000","4,92","1741717308549x865975349857747000","A viabilidade e a maturidade do modelo de negócio da solução","EDER LIRA DE SOUZA LEAO","5","Fresco Labs(1742927604251x321704278513680400)"
"1751399908204x176489921721139200","2,17","1741717308549x865975349857747000","A demonstração comparativa de custo e benefício da proposta em relação às opções funcionalmente equivalentes","ADRIANA BARATA DOS SANTOS FIGUEIRA","2","Confiança real(1743719836156x359029446949994500)"
"1752000161336x590047916760236000","4,92","1741717308549x865975349857747000","Tecnologias utilizadas para a solução do desafio","EDER LIRA DE SOUZA LEAO","5","Fresco Labs(1742927604251x321704278513680400)"
"1752000161336x590047916760236000","4,92","1741717308549x865975349857747000","A qualidade da fundamentação, analisando o embasamento e a justificativa da solução proposta pelo aplicante","EDER LIRA DE SOUZA LEAO","5","Fresco Labs(1742927604251x321704278513680400)"
"1752000161336x590047916760236000","4,92","1741717308549x865975349857747000","O potencial de resolução do problema pela solução proposta e, se for o caso, da provável economia para a administração pública","EDER LIRA DE SOUZA LEAO","5","Fresco Labs(1742927604251x321704278513680400)"
"1752000161336x590047916760236000","4,92","1741717308549x865975349857747000","Escalabilidade, ou seja, refere-se à capacidade da solução ser reproduzida em grande quantidade e para um número grande de clientes","EDER LIRA DE SOUZA LEAO","5","Fresco Labs(1742927604251x321704278513680400)"
"1751999676627x378803743529631740","4,42","1741717308549x865975349857747000","Tecnologias utilizadas para a solução do desafio","CESAR ARAUJO EVANGELISTA","5","Fresco Labs(1742927604251x321704278513680400)"
"1751999676627x378803743529631740","4,42","1741717308549x865975349857747000","O potencial de resolução do problema pela solução proposta e, se for o caso, da provável economia para a administração pública","CESAR ARAUJO EVANGELISTA","4","Fresco Labs(1742927604251x321704278513680400)"
"1752000161336x590047916760236000","4,92","1741717308549x865975349857747000","Prazo dos entregáveis da solução","EDER LIRA DE SOUZA LEAO","5","Fresco Labs(1742927604251x321704278513680400)"
"1751999676627x378803743529631740","4,42","1741717308549x865975349857747000","A demonstração comparativa de custo e benefício da proposta em relação às opções funcionalmente equivalentes","CESAR ARAUJO EVANGELISTA","4","Fresco Labs(1742927604251x321704278513680400)"
"1751999676627x378803743529631740","4,42","1741717308549x865975349857747000","A viabilidade e a maturidade do modelo de negócio da solução","CESAR ARAUJO EVANGELISTA","5","Fresco Labs(1742927604251x321704278513680400)"
"1751999676627x378803743529631740","4,42","1741717308549x865975349857747000","A qualidade da fundamentação, analisando o embasamento e a justificativa da solução proposta pelo aplicante","CESAR ARAUJO EVANGELISTA","4","Fresco Labs(1742927604251x321704278513680400)"
"1751999676627x378803743529631740","4,42","1741717308549x865975349857747000","Prazo dos entregáveis da solução","CESAR ARAUJO EVANGELISTA","3","Fresco Labs(1742927604251x321704278513680400)"
"1751998851449x882912301197295600","4,83","1741717308549x865975349857747000","O potencial de resolução do problema pela solução proposta e, se for o caso, da provável economia para a administração pública","EDER LIRA DE SOUZA LEAO","5","Cyro Hernandez Calixto(1742925887659x316803116278480900)"
"1751998851449x882912301197295600","4,83","1741717308549x865975349857747000","A viabilidade e a maturidade do modelo de negócio da solução","EDER LIRA DE SOUZA LEAO","5","Cyro Hernandez Calixto(1742925887659x316803116278480900)"
"1751998851449x882912301197295600","4,83","1741717308549x865975349857747000","A demonstração comparativa de custo e benefício da proposta em relação às opções funcionalmente equivalentes","EDER LIRA DE SOUZA LEAO","4","Cyro Hernandez Calixto(1742925887659x316803116278480900)"
"1751999676627x378803743529631740","4,42","1741717308549x865975349857747000","Escalabilidade, ou seja, refere-se à capacidade da solução ser reproduzida em grande quantidade e para um número grande de clientes","CESAR ARAUJO EVANGELISTA","5","Fresco Labs(1742927604251x321704278513680400)"
"1751998851449x882912301197295600","4,83","1741717308549x865975349857747000","Tecnologias utilizadas para a solução do desafio","EDER LIRA DE SOUZA LEAO","5","Cyro Hernandez Calixto(1742925887659x316803116278480900)"
"1751998851449x882912301197295600","4,83","1741717308549x865975349857747000","Escalabilidade, ou seja, refere-se à capacidade da solução ser reproduzida em grande quantidade e para um número grande de clientes","EDER LIRA DE SOUZA LEAO","5","Cyro Hernandez Calixto(1742925887659x316803116278480900)"
"1751998851449x882912301197295600","4,83","1741717308549x865975349857747000","Prazo dos entregáveis da solução","EDER LIRA DE SOUZA LEAO","4","Cyro Hernandez Calixto(1742925887659x316803116278480900)"
"1751921601849x179875357086711800","3,83","1741717308549x865975349857747000","A viabilidade e a maturidade do modelo de negócio da solução","CESAR ARAUJO EVANGELISTA","5","Cyro Hernandez Calixto(1742925887659x316803116278480900)"
"1751921601849x179875357086711800","3,83","1741717308549x865975349857747000","Escalabilidade, ou seja, refere-se à capacidade da solução ser reproduzida em grande quantidade e para um número grande de clientes","CESAR ARAUJO EVANGELISTA","4","Cyro Hernandez Calixto(1742925887659x316803116278480900)"
"1751998851449x882912301197295600","4,83","1741717308549x865975349857747000","A qualidade da fundamentação, analisando o embasamento e a justificativa da solução proposta pelo aplicante","EDER LIRA DE SOUZA LEAO","5","Cyro Hernandez Calixto(1742925887659x316803116278480900)"
"1751921601849x179875357086711800","3,83","1741717308549x865975349857747000","A qualidade da fundamentação, analisando o embasamento e a justificativa da solução proposta pelo aplicante","CESAR ARAUJO EVANGELISTA","3","Cyro Hernandez Calixto(1742925887659x316803116278480900)"
"1751921601849x179875357086711800","3,83","1741717308549x865975349857747000","Tecnologias utilizadas para a solução do desafio","CESAR ARAUJO EVANGELISTA","3","Cyro Hernandez Calixto(1742925887659x316803116278480900)"
"1751921601849x179875357086711800","3,83","1741717308549x865975349857747000","Prazo dos entregáveis da solução","CESAR ARAUJO EVANGELISTA","3","Cyro Hernandez Calixto(1742925887659x316803116278480900)"
"1751655519475x329648374615638000","3,42","1741717308549x865975349857747000","O potencial de resolução do problema pela solução proposta e, se for o caso, da provável economia para a administração pública","LAURA CALDAS MIGUEL","3","SaveAdd(1746916850978x482881701165137900)"
"1751921601849x179875357086711800","3,83","1741717308549x865975349857747000","A demonstração comparativa de custo e benefício da proposta em relação às opções funcionalmente equivalentes","CESAR ARAUJO EVANGELISTA","4","Cyro Hernandez Calixto(1742925887659x316803116278480900)"
"1751400416846x952495248593911800","2,33","1741717308549x865975349857747000","A demonstração comparativa de custo e benefício da proposta em relação às opções funcionalmente equivalentes","LAURA CALDAS MIGUEL","2","Cyro Hernandez Calixto(1742925887659x316803116278480900)"
"1751655519475x329648374615638000","3,42","1741717308549x865975349857747000","Escalabilidade, ou seja, refere-se à capacidade da solução ser reproduzida em grande quantidade e para um número grande de clientes","LAURA CALDAS MIGUEL","5","SaveAdd(1746916850978x482881701165137900)"
"1751921601849x179875357086711800","3,83","1741717308549x865975349857747000","O potencial de resolução do problema pela solução proposta e, se for o caso, da provável economia para a administração pública","CESAR ARAUJO EVANGELISTA","4","Cyro Hernandez Calixto(1742925887659x316803116278480900)"
"1751655519475x329648374615638000","3,42","1741717308549x865975349857747000","A qualidade da fundamentação, analisando o embasamento e a justificativa da solução proposta pelo aplicante","LAURA CALDAS MIGUEL","4","SaveAdd(1746916850978x482881701165137900)"
"1751655519475x329648374615638000","3,42","1741717308549x865975349857747000","Prazo dos entregáveis da solução","LAURA CALDAS MIGUEL","5","SaveAdd(1746916850978x482881701165137900)"
"1751655519475x329648374615638000","3,42","1741717308549x865975349857747000","A demonstração comparativa de custo e benefício da proposta em relação às opções funcionalmente equivalentes","LAURA CALDAS MIGUEL","3","SaveAdd(1746916850978x482881701165137900)"
"1751642465882x192564081287757820","2,92","1741717308549x865975349857747000","A viabilidade e a maturidade do modelo de negócio da solução","LAURA CALDAS MIGUEL","2","Ekonavi(1747085309395x688064878954676200)"
"1751642465882x192564081287757820","2,92","1741717308549x865975349857747000","O potencial de resolução do problema pela solução proposta e, se for o caso, da provável economia para a administração pública","LAURA CALDAS MIGUEL","4","Ekonavi(1747085309395x688064878954676200)"
"1751655519475x329648374615638000","3,42","1741717308549x865975349857747000","A viabilidade e a maturidade do modelo de negócio da solução","LAURA CALDAS MIGUEL","2","SaveAdd(1746916850978x482881701165137900)"
"1751655519475x329648374615638000","3,42","1741717308549x865975349857747000","Tecnologias utilizadas para a solução do desafio","LAURA CALDAS MIGUEL","3","SaveAdd(1746916850978x482881701165137900)"
"1751642465882x192564081287757820","2,92","1741717308549x865975349857747000","A qualidade da fundamentação, analisando o embasamento e a justificativa da solução proposta pelo aplicante","LAURA CALDAS MIGUEL","2","Ekonavi(1747085309395x688064878954676200)"
"1751642465882x192564081287757820","2,92","1741717308549x865975349857747000","A demonstração comparativa de custo e benefício da proposta em relação às opções funcionalmente equivalentes","LAURA CALDAS MIGUEL","2","Ekonavi(1747085309395x688064878954676200)"
"1751642465882x192564081287757820","2,92","1741717308549x865975349857747000","Prazo dos entregáveis da solução","LAURA CALDAS MIGUEL","3","Ekonavi(1747085309395x688064878954676200)"
"1751576106625x222030832636264450","1","1741717308549x865975349857747000","Prazo dos entregáveis da solução","LAURA CALDAS MIGUEL","1","EMANUEL DA MOTA PASSOS(1745961810223x622941298904531000)"
"1751642465882x192564081287757820","2,92","1741717308549x865975349857747000","Escalabilidade, ou seja, refere-se à capacidade da solução ser reproduzida em grande quantidade e para um número grande de clientes","LAURA CALDAS MIGUEL","3","Ekonavi(1747085309395x688064878954676200)"
"1751576106625x222030832636264450","1","1741717308549x865975349857747000","O potencial de resolução do problema pela solução proposta e, se for o caso, da provável economia para a administração pública","LAURA CALDAS MIGUEL","1","EMANUEL DA MOTA PASSOS(1745961810223x622941298904531000)"
"1751576106625x222030832636264450","1","1741717308549x865975349857747000","Escalabilidade, ou seja, refere-se à capacidade da solução ser reproduzida em grande quantidade e para um número grande de clientes","LAURA CALDAS MIGUEL","1","EMANUEL DA MOTA PASSOS(1745961810223x622941298904531000)"
"1751576106625x222030832636264450","1","1741717308549x865975349857747000","Tecnologias utilizadas para a solução do desafio","LAURA CALDAS MIGUEL","1","EMANUEL DA MOTA PASSOS(1745961810223x622941298904531000)"
"1751576106625x222030832636264450","1","1741717308549x865975349857747000","A demonstração comparativa de custo e benefício da proposta em relação às opções funcionalmente equivalentes","LAURA CALDAS MIGUEL","1","EMANUEL DA MOTA PASSOS(1745961810223x622941298904531000)"
"1751576106625x222030832636264450","1","1741717308549x865975349857747000","A qualidade da fundamentação, analisando o embasamento e a justificativa da solução proposta pelo aplicante","LAURA CALDAS MIGUEL","1","EMANUEL DA MOTA PASSOS(1745961810223x622941298904531000)"
"1751576029807x694322163496779800","1","1741717308549x865975349857747000","A demonstração comparativa de custo e benefício da proposta em relação às opções funcionalmente equivalentes","LAURA CALDAS MIGUEL","1","Confiança real(1743719836156x359029446949994500)"
"1751576029807x694322163496779800","1","1741717308549x865975349857747000","A viabilidade e a maturidade do modelo de negócio da solução","LAURA CALDAS MIGUEL","1","Confiança real(1743719836156x359029446949994500)"
"1751576029807x694322163496779800","1","1741717308549x865975349857747000","Tecnologias utilizadas para a solução do desafio","LAURA CALDAS MIGUEL","1","Confiança real(1743719836156x359029446949994500)"
"1751576029807x694322163496779800","1","1741717308549x865975349857747000","O potencial de resolução do problema pela solução proposta e, se for o caso, da provável economia para a administração pública","LAURA CALDAS MIGUEL","1","Confiança real(1743719836156x359029446949994500)"
"1751576029807x694322163496779800","1","1741717308549x865975349857747000","Prazo dos entregáveis da solução","LAURA CALDAS MIGUEL","1","Confiança real(1743719836156x359029446949994500)"
"1751642465882x192564081287757820","2,92","1741717308549x865975349857747000","Tecnologias utilizadas para a solução do desafio","LAURA CALDAS MIGUEL","3","Ekonavi(1747085309395x688064878954676200)"
"1751576029807x694322163496779800","1","1741717308549x865975349857747000","Escalabilidade, ou seja, refere-se à capacidade da solução ser reproduzida em grande quantidade e para um número grande de clientes","LAURA CALDAS MIGUEL","1","Confiança real(1743719836156x359029446949994500)"
"1751576029807x694322163496779800","1","1741717308549x865975349857747000","A qualidade da fundamentação, analisando o embasamento e a justificativa da solução proposta pelo aplicante","LAURA CALDAS MIGUEL","1","Confiança real(1743719836156x359029446949994500)"
"1751575407808x162445674314465280","4","1741717308549x865975349857747000","A qualidade da fundamentação, analisando o embasamento e a justificativa da solução proposta pelo aplicante","LAURA CALDAS MIGUEL","4","EVA Agricultura Urbana(1747194250308x563060757529624600)"
"1751575407808x162445674314465280","4","1741717308549x865975349857747000","A viabilidade e a maturidade do modelo de negócio da solução","LAURA CALDAS MIGUEL","5","EVA Agricultura Urbana(1747194250308x563060757529624600)"
"1751575407808x162445674314465280","4","1741717308549x865975349857747000","Tecnologias utilizadas para a solução do desafio","LAURA CALDAS MIGUEL","5","EVA Agricultura Urbana(1747194250308x563060757529624600)"
"1751575407808x162445674314465280","4","1741717308549x865975349857747000","Prazo dos entregáveis da solução","LAURA CALDAS MIGUEL","5","EVA Agricultura Urbana(1747194250308x563060757529624600)"
"1751575407808x162445674314465280","4","1741717308549x865975349857747000","A demonstração comparativa de custo e benefício da proposta em relação às opções funcionalmente equivalentes","LAURA CALDAS MIGUEL","4","EVA Agricultura Urbana(1747194250308x563060757529624600)"
"1751575407808x162445674314465280","4","1741717308549x865975349857747000","O potencial de resolução do problema pela solução proposta e, se for o caso, da provável economia para a administração pública","LAURA CALDAS MIGUEL","3","EVA Agricultura Urbana(1747194250308x563060757529624600)"
"1751576106625x222030832636264450","1","1741717308549x865975349857747000","A viabilidade e a maturidade do modelo de negócio da solução","LAURA CALDAS MIGUEL","1","EMANUEL DA MOTA PASSOS(1745961810223x622941298904531000)"
"1751575407808x162445674314465280","4","1741717308549x865975349857747000","Escalabilidade, ou seja, refere-se à capacidade da solução ser reproduzida em grande quantidade e para um número grande de clientes","LAURA CALDAS MIGUEL","3","EVA Agricultura Urbana(1747194250308x563060757529624600)"
"1751574752169x187676454623641600","2","1741717308549x865975349857747000","A viabilidade e a maturidade do modelo de negócio da solução","LAURA CALDAS MIGUEL","2","Rafaela de Abreu Archangelo(1747251651001x309203201899102200)"
"1751574752169x187676454623641600","2","1741717308549x865975349857747000","O potencial de resolução do problema pela solução proposta e, se for o caso, da provável economia para a administração pública","LAURA CALDAS MIGUEL","2","Rafaela de Abreu Archangelo(1747251651001x309203201899102200)"
"1751574752169x187676454623641600","2","1741717308549x865975349857747000","Prazo dos entregáveis da solução","LAURA CALDAS MIGUEL","2","Rafaela de Abreu Archangelo(1747251651001x309203201899102200)"
"1751573078559x962591903518031900","3,33","1741717308549x865975349857747000","A viabilidade e a maturidade do modelo de negócio da solução","LAURA CALDAS MIGUEL","3","CincoduQuatro(1747263600491x625636412432056300)"
"1751574752169x187676454623641600","2","1741717308549x865975349857747000","A demonstração comparativa de custo e benefício da proposta em relação às opções funcionalmente equivalentes","LAURA CALDAS MIGUEL","1","Rafaela de Abreu Archangelo(1747251651001x309203201899102200)"
"1751574752169x187676454623641600","2","1741717308549x865975349857747000","Escalabilidade, ou seja, refere-se à capacidade da solução ser reproduzida em grande quantidade e para um número grande de clientes","LAURA CALDAS MIGUEL","2","Rafaela de Abreu Archangelo(1747251651001x309203201899102200)"
"1751574752169x187676454623641600","2","1741717308549x865975349857747000","Tecnologias utilizadas para a solução do desafio","LAURA CALDAS MIGUEL","3","Rafaela de Abreu Archangelo(1747251651001x309203201899102200)"
"1751573078559x962591903518031900","3,33","1741717308549x865975349857747000","A demonstração comparativa de custo e benefício da proposta em relação às opções funcionalmente equivalentes","LAURA CALDAS MIGUEL","2","CincoduQuatro(1747263600491x625636412432056300)"
"1751573078559x962591903518031900","3,33","1741717308549x865975349857747000","Tecnologias utilizadas para a solução do desafio","LAURA CALDAS MIGUEL","5","CincoduQuatro(1747263600491x625636412432056300)"
"1751573078559x962591903518031900","3,33","1741717308549x865975349857747000","Prazo dos entregáveis da solução","LAURA CALDAS MIGUEL","5","CincoduQuatro(1747263600491x625636412432056300)"
"1751573078559x962591903518031900","3,33","1741717308549x865975349857747000","O potencial de resolução do problema pela solução proposta e, se for o caso, da provável economia para a administração pública","LAURA CALDAS MIGUEL","3","CincoduQuatro(1747263600491x625636412432056300)"
"1751574752169x187676454623641600","2","1741717308549x865975349857747000","A qualidade da fundamentação, analisando o embasamento e a justificativa da solução proposta pelo aplicante","LAURA CALDAS MIGUEL","1","Rafaela de Abreu Archangelo(1747251651001x309203201899102200)"
"1751567705009x527195961029296100","3,67","1741717308549x865975349857747000","Prazo dos entregáveis da solução","LAURA CALDAS MIGUEL","4","REVIRA(1750384916592x151474736440279040)"
"1751573078559x962591903518031900","3,33","1741717308549x865975349857747000","A qualidade da fundamentação, analisando o embasamento e a justificativa da solução proposta pelo aplicante","LAURA CALDAS MIGUEL","2","CincoduQuatro(1747263600491x625636412432056300)"
"1751567705009x527195961029296100","3,67","1741717308549x865975349857747000","A qualidade da fundamentação, analisando o embasamento e a justificativa da solução proposta pelo aplicante","LAURA CALDAS MIGUEL","5","REVIRA(1750384916592x151474736440279040)"
"1751567705009x527195961029296100","3,67","1741717308549x865975349857747000","Escalabilidade, ou seja, refere-se à capacidade da solução ser reproduzida em grande quantidade e para um número grande de clientes","LAURA CALDAS MIGUEL","4","REVIRA(1750384916592x151474736440279040)"
"1751567705009x527195961029296100","3,67","1741717308549x865975349857747000","O potencial de resolução do problema pela solução proposta e, se for o caso, da provável economia para a administração pública","LAURA CALDAS MIGUEL","4","REVIRA(1750384916592x151474736440279040)"
"1751567705009x527195961029296100","3,67","1741717308549x865975349857747000","A demonstração comparativa de custo e benefício da proposta em relação às opções funcionalmente equivalentes","LAURA CALDAS MIGUEL","3","REVIRA(1750384916592x151474736440279040)"
"1751567705009x527195961029296100","3,67","1741717308549x865975349857747000","A viabilidade e a maturidade do modelo de negócio da solução","LAURA CALDAS MIGUEL","3","REVIRA(1750384916592x151474736440279040)"
"1751573078559x962591903518031900","3,33","1741717308549x865975349857747000","Escalabilidade, ou seja, refere-se à capacidade da solução ser reproduzida em grande quantidade e para um número grande de clientes","LAURA CALDAS MIGUEL","3","CincoduQuatro(1747263600491x625636412432056300)"
"1751565154120x898059675393065000","1,75","1741717308549x865975349857747000","O potencial de resolução do problema pela solução proposta e, se for o caso, da provável economia para a administração pública","LAURA CALDAS MIGUEL","2","BDI Cooptec(1747270956929x223852702211768300)"
"1751565154120x898059675393065000","1,75","1741717308549x865975349857747000","A viabilidade e a maturidade do modelo de negócio da solução","LAURA CALDAS MIGUEL","2","BDI Cooptec(1747270956929x223852702211768300)"
"1751567705009x527195961029296100","3,67","1741717308549x865975349857747000","Tecnologias utilizadas para a solução do desafio","LAURA CALDAS MIGUEL","3","REVIRA(1750384916592x151474736440279040)"
"1751565154120x898059675393065000","1,75","1741717308549x865975349857747000","Tecnologias utilizadas para a solução do desafio","LAURA CALDAS MIGUEL","1","BDI Cooptec(1747270956929x223852702211768300)"
"1751565154120x898059675393065000","1,75","1741717308549x865975349857747000","Prazo dos entregáveis da solução","LAURA CALDAS MIGUEL","2","BDI Cooptec(1747270956929x223852702211768300)"
"1751565154120x898059675393065000","1,75","1741717308549x865975349857747000","A demonstração comparativa de custo e benefício da proposta em relação às opções funcionalmente equivalentes","LAURA CALDAS MIGUEL","1","BDI Cooptec(1747270956929x223852702211768300)"
"1751565154120x898059675393065000","1,75","1741717308549x865975349857747000","A qualidade da fundamentação, analisando o embasamento e a justificativa da solução proposta pelo aplicante","LAURA CALDAS MIGUEL","2","BDI Cooptec(1747270956929x223852702211768300)"
"1751485120734x654551674110345200","4,33","1741717308549x865975349857747000","A demonstração comparativa de custo e benefício da proposta em relação às opções funcionalmente equivalentes","LAURA CALDAS MIGUEL","3","Associação Luminus(1747312681308x105417894606929920)"
"1751485120734x654551674110345200","4,33","1741717308549x865975349857747000","A viabilidade e a maturidade do modelo de negócio da solução","LAURA CALDAS MIGUEL","4","Associação Luminus(1747312681308x105417894606929920)"
"1751485120734x654551674110345200","4,33","1741717308549x865975349857747000","O potencial de resolução do problema pela solução proposta e, se for o caso, da provável economia para a administração pública","LAURA CALDAS MIGUEL","4","Associação Luminus(1747312681308x105417894606929920)"
"1751565154120x898059675393065000","1,75","1741717308549x865975349857747000","Escalabilidade, ou seja, refere-se à capacidade da solução ser reproduzida em grande quantidade e para um número grande de clientes","LAURA CALDAS MIGUEL","2","BDI Cooptec(1747270956929x223852702211768300)"
"1751485120734x654551674110345200","4,33","1741717308549x865975349857747000","A qualidade da fundamentação, analisando o embasamento e a justificativa da solução proposta pelo aplicante","LAURA CALDAS MIGUEL","4","Associação Luminus(1747312681308x105417894606929920)"
"1751452613092x779565731978936300","3,42","1741717308549x865975349857747000","O potencial de resolução do problema pela solução proposta e, se for o caso, da provável economia para a administração pública","JOAO HENRIQUE DE LIMA LOBO","5","REVIRA(1750384916592x151474736440279040)"
"1751452613092x779565731978936300","3,42","1741717308549x865975349857747000","A viabilidade e a maturidade do modelo de negócio da solução","JOAO HENRIQUE DE LIMA LOBO","2","REVIRA(1750384916592x151474736440279040)"
"1751485120734x654551674110345200","4,33","1741717308549x865975349857747000","Escalabilidade, ou seja, refere-se à capacidade da solução ser reproduzida em grande quantidade e para um número grande de clientes","LAURA CALDAS MIGUEL","5","Associação Luminus(1747312681308x105417894606929920)"
"1751452613092x779565731978936300","3,42","1741717308549x865975349857747000","Escalabilidade, ou seja, refere-se à capacidade da solução ser reproduzida em grande quantidade e para um número grande de clientes","JOAO HENRIQUE DE LIMA LOBO","3","REVIRA(1750384916592x151474736440279040)"
"1751452613092x779565731978936300","3,42","1741717308549x865975349857747000","Tecnologias utilizadas para a solução do desafio","JOAO HENRIQUE DE LIMA LOBO","4","REVIRA(1750384916592x151474736440279040)"
"1751452613092x779565731978936300","3,42","1741717308549x865975349857747000","A qualidade da fundamentação, analisando o embasamento e a justificativa da solução proposta pelo aplicante","JOAO HENRIQUE DE LIMA LOBO","4","REVIRA(1750384916592x151474736440279040)"
"1751452613092x779565731978936300","3,42","1741717308549x865975349857747000","A demonstração comparativa de custo e benefício da proposta em relação às opções funcionalmente equivalentes","JOAO HENRIQUE DE LIMA LOBO","2","REVIRA(1750384916592x151474736440279040)"
"1751485120734x654551674110345200","4,33","1741717308549x865975349857747000","Prazo dos entregáveis da solução","LAURA CALDAS MIGUEL","5","Associação Luminus(1747312681308x105417894606929920)"
"1751452613092x779565731978936300","3,42","1741717308549x865975349857747000","Prazo dos entregáveis da solução","JOAO HENRIQUE DE LIMA LOBO","2","REVIRA(1750384916592x151474736440279040)"
"1751452374502x709277291283742700","3,75","1741717308549x865975349857747000","O potencial de resolução do problema pela solução proposta e, se for o caso, da provável economia para a administração pública","JOAO HENRIQUE DE LIMA LOBO","5","Associação Luminus(1747312681308x105417894606929920)"
"1751485120734x654551674110345200","4,33","1741717308549x865975349857747000","Tecnologias utilizadas para a solução do desafio","LAURA CALDAS MIGUEL","5","Associação Luminus(1747312681308x105417894606929920)"
"1751452374502x709277291283742700","3,75","1741717308549x865975349857747000","A demonstração comparativa de custo e benefício da proposta em relação às opções funcionalmente equivalentes","JOAO HENRIQUE DE LIMA LOBO","3","Associação Luminus(1747312681308x105417894606929920)"
"1751452374502x709277291283742700","3,75","1741717308549x865975349857747000","Escalabilidade, ou seja, refere-se à capacidade da solução ser reproduzida em grande quantidade e para um número grande de clientes","JOAO HENRIQUE DE LIMA LOBO","5","Associação Luminus(1747312681308x105417894606929920)"
"1751452374502x709277291283742700","3,75","1741717308549x865975349857747000","A viabilidade e a maturidade do modelo de negócio da solução","JOAO HENRIQUE DE LIMA LOBO","2","Associação Luminus(1747312681308x105417894606929920)"
"1751452374502x709277291283742700","3,75","1741717308549x865975349857747000","A qualidade da fundamentação, analisando o embasamento e a justificativa da solução proposta pelo aplicante","JOAO HENRIQUE DE LIMA LOBO","4","Associação Luminus(1747312681308x105417894606929920)"
"1751452374502x709277291283742700","3,75","1741717308549x865975349857747000","Tecnologias utilizadas para a solução do desafio","JOAO HENRIQUE DE LIMA LOBO","3","Associação Luminus(1747312681308x105417894606929920)"
"1751452222347x468668610153283600","3,33","1741717308549x865975349857747000","O potencial de resolução do problema pela solução proposta e, se for o caso, da provável economia para a administração pública","JOAO HENRIQUE DE LIMA LOBO","4","BDI Cooptec(1747270956929x223852702211768300)"
"1751452374502x709277291283742700","3,75","1741717308549x865975349857747000","Prazo dos entregáveis da solução","JOAO HENRIQUE DE LIMA LOBO","3","Associação Luminus(1747312681308x105417894606929920)"
"1751452222347x468668610153283600","3,33","1741717308549x865975349857747000","Escalabilidade, ou seja, refere-se à capacidade da solução ser reproduzida em grande quantidade e para um número grande de clientes","JOAO HENRIQUE DE LIMA LOBO","4","BDI Cooptec(1747270956929x223852702211768300)"
"1751452222347x468668610153283600","3,33","1741717308549x865975349857747000","A qualidade da fundamentação, analisando o embasamento e a justificativa da solução proposta pelo aplicante","JOAO HENRIQUE DE LIMA LOBO","5","BDI Cooptec(1747270956929x223852702211768300)"
"1751452222347x468668610153283600","3,33","1741717308549x865975349857747000","Prazo dos entregáveis da solução","JOAO HENRIQUE DE LIMA LOBO","2","BDI Cooptec(1747270956929x223852702211768300)"
"1751452222347x468668610153283600","3,33","1741717308549x865975349857747000","A demonstração comparativa de custo e benefício da proposta em relação às opções funcionalmente equivalentes","JOAO HENRIQUE DE LIMA LOBO","3","BDI Cooptec(1747270956929x223852702211768300)"
"1751452064821x581427839997313000","4","1741717308549x865975349857747000","A viabilidade e a maturidade do modelo de negócio da solução","JOAO HENRIQUE DE LIMA LOBO","2","CincoduQuatro(1747263600491x625636412432056300)"
"1751452064821x581427839997313000","4","1741717308549x865975349857747000","O potencial de resolução do problema pela solução proposta e, se for o caso, da provável economia para a administração pública","JOAO HENRIQUE DE LIMA LOBO","5","CincoduQuatro(1747263600491x625636412432056300)"
"1751452064821x581427839997313000","4","1741717308549x865975349857747000","Escalabilidade, ou seja, refere-se à capacidade da solução ser reproduzida em grande quantidade e para um número grande de clientes","JOAO HENRIQUE DE LIMA LOBO","4","CincoduQuatro(1747263600491x625636412432056300)"
"1751452222347x468668610153283600","3,33","1741717308549x865975349857747000","A viabilidade e a maturidade do modelo de negócio da solução","JOAO HENRIQUE DE LIMA LOBO","2","BDI Cooptec(1747270956929x223852702211768300)"
"1751452064821x581427839997313000","4","1741717308549x865975349857747000","Prazo dos entregáveis da solução","JOAO HENRIQUE DE LIMA LOBO","3","CincoduQuatro(1747263600491x625636412432056300)"
"1751452222347x468668610153283600","3,33","1741717308549x865975349857747000","Tecnologias utilizadas para a solução do desafio","JOAO HENRIQUE DE LIMA LOBO","3","BDI Cooptec(1747270956929x223852702211768300)"
"1751451627501x689232730670235600","3,33","1741717308549x865975349857747000","A viabilidade e a maturidade do modelo de negócio da solução","JOAO HENRIQUE DE LIMA LOBO","2","Rafaela de Abreu Archangelo(1747251651001x309203201899102200)"
"1751451627501x689232730670235600","3,33","1741717308549x865975349857747000","Tecnologias utilizadas para a solução do desafio","JOAO HENRIQUE DE LIMA LOBO","5","Rafaela de Abreu Archangelo(1747251651001x309203201899102200)"
"1751451627501x689232730670235600","3,33","1741717308549x865975349857747000","O potencial de resolução do problema pela solução proposta e, se for o caso, da provável economia para a administração pública","JOAO HENRIQUE DE LIMA LOBO","1","Rafaela de Abreu Archangelo(1747251651001x309203201899102200)"
"1751452064821x581427839997313000","4","1741717308549x865975349857747000","A qualidade da fundamentação, analisando o embasamento e a justificativa da solução proposta pelo aplicante","JOAO HENRIQUE DE LIMA LOBO","5","CincoduQuatro(1747263600491x625636412432056300)"
"1751451627501x689232730670235600","3,33","1741717308549x865975349857747000","Escalabilidade, ou seja, refere-se à capacidade da solução ser reproduzida em grande quantidade e para um número grande de clientes","JOAO HENRIQUE DE LIMA LOBO","5","Rafaela de Abreu Archangelo(1747251651001x309203201899102200)"
"1751451627501x689232730670235600","3,33","1741717308549x865975349857747000","A qualidade da fundamentação, analisando o embasamento e a justificativa da solução proposta pelo aplicante","JOAO HENRIQUE DE LIMA LOBO","5","Rafaela de Abreu Archangelo(1747251651001x309203201899102200)"
"1751451061519x314552190033199100","3,33","1741717308549x865975349857747000","O potencial de resolução do problema pela solução proposta e, se for o caso, da provável economia para a administração pública","JOAO HENRIQUE DE LIMA LOBO","1","EVA Agricultura Urbana(1747194250308x563060757529624600)"
"1751451061519x314552190033199100","3,33","1741717308549x865975349857747000","A viabilidade e a maturidade do modelo de negócio da solução","JOAO HENRIQUE DE LIMA LOBO","4","EVA Agricultura Urbana(1747194250308x563060757529624600)"
"1751452064821x581427839997313000","4","1741717308549x865975349857747000","A demonstração comparativa de custo e benefício da proposta em relação às opções funcionalmente equivalentes","JOAO HENRIQUE DE LIMA LOBO","5","CincoduQuatro(1747263600491x625636412432056300)"
"1751451061519x314552190033199100","3,33","1741717308549x865975349857747000","Tecnologias utilizadas para a solução do desafio","JOAO HENRIQUE DE LIMA LOBO","4","EVA Agricultura Urbana(1747194250308x563060757529624600)"
"1751451627501x689232730670235600","3,33","1741717308549x865975349857747000","Prazo dos entregáveis da solução","JOAO HENRIQUE DE LIMA LOBO","4","Rafaela de Abreu Archangelo(1747251651001x309203201899102200)"
"1751452064821x581427839997313000","4","1741717308549x865975349857747000","Tecnologias utilizadas para a solução do desafio","JOAO HENRIQUE DE LIMA LOBO","4","CincoduQuatro(1747263600491x625636412432056300)"
"1751451061519x314552190033199100","3,33","1741717308549x865975349857747000","A demonstração comparativa de custo e benefício da proposta em relação às opções funcionalmente equivalentes","JOAO HENRIQUE DE LIMA LOBO","3","EVA Agricultura Urbana(1747194250308x563060757529624600)"
"1751451061519x314552190033199100","3,33","1741717308549x865975349857747000","A qualidade da fundamentação, analisando o embasamento e a justificativa da solução proposta pelo aplicante","JOAO HENRIQUE DE LIMA LOBO","5","EVA Agricultura Urbana(1747194250308x563060757529624600)"
"1751451627501x689232730670235600","3,33","1741717308549x865975349857747000","A demonstração comparativa de custo e benefício da proposta em relação às opções funcionalmente equivalentes","JOAO HENRIQUE DE LIMA LOBO","4","Rafaela de Abreu Archangelo(1747251651001x309203201899102200)"
"1751451061519x314552190033199100","3,33","1741717308549x865975349857747000","Prazo dos entregáveis da solução","JOAO HENRIQUE DE LIMA LOBO","5","EVA Agricultura Urbana(1747194250308x563060757529624600)"
"1751450781860x966162621929357300","4,75","1741717308549x865975349857747000","O potencial de resolução do problema pela solução proposta e, se for o caso, da provável economia para a administração pública","JOAO HENRIQUE DE LIMA LOBO","5","Ekonavi(1747085309395x688064878954676200)"
"1751450781860x966162621929357300","4,75","1741717308549x865975349857747000","Escalabilidade, ou seja, refere-se à capacidade da solução ser reproduzida em grande quantidade e para um número grande de clientes","JOAO HENRIQUE DE LIMA LOBO","5","Ekonavi(1747085309395x688064878954676200)"
"1751450781860x966162621929357300","4,75","1741717308549x865975349857747000","Tecnologias utilizadas para a solução do desafio","JOAO HENRIQUE DE LIMA LOBO","5","Ekonavi(1747085309395x688064878954676200)"
"1751450781860x966162621929357300","4,75","1741717308549x865975349857747000","A demonstração comparativa de custo e benefício da proposta em relação às opções funcionalmente equivalentes","JOAO HENRIQUE DE LIMA LOBO","5","Ekonavi(1747085309395x688064878954676200)"
"1751450781860x966162621929357300","4,75","1741717308549x865975349857747000","A qualidade da fundamentação, analisando o embasamento e a justificativa da solução proposta pelo aplicante","JOAO HENRIQUE DE LIMA LOBO","5","Ekonavi(1747085309395x688064878954676200)"
"1751451061519x314552190033199100","3,33","1741717308549x865975349857747000","Escalabilidade, ou seja, refere-se à capacidade da solução ser reproduzida em grande quantidade e para um número grande de clientes","JOAO HENRIQUE DE LIMA LOBO","4","EVA Agricultura Urbana(1747194250308x563060757529624600)"
"1751450781860x966162621929357300","4,75","1741717308549x865975349857747000","Prazo dos entregáveis da solução","JOAO HENRIQUE DE LIMA LOBO","4","Ekonavi(1747085309395x688064878954676200)"
"1751450500410x462483271744749600","5","1741717308549x865975349857747000","O potencial de resolução do problema pela solução proposta e, se for o caso, da provável economia para a administração pública","JOAO HENRIQUE DE LIMA LOBO","5","SaveAdd(1746916850978x482881701165137900)"
"1751450500410x462483271744749600","5","1741717308549x865975349857747000","A viabilidade e a maturidade do modelo de negócio da solução","JOAO HENRIQUE DE LIMA LOBO","5","SaveAdd(1746916850978x482881701165137900)"
"1751450500410x462483271744749600","5","1741717308549x865975349857747000","A demonstração comparativa de custo e benefício da proposta em relação às opções funcionalmente equivalentes","JOAO HENRIQUE DE LIMA LOBO","5","SaveAdd(1746916850978x482881701165137900)"
"1751450781860x966162621929357300","4,75","1741717308549x865975349857747000","A viabilidade e a maturidade do modelo de negócio da solução","JOAO HENRIQUE DE LIMA LOBO","4","Ekonavi(1747085309395x688064878954676200)"
"1751450500410x462483271744749600","5","1741717308549x865975349857747000","Tecnologias utilizadas para a solução do desafio","JOAO HENRIQUE DE LIMA LOBO","5","SaveAdd(1746916850978x482881701165137900)"
"1751450500410x462483271744749600","5","1741717308549x865975349857747000","A qualidade da fundamentação, analisando o embasamento e a justificativa da solução proposta pelo aplicante","JOAO HENRIQUE DE LIMA LOBO","5","SaveAdd(1746916850978x482881701165137900)"
"1751450500410x462483271744749600","5","1741717308549x865975349857747000","Prazo dos entregáveis da solução","JOAO HENRIQUE DE LIMA LOBO","5","SaveAdd(1746916850978x482881701165137900)"
"1751450301262x895093281215479800","3,33","1741717308549x865975349857747000","O potencial de resolução do problema pela solução proposta e, se for o caso, da provável economia para a administração pública","JOAO HENRIQUE DE LIMA LOBO","1","EMANUEL DA MOTA PASSOS(1745961810223x622941298904531000)"
"1751450301262x895093281215479800","3,33","1741717308549x865975349857747000","A viabilidade e a maturidade do modelo de negócio da solução","JOAO HENRIQUE DE LIMA LOBO","4","EMANUEL DA MOTA PASSOS(1745961810223x622941298904531000)"
"1751450500410x462483271744749600","5","1741717308549x865975349857747000","Escalabilidade, ou seja, refere-se à capacidade da solução ser reproduzida em grande quantidade e para um número grande de clientes","JOAO HENRIQUE DE LIMA LOBO","5","SaveAdd(1746916850978x482881701165137900)"
"1751450301262x895093281215479800","3,33","1741717308549x865975349857747000","Tecnologias utilizadas para a solução do desafio","JOAO HENRIQUE DE LIMA LOBO","5","EMANUEL DA MOTA PASSOS(1745961810223x622941298904531000)"
"1751450301262x895093281215479800","3,33","1741717308549x865975349857747000","A demonstração comparativa de custo e benefício da proposta em relação às opções funcionalmente equivalentes","JOAO HENRIQUE DE LIMA LOBO","3","EMANUEL DA MOTA PASSOS(1745961810223x622941298904531000)"
"1751450301262x895093281215479800","3,33","1741717308549x865975349857747000","Escalabilidade, ou seja, refere-se à capacidade da solução ser reproduzida em grande quantidade e para um número grande de clientes","JOAO HENRIQUE DE LIMA LOBO","4","EMANUEL DA MOTA PASSOS(1745961810223x622941298904531000)"
"1751450301262x895093281215479800","3,33","1741717308549x865975349857747000","A qualidade da fundamentação, analisando o embasamento e a justificativa da solução proposta pelo aplicante","JOAO HENRIQUE DE LIMA LOBO","4","EMANUEL DA MOTA PASSOS(1745961810223x622941298904531000)"
"1751450301262x895093281215479800","3,33","1741717308549x865975349857747000","Prazo dos entregáveis da solução","JOAO HENRIQUE DE LIMA LOBO","4","EMANUEL DA MOTA PASSOS(1745961810223x622941298904531000)"
"1751450101891x273343276632506370","2,75","1741717308549x865975349857747000","O potencial de resolução do problema pela solução proposta e, se for o caso, da provável economia para a administração pública","JOAO HENRIQUE DE LIMA LOBO","1","Confiança real(1743719836156x359029446949994500)"
"1751450101891x273343276632506370","2,75","1741717308549x865975349857747000","A demonstração comparativa de custo e benefício da proposta em relação às opções funcionalmente equivalentes","JOAO HENRIQUE DE LIMA LOBO","3","Confiança real(1743719836156x359029446949994500)"
"1751450101891x273343276632506370","2,75","1741717308549x865975349857747000","Escalabilidade, ou seja, refere-se à capacidade da solução ser reproduzida em grande quantidade e para um número grande de clientes","JOAO HENRIQUE DE LIMA LOBO","3","Confiança real(1743719836156x359029446949994500)"
"1751450101891x273343276632506370","2,75","1741717308549x865975349857747000","A viabilidade e a maturidade do modelo de negócio da solução","JOAO HENRIQUE DE LIMA LOBO","3","Confiança real(1743719836156x359029446949994500)"
"1751450101891x273343276632506370","2,75","1741717308549x865975349857747000","Tecnologias utilizadas para a solução do desafio","JOAO HENRIQUE DE LIMA LOBO","4","Confiança real(1743719836156x359029446949994500)"
"1751450101891x273343276632506370","2,75","1741717308549x865975349857747000","A qualidade da fundamentação, analisando o embasamento e a justificativa da solução proposta pelo aplicante","JOAO HENRIQUE DE LIMA LOBO","3","Confiança real(1743719836156x359029446949994500)"
"1751450101891x273343276632506370","2,75","1741717308549x865975349857747000","Prazo dos entregáveis da solução","JOAO HENRIQUE DE LIMA LOBO","4","Confiança real(1743719836156x359029446949994500)"
"1751449922853x982490736008626200","4,75","1741717308549x865975349857747000","A demonstração comparativa de custo e benefício da proposta em relação às opções funcionalmente equivalentes","JOAO HENRIQUE DE LIMA LOBO","5","Fresco Labs(1742927604251x321704278513680400)"
"1751449922853x982490736008626200","4,75","1741717308549x865975349857747000","A viabilidade e a maturidade do modelo de negócio da solução","JOAO HENRIQUE DE LIMA LOBO","5","Fresco Labs(1742927604251x321704278513680400)"
"1751449922853x982490736008626200","4,75","1741717308549x865975349857747000","Tecnologias utilizadas para a solução do desafio","JOAO HENRIQUE DE LIMA LOBO","5","Fresco Labs(1742927604251x321704278513680400)"
"1751449922853x982490736008626200","4,75","1741717308549x865975349857747000","O potencial de resolução do problema pela solução proposta e, se for o caso, da provável economia para a administração pública","JOAO HENRIQUE DE LIMA LOBO","4","Fresco Labs(1742927604251x321704278513680400)"
"1751449922853x982490736008626200","4,75","1741717308549x865975349857747000","Escalabilidade, ou seja, refere-se à capacidade da solução ser reproduzida em grande quantidade e para um número grande de clientes","JOAO HENRIQUE DE LIMA LOBO","5","Fresco Labs(1742927604251x321704278513680400)"
"1751449922853x982490736008626200","4,75","1741717308549x865975349857747000","A qualidade da fundamentação, analisando o embasamento e a justificativa da solução proposta pelo aplicante","JOAO HENRIQUE DE LIMA LOBO","5","Fresco Labs(1742927604251x321704278513680400)"
"1751449922853x982490736008626200","4,75","1741717308549x865975349857747000","Prazo dos entregáveis da solução","JOAO HENRIQUE DE LIMA LOBO","5","Fresco Labs(1742927604251x321704278513680400)"
"1751449682904x858400258242904000","2,08","1741717308549x865975349857747000","A demonstração comparativa de custo e benefício da proposta em relação às opções funcionalmente equivalentes","JOAO HENRIQUE DE LIMA LOBO","2","Cyro Hernandez Calixto(1742925887659x316803116278480900)"
"1751449682904x858400258242904000","2,08","1741717308549x865975349857747000","Escalabilidade, ou seja, refere-se à capacidade da solução ser reproduzida em grande quantidade e para um número grande de clientes","JOAO HENRIQUE DE LIMA LOBO","3","Cyro Hernandez Calixto(1742925887659x316803116278480900)"
"1751449682904x858400258242904000","2,08","1741717308549x865975349857747000","A qualidade da fundamentação, analisando o embasamento e a justificativa da solução proposta pelo aplicante","JOAO HENRIQUE DE LIMA LOBO","2","Cyro Hernandez Calixto(1742925887659x316803116278480900)"
"1751449682904x858400258242904000","2,08","1741717308549x865975349857747000","Tecnologias utilizadas para a solução do desafio","JOAO HENRIQUE DE LIMA LOBO","3","Cyro Hernandez Calixto(1742925887659x316803116278480900)"
"1751449682904x858400258242904000","2,08","1741717308549x865975349857747000","A viabilidade e a maturidade do modelo de negócio da solução","JOAO HENRIQUE DE LIMA LOBO","2","Cyro Hernandez Calixto(1742925887659x316803116278480900)"
"1751407221488x144756810782605300","2,75","1741717308549x865975349857747000","O potencial de resolução do problema pela solução proposta e, se for o caso, da provável economia para a administração pública","LAURA CALDAS MIGUEL","2","Fresco Labs(1742927604251x321704278513680400)"
"1751407221488x144756810782605300","2,75","1741717308549x865975349857747000","A viabilidade e a maturidade do modelo de negócio da solução","LAURA CALDAS MIGUEL","2","Fresco Labs(1742927604251x321704278513680400)"
"1751407221488x144756810782605300","2,75","1741717308549x865975349857747000","A demonstração comparativa de custo e benefício da proposta em relação às opções funcionalmente equivalentes","LAURA CALDAS MIGUEL","3","Fresco Labs(1742927604251x321704278513680400)"
"1751407221488x144756810782605300","2,75","1741717308549x865975349857747000","Escalabilidade, ou seja, refere-se à capacidade da solução ser reproduzida em grande quantidade e para um número grande de clientes","LAURA CALDAS MIGUEL","2","Fresco Labs(1742927604251x321704278513680400)"
"1751449682904x858400258242904000","2,08","1741717308549x865975349857747000","Prazo dos entregáveis da solução","JOAO HENRIQUE DE LIMA LOBO","2","Cyro Hernandez Calixto(1742925887659x316803116278480900)"
"1751407221488x144756810782605300","2,75","1741717308549x865975349857747000","A qualidade da fundamentação, analisando o embasamento e a justificativa da solução proposta pelo aplicante","LAURA CALDAS MIGUEL","3","Fresco Labs(1742927604251x321704278513680400)"
"1751402778230x489470927966568450","3,75","1741717308549x865975349857747000","A viabilidade e a maturidade do modelo de negócio da solução","ADRIANA BARATA DOS SANTOS FIGUEIRA","4","REVIRA(1750384916592x151474736440279040)"
"1751402778230x489470927966568450","3,75","1741717308549x865975349857747000","A demonstração comparativa de custo e benefício da proposta em relação às opções funcionalmente equivalentes","ADRIANA BARATA DOS SANTOS FIGUEIRA","3","REVIRA(1750384916592x151474736440279040)"
"1751402778230x489470927966568450","3,75","1741717308549x865975349857747000","Tecnologias utilizadas para a solução do desafio","ADRIANA BARATA DOS SANTOS FIGUEIRA","4","REVIRA(1750384916592x151474736440279040)"
"1751402778230x489470927966568450","3,75","1741717308549x865975349857747000","Escalabilidade, ou seja, refere-se à capacidade da solução ser reproduzida em grande quantidade e para um número grande de clientes","ADRIANA BARATA DOS SANTOS FIGUEIRA","4","REVIRA(1750384916592x151474736440279040)"
"1751407221488x144756810782605300","2,75","1741717308549x865975349857747000","Prazo dos entregáveis da solução","LAURA CALDAS MIGUEL","5","Fresco Labs(1742927604251x321704278513680400)"
"1751449682904x858400258242904000","2,08","1741717308549x865975349857747000","O potencial de resolução do problema pela solução proposta e, se for o caso, da provável economia para a administração pública","JOAO HENRIQUE DE LIMA LOBO","1","Cyro Hernandez Calixto(1742925887659x316803116278480900)"
"1751402778230x489470927966568450","3,75","1741717308549x865975349857747000","Prazo dos entregáveis da solução","ADRIANA BARATA DOS SANTOS FIGUEIRA","2","REVIRA(1750384916592x151474736440279040)"
"1751402778230x489470927966568450","3,75","1741717308549x865975349857747000","A qualidade da fundamentação, analisando o embasamento e a justificativa da solução proposta pelo aplicante","ADRIANA BARATA DOS SANTOS FIGUEIRA","4","REVIRA(1750384916592x151474736440279040)"
"1751407221488x144756810782605300","2,75","1741717308549x865975349857747000","Tecnologias utilizadas para a solução do desafio","LAURA CALDAS MIGUEL","4","Fresco Labs(1742927604251x321704278513680400)"
"1751402534016x321007346675613700","3,75","1741717308549x865975349857747000","O potencial de resolução do problema pela solução proposta e, se for o caso, da provável economia para a administração pública","ADRIANA BARATA DOS SANTOS FIGUEIRA","4","Associação Luminus(1747312681308x105417894606929920)"
"1751402534016x321007346675613700","3,75","1741717308549x865975349857747000","A demonstração comparativa de custo e benefício da proposta em relação às opções funcionalmente equivalentes","ADRIANA BARATA DOS SANTOS FIGUEIRA","3","Associação Luminus(1747312681308x105417894606929920)"
"1751402534016x321007346675613700","3,75","1741717308549x865975349857747000","Tecnologias utilizadas para a solução do desafio","ADRIANA BARATA DOS SANTOS FIGUEIRA","4","Associação Luminus(1747312681308x105417894606929920)"
"1751402778230x489470927966568450","3,75","1741717308549x865975349857747000","O potencial de resolução do problema pela solução proposta e, se for o caso, da provável economia para a administração pública","ADRIANA BARATA DOS SANTOS FIGUEIRA","4","REVIRA(1750384916592x151474736440279040)"
"1751402534016x321007346675613700","3,75","1741717308549x865975349857747000","Escalabilidade, ou seja, refere-se à capacidade da solução ser reproduzida em grande quantidade e para um número grande de clientes","ADRIANA BARATA DOS SANTOS FIGUEIRA","4","Associação Luminus(1747312681308x105417894606929920)"
"1751402534016x321007346675613700","3,75","1741717308549x865975349857747000","A qualidade da fundamentação, analisando o embasamento e a justificativa da solução proposta pelo aplicante","ADRIANA BARATA DOS SANTOS FIGUEIRA","4","Associação Luminus(1747312681308x105417894606929920)"
"1751402534016x321007346675613700","3,75","1741717308549x865975349857747000","A viabilidade e a maturidade do modelo de negócio da solução","ADRIANA BARATA DOS SANTOS FIGUEIRA","4","Associação Luminus(1747312681308x105417894606929920)"
"1751402534016x321007346675613700","3,75","1741717308549x865975349857747000","Prazo dos entregáveis da solução","ADRIANA BARATA DOS SANTOS FIGUEIRA","2","Associação Luminus(1747312681308x105417894606929920)"
"1751402133488x468150263499718660","3,83","1741717308549x865975349857747000","O potencial de resolução do problema pela solução proposta e, se for o caso, da provável economia para a administração pública","ADRIANA BARATA DOS SANTOS FIGUEIRA","4","BDI Cooptec(1747270956929x223852702211768300)"
"1751402133488x468150263499718660","3,83","1741717308549x865975349857747000","A demonstração comparativa de custo e benefício da proposta em relação às opções funcionalmente equivalentes","ADRIANA BARATA DOS SANTOS FIGUEIRA","4","BDI Cooptec(1747270956929x223852702211768300)"
"1751402133488x468150263499718660","3,83","1741717308549x865975349857747000","A viabilidade e a maturidade do modelo de negócio da solução","ADRIANA BARATA DOS SANTOS FIGUEIRA","4","BDI Cooptec(1747270956929x223852702211768300)"
"1751402133488x468150263499718660","3,83","1741717308549x865975349857747000","Tecnologias utilizadas para a solução do desafio","ADRIANA BARATA DOS SANTOS FIGUEIRA","4","BDI Cooptec(1747270956929x223852702211768300)"
"1751402133488x468150263499718660","3,83","1741717308549x865975349857747000","Prazo dos entregáveis da solução","ADRIANA BARATA DOS SANTOS FIGUEIRA","2","BDI Cooptec(1747270956929x223852702211768300)"
"1751402133488x468150263499718660","3,83","1741717308549x865975349857747000","A qualidade da fundamentação, analisando o embasamento e a justificativa da solução proposta pelo aplicante","ADRIANA BARATA DOS SANTOS FIGUEIRA","4","BDI Cooptec(1747270956929x223852702211768300)"
"1751401868363x826237881998639100","3,5","1741717308549x865975349857747000","O potencial de resolução do problema pela solução proposta e, se for o caso, da provável economia para a administração pública","ADRIANA BARATA DOS SANTOS FIGUEIRA","4","CincoduQuatro(1747263600491x625636412432056300)"
"1751401868363x826237881998639100","3,5","1741717308549x865975349857747000","A viabilidade e a maturidade do modelo de negócio da solução","ADRIANA BARATA DOS SANTOS FIGUEIRA","4","CincoduQuatro(1747263600491x625636412432056300)"
"1751402133488x468150263499718660","3,83","1741717308549x865975349857747000","Escalabilidade, ou seja, refere-se à capacidade da solução ser reproduzida em grande quantidade e para um número grande de clientes","ADRIANA BARATA DOS SANTOS FIGUEIRA","4","BDI Cooptec(1747270956929x223852702211768300)"
"1751401868363x826237881998639100","3,5","1741717308549x865975349857747000","Tecnologias utilizadas para a solução do desafio","ADRIANA BARATA DOS SANTOS FIGUEIRA","3","CincoduQuatro(1747263600491x625636412432056300)"
"1751401868363x826237881998639100","3,5","1741717308549x865975349857747000","A demonstração comparativa de custo e benefício da proposta em relação às opções funcionalmente equivalentes","ADRIANA BARATA DOS SANTOS FIGUEIRA","2","CincoduQuatro(1747263600491x625636412432056300)"
"1751401868363x826237881998639100","3,5","1741717308549x865975349857747000","A qualidade da fundamentação, analisando o embasamento e a justificativa da solução proposta pelo aplicante","ADRIANA BARATA DOS SANTOS FIGUEIRA","4","CincoduQuatro(1747263600491x625636412432056300)"
"1751401868363x826237881998639100","3,5","1741717308549x865975349857747000","Escalabilidade, ou seja, refere-se à capacidade da solução ser reproduzida em grande quantidade e para um número grande de clientes","ADRIANA BARATA DOS SANTOS FIGUEIRA","4","CincoduQuatro(1747263600491x625636412432056300)"
"1751401537282x479045753900105700","2,25","1741717308549x865975349857747000","O potencial de resolução do problema pela solução proposta e, se for o caso, da provável economia para a administração pública","ADRIANA BARATA DOS SANTOS FIGUEIRA","2","Rafaela de Abreu Archangelo(1747251651001x309203201899102200)"
"1751401537282x479045753900105700","2,25","1741717308549x865975349857747000","A demonstração comparativa de custo e benefício da proposta em relação às opções funcionalmente equivalentes","ADRIANA BARATA DOS SANTOS FIGUEIRA","2","Rafaela de Abreu Archangelo(1747251651001x309203201899102200)"
"1751401537282x479045753900105700","2,25","1741717308549x865975349857747000","Tecnologias utilizadas para a solução do desafio","ADRIANA BARATA DOS SANTOS FIGUEIRA","3","Rafaela de Abreu Archangelo(1747251651001x309203201899102200)"
"1751401537282x479045753900105700","2,25","1741717308549x865975349857747000","A qualidade da fundamentação, analisando o embasamento e a justificativa da solução proposta pelo aplicante","ADRIANA BARATA DOS SANTOS FIGUEIRA","2","Rafaela de Abreu Archangelo(1747251651001x309203201899102200)"
"1751401537282x479045753900105700","2,25","1741717308549x865975349857747000","Escalabilidade, ou seja, refere-se à capacidade da solução ser reproduzida em grande quantidade e para um número grande de clientes","ADRIANA BARATA DOS SANTOS FIGUEIRA","3","Rafaela de Abreu Archangelo(1747251651001x309203201899102200)"
"1751401868363x826237881998639100","3,5","1741717308549x865975349857747000","Prazo dos entregáveis da solução","ADRIANA BARATA DOS SANTOS FIGUEIRA","2","CincoduQuatro(1747263600491x625636412432056300)"
"1751401537282x479045753900105700","2,25","1741717308549x865975349857747000","Prazo dos entregáveis da solução","ADRIANA BARATA DOS SANTOS FIGUEIRA","1","Rafaela de Abreu Archangelo(1747251651001x309203201899102200)"
"1751401537282x479045753900105700","2,25","1741717308549x865975349857747000","A viabilidade e a maturidade do modelo de negócio da solução","ADRIANA BARATA DOS SANTOS FIGUEIRA","2","Rafaela de Abreu Archangelo(1747251651001x309203201899102200)"
"1751401377240x363302472485699600","3","1741717308549x865975349857747000","Tecnologias utilizadas para a solução do desafio","ADRIANA BARATA DOS SANTOS FIGUEIRA","3","EVA Agricultura Urbana(1747194250308x563060757529624600)"
"1751401377240x363302472485699600","3","1741717308549x865975349857747000","A demonstração comparativa de custo e benefício da proposta em relação às opções funcionalmente equivalentes","ADRIANA BARATA DOS SANTOS FIGUEIRA","3","EVA Agricultura Urbana(1747194250308x563060757529624600)"
"1751401377240x363302472485699600","3","1741717308549x865975349857747000","A qualidade da fundamentação, analisando o embasamento e a justificativa da solução proposta pelo aplicante","ADRIANA BARATA DOS SANTOS FIGUEIRA","3","EVA Agricultura Urbana(1747194250308x563060757529624600)"
"1751401377240x363302472485699600","3","1741717308549x865975349857747000","A viabilidade e a maturidade do modelo de negócio da solução","ADRIANA BARATA DOS SANTOS FIGUEIRA","3","EVA Agricultura Urbana(1747194250308x563060757529624600)"
"1751401377240x363302472485699600","3","1741717308549x865975349857747000","Escalabilidade, ou seja, refere-se à capacidade da solução ser reproduzida em grande quantidade e para um número grande de clientes","ADRIANA BARATA DOS SANTOS FIGUEIRA","3","EVA Agricultura Urbana(1747194250308x563060757529624600)"
"1751401377240x363302472485699600","3","1741717308549x865975349857747000","Prazo dos entregáveis da solução","ADRIANA BARATA DOS SANTOS FIGUEIRA","3","EVA Agricultura Urbana(1747194250308x563060757529624600)"
"1751401117700x271746959615721470","3,5","1741717308549x865975349857747000","A demonstração comparativa de custo e benefício da proposta em relação às opções funcionalmente equivalentes","ADRIANA BARATA DOS SANTOS FIGUEIRA","3","Ekonavi(1747085309395x688064878954676200)"
"1751401117700x271746959615721470","3,5","1741717308549x865975349857747000","O potencial de resolução do problema pela solução proposta e, se for o caso, da provável economia para a administração pública","ADRIANA BARATA DOS SANTOS FIGUEIRA","4","Ekonavi(1747085309395x688064878954676200)"
"1751401377240x363302472485699600","3","1741717308549x865975349857747000","O potencial de resolução do problema pela solução proposta e, se for o caso, da provável economia para a administração pública","ADRIANA BARATA DOS SANTOS FIGUEIRA","3","EVA Agricultura Urbana(1747194250308x563060757529624600)"
"1751401117700x271746959615721470","3,5","1741717308549x865975349857747000","A qualidade da fundamentação, analisando o embasamento e a justificativa da solução proposta pelo aplicante","ADRIANA BARATA DOS SANTOS FIGUEIRA","5","Ekonavi(1747085309395x688064878954676200)"
"1751401117700x271746959615721470","3,5","1741717308549x865975349857747000","Prazo dos entregáveis da solução","ADRIANA BARATA DOS SANTOS FIGUEIRA","4","Ekonavi(1747085309395x688064878954676200)"
"1751401117700x271746959615721470","3,5","1741717308549x865975349857747000","Escalabilidade, ou seja, refere-se à capacidade da solução ser reproduzida em grande quantidade e para um número grande de clientes","ADRIANA BARATA DOS SANTOS FIGUEIRA","3","Ekonavi(1747085309395x688064878954676200)"
"1751400914070x553740978471829500","2,17","1741717308549x865975349857747000","A viabilidade e a maturidade do modelo de negócio da solução","ADRIANA BARATA DOS SANTOS FIGUEIRA","2","SaveAdd(1746916850978x482881701165137900)"
"1751400914070x553740978471829500","2,17","1741717308549x865975349857747000","O potencial de resolução do problema pela solução proposta e, se for o caso, da provável economia para a administração pública","ADRIANA BARATA DOS SANTOS FIGUEIRA","2","SaveAdd(1746916850978x482881701165137900)"
"1751400914070x553740978471829500","2,17","1741717308549x865975349857747000","Tecnologias utilizadas para a solução do desafio","ADRIANA BARATA DOS SANTOS FIGUEIRA","2","SaveAdd(1746916850978x482881701165137900)"
"1751400914070x553740978471829500","2,17","1741717308549x865975349857747000","A demonstração comparativa de custo e benefício da proposta em relação às opções funcionalmente equivalentes","ADRIANA BARATA DOS SANTOS FIGUEIRA","2","SaveAdd(1746916850978x482881701165137900)"
"1751400914070x553740978471829500","2,17","1741717308549x865975349857747000","A qualidade da fundamentação, analisando o embasamento e a justificativa da solução proposta pelo aplicante","ADRIANA BARATA DOS SANTOS FIGUEIRA","1","SaveAdd(1746916850978x482881701165137900)"
"1751401117700x271746959615721470","3,5","1741717308549x865975349857747000","Tecnologias utilizadas para a solução do desafio","ADRIANA BARATA DOS SANTOS FIGUEIRA","3","Ekonavi(1747085309395x688064878954676200)"
"1751401117700x271746959615721470","3,5","1741717308549x865975349857747000","A viabilidade e a maturidade do modelo de negócio da solução","ADRIANA BARATA DOS SANTOS FIGUEIRA","3","Ekonavi(1747085309395x688064878954676200)"
"1751400914070x553740978471829500","2,17","1741717308549x865975349857747000","Prazo dos entregáveis da solução","ADRIANA BARATA DOS SANTOS FIGUEIRA","3","SaveAdd(1746916850978x482881701165137900)"
"1751400657848x333246809433964540","1,92","1741717308549x865975349857747000","O potencial de resolução do problema pela solução proposta e, se for o caso, da provável economia para a administração pública","ADRIANA BARATA DOS SANTOS FIGUEIRA","1","EMANUEL DA MOTA PASSOS(1745961810223x622941298904531000)"
"1751400657848x333246809433964540","1,92","1741717308549x865975349857747000","Tecnologias utilizadas para a solução do desafio","ADRIANA BARATA DOS SANTOS FIGUEIRA","3","EMANUEL DA MOTA PASSOS(1745961810223x622941298904531000)"
"1751400657848x333246809433964540","1,92","1741717308549x865975349857747000","A viabilidade e a maturidade do modelo de negócio da solução","ADRIANA BARATA DOS SANTOS FIGUEIRA","2","EMANUEL DA MOTA PASSOS(1745961810223x622941298904531000)"
"1751400657848x333246809433964540","1,92","1741717308549x865975349857747000","A demonstração comparativa de custo e benefício da proposta em relação às opções funcionalmente equivalentes","ADRIANA BARATA DOS SANTOS FIGUEIRA","2","EMANUEL DA MOTA PASSOS(1745961810223x622941298904531000)"
"1751400914070x553740978471829500","2,17","1741717308549x865975349857747000","Escalabilidade, ou seja, refere-se à capacidade da solução ser reproduzida em grande quantidade e para um número grande de clientes","ADRIANA BARATA DOS SANTOS FIGUEIRA","3","SaveAdd(1746916850978x482881701165137900)"
"1751400657848x333246809433964540","1,92","1741717308549x865975349857747000","Prazo dos entregáveis da solução","ADRIANA BARATA DOS SANTOS FIGUEIRA","3","EMANUEL DA MOTA PASSOS(1745961810223x622941298904531000)"
"1751400416846x952495248593911800","2,33","1741717308549x865975349857747000","O potencial de resolução do problema pela solução proposta e, se for o caso, da provável economia para a administração pública","LAURA CALDAS MIGUEL","3","Cyro Hernandez Calixto(1742925887659x316803116278480900)"
"1751400657848x333246809433964540","1,92","1741717308549x865975349857747000","Escalabilidade, ou seja, refere-se à capacidade da solução ser reproduzida em grande quantidade e para um número grande de clientes","ADRIANA BARATA DOS SANTOS FIGUEIRA","2","EMANUEL DA MOTA PASSOS(1745961810223x622941298904531000)"
"1751400657848x333246809433964540","1,92","1741717308549x865975349857747000","A qualidade da fundamentação, analisando o embasamento e a justificativa da solução proposta pelo aplicante","ADRIANA BARATA DOS SANTOS FIGUEIRA","1","EMANUEL DA MOTA PASSOS(1745961810223x622941298904531000)"
"1751400416846x952495248593911800","2,33","1741717308549x865975349857747000","Escalabilidade, ou seja, refere-se à capacidade da solução ser reproduzida em grande quantidade e para um número grande de clientes","LAURA CALDAS MIGUEL","4","Cyro Hernandez Calixto(1742925887659x316803116278480900)"
"1751399662783x481770346561404900","1,75","1741717308549x865975349857747000","Tecnologias utilizadas para a solução do desafio","ADRIANA BARATA DOS SANTOS FIGUEIRA","3","Fresco Labs(1742927604251x321704278513680400)"
"1751399662783x481770346561404900","1,75","1741717308549x865975349857747000","Prazo dos entregáveis da solução","ADRIANA BARATA DOS SANTOS FIGUEIRA","2","Fresco Labs(1742927604251x321704278513680400)"
"1751400416846x952495248593911800","2,33","1741717308549x865975349857747000","A qualidade da fundamentação, analisando o embasamento e a justificativa da solução proposta pelo aplicante","LAURA CALDAS MIGUEL","2","Cyro Hernandez Calixto(1742925887659x316803116278480900)"
"1751399662783x481770346561404900","1,75","1741717308549x865975349857747000","Escalabilidade, ou seja, refere-se à capacidade da solução ser reproduzida em grande quantidade e para um número grande de clientes","ADRIANA BARATA DOS SANTOS FIGUEIRA","2","Fresco Labs(1742927604251x321704278513680400)"
"1751399662783x481770346561404900","1,75","1741717308549x865975349857747000","A qualidade da fundamentação, analisando o embasamento e a justificativa da solução proposta pelo aplicante","ADRIANA BARATA DOS SANTOS FIGUEIRA","1","Fresco Labs(1742927604251x321704278513680400)"
"1751399254803x692949843747274800","2,17","1741717308549x865975349857747000","A demonstração comparativa de custo e benefício da proposta em relação às opções funcionalmente equivalentes","ADRIANA BARATA DOS SANTOS FIGUEIRA","3","Cyro Hernandez Calixto(1742925887659x316803116278480900)"
"1751399254803x692949843747274800","2,17","1741717308549x865975349857747000","Tecnologias utilizadas para a solução do desafio","ADRIANA BARATA DOS SANTOS FIGUEIRA","2","Cyro Hernandez Calixto(1742925887659x316803116278480900)"
"1751399254803x692949843747274800","2,17","1741717308549x865975349857747000","A viabilidade e a maturidade do modelo de negócio da solução","ADRIANA BARATA DOS SANTOS FIGUEIRA","3","Cyro Hernandez Calixto(1742925887659x316803116278480900)"
"1751399254803x692949843747274800","2,17","1741717308549x865975349857747000","O potencial de resolução do problema pela solução proposta e, se for o caso, da provável economia para a administração pública","ADRIANA BARATA DOS SANTOS FIGUEIRA","2","Cyro Hernandez Calixto(1742925887659x316803116278480900)"
"1751399254803x692949843747274800","2,17","1741717308549x865975349857747000","A qualidade da fundamentação, analisando o embasamento e a justificativa da solução proposta pelo aplicante","ADRIANA BARATA DOS SANTOS FIGUEIRA","1","Cyro Hernandez Calixto(1742925887659x316803116278480900)"
"1751399254803x692949843747274800","2,17","1741717308549x865975349857747000","Prazo dos entregáveis da solução","ADRIANA BARATA DOS SANTOS FIGUEIRA","2","Cyro Hernandez Calixto(1742925887659x316803116278480900)"
"1751399254803x692949843747274800","2,17","1741717308549x865975349857747000","Escalabilidade, ou seja, refere-se à capacidade da solução ser reproduzida em grande quantidade e para um número grande de clientes","ADRIANA BARATA DOS SANTOS FIGUEIRA","2","Cyro Hernandez Calixto(1742925887659x316803116278480900)"
"1751400416846x952495248593911800","2,33","1741717308549x865975349857747000","A viabilidade e a maturidade do modelo de negócio da solução","LAURA CALDAS MIGUEL","2","Cyro Hernandez Calixto(1742925887659x316803116278480900)"
"1751995498469x812314646530490400","1","1741717852329x959885049985499100","O potencial de resolução do problema pela solução proposta e, se for o caso, da provável economia para a administração pública","FERNANDO ANTONIO NUNES DE SOUZA","1"," ALEXANDRE GUEDES RIBEIRO(1743616040182x329049495127982100)"
"1751995498469x812314646530490400","1","1741717852329x959885049985499100","A viabilidade e a maturidade do modelo de negócio da solução","FERNANDO ANTONIO NUNES DE SOUZA","1"," ALEXANDRE GUEDES RIBEIRO(1743616040182x329049495127982100)"
"1751995498469x812314646530490400","1","1741717852329x959885049985499100","A demonstração comparativa de custo e benefício da proposta em relação às opções funcionalmente equivalentes","FERNANDO ANTONIO NUNES DE SOUZA","1"," ALEXANDRE GUEDES RIBEIRO(1743616040182x329049495127982100)"
"1751995498469x812314646530490400","1","1741717852329x959885049985499100","Tecnologias utilizadas para a solução do desafio","FERNANDO ANTONIO NUNES DE SOUZA","1"," ALEXANDRE GUEDES RIBEIRO(1743616040182x329049495127982100)"
"1751995498469x812314646530490400","1","1741717852329x959885049985499100","Escalabilidade, ou seja, refere-se à capacidade da solução ser reproduzida em grande quantidade e para um número grande de clientes","FERNANDO ANTONIO NUNES DE SOUZA","1"," ALEXANDRE GUEDES RIBEIRO(1743616040182x329049495127982100)"
"1751993632846x279744486291537920","4,67","1741717852329x959885049985499100","O potencial de resolução do problema pela solução proposta e, se for o caso, da provável economia para a administração pública","FERNANDO ANTONIO NUNES DE SOUZA","5","Elucidar(1750474178894x660330135783473200)"
"1751993632846x279744486291537920","4,67","1741717852329x959885049985499100","A viabilidade e a maturidade do modelo de negócio da solução","FERNANDO ANTONIO NUNES DE SOUZA","5","Elucidar(1750474178894x660330135783473200)"
"1751995498469x812314646530490400","1","1741717852329x959885049985499100","Prazo dos entregáveis da solução","FERNANDO ANTONIO NUNES DE SOUZA","1"," ALEXANDRE GUEDES RIBEIRO(1743616040182x329049495127982100)"
"1751993632846x279744486291537920","4,67","1741717852329x959885049985499100","A demonstração comparativa de custo e benefício da proposta em relação às opções funcionalmente equivalentes","FERNANDO ANTONIO NUNES DE SOUZA","5","Elucidar(1750474178894x660330135783473200)"
"1751993632846x279744486291537920","4,67","1741717852329x959885049985499100","Tecnologias utilizadas para a solução do desafio","FERNANDO ANTONIO NUNES DE SOUZA","5","Elucidar(1750474178894x660330135783473200)"
"1751993632846x279744486291537920","4,67","1741717852329x959885049985499100","A qualidade da fundamentação, analisando o embasamento e a justificativa da solução proposta pelo aplicante","FERNANDO ANTONIO NUNES DE SOUZA","5","Elucidar(1750474178894x660330135783473200)"
"1751993632846x279744486291537920","4,67","1741717852329x959885049985499100","Escalabilidade, ou seja, refere-se à capacidade da solução ser reproduzida em grande quantidade e para um número grande de clientes","FERNANDO ANTONIO NUNES DE SOUZA","5","Elucidar(1750474178894x660330135783473200)"
"1751987676837x290353706666295300","5","1741717852329x959885049985499100","A viabilidade e a maturidade do modelo de negócio da solução","FERNANDO ANTONIO NUNES DE SOUZA","5","COLI(1750472370070x624706963282591700)"
"1751987676837x290353706666295300","5","1741717852329x959885049985499100","A demonstração comparativa de custo e benefício da proposta em relação às opções funcionalmente equivalentes","FERNANDO ANTONIO NUNES DE SOUZA","5","COLI(1750472370070x624706963282591700)"
"1751987676837x290353706666295300","5","1741717852329x959885049985499100","O potencial de resolução do problema pela solução proposta e, se for o caso, da provável economia para a administração pública","FERNANDO ANTONIO NUNES DE SOUZA","5","COLI(1750472370070x624706963282591700)"
"1751993632846x279744486291537920","4,67","1741717852329x959885049985499100","Prazo dos entregáveis da solução","FERNANDO ANTONIO NUNES DE SOUZA","1","Elucidar(1750474178894x660330135783473200)"
"1751987676837x290353706666295300","5","1741717852329x959885049985499100","Tecnologias utilizadas para a solução do desafio","FERNANDO ANTONIO NUNES DE SOUZA","5","COLI(1750472370070x624706963282591700)"
"1751995498469x812314646530490400","1","1741717852329x959885049985499100","A qualidade da fundamentação, analisando o embasamento e a justificativa da solução proposta pelo aplicante","FERNANDO ANTONIO NUNES DE SOUZA","1"," ALEXANDRE GUEDES RIBEIRO(1743616040182x329049495127982100)"
"1751987676837x290353706666295300","5","1741717852329x959885049985499100","Escalabilidade, ou seja, refere-se à capacidade da solução ser reproduzida em grande quantidade e para um número grande de clientes","FERNANDO ANTONIO NUNES DE SOUZA","5","COLI(1750472370070x624706963282591700)"
"1751987676837x290353706666295300","5","1741717852329x959885049985499100","A qualidade da fundamentação, analisando o embasamento e a justificativa da solução proposta pelo aplicante","FERNANDO ANTONIO NUNES DE SOUZA","5","COLI(1750472370070x624706963282591700)"
"1751987676837x290353706666295300","5","1741717852329x959885049985499100","Prazo dos entregáveis da solução","FERNANDO ANTONIO NUNES DE SOUZA","5","COLI(1750472370070x624706963282591700)"
"1751980851051x185586771932479500","4,5","1741717852329x959885049985499100","A viabilidade e a maturidade do modelo de negócio da solução","FERNANDO ANTONIO NUNES DE SOUZA","4","Hailton de Melo Lima Neto(1750472207471x859310673469636600)"
"1751980851051x185586771932479500","4,5","1741717852329x959885049985499100","A demonstração comparativa de custo e benefício da proposta em relação às opções funcionalmente equivalentes","FERNANDO ANTONIO NUNES DE SOUZA","5","Hailton de Melo Lima Neto(1750472207471x859310673469636600)"
"1751980851051x185586771932479500","4,5","1741717852329x959885049985499100","O potencial de resolução do problema pela solução proposta e, se for o caso, da provável economia para a administração pública","FERNANDO ANTONIO NUNES DE SOUZA","5","Hailton de Melo Lima Neto(1750472207471x859310673469636600)"
"1751980851051x185586771932479500","4,5","1741717852329x959885049985499100","Escalabilidade, ou seja, refere-se à capacidade da solução ser reproduzida em grande quantidade e para um número grande de clientes","FERNANDO ANTONIO NUNES DE SOUZA","5","Hailton de Melo Lima Neto(1750472207471x859310673469636600)"
"1751980851051x185586771932479500","4,5","1741717852329x959885049985499100","Tecnologias utilizadas para a solução do desafio","FERNANDO ANTONIO NUNES DE SOUZA","5","Hailton de Melo Lima Neto(1750472207471x859310673469636600)"
"1751980851051x185586771932479500","4,5","1741717852329x959885049985499100","A qualidade da fundamentação, analisando o embasamento e a justificativa da solução proposta pelo aplicante","FERNANDO ANTONIO NUNES DE SOUZA","5","Hailton de Melo Lima Neto(1750472207471x859310673469636600)"
"1751976424263x607102161521213400","4,83","1741717852329x959885049985499100","O potencial de resolução do problema pela solução proposta e, se for o caso, da provável economia para a administração pública","FERNANDO ANTONIO NUNES DE SOUZA","5","RAFAEL ANDRADE DA SILVA(1750470548811x148097843080986620)"
"1751976424263x607102161521213400","4,83","1741717852329x959885049985499100","A demonstração comparativa de custo e benefício da proposta em relação às opções funcionalmente equivalentes","FERNANDO ANTONIO NUNES DE SOUZA","5","RAFAEL ANDRADE DA SILVA(1750470548811x148097843080986620)"
"1751976424263x607102161521213400","4,83","1741717852329x959885049985499100","A viabilidade e a maturidade do modelo de negócio da solução","FERNANDO ANTONIO NUNES DE SOUZA","5","RAFAEL ANDRADE DA SILVA(1750470548811x148097843080986620)"
"1751976424263x607102161521213400","4,83","1741717852329x959885049985499100","Escalabilidade, ou seja, refere-se à capacidade da solução ser reproduzida em grande quantidade e para um número grande de clientes","FERNANDO ANTONIO NUNES DE SOUZA","5","RAFAEL ANDRADE DA SILVA(1750470548811x148097843080986620)"
"1751980851051x185586771932479500","4,5","1741717852329x959885049985499100","Prazo dos entregáveis da solução","FERNANDO ANTONIO NUNES DE SOUZA","1","Hailton de Melo Lima Neto(1750472207471x859310673469636600)"
"1751976424263x607102161521213400","4,83","1741717852329x959885049985499100","A qualidade da fundamentação, analisando o embasamento e a justificativa da solução proposta pelo aplicante","FERNANDO ANTONIO NUNES DE SOUZA","4","RAFAEL ANDRADE DA SILVA(1750470548811x148097843080986620)"
"1751919751054x244384059009794050","4,75","1741717852329x959885049985499100","O potencial de resolução do problema pela solução proposta e, se for o caso, da provável economia para a administração pública","RAFAEL HENRIQUES PIMENTEL DE PAULA","5","Elucidar(1750474178894x660330135783473200)"
"1751976424263x607102161521213400","4,83","1741717852329x959885049985499100","Tecnologias utilizadas para a solução do desafio","FERNANDO ANTONIO NUNES DE SOUZA","5","RAFAEL ANDRADE DA SILVA(1750470548811x148097843080986620)"
"1751919751054x244384059009794050","4,75","1741717852329x959885049985499100","Tecnologias utilizadas para a solução do desafio","RAFAEL HENRIQUES PIMENTEL DE PAULA","5","Elucidar(1750474178894x660330135783473200)"
"1751919751054x244384059009794050","4,75","1741717852329x959885049985499100","A viabilidade e a maturidade do modelo de negócio da solução","RAFAEL HENRIQUES PIMENTEL DE PAULA","5","Elucidar(1750474178894x660330135783473200)"
"1751976424263x607102161521213400","4,83","1741717852329x959885049985499100","Prazo dos entregáveis da solução","FERNANDO ANTONIO NUNES DE SOUZA","4","RAFAEL ANDRADE DA SILVA(1750470548811x148097843080986620)"
"1751919751054x244384059009794050","4,75","1741717852329x959885049985499100","Escalabilidade, ou seja, refere-se à capacidade da solução ser reproduzida em grande quantidade e para um número grande de clientes","RAFAEL HENRIQUES PIMENTEL DE PAULA","4","Elucidar(1750474178894x660330135783473200)"
"1751919751054x244384059009794050","4,75","1741717852329x959885049985499100","A demonstração comparativa de custo e benefício da proposta em relação às opções funcionalmente equivalentes","RAFAEL HENRIQUES PIMENTEL DE PAULA","5","Elucidar(1750474178894x660330135783473200)"
"1751919751054x244384059009794050","4,75","1741717852329x959885049985499100","A qualidade da fundamentação, analisando o embasamento e a justificativa da solução proposta pelo aplicante","RAFAEL HENRIQUES PIMENTEL DE PAULA","5","Elucidar(1750474178894x660330135783473200)"
"1751919074463x330677603535421440","4,5","1741717852329x959885049985499100","O potencial de resolução do problema pela solução proposta e, se for o caso, da provável economia para a administração pública","RAFAEL HENRIQUES PIMENTEL DE PAULA","5","COLI(1750472370070x624706963282591700)"
"1751919074463x330677603535421440","4,5","1741717852329x959885049985499100","A viabilidade e a maturidade do modelo de negócio da solução","RAFAEL HENRIQUES PIMENTEL DE PAULA","5","COLI(1750472370070x624706963282591700)"
"1751919074463x330677603535421440","4,5","1741717852329x959885049985499100","A demonstração comparativa de custo e benefício da proposta em relação às opções funcionalmente equivalentes","RAFAEL HENRIQUES PIMENTEL DE PAULA","4","COLI(1750472370070x624706963282591700)"
"1751919751054x244384059009794050","4,75","1741717852329x959885049985499100","Prazo dos entregáveis da solução","RAFAEL HENRIQUES PIMENTEL DE PAULA","4","Elucidar(1750474178894x660330135783473200)"
"1751919074463x330677603535421440","4,5","1741717852329x959885049985499100","Tecnologias utilizadas para a solução do desafio","RAFAEL HENRIQUES PIMENTEL DE PAULA","4","COLI(1750472370070x624706963282591700)"
"1751919074463x330677603535421440","4,5","1741717852329x959885049985499100","A qualidade da fundamentação, analisando o embasamento e a justificativa da solução proposta pelo aplicante","RAFAEL HENRIQUES PIMENTEL DE PAULA","4","COLI(1750472370070x624706963282591700)"
"1751916483310x589284146700877800","4,08","1741717852329x959885049985499100","O potencial de resolução do problema pela solução proposta e, se for o caso, da provável economia para a administração pública","RAFAEL HENRIQUES PIMENTEL DE PAULA","4","Hailton de Melo Lima Neto(1750472207471x859310673469636600)"
"1751916483310x589284146700877800","4,08","1741717852329x959885049985499100","A viabilidade e a maturidade do modelo de negócio da solução","RAFAEL HENRIQUES PIMENTEL DE PAULA","4","Hailton de Melo Lima Neto(1750472207471x859310673469636600)"
"1751916483310x589284146700877800","4,08","1741717852329x959885049985499100","A demonstração comparativa de custo e benefício da proposta em relação às opções funcionalmente equivalentes","RAFAEL HENRIQUES PIMENTEL DE PAULA","4","Hailton de Melo Lima Neto(1750472207471x859310673469636600)"
"1751919074463x330677603535421440","4,5","1741717852329x959885049985499100","Prazo dos entregáveis da solução","RAFAEL HENRIQUES PIMENTEL DE PAULA","5","COLI(1750472370070x624706963282591700)"
"1751919074463x330677603535421440","4,5","1741717852329x959885049985499100","Escalabilidade, ou seja, refere-se à capacidade da solução ser reproduzida em grande quantidade e para um número grande de clientes","RAFAEL HENRIQUES PIMENTEL DE PAULA","4","COLI(1750472370070x624706963282591700)"
"1751916483310x589284146700877800","4,08","1741717852329x959885049985499100","Escalabilidade, ou seja, refere-se à capacidade da solução ser reproduzida em grande quantidade e para um número grande de clientes","RAFAEL HENRIQUES PIMENTEL DE PAULA","4","Hailton de Melo Lima Neto(1750472207471x859310673469636600)"
"1751916483310x589284146700877800","4,08","1741717852329x959885049985499100","Tecnologias utilizadas para a solução do desafio","RAFAEL HENRIQUES PIMENTEL DE PAULA","5","Hailton de Melo Lima Neto(1750472207471x859310673469636600)"
"1751916483310x589284146700877800","4,08","1741717852329x959885049985499100","Prazo dos entregáveis da solução","RAFAEL HENRIQUES PIMENTEL DE PAULA","3","Hailton de Melo Lima Neto(1750472207471x859310673469636600)"
"1751915326358x828313293740310500","4","1741717852329x959885049985499100","A viabilidade e a maturidade do modelo de negócio da solução","RAFAEL HENRIQUES PIMENTEL DE PAULA","4","RAFAEL ANDRADE DA SILVA(1750470548811x148097843080986620)"
"1751915326358x828313293740310500","4","1741717852329x959885049985499100","O potencial de resolução do problema pela solução proposta e, se for o caso, da provável economia para a administração pública","RAFAEL HENRIQUES PIMENTEL DE PAULA","4","RAFAEL ANDRADE DA SILVA(1750470548811x148097843080986620)"
"1751915326358x828313293740310500","4","1741717852329x959885049985499100","A demonstração comparativa de custo e benefício da proposta em relação às opções funcionalmente equivalentes","RAFAEL HENRIQUES PIMENTEL DE PAULA","4","RAFAEL ANDRADE DA SILVA(1750470548811x148097843080986620)"
"1751915326358x828313293740310500","4","1741717852329x959885049985499100","Tecnologias utilizadas para a solução do desafio","RAFAEL HENRIQUES PIMENTEL DE PAULA","4","RAFAEL ANDRADE DA SILVA(1750470548811x148097843080986620)"
"1751916483310x589284146700877800","4,08","1741717852329x959885049985499100","A qualidade da fundamentação, analisando o embasamento e a justificativa da solução proposta pelo aplicante","RAFAEL HENRIQUES PIMENTEL DE PAULA","4","Hailton de Melo Lima Neto(1750472207471x859310673469636600)"
"1751912399582x143756049949655040","3,75","1741717852329x959885049985499100","O potencial de resolução do problema pela solução proposta e, se for o caso, da provável economia para a administração pública","RAFAEL HENRIQUES PIMENTEL DE PAULA","4","BoraVer(1750467696005x441635592284930050)"
"1751915326358x828313293740310500","4","1741717852329x959885049985499100","A qualidade da fundamentação, analisando o embasamento e a justificativa da solução proposta pelo aplicante","RAFAEL HENRIQUES PIMENTEL DE PAULA","4","RAFAEL ANDRADE DA SILVA(1750470548811x148097843080986620)"
"1751915326358x828313293740310500","4","1741717852329x959885049985499100","Prazo dos entregáveis da solução","RAFAEL HENRIQUES PIMENTEL DE PAULA","4","RAFAEL ANDRADE DA SILVA(1750470548811x148097843080986620)"
"1751912399582x143756049949655040","3,75","1741717852329x959885049985499100","A demonstração comparativa de custo e benefício da proposta em relação às opções funcionalmente equivalentes","RAFAEL HENRIQUES PIMENTEL DE PAULA","3","BoraVer(1750467696005x441635592284930050)"
"1751912399582x143756049949655040","3,75","1741717852329x959885049985499100","A viabilidade e a maturidade do modelo de negócio da solução","RAFAEL HENRIQUES PIMENTEL DE PAULA","4","BoraVer(1750467696005x441635592284930050)"
"1751915326358x828313293740310500","4","1741717852329x959885049985499100","Escalabilidade, ou seja, refere-se à capacidade da solução ser reproduzida em grande quantidade e para um número grande de clientes","RAFAEL HENRIQUES PIMENTEL DE PAULA","4","RAFAEL ANDRADE DA SILVA(1750470548811x148097843080986620)"
"1751912399582x143756049949655040","3,75","1741717852329x959885049985499100","Escalabilidade, ou seja, refere-se à capacidade da solução ser reproduzida em grande quantidade e para um número grande de clientes","RAFAEL HENRIQUES PIMENTEL DE PAULA","3","BoraVer(1750467696005x441635592284930050)"
"1751912399582x143756049949655040","3,75","1741717852329x959885049985499100","A qualidade da fundamentação, analisando o embasamento e a justificativa da solução proposta pelo aplicante","RAFAEL HENRIQUES PIMENTEL DE PAULA","4","BoraVer(1750467696005x441635592284930050)"
"1751912399582x143756049949655040","3,75","1741717852329x959885049985499100","Prazo dos entregáveis da solução","RAFAEL HENRIQUES PIMENTEL DE PAULA","4","BoraVer(1750467696005x441635592284930050)"
"1751911212550x246680286836817920","3,83","1741717852329x959885049985499100","O potencial de resolução do problema pela solução proposta e, se for o caso, da provável economia para a administração pública","RAFAEL HENRIQUES PIMENTEL DE PAULA","4","Visão e ritmo(1750465688276x271010992059580400)"
"1751911212550x246680286836817920","3,83","1741717852329x959885049985499100","Escalabilidade, ou seja, refere-se à capacidade da solução ser reproduzida em grande quantidade e para um número grande de clientes","RAFAEL HENRIQUES PIMENTEL DE PAULA","4","Visão e ritmo(1750465688276x271010992059580400)"
"1751911212550x246680286836817920","3,83","1741717852329x959885049985499100","A qualidade da fundamentação, analisando o embasamento e a justificativa da solução proposta pelo aplicante","RAFAEL HENRIQUES PIMENTEL DE PAULA","3","Visão e ritmo(1750465688276x271010992059580400)"
"1751911212550x246680286836817920","3,83","1741717852329x959885049985499100","A demonstração comparativa de custo e benefício da proposta em relação às opções funcionalmente equivalentes","RAFAEL HENRIQUES PIMENTEL DE PAULA","3","Visão e ritmo(1750465688276x271010992059580400)"
"1751911212550x246680286836817920","3,83","1741717852329x959885049985499100","Prazo dos entregáveis da solução","RAFAEL HENRIQUES PIMENTEL DE PAULA","4","Visão e ritmo(1750465688276x271010992059580400)"
"1751912399582x143756049949655040","3,75","1741717852329x959885049985499100","Tecnologias utilizadas para a solução do desafio","RAFAEL HENRIQUES PIMENTEL DE PAULA","4","BoraVer(1750467696005x441635592284930050)"
"1751911212550x246680286836817920","3,83","1741717852329x959885049985499100","Tecnologias utilizadas para a solução do desafio","RAFAEL HENRIQUES PIMENTEL DE PAULA","4","Visão e ritmo(1750465688276x271010992059580400)"
"1751909925186x756914591201493000","3,83","1741717852329x959885049985499100","A viabilidade e a maturidade do modelo de negócio da solução","FERNANDO ANTONIO NUNES DE SOUZA","2","BoraVer(1750467696005x441635592284930050)"
"1751911212550x246680286836817920","3,83","1741717852329x959885049985499100","A viabilidade e a maturidade do modelo de negócio da solução","RAFAEL HENRIQUES PIMENTEL DE PAULA","4","Visão e ritmo(1750465688276x271010992059580400)"
"1751909925186x756914591201493000","3,83","1741717852329x959885049985499100","O potencial de resolução do problema pela solução proposta e, se for o caso, da provável economia para a administração pública","FERNANDO ANTONIO NUNES DE SOUZA","4","BoraVer(1750467696005x441635592284930050)"
"1751909925186x756914591201493000","3,83","1741717852329x959885049985499100","A demonstração comparativa de custo e benefício da proposta em relação às opções funcionalmente equivalentes","FERNANDO ANTONIO NUNES DE SOUZA","4","BoraVer(1750467696005x441635592284930050)"
"1751909925186x756914591201493000","3,83","1741717852329x959885049985499100","Escalabilidade, ou seja, refere-se à capacidade da solução ser reproduzida em grande quantidade e para um número grande de clientes","FERNANDO ANTONIO NUNES DE SOUZA","4","BoraVer(1750467696005x441635592284930050)"
"1751909925186x756914591201493000","3,83","1741717852329x959885049985499100","Tecnologias utilizadas para a solução do desafio","FERNANDO ANTONIO NUNES DE SOUZA","4","BoraVer(1750467696005x441635592284930050)"
"1751909925186x756914591201493000","3,83","1741717852329x959885049985499100","A qualidade da fundamentação, analisando o embasamento e a justificativa da solução proposta pelo aplicante","FERNANDO ANTONIO NUNES DE SOUZA","5","BoraVer(1750467696005x441635592284930050)"
"1751909925186x756914591201493000","3,83","1741717852329x959885049985499100","Prazo dos entregáveis da solução","FERNANDO ANTONIO NUNES DE SOUZA","5","BoraVer(1750467696005x441635592284930050)"
"1751907565517x167519851705270270","2,42","1741717852329x959885049985499100","O potencial de resolução do problema pela solução proposta e, se for o caso, da provável economia para a administração pública","FERNANDO ANTONIO NUNES DE SOUZA","2","Visão e ritmo(1750465688276x271010992059580400)"
"1751907565517x167519851705270270","2,42","1741717852329x959885049985499100","A viabilidade e a maturidade do modelo de negócio da solução","FERNANDO ANTONIO NUNES DE SOUZA","2","Visão e ritmo(1750465688276x271010992059580400)"
"1751907565517x167519851705270270","2,42","1741717852329x959885049985499100","Escalabilidade, ou seja, refere-se à capacidade da solução ser reproduzida em grande quantidade e para um número grande de clientes","FERNANDO ANTONIO NUNES DE SOUZA","3","Visão e ritmo(1750465688276x271010992059580400)"
"1751907565517x167519851705270270","2,42","1741717852329x959885049985499100","A demonstração comparativa de custo e benefício da proposta em relação às opções funcionalmente equivalentes","FERNANDO ANTONIO NUNES DE SOUZA","3","Visão e ritmo(1750465688276x271010992059580400)"
"1751907565517x167519851705270270","2,42","1741717852329x959885049985499100","A qualidade da fundamentação, analisando o embasamento e a justificativa da solução proposta pelo aplicante","FERNANDO ANTONIO NUNES DE SOUZA","2","Visão e ritmo(1750465688276x271010992059580400)"
"1751907565517x167519851705270270","2,42","1741717852329x959885049985499100","Tecnologias utilizadas para a solução do desafio","FERNANDO ANTONIO NUNES DE SOUZA","3","Visão e ritmo(1750465688276x271010992059580400)"
"1751907565517x167519851705270270","2,42","1741717852329x959885049985499100","Prazo dos entregáveis da solução","FERNANDO ANTONIO NUNES DE SOUZA","2","Visão e ritmo(1750465688276x271010992059580400)"
"1751899569990x755829725867016200","4,25","1741717852329x959885049985499100","A viabilidade e a maturidade do modelo de negócio da solução","RAFAEL HENRIQUES PIMENTEL DE PAULA","4","Tech3(1750458455261x175536613849301000)"
"1751899569990x755829725867016200","4,25","1741717852329x959885049985499100","Tecnologias utilizadas para a solução do desafio","RAFAEL HENRIQUES PIMENTEL DE PAULA","4","Tech3(1750458455261x175536613849301000)"
"1751899569990x755829725867016200","4,25","1741717852329x959885049985499100","Escalabilidade, ou seja, refere-se à capacidade da solução ser reproduzida em grande quantidade e para um número grande de clientes","RAFAEL HENRIQUES PIMENTEL DE PAULA","4","Tech3(1750458455261x175536613849301000)"
"1751899569990x755829725867016200","4,25","1741717852329x959885049985499100","A qualidade da fundamentação, analisando o embasamento e a justificativa da solução proposta pelo aplicante","RAFAEL HENRIQUES PIMENTEL DE PAULA","4","Tech3(1750458455261x175536613849301000)"
"1751899569990x755829725867016200","4,25","1741717852329x959885049985499100","Prazo dos entregáveis da solução","RAFAEL HENRIQUES PIMENTEL DE PAULA","4","Tech3(1750458455261x175536613849301000)"
"1751888977812x413479164870393860","3,92","1741717852329x959885049985499100","A demonstração comparativa de custo e benefício da proposta em relação às opções funcionalmente equivalentes","RAFAEL HENRIQUES PIMENTEL DE PAULA","3","enkode(1750455499886x638591438523203600)"
"1751628582841x507300692028555260","4,5","1741717852329x959885049985499100","A qualidade da fundamentação, analisando o embasamento e a justificativa da solução proposta pelo aplicante","FERNANDO ANTONIO NUNES DE SOUZA","3","Brio: Mobilidade Segura para Pessoas com Deficiência(1750364140423x786370289360175100)"
"1751899569990x755829725867016200","4,25","1741717852329x959885049985499100","A demonstração comparativa de custo e benefício da proposta em relação às opções funcionalmente equivalentes","RAFAEL HENRIQUES PIMENTEL DE PAULA","4","Tech3(1750458455261x175536613849301000)"
"1751628582841x507300692028555260","4,5","1741717852329x959885049985499100","Prazo dos entregáveis da solução","FERNANDO ANTONIO NUNES DE SOUZA","5","Brio: Mobilidade Segura para Pessoas com Deficiência(1750364140423x786370289360175100)"
"1751888977812x413479164870393860","3,92","1741717852329x959885049985499100","A viabilidade e a maturidade do modelo de negócio da solução","RAFAEL HENRIQUES PIMENTEL DE PAULA","4","enkode(1750455499886x638591438523203600)"
"1751888977812x413479164870393860","3,92","1741717852329x959885049985499100","Tecnologias utilizadas para a solução do desafio","RAFAEL HENRIQUES PIMENTEL DE PAULA","4","enkode(1750455499886x638591438523203600)"
"1751888977812x413479164870393860","3,92","1741717852329x959885049985499100","A qualidade da fundamentação, analisando o embasamento e a justificativa da solução proposta pelo aplicante","RAFAEL HENRIQUES PIMENTEL DE PAULA","4","enkode(1750455499886x638591438523203600)"
"1751899569990x755829725867016200","4,25","1741717852329x959885049985499100","O potencial de resolução do problema pela solução proposta e, se for o caso, da provável economia para a administração pública","RAFAEL HENRIQUES PIMENTEL DE PAULA","5","Tech3(1750458455261x175536613849301000)"
"1751888977812x413479164870393860","3,92","1741717852329x959885049985499100","Escalabilidade, ou seja, refere-se à capacidade da solução ser reproduzida em grande quantidade e para um número grande de clientes","RAFAEL HENRIQUES PIMENTEL DE PAULA","4","enkode(1750455499886x638591438523203600)"
"1751888977812x413479164870393860","3,92","1741717852329x959885049985499100","O potencial de resolução do problema pela solução proposta e, se for o caso, da provável economia para a administração pública","RAFAEL HENRIQUES PIMENTEL DE PAULA","4","enkode(1750455499886x638591438523203600)"
"1751828793914x949040904784576500","5","1741717852329x959885049985499100","O potencial de resolução do problema pela solução proposta e, se for o caso, da provável economia para a administração pública","FERNANDO ANTONIO NUNES DE SOUZA","5","Tech3(1750458455261x175536613849301000)"
"1751828793914x949040904784576500","5","1741717852329x959885049985499100","A demonstração comparativa de custo e benefício da proposta em relação às opções funcionalmente equivalentes","FERNANDO ANTONIO NUNES DE SOUZA","5","Tech3(1750458455261x175536613849301000)"
"1751828793914x949040904784576500","5","1741717852329x959885049985499100","A viabilidade e a maturidade do modelo de negócio da solução","FERNANDO ANTONIO NUNES DE SOUZA","5","Tech3(1750458455261x175536613849301000)"
"1751888977812x413479164870393860","3,92","1741717852329x959885049985499100","Prazo dos entregáveis da solução","RAFAEL HENRIQUES PIMENTEL DE PAULA","4","enkode(1750455499886x638591438523203600)"
"1751828793914x949040904784576500","5","1741717852329x959885049985499100","Escalabilidade, ou seja, refere-se à capacidade da solução ser reproduzida em grande quantidade e para um número grande de clientes","FERNANDO ANTONIO NUNES DE SOUZA","5","Tech3(1750458455261x175536613849301000)"
"1751828793914x949040904784576500","5","1741717852329x959885049985499100","A qualidade da fundamentação, analisando o embasamento e a justificativa da solução proposta pelo aplicante","FERNANDO ANTONIO NUNES DE SOUZA","5","Tech3(1750458455261x175536613849301000)"
"1751828793914x949040904784576500","5","1741717852329x959885049985499100","Tecnologias utilizadas para a solução do desafio","FERNANDO ANTONIO NUNES DE SOUZA","5","Tech3(1750458455261x175536613849301000)"
"1751828793914x949040904784576500","5","1741717852329x959885049985499100","Prazo dos entregáveis da solução","FERNANDO ANTONIO NUNES DE SOUZA","5","Tech3(1750458455261x175536613849301000)"
"1751661849645x999829602010398700","4,25","1741717852329x959885049985499100","O potencial de resolução do problema pela solução proposta e, se for o caso, da provável economia para a administração pública","RAFAEL HENRIQUES PIMENTEL DE PAULA","5","Watt Consultoria(1750426734948x679162655262900200)"
"1751661849645x999829602010398700","4,25","1741717852329x959885049985499100","Prazo dos entregáveis da solução","RAFAEL HENRIQUES PIMENTEL DE PAULA","2","Watt Consultoria(1750426734948x679162655262900200)"
"1751661849645x999829602010398700","4,25","1741717852329x959885049985499100","A qualidade da fundamentação, analisando o embasamento e a justificativa da solução proposta pelo aplicante","RAFAEL HENRIQUES PIMENTEL DE PAULA","4","Watt Consultoria(1750426734948x679162655262900200)"
"1751661849645x999829602010398700","4,25","1741717852329x959885049985499100","Tecnologias utilizadas para a solução do desafio","RAFAEL HENRIQUES PIMENTEL DE PAULA","5","Watt Consultoria(1750426734948x679162655262900200)"
"1751661849645x999829602010398700","4,25","1741717852329x959885049985499100","A viabilidade e a maturidade do modelo de negócio da solução","RAFAEL HENRIQUES PIMENTEL DE PAULA","4","Watt Consultoria(1750426734948x679162655262900200)"
"1751661849645x999829602010398700","4,25","1741717852329x959885049985499100","Escalabilidade, ou seja, refere-se à capacidade da solução ser reproduzida em grande quantidade e para um número grande de clientes","RAFAEL HENRIQUES PIMENTEL DE PAULA","4","Watt Consultoria(1750426734948x679162655262900200)"
"1751660655884x570640656259612700","4","1741717852329x959885049985499100","A demonstração comparativa de custo e benefício da proposta em relação às opções funcionalmente equivalentes","FERNANDO ANTONIO NUNES DE SOUZA","5","enkode(1750455499886x638591438523203600)"
"1751660655884x570640656259612700","4","1741717852329x959885049985499100","Tecnologias utilizadas para a solução do desafio","FERNANDO ANTONIO NUNES DE SOUZA","5","enkode(1750455499886x638591438523203600)"
"1751661849645x999829602010398700","4,25","1741717852329x959885049985499100","A demonstração comparativa de custo e benefício da proposta em relação às opções funcionalmente equivalentes","RAFAEL HENRIQUES PIMENTEL DE PAULA","4","Watt Consultoria(1750426734948x679162655262900200)"
"1751660655884x570640656259612700","4","1741717852329x959885049985499100","O potencial de resolução do problema pela solução proposta e, se for o caso, da provável economia para a administração pública","FERNANDO ANTONIO NUNES DE SOUZA","4","enkode(1750455499886x638591438523203600)"
"1751660655884x570640656259612700","4","1741717852329x959885049985499100","A viabilidade e a maturidade do modelo de negócio da solução","FERNANDO ANTONIO NUNES DE SOUZA","4","enkode(1750455499886x638591438523203600)"
"1751660655884x570640656259612700","4","1741717852329x959885049985499100","Escalabilidade, ou seja, refere-se à capacidade da solução ser reproduzida em grande quantidade e para um número grande de clientes","FERNANDO ANTONIO NUNES DE SOUZA","3","enkode(1750455499886x638591438523203600)"
"1751660655884x570640656259612700","4","1741717852329x959885049985499100","A qualidade da fundamentação, analisando o embasamento e a justificativa da solução proposta pelo aplicante","FERNANDO ANTONIO NUNES DE SOUZA","4","enkode(1750455499886x638591438523203600)"
"1751650756264x615047699332071400","3,83","1741717852329x959885049985499100","A viabilidade e a maturidade do modelo de negócio da solução","FERNANDO ANTONIO NUNES DE SOUZA","4","Watt Consultoria(1750426734948x679162655262900200)"
"1751660655884x570640656259612700","4","1741717852329x959885049985499100","Prazo dos entregáveis da solução","FERNANDO ANTONIO NUNES DE SOUZA","3","enkode(1750455499886x638591438523203600)"
"1751650756264x615047699332071400","3,83","1741717852329x959885049985499100","Escalabilidade, ou seja, refere-se à capacidade da solução ser reproduzida em grande quantidade e para um número grande de clientes","FERNANDO ANTONIO NUNES DE SOUZA","5","Watt Consultoria(1750426734948x679162655262900200)"
"1751650756264x615047699332071400","3,83","1741717852329x959885049985499100","Tecnologias utilizadas para a solução do desafio","FERNANDO ANTONIO NUNES DE SOUZA","5","Watt Consultoria(1750426734948x679162655262900200)"
"1751650156306x611791701484765200","4","1741717852329x959885049985499100","A viabilidade e a maturidade do modelo de negócio da solução","OTO BUREGIO DE LIMA","4","Elucidar(1750474178894x660330135783473200)"
"1751650756264x615047699332071400","3,83","1741717852329x959885049985499100","A demonstração comparativa de custo e benefício da proposta em relação às opções funcionalmente equivalentes","FERNANDO ANTONIO NUNES DE SOUZA","5","Watt Consultoria(1750426734948x679162655262900200)"
"1751650756264x615047699332071400","3,83","1741717852329x959885049985499100","Prazo dos entregáveis da solução","FERNANDO ANTONIO NUNES DE SOUZA","1","Watt Consultoria(1750426734948x679162655262900200)"
"1751650756264x615047699332071400","3,83","1741717852329x959885049985499100","O potencial de resolução do problema pela solução proposta e, se for o caso, da provável economia para a administração pública","FERNANDO ANTONIO NUNES DE SOUZA","3","Watt Consultoria(1750426734948x679162655262900200)"
"1751650156306x611791701484765200","4","1741717852329x959885049985499100","A demonstração comparativa de custo e benefício da proposta em relação às opções funcionalmente equivalentes","OTO BUREGIO DE LIMA","4","Elucidar(1750474178894x660330135783473200)"
"1751650156306x611791701484765200","4","1741717852329x959885049985499100","Tecnologias utilizadas para a solução do desafio","OTO BUREGIO DE LIMA","4","Elucidar(1750474178894x660330135783473200)"
"1751650156306x611791701484765200","4","1741717852329x959885049985499100","O potencial de resolução do problema pela solução proposta e, se for o caso, da provável economia para a administração pública","OTO BUREGIO DE LIMA","4","Elucidar(1750474178894x660330135783473200)"
"1751650156306x611791701484765200","4","1741717852329x959885049985499100","Prazo dos entregáveis da solução","OTO BUREGIO DE LIMA","4","Elucidar(1750474178894x660330135783473200)"
"1751650156306x611791701484765200","4","1741717852329x959885049985499100","Escalabilidade, ou seja, refere-se à capacidade da solução ser reproduzida em grande quantidade e para um número grande de clientes","OTO BUREGIO DE LIMA","4","Elucidar(1750474178894x660330135783473200)"
"1751650156306x611791701484765200","4","1741717852329x959885049985499100","A qualidade da fundamentação, analisando o embasamento e a justificativa da solução proposta pelo aplicante","OTO BUREGIO DE LIMA","4","Elucidar(1750474178894x660330135783473200)"
"1751646814018x559124528030023700","4,75","1741717852329x959885049985499100","O potencial de resolução do problema pela solução proposta e, se for o caso, da provável economia para a administração pública","FERNANDO ANTONIO NUNES DE SOUZA","4","Vixsystem(1750386615441x880886100849852400)"
"1751646814018x559124528030023700","4,75","1741717852329x959885049985499100","A viabilidade e a maturidade do modelo de negócio da solução","FERNANDO ANTONIO NUNES DE SOUZA","5","Vixsystem(1750386615441x880886100849852400)"
"1751646814018x559124528030023700","4,75","1741717852329x959885049985499100","Tecnologias utilizadas para a solução do desafio","FERNANDO ANTONIO NUNES DE SOUZA","5","Vixsystem(1750386615441x880886100849852400)"
"1751646814018x559124528030023700","4,75","1741717852329x959885049985499100","Escalabilidade, ou seja, refere-se à capacidade da solução ser reproduzida em grande quantidade e para um número grande de clientes","FERNANDO ANTONIO NUNES DE SOUZA","5","Vixsystem(1750386615441x880886100849852400)"
"1751646814018x559124528030023700","4,75","1741717852329x959885049985499100","A qualidade da fundamentação, analisando o embasamento e a justificativa da solução proposta pelo aplicante","FERNANDO ANTONIO NUNES DE SOUZA","5","Vixsystem(1750386615441x880886100849852400)"
"1751646814018x559124528030023700","4,75","1741717852329x959885049985499100","Prazo dos entregáveis da solução","FERNANDO ANTONIO NUNES DE SOUZA","5","Vixsystem(1750386615441x880886100849852400)"
"1751646814018x559124528030023700","4,75","1741717852329x959885049985499100","A demonstração comparativa de custo e benefício da proposta em relação às opções funcionalmente equivalentes","FERNANDO ANTONIO NUNES DE SOUZA","5","Vixsystem(1750386615441x880886100849852400)"
"1751636233423x795283974952321000","4,33","1741717852329x959885049985499100","Escalabilidade, ou seja, refere-se à capacidade da solução ser reproduzida em grande quantidade e para um número grande de clientes","RAFAEL HENRIQUES PIMENTEL DE PAULA","3","Vixsystem(1750386615441x880886100849852400)"
"1751636233423x795283974952321000","4,33","1741717852329x959885049985499100","Tecnologias utilizadas para a solução do desafio","RAFAEL HENRIQUES PIMENTEL DE PAULA","5","Vixsystem(1750386615441x880886100849852400)"
"1751636233423x795283974952321000","4,33","1741717852329x959885049985499100","Prazo dos entregáveis da solução","RAFAEL HENRIQUES PIMENTEL DE PAULA","5","Vixsystem(1750386615441x880886100849852400)"
"1751636233423x795283974952321000","4,33","1741717852329x959885049985499100","A viabilidade e a maturidade do modelo de negócio da solução","RAFAEL HENRIQUES PIMENTEL DE PAULA","4","Vixsystem(1750386615441x880886100849852400)"
"1751636233423x795283974952321000","4,33","1741717852329x959885049985499100","A demonstração comparativa de custo e benefício da proposta em relação às opções funcionalmente equivalentes","RAFAEL HENRIQUES PIMENTEL DE PAULA","3","Vixsystem(1750386615441x880886100849852400)"
"1751636233423x795283974952321000","4,33","1741717852329x959885049985499100","A qualidade da fundamentação, analisando o embasamento e a justificativa da solução proposta pelo aplicante","RAFAEL HENRIQUES PIMENTEL DE PAULA","5","Vixsystem(1750386615441x880886100849852400)"
"1751634951969x998267510113960000","4,58","1741717852329x959885049985499100","A viabilidade e a maturidade do modelo de negócio da solução","DALMÁRIO JOSÉ LIMA DE BARROS SILVA NETO","5","enkode(1750455499886x638591438523203600)"
"1751634951969x998267510113960000","4,58","1741717852329x959885049985499100","O potencial de resolução do problema pela solução proposta e, se for o caso, da provável economia para a administração pública","DALMÁRIO JOSÉ LIMA DE BARROS SILVA NETO","4","enkode(1750455499886x638591438523203600)"
"1751634951969x998267510113960000","4,58","1741717852329x959885049985499100","Tecnologias utilizadas para a solução do desafio","DALMÁRIO JOSÉ LIMA DE BARROS SILVA NETO","5","enkode(1750455499886x638591438523203600)"
"1751636233423x795283974952321000","4,33","1741717852329x959885049985499100","O potencial de resolução do problema pela solução proposta e, se for o caso, da provável economia para a administração pública","RAFAEL HENRIQUES PIMENTEL DE PAULA","5","Vixsystem(1750386615441x880886100849852400)"
"1751634951969x998267510113960000","4,58","1741717852329x959885049985499100","A demonstração comparativa de custo e benefício da proposta em relação às opções funcionalmente equivalentes","DALMÁRIO JOSÉ LIMA DE BARROS SILVA NETO","5","enkode(1750455499886x638591438523203600)"
"1751634951969x998267510113960000","4,58","1741717852329x959885049985499100","A qualidade da fundamentação, analisando o embasamento e a justificativa da solução proposta pelo aplicante","DALMÁRIO JOSÉ LIMA DE BARROS SILVA NETO","5","enkode(1750455499886x638591438523203600)"
"1751634951969x998267510113960000","4,58","1741717852329x959885049985499100","Escalabilidade, ou seja, refere-se à capacidade da solução ser reproduzida em grande quantidade e para um número grande de clientes","DALMÁRIO JOSÉ LIMA DE BARROS SILVA NETO","4","enkode(1750455499886x638591438523203600)"
"1751634951969x998267510113960000","4,58","1741717852329x959885049985499100","Prazo dos entregáveis da solução","DALMÁRIO JOSÉ LIMA DE BARROS SILVA NETO","5","enkode(1750455499886x638591438523203600)"
"1751634682040x553686467221913600","3,92","1741717852329x959885049985499100","A viabilidade e a maturidade do modelo de negócio da solução","DALMÁRIO JOSÉ LIMA DE BARROS SILVA NETO","4","Watt Consultoria(1750426734948x679162655262900200)"
"1751650756264x615047699332071400","3,83","1741717852329x959885049985499100","A qualidade da fundamentação, analisando o embasamento e a justificativa da solução proposta pelo aplicante","FERNANDO ANTONIO NUNES DE SOUZA","3","Watt Consultoria(1750426734948x679162655262900200)"
"1751634682040x553686467221913600","3,92","1741717852329x959885049985499100","A demonstração comparativa de custo e benefício da proposta em relação às opções funcionalmente equivalentes","DALMÁRIO JOSÉ LIMA DE BARROS SILVA NETO","4","Watt Consultoria(1750426734948x679162655262900200)"
"1751634682040x553686467221913600","3,92","1741717852329x959885049985499100","Tecnologias utilizadas para a solução do desafio","DALMÁRIO JOSÉ LIMA DE BARROS SILVA NETO","5","Watt Consultoria(1750426734948x679162655262900200)"
"1751634682040x553686467221913600","3,92","1741717852329x959885049985499100","A qualidade da fundamentação, analisando o embasamento e a justificativa da solução proposta pelo aplicante","DALMÁRIO JOSÉ LIMA DE BARROS SILVA NETO","5","Watt Consultoria(1750426734948x679162655262900200)"
"1751634682040x553686467221913600","3,92","1741717852329x959885049985499100","Escalabilidade, ou seja, refere-se à capacidade da solução ser reproduzida em grande quantidade e para um número grande de clientes","DALMÁRIO JOSÉ LIMA DE BARROS SILVA NETO","3","Watt Consultoria(1750426734948x679162655262900200)"
"1751634682040x553686467221913600","3,92","1741717852329x959885049985499100","Prazo dos entregáveis da solução","DALMÁRIO JOSÉ LIMA DE BARROS SILVA NETO","5","Watt Consultoria(1750426734948x679162655262900200)"
"1751634682040x553686467221913600","3,92","1741717852329x959885049985499100","O potencial de resolução do problema pela solução proposta e, se for o caso, da provável economia para a administração pública","DALMÁRIO JOSÉ LIMA DE BARROS SILVA NETO","3","Watt Consultoria(1750426734948x679162655262900200)"
"1751634128996x872535033043484700","4,75","1741717852329x959885049985499100","A viabilidade e a maturidade do modelo de negócio da solução","DALMÁRIO JOSÉ LIMA DE BARROS SILVA NETO","5","Vixsystem(1750386615441x880886100849852400)"
"1751634128996x872535033043484700","4,75","1741717852329x959885049985499100","A demonstração comparativa de custo e benefício da proposta em relação às opções funcionalmente equivalentes","DALMÁRIO JOSÉ LIMA DE BARROS SILVA NETO","4","Vixsystem(1750386615441x880886100849852400)"
"1751634128996x872535033043484700","4,75","1741717852329x959885049985499100","Tecnologias utilizadas para a solução do desafio","DALMÁRIO JOSÉ LIMA DE BARROS SILVA NETO","4","Vixsystem(1750386615441x880886100849852400)"
"1751634128996x872535033043484700","4,75","1741717852329x959885049985499100","Escalabilidade, ou seja, refere-se à capacidade da solução ser reproduzida em grande quantidade e para um número grande de clientes","DALMÁRIO JOSÉ LIMA DE BARROS SILVA NETO","5","Vixsystem(1750386615441x880886100849852400)"
"1751634128996x872535033043484700","4,75","1741717852329x959885049985499100","O potencial de resolução do problema pela solução proposta e, se for o caso, da provável economia para a administração pública","DALMÁRIO JOSÉ LIMA DE BARROS SILVA NETO","5","Vixsystem(1750386615441x880886100849852400)"
"1751634128996x872535033043484700","4,75","1741717852329x959885049985499100","Prazo dos entregáveis da solução","DALMÁRIO JOSÉ LIMA DE BARROS SILVA NETO","5","Vixsystem(1750386615441x880886100849852400)"
"1751632473681x252949766588858370","4,75","1741717852329x959885049985499100","O potencial de resolução do problema pela solução proposta e, se for o caso, da provável economia para a administração pública","DALMÁRIO JOSÉ LIMA DE BARROS SILVA NETO","4","Passo Seguro(1750372008997x772099467722096600)"
"1751632473681x252949766588858370","4,75","1741717852329x959885049985499100","A viabilidade e a maturidade do modelo de negócio da solução","DALMÁRIO JOSÉ LIMA DE BARROS SILVA NETO","5","Passo Seguro(1750372008997x772099467722096600)"
"1751632473681x252949766588858370","4,75","1741717852329x959885049985499100","Tecnologias utilizadas para a solução do desafio","DALMÁRIO JOSÉ LIMA DE BARROS SILVA NETO","5","Passo Seguro(1750372008997x772099467722096600)"
"1751634128996x872535033043484700","4,75","1741717852329x959885049985499100","A qualidade da fundamentação, analisando o embasamento e a justificativa da solução proposta pelo aplicante","DALMÁRIO JOSÉ LIMA DE BARROS SILVA NETO","5","Vixsystem(1750386615441x880886100849852400)"
"1751632473681x252949766588858370","4,75","1741717852329x959885049985499100","Escalabilidade, ou seja, refere-se à capacidade da solução ser reproduzida em grande quantidade e para um número grande de clientes","DALMÁRIO JOSÉ LIMA DE BARROS SILVA NETO","5","Passo Seguro(1750372008997x772099467722096600)"
"1751632473681x252949766588858370","4,75","1741717852329x959885049985499100","A demonstração comparativa de custo e benefício da proposta em relação às opções funcionalmente equivalentes","DALMÁRIO JOSÉ LIMA DE BARROS SILVA NETO","5","Passo Seguro(1750372008997x772099467722096600)"
"1751632473681x252949766588858370","4,75","1741717852329x959885049985499100","A qualidade da fundamentação, analisando o embasamento e a justificativa da solução proposta pelo aplicante","DALMÁRIO JOSÉ LIMA DE BARROS SILVA NETO","5","Passo Seguro(1750372008997x772099467722096600)"
"1751631741968x924501243873198000","4,5","1741717852329x959885049985499100","A demonstração comparativa de custo e benefício da proposta em relação às opções funcionalmente equivalentes","OTO BUREGIO DE LIMA","5","COLI(1750472370070x624706963282591700)"
"1751631741968x924501243873198000","4,5","1741717852329x959885049985499100","Prazo dos entregáveis da solução","OTO BUREGIO DE LIMA","4","COLI(1750472370070x624706963282591700)"
"1751632473681x252949766588858370","4,75","1741717852329x959885049985499100","Prazo dos entregáveis da solução","DALMÁRIO JOSÉ LIMA DE BARROS SILVA NETO","5","Passo Seguro(1750372008997x772099467722096600)"
"1751631741968x924501243873198000","4,5","1741717852329x959885049985499100","O potencial de resolução do problema pela solução proposta e, se for o caso, da provável economia para a administração pública","OTO BUREGIO DE LIMA","5","COLI(1750472370070x624706963282591700)"
"1751631741968x924501243873198000","4,5","1741717852329x959885049985499100","A viabilidade e a maturidade do modelo de negócio da solução","OTO BUREGIO DE LIMA","5","COLI(1750472370070x624706963282591700)"
"1751631741968x924501243873198000","4,5","1741717852329x959885049985499100","Tecnologias utilizadas para a solução do desafio","OTO BUREGIO DE LIMA","4","COLI(1750472370070x624706963282591700)"
"1751631741968x924501243873198000","4,5","1741717852329x959885049985499100","A qualidade da fundamentação, analisando o embasamento e a justificativa da solução proposta pelo aplicante","OTO BUREGIO DE LIMA","4","COLI(1750472370070x624706963282591700)"
"1751631741968x924501243873198000","4,5","1741717852329x959885049985499100","Escalabilidade, ou seja, refere-se à capacidade da solução ser reproduzida em grande quantidade e para um número grande de clientes","OTO BUREGIO DE LIMA","4","COLI(1750472370070x624706963282591700)"
"1751631127579x178452763148288000","4,5","1741717852329x959885049985499100","O potencial de resolução do problema pela solução proposta e, se for o caso, da provável economia para a administração pública","FERNANDO ANTONIO NUNES DE SOUZA","5","Passo Seguro(1750372008997x772099467722096600)"
"1751631127579x178452763148288000","4,5","1741717852329x959885049985499100","Tecnologias utilizadas para a solução do desafio","FERNANDO ANTONIO NUNES DE SOUZA","5","Passo Seguro(1750372008997x772099467722096600)"
"1751631127579x178452763148288000","4,5","1741717852329x959885049985499100","A demonstração comparativa de custo e benefício da proposta em relação às opções funcionalmente equivalentes","FERNANDO ANTONIO NUNES DE SOUZA","3","Passo Seguro(1750372008997x772099467722096600)"
"1751631127579x178452763148288000","4,5","1741717852329x959885049985499100","Prazo dos entregáveis da solução","FERNANDO ANTONIO NUNES DE SOUZA","5","Passo Seguro(1750372008997x772099467722096600)"
"1751631127579x178452763148288000","4,5","1741717852329x959885049985499100","A qualidade da fundamentação, analisando o embasamento e a justificativa da solução proposta pelo aplicante","FERNANDO ANTONIO NUNES DE SOUZA","5","Passo Seguro(1750372008997x772099467722096600)"
"1751630945815x827608834315386900","4","1741717852329x959885049985499100","O potencial de resolução do problema pela solução proposta e, se for o caso, da provável economia para a administração pública","RAFAEL HENRIQUES PIMENTEL DE PAULA","4","Passo Seguro(1750372008997x772099467722096600)"
"1751630945815x827608834315386900","4","1741717852329x959885049985499100","Escalabilidade, ou seja, refere-se à capacidade da solução ser reproduzida em grande quantidade e para um número grande de clientes","RAFAEL HENRIQUES PIMENTEL DE PAULA","4","Passo Seguro(1750372008997x772099467722096600)"
"1751630945815x827608834315386900","4","1741717852329x959885049985499100","A qualidade da fundamentação, analisando o embasamento e a justificativa da solução proposta pelo aplicante","RAFAEL HENRIQUES PIMENTEL DE PAULA","4","Passo Seguro(1750372008997x772099467722096600)"
"1751631127579x178452763148288000","4,5","1741717852329x959885049985499100","Escalabilidade, ou seja, refere-se à capacidade da solução ser reproduzida em grande quantidade e para um número grande de clientes","FERNANDO ANTONIO NUNES DE SOUZA","5","Passo Seguro(1750372008997x772099467722096600)"
"1751630945815x827608834315386900","4","1741717852329x959885049985499100","A demonstração comparativa de custo e benefício da proposta em relação às opções funcionalmente equivalentes","RAFAEL HENRIQUES PIMENTEL DE PAULA","4","Passo Seguro(1750372008997x772099467722096600)"
"1751630945815x827608834315386900","4","1741717852329x959885049985499100","Prazo dos entregáveis da solução","RAFAEL HENRIQUES PIMENTEL DE PAULA","4","Passo Seguro(1750372008997x772099467722096600)"
"1751630945815x827608834315386900","4","1741717852329x959885049985499100","Tecnologias utilizadas para a solução do desafio","RAFAEL HENRIQUES PIMENTEL DE PAULA","4","Passo Seguro(1750372008997x772099467722096600)"
"1751631127579x178452763148288000","4,5","1741717852329x959885049985499100","A viabilidade e a maturidade do modelo de negócio da solução","FERNANDO ANTONIO NUNES DE SOUZA","3","Passo Seguro(1750372008997x772099467722096600)"
"1751628582841x507300692028555260","4,5","1741717852329x959885049985499100","O potencial de resolução do problema pela solução proposta e, se for o caso, da provável economia para a administração pública","FERNANDO ANTONIO NUNES DE SOUZA","5","Brio: Mobilidade Segura para Pessoas com Deficiência(1750364140423x786370289360175100)"
"1751628582841x507300692028555260","4,5","1741717852329x959885049985499100","A demonstração comparativa de custo e benefício da proposta em relação às opções funcionalmente equivalentes","FERNANDO ANTONIO NUNES DE SOUZA","5","Brio: Mobilidade Segura para Pessoas com Deficiência(1750364140423x786370289360175100)"
"1751628582841x507300692028555260","4,5","1741717852329x959885049985499100","Escalabilidade, ou seja, refere-se à capacidade da solução ser reproduzida em grande quantidade e para um número grande de clientes","FERNANDO ANTONIO NUNES DE SOUZA","4","Brio: Mobilidade Segura para Pessoas com Deficiência(1750364140423x786370289360175100)"
"1751597922694x888229339095892000","1","1741717852329x959885049985499100","O potencial de resolução do problema pela solução proposta e, se for o caso, da provável economia para a administração pública","FERNANDO ANTONIO NUNES DE SOUZA","1","Pulsetec(1750179661934x493441771244617700)"
"1751628582841x507300692028555260","4,5","1741717852329x959885049985499100","A viabilidade e a maturidade do modelo de negócio da solução","FERNANDO ANTONIO NUNES DE SOUZA","5","Brio: Mobilidade Segura para Pessoas com Deficiência(1750364140423x786370289360175100)"
"1751628582841x507300692028555260","4,5","1741717852329x959885049985499100","Tecnologias utilizadas para a solução do desafio","FERNANDO ANTONIO NUNES DE SOUZA","4","Brio: Mobilidade Segura para Pessoas com Deficiência(1750364140423x786370289360175100)"
"1751630945815x827608834315386900","4","1741717852329x959885049985499100","A viabilidade e a maturidade do modelo de negócio da solução","RAFAEL HENRIQUES PIMENTEL DE PAULA","4","Passo Seguro(1750372008997x772099467722096600)"
"1751597922694x888229339095892000","1","1741717852329x959885049985499100","A demonstração comparativa de custo e benefício da proposta em relação às opções funcionalmente equivalentes","FERNANDO ANTONIO NUNES DE SOUZA","1","Pulsetec(1750179661934x493441771244617700)"
"1751597922694x888229339095892000","1","1741717852329x959885049985499100","A viabilidade e a maturidade do modelo de negócio da solução","FERNANDO ANTONIO NUNES DE SOUZA","1","Pulsetec(1750179661934x493441771244617700)"
"1751597922694x888229339095892000","1","1741717852329x959885049985499100","Tecnologias utilizadas para a solução do desafio","FERNANDO ANTONIO NUNES DE SOUZA","1","Pulsetec(1750179661934x493441771244617700)"
"1751597922694x888229339095892000","1","1741717852329x959885049985499100","A qualidade da fundamentação, analisando o embasamento e a justificativa da solução proposta pelo aplicante","FERNANDO ANTONIO NUNES DE SOUZA","1","Pulsetec(1750179661934x493441771244617700)"
"1751597922694x888229339095892000","1","1741717852329x959885049985499100","Prazo dos entregáveis da solução","FERNANDO ANTONIO NUNES DE SOUZA","1","Pulsetec(1750179661934x493441771244617700)"
"1751597922694x888229339095892000","1","1741717852329x959885049985499100","Escalabilidade, ou seja, refere-se à capacidade da solução ser reproduzida em grande quantidade e para um número grande de clientes","FERNANDO ANTONIO NUNES DE SOUZA","1","Pulsetec(1750179661934x493441771244617700)"
"1751595993962x448685372926853100","3,08","1741717852329x959885049985499100","O potencial de resolução do problema pela solução proposta e, se for o caso, da provável economia para a administração pública","FERNANDO ANTONIO NUNES DE SOUZA","3","Vitor Gabriel Silva de Lima(1749218056573x614755932894396400)"
"1751595993962x448685372926853100","3,08","1741717852329x959885049985499100","A viabilidade e a maturidade do modelo de negócio da solução","FERNANDO ANTONIO NUNES DE SOUZA","1","Vitor Gabriel Silva de Lima(1749218056573x614755932894396400)"
"1751595993962x448685372926853100","3,08","1741717852329x959885049985499100","Tecnologias utilizadas para a solução do desafio","FERNANDO ANTONIO NUNES DE SOUZA","5","Vitor Gabriel Silva de Lima(1749218056573x614755932894396400)"
"1751595993962x448685372926853100","3,08","1741717852329x959885049985499100","Escalabilidade, ou seja, refere-se à capacidade da solução ser reproduzida em grande quantidade e para um número grande de clientes","FERNANDO ANTONIO NUNES DE SOUZA","4","Vitor Gabriel Silva de Lima(1749218056573x614755932894396400)"
"1751595993962x448685372926853100","3,08","1741717852329x959885049985499100","A qualidade da fundamentação, analisando o embasamento e a justificativa da solução proposta pelo aplicante","FERNANDO ANTONIO NUNES DE SOUZA","3","Vitor Gabriel Silva de Lima(1749218056573x614755932894396400)"
"1751595993962x448685372926853100","3,08","1741717852329x959885049985499100","Prazo dos entregáveis da solução","FERNANDO ANTONIO NUNES DE SOUZA","2","Vitor Gabriel Silva de Lima(1749218056573x614755932894396400)"
"1751593912741x436248484640194560","4,92","1741717852329x959885049985499100","A demonstração comparativa de custo e benefício da proposta em relação às opções funcionalmente equivalentes","TIAGO MACEDO BEZERRA MAIA","5","Hailton de Melo Lima Neto(1750472207471x859310673469636600)"
"1751593912741x436248484640194560","4,92","1741717852329x959885049985499100","O potencial de resolução do problema pela solução proposta e, se for o caso, da provável economia para a administração pública","TIAGO MACEDO BEZERRA MAIA","5","Hailton de Melo Lima Neto(1750472207471x859310673469636600)"
"1751595993962x448685372926853100","3,08","1741717852329x959885049985499100","A demonstração comparativa de custo e benefício da proposta em relação às opções funcionalmente equivalentes","FERNANDO ANTONIO NUNES DE SOUZA","3","Vitor Gabriel Silva de Lima(1749218056573x614755932894396400)"
"1751593912741x436248484640194560","4,92","1741717852329x959885049985499100","A qualidade da fundamentação, analisando o embasamento e a justificativa da solução proposta pelo aplicante","TIAGO MACEDO BEZERRA MAIA","5","Hailton de Melo Lima Neto(1750472207471x859310673469636600)"
"1751593912741x436248484640194560","4,92","1741717852329x959885049985499100","Escalabilidade, ou seja, refere-se à capacidade da solução ser reproduzida em grande quantidade e para um número grande de clientes","TIAGO MACEDO BEZERRA MAIA","5","Hailton de Melo Lima Neto(1750472207471x859310673469636600)"
"1751593912741x436248484640194560","4,92","1741717852329x959885049985499100","Tecnologias utilizadas para a solução do desafio","TIAGO MACEDO BEZERRA MAIA","5","Hailton de Melo Lima Neto(1750472207471x859310673469636600)"
"1751593419363x159408048606806000","3,5","1741717852329x959885049985499100","O potencial de resolução do problema pela solução proposta e, se for o caso, da provável economia para a administração pública","FERNANDO ANTONIO NUNES DE SOUZA","5","See U(1747271412021x865596489359687700)"
"1751593912741x436248484640194560","4,92","1741717852329x959885049985499100","A viabilidade e a maturidade do modelo de negócio da solução","TIAGO MACEDO BEZERRA MAIA","5","Hailton de Melo Lima Neto(1750472207471x859310673469636600)"
"1751593419363x159408048606806000","3,5","1741717852329x959885049985499100","A demonstração comparativa de custo e benefício da proposta em relação às opções funcionalmente equivalentes","FERNANDO ANTONIO NUNES DE SOUZA","5","See U(1747271412021x865596489359687700)"
"1751593419363x159408048606806000","3,5","1741717852329x959885049985499100","Tecnologias utilizadas para a solução do desafio","FERNANDO ANTONIO NUNES DE SOUZA","2","See U(1747271412021x865596489359687700)"
"1751593419363x159408048606806000","3,5","1741717852329x959885049985499100","A viabilidade e a maturidade do modelo de negócio da solução","FERNANDO ANTONIO NUNES DE SOUZA","3","See U(1747271412021x865596489359687700)"
"1751593419363x159408048606806000","3,5","1741717852329x959885049985499100","A qualidade da fundamentação, analisando o embasamento e a justificativa da solução proposta pelo aplicante","FERNANDO ANTONIO NUNES DE SOUZA","3","See U(1747271412021x865596489359687700)"
"1751593419363x159408048606806000","3,5","1741717852329x959885049985499100","Escalabilidade, ou seja, refere-se à capacidade da solução ser reproduzida em grande quantidade e para um número grande de clientes","FERNANDO ANTONIO NUNES DE SOUZA","4","See U(1747271412021x865596489359687700)"
"1751593912741x436248484640194560","4,92","1741717852329x959885049985499100","Prazo dos entregáveis da solução","TIAGO MACEDO BEZERRA MAIA","4","Hailton de Melo Lima Neto(1750472207471x859310673469636600)"
"1751593419363x159408048606806000","3,5","1741717852329x959885049985499100","Prazo dos entregáveis da solução","FERNANDO ANTONIO NUNES DE SOUZA","1","See U(1747271412021x865596489359687700)"
"1751593402605x817811132560441300","4,25","1741717852329x959885049985499100","A viabilidade e a maturidade do modelo de negócio da solução","TIAGO MACEDO BEZERRA MAIA","5","COLI(1750472370070x624706963282591700)"
"1751593402605x817811132560441300","4,25","1741717852329x959885049985499100","O potencial de resolução do problema pela solução proposta e, se for o caso, da provável economia para a administração pública","TIAGO MACEDO BEZERRA MAIA","5","COLI(1750472370070x624706963282591700)"
"1751593402605x817811132560441300","4,25","1741717852329x959885049985499100","Escalabilidade, ou seja, refere-se à capacidade da solução ser reproduzida em grande quantidade e para um número grande de clientes","TIAGO MACEDO BEZERRA MAIA","3","COLI(1750472370070x624706963282591700)"
"1751593402605x817811132560441300","4,25","1741717852329x959885049985499100","Tecnologias utilizadas para a solução do desafio","TIAGO MACEDO BEZERRA MAIA","4","COLI(1750472370070x624706963282591700)"
"1751593402605x817811132560441300","4,25","1741717852329x959885049985499100","A demonstração comparativa de custo e benefício da proposta em relação às opções funcionalmente equivalentes","TIAGO MACEDO BEZERRA MAIA","3","COLI(1750472370070x624706963282591700)"
"1751593402605x817811132560441300","4,25","1741717852329x959885049985499100","A qualidade da fundamentação, analisando o embasamento e a justificativa da solução proposta pelo aplicante","TIAGO MACEDO BEZERRA MAIA","5","COLI(1750472370070x624706963282591700)"
"1751572791051x796992092928999400","4,25","1741717852329x959885049985499100","Tecnologias utilizadas para a solução do desafio","RAFAEL HENRIQUES PIMENTEL DE PAULA","5","BOB(1747256813350x778000898229010400)"
"1751593402605x817811132560441300","4,25","1741717852329x959885049985499100","Prazo dos entregáveis da solução","TIAGO MACEDO BEZERRA MAIA","4","COLI(1750472370070x624706963282591700)"
"1751572791051x796992092928999400","4,25","1741717852329x959885049985499100","A demonstração comparativa de custo e benefício da proposta em relação às opções funcionalmente equivalentes","RAFAEL HENRIQUES PIMENTEL DE PAULA","5","BOB(1747256813350x778000898229010400)"
"1751592970319x113707130268418050","3,67","1741717852329x959885049985499100","O potencial de resolução do problema pela solução proposta e, se for o caso, da provável economia para a administração pública","TIAGO MACEDO BEZERRA MAIA","4","BoraVer(1750467696005x441635592284930050)"
"1751592970319x113707130268418050","3,67","1741717852329x959885049985499100","A demonstração comparativa de custo e benefício da proposta em relação às opções funcionalmente equivalentes","TIAGO MACEDO BEZERRA MAIA","3","BoraVer(1750467696005x441635592284930050)"
"1751592970319x113707130268418050","3,67","1741717852329x959885049985499100","A viabilidade e a maturidade do modelo de negócio da solução","TIAGO MACEDO BEZERRA MAIA","4","BoraVer(1750467696005x441635592284930050)"
"1751592970319x113707130268418050","3,67","1741717852329x959885049985499100","Tecnologias utilizadas para a solução do desafio","TIAGO MACEDO BEZERRA MAIA","4","BoraVer(1750467696005x441635592284930050)"
"1751592970319x113707130268418050","3,67","1741717852329x959885049985499100","Prazo dos entregáveis da solução","TIAGO MACEDO BEZERRA MAIA","3","BoraVer(1750467696005x441635592284930050)"
"1751572791051x796992092928999400","4,25","1741717852329x959885049985499100","A qualidade da fundamentação, analisando o embasamento e a justificativa da solução proposta pelo aplicante","RAFAEL HENRIQUES PIMENTEL DE PAULA","4","BOB(1747256813350x778000898229010400)"
"1751592970319x113707130268418050","3,67","1741717852329x959885049985499100","A qualidade da fundamentação, analisando o embasamento e a justificativa da solução proposta pelo aplicante","TIAGO MACEDO BEZERRA MAIA","4","BoraVer(1750467696005x441635592284930050)"
"1751572791051x796992092928999400","4,25","1741717852329x959885049985499100","A viabilidade e a maturidade do modelo de negócio da solução","RAFAEL HENRIQUES PIMENTEL DE PAULA","4","BOB(1747256813350x778000898229010400)"
"1751592570298x375558969165348860","3,67","1741717852329x959885049985499100","A viabilidade e a maturidade do modelo de negócio da solução","TIAGO MACEDO BEZERRA MAIA","4","RAFAEL ANDRADE DA SILVA(1750470548811x148097843080986620)"
"1751592570298x375558969165348860","3,67","1741717852329x959885049985499100","Tecnologias utilizadas para a solução do desafio","TIAGO MACEDO BEZERRA MAIA","3","RAFAEL ANDRADE DA SILVA(1750470548811x148097843080986620)"
"1751592570298x375558969165348860","3,67","1741717852329x959885049985499100","Prazo dos entregáveis da solução","TIAGO MACEDO BEZERRA MAIA","4","RAFAEL ANDRADE DA SILVA(1750470548811x148097843080986620)"
"1751592570298x375558969165348860","3,67","1741717852329x959885049985499100","Escalabilidade, ou seja, refere-se à capacidade da solução ser reproduzida em grande quantidade e para um número grande de clientes","TIAGO MACEDO BEZERRA MAIA","4","RAFAEL ANDRADE DA SILVA(1750470548811x148097843080986620)"
"1751591975028x322667272907522050","4,25","1741717852329x959885049985499100","A viabilidade e a maturidade do modelo de negócio da solução","TIAGO MACEDO BEZERRA MAIA","4","Visão e ritmo(1750465688276x271010992059580400)"
"1751592570298x375558969165348860","3,67","1741717852329x959885049985499100","O potencial de resolução do problema pela solução proposta e, se for o caso, da provável economia para a administração pública","TIAGO MACEDO BEZERRA MAIA","4","RAFAEL ANDRADE DA SILVA(1750470548811x148097843080986620)"
"1751591975028x322667272907522050","4,25","1741717852329x959885049985499100","A demonstração comparativa de custo e benefício da proposta em relação às opções funcionalmente equivalentes","TIAGO MACEDO BEZERRA MAIA","4","Visão e ritmo(1750465688276x271010992059580400)"
"1751591975028x322667272907522050","4,25","1741717852329x959885049985499100","Tecnologias utilizadas para a solução do desafio","TIAGO MACEDO BEZERRA MAIA","5","Visão e ritmo(1750465688276x271010992059580400)"
"1751591975028x322667272907522050","4,25","1741717852329x959885049985499100","O potencial de resolução do problema pela solução proposta e, se for o caso, da provável economia para a administração pública","TIAGO MACEDO BEZERRA MAIA","4","Visão e ritmo(1750465688276x271010992059580400)"
"1751592570298x375558969165348860","3,67","1741717852329x959885049985499100","A demonstração comparativa de custo e benefício da proposta em relação às opções funcionalmente equivalentes","TIAGO MACEDO BEZERRA MAIA","3","RAFAEL ANDRADE DA SILVA(1750470548811x148097843080986620)"
"1751591975028x322667272907522050","4,25","1741717852329x959885049985499100","Escalabilidade, ou seja, refere-se à capacidade da solução ser reproduzida em grande quantidade e para um número grande de clientes","TIAGO MACEDO BEZERRA MAIA","4","Visão e ritmo(1750465688276x271010992059580400)"
"1751591975028x322667272907522050","4,25","1741717852329x959885049985499100","A qualidade da fundamentação, analisando o embasamento e a justificativa da solução proposta pelo aplicante","TIAGO MACEDO BEZERRA MAIA","5","Visão e ritmo(1750465688276x271010992059580400)"
"1751591975028x322667272907522050","4,25","1741717852329x959885049985499100","Prazo dos entregáveis da solução","TIAGO MACEDO BEZERRA MAIA","4","Visão e ritmo(1750465688276x271010992059580400)"
"1751592570298x375558969165348860","3,67","1741717852329x959885049985499100","A qualidade da fundamentação, analisando o embasamento e a justificativa da solução proposta pelo aplicante","TIAGO MACEDO BEZERRA MAIA","3","RAFAEL ANDRADE DA SILVA(1750470548811x148097843080986620)"
"1751591604711x492056855471194100","5","1741717852329x959885049985499100","O potencial de resolução do problema pela solução proposta e, se for o caso, da provável economia para a administração pública","TIAGO MACEDO BEZERRA MAIA","5","Elucidar(1750474178894x660330135783473200)"
"1751591604711x492056855471194100","5","1741717852329x959885049985499100","Tecnologias utilizadas para a solução do desafio","TIAGO MACEDO BEZERRA MAIA","5","Elucidar(1750474178894x660330135783473200)"
"1751591604711x492056855471194100","5","1741717852329x959885049985499100","Escalabilidade, ou seja, refere-se à capacidade da solução ser reproduzida em grande quantidade e para um número grande de clientes","TIAGO MACEDO BEZERRA MAIA","5","Elucidar(1750474178894x660330135783473200)"
"1751591604711x492056855471194100","5","1741717852329x959885049985499100","A demonstração comparativa de custo e benefício da proposta em relação às opções funcionalmente equivalentes","TIAGO MACEDO BEZERRA MAIA","5","Elucidar(1750474178894x660330135783473200)"
"1751591604711x492056855471194100","5","1741717852329x959885049985499100","Prazo dos entregáveis da solução","TIAGO MACEDO BEZERRA MAIA","5","Elucidar(1750474178894x660330135783473200)"
"1751591604711x492056855471194100","5","1741717852329x959885049985499100","A viabilidade e a maturidade do modelo de negócio da solução","TIAGO MACEDO BEZERRA MAIA","5","Elucidar(1750474178894x660330135783473200)"
"1751591604711x492056855471194100","5","1741717852329x959885049985499100","A qualidade da fundamentação, analisando o embasamento e a justificativa da solução proposta pelo aplicante","TIAGO MACEDO BEZERRA MAIA","5","Elucidar(1750474178894x660330135783473200)"
"1751590308630x590439986581995500","5","1741717852329x959885049985499100","O potencial de resolução do problema pela solução proposta e, se for o caso, da provável economia para a administração pública","TIAGO MACEDO BEZERRA MAIA","5","enkode(1750455499886x638591438523203600)"
"1751590308630x590439986581995500","5","1741717852329x959885049985499100","A viabilidade e a maturidade do modelo de negócio da solução","TIAGO MACEDO BEZERRA MAIA","5","enkode(1750455499886x638591438523203600)"
"1751592970319x113707130268418050","3,67","1741717852329x959885049985499100","Escalabilidade, ou seja, refere-se à capacidade da solução ser reproduzida em grande quantidade e para um número grande de clientes","TIAGO MACEDO BEZERRA MAIA","3","BoraVer(1750467696005x441635592284930050)"
"1751590308630x590439986581995500","5","1741717852329x959885049985499100","Tecnologias utilizadas para a solução do desafio","TIAGO MACEDO BEZERRA MAIA","5","enkode(1750455499886x638591438523203600)"
"1751590308630x590439986581995500","5","1741717852329x959885049985499100","A qualidade da fundamentação, analisando o embasamento e a justificativa da solução proposta pelo aplicante","TIAGO MACEDO BEZERRA MAIA","5","enkode(1750455499886x638591438523203600)"
"1751590308630x590439986581995500","5","1741717852329x959885049985499100","Prazo dos entregáveis da solução","TIAGO MACEDO BEZERRA MAIA","5","enkode(1750455499886x638591438523203600)"
"1751590302073x483636053163114500","5","1741717852329x959885049985499100","O potencial de resolução do problema pela solução proposta e, se for o caso, da provável economia para a administração pública","FERNANDO ANTONIO NUNES DE SOUZA","5","Gralha Azul(1747270855036x195390718165647360)"
"1751590302073x483636053163114500","5","1741717852329x959885049985499100","A demonstração comparativa de custo e benefício da proposta em relação às opções funcionalmente equivalentes","FERNANDO ANTONIO NUNES DE SOUZA","5","Gralha Azul(1747270855036x195390718165647360)"
"1751590302073x483636053163114500","5","1741717852329x959885049985499100","Tecnologias utilizadas para a solução do desafio","FERNANDO ANTONIO NUNES DE SOUZA","5","Gralha Azul(1747270855036x195390718165647360)"
"1751590302073x483636053163114500","5","1741717852329x959885049985499100","A viabilidade e a maturidade do modelo de negócio da solução","FERNANDO ANTONIO NUNES DE SOUZA","5","Gralha Azul(1747270855036x195390718165647360)"
"1751590308630x590439986581995500","5","1741717852329x959885049985499100","Escalabilidade, ou seja, refere-se à capacidade da solução ser reproduzida em grande quantidade e para um número grande de clientes","TIAGO MACEDO BEZERRA MAIA","5","enkode(1750455499886x638591438523203600)"
"1751589717621x112544564939849730","4,83","1741717852329x959885049985499100","O potencial de resolução do problema pela solução proposta e, se for o caso, da provável economia para a administração pública","TIAGO MACEDO BEZERRA MAIA","5","Watt Consultoria(1750426734948x679162655262900200)"
"1751589717621x112544564939849730","4,83","1741717852329x959885049985499100","A viabilidade e a maturidade do modelo de negócio da solução","TIAGO MACEDO BEZERRA MAIA","5","Watt Consultoria(1750426734948x679162655262900200)"
"1751590302073x483636053163114500","5","1741717852329x959885049985499100","Prazo dos entregáveis da solução","FERNANDO ANTONIO NUNES DE SOUZA","5","Gralha Azul(1747270855036x195390718165647360)"
"1751590308630x590439986581995500","5","1741717852329x959885049985499100","A demonstração comparativa de custo e benefício da proposta em relação às opções funcionalmente equivalentes","TIAGO MACEDO BEZERRA MAIA","5","enkode(1750455499886x638591438523203600)"
"1751590302073x483636053163114500","5","1741717852329x959885049985499100","A qualidade da fundamentação, analisando o embasamento e a justificativa da solução proposta pelo aplicante","FERNANDO ANTONIO NUNES DE SOUZA","5","Gralha Azul(1747270855036x195390718165647360)"
"1751589717621x112544564939849730","4,83","1741717852329x959885049985499100","Tecnologias utilizadas para a solução do desafio","TIAGO MACEDO BEZERRA MAIA","5","Watt Consultoria(1750426734948x679162655262900200)"
"1751589717621x112544564939849730","4,83","1741717852329x959885049985499100","A demonstração comparativa de custo e benefício da proposta em relação às opções funcionalmente equivalentes","TIAGO MACEDO BEZERRA MAIA","4","Watt Consultoria(1750426734948x679162655262900200)"
"1751589717621x112544564939849730","4,83","1741717852329x959885049985499100","A qualidade da fundamentação, analisando o embasamento e a justificativa da solução proposta pelo aplicante","TIAGO MACEDO BEZERRA MAIA","5","Watt Consultoria(1750426734948x679162655262900200)"
"1751589717621x112544564939849730","4,83","1741717852329x959885049985499100","Escalabilidade, ou seja, refere-se à capacidade da solução ser reproduzida em grande quantidade e para um número grande de clientes","TIAGO MACEDO BEZERRA MAIA","5","Watt Consultoria(1750426734948x679162655262900200)"
"1751589717621x112544564939849730","4,83","1741717852329x959885049985499100","Prazo dos entregáveis da solução","TIAGO MACEDO BEZERRA MAIA","4","Watt Consultoria(1750426734948x679162655262900200)"
"1751589134688x300020987682357250","4,92","1741717852329x959885049985499100","A viabilidade e a maturidade do modelo de negócio da solução","TIAGO MACEDO BEZERRA MAIA","5","Vixsystem(1750386615441x880886100849852400)"
"1751589134688x300020987682357250","4,92","1741717852329x959885049985499100","O potencial de resolução do problema pela solução proposta e, se for o caso, da provável economia para a administração pública","TIAGO MACEDO BEZERRA MAIA","5","Vixsystem(1750386615441x880886100849852400)"
"1751589134688x300020987682357250","4,92","1741717852329x959885049985499100","Tecnologias utilizadas para a solução do desafio","TIAGO MACEDO BEZERRA MAIA","5","Vixsystem(1750386615441x880886100849852400)"
"1751589134688x300020987682357250","4,92","1741717852329x959885049985499100","A demonstração comparativa de custo e benefício da proposta em relação às opções funcionalmente equivalentes","TIAGO MACEDO BEZERRA MAIA","4","Vixsystem(1750386615441x880886100849852400)"
"1751589134688x300020987682357250","4,92","1741717852329x959885049985499100","Escalabilidade, ou seja, refere-se à capacidade da solução ser reproduzida em grande quantidade e para um número grande de clientes","TIAGO MACEDO BEZERRA MAIA","5","Vixsystem(1750386615441x880886100849852400)"
"1751590302073x483636053163114500","5","1741717852329x959885049985499100","Escalabilidade, ou seja, refere-se à capacidade da solução ser reproduzida em grande quantidade e para um número grande de clientes","FERNANDO ANTONIO NUNES DE SOUZA","5","Gralha Azul(1747270855036x195390718165647360)"
"1751589134688x300020987682357250","4,92","1741717852329x959885049985499100","A qualidade da fundamentação, analisando o embasamento e a justificativa da solução proposta pelo aplicante","TIAGO MACEDO BEZERRA MAIA","5","Vixsystem(1750386615441x880886100849852400)"
"1751589134688x300020987682357250","4,92","1741717852329x959885049985499100","Prazo dos entregáveis da solução","TIAGO MACEDO BEZERRA MAIA","5","Vixsystem(1750386615441x880886100849852400)"
"1751588852266x300666360442650600","4,5","1741717852329x959885049985499100","A viabilidade e a maturidade do modelo de negócio da solução","FERNANDO ANTONIO NUNES DE SOUZA","5","BOB(1747256813350x778000898229010400)"
"1751588852266x300666360442650600","4,5","1741717852329x959885049985499100","Escalabilidade, ou seja, refere-se à capacidade da solução ser reproduzida em grande quantidade e para um número grande de clientes","FERNANDO ANTONIO NUNES DE SOUZA","4","BOB(1747256813350x778000898229010400)"
"1751588852266x300666360442650600","4,5","1741717852329x959885049985499100","A demonstração comparativa de custo e benefício da proposta em relação às opções funcionalmente equivalentes","FERNANDO ANTONIO NUNES DE SOUZA","5","BOB(1747256813350x778000898229010400)"
"1751588852266x300666360442650600","4,5","1741717852329x959885049985499100","O potencial de resolução do problema pela solução proposta e, se for o caso, da provável economia para a administração pública","FERNANDO ANTONIO NUNES DE SOUZA","5","BOB(1747256813350x778000898229010400)"
"1751588852266x300666360442650600","4,5","1741717852329x959885049985499100","Prazo dos entregáveis da solução","FERNANDO ANTONIO NUNES DE SOUZA","1","BOB(1747256813350x778000898229010400)"
"1751588727027x678753357892157400","5","1741717852329x959885049985499100","A viabilidade e a maturidade do modelo de negócio da solução","TIAGO MACEDO BEZERRA MAIA","5","Passo Seguro(1750372008997x772099467722096600)"
"1751588727027x678753357892157400","5","1741717852329x959885049985499100","O potencial de resolução do problema pela solução proposta e, se for o caso, da provável economia para a administração pública","TIAGO MACEDO BEZERRA MAIA","5","Passo Seguro(1750372008997x772099467722096600)"
"1751588852266x300666360442650600","4,5","1741717852329x959885049985499100","Tecnologias utilizadas para a solução do desafio","FERNANDO ANTONIO NUNES DE SOUZA","5","BOB(1747256813350x778000898229010400)"
"1751588727027x678753357892157400","5","1741717852329x959885049985499100","A demonstração comparativa de custo e benefício da proposta em relação às opções funcionalmente equivalentes","TIAGO MACEDO BEZERRA MAIA","5","Passo Seguro(1750372008997x772099467722096600)"
"1751588727027x678753357892157400","5","1741717852329x959885049985499100","Prazo dos entregáveis da solução","TIAGO MACEDO BEZERRA MAIA","5","Passo Seguro(1750372008997x772099467722096600)"
"1751588852266x300666360442650600","4,5","1741717852329x959885049985499100","A qualidade da fundamentação, analisando o embasamento e a justificativa da solução proposta pelo aplicante","FERNANDO ANTONIO NUNES DE SOUZA","5","BOB(1747256813350x778000898229010400)"
"1751588727027x678753357892157400","5","1741717852329x959885049985499100","Tecnologias utilizadas para a solução do desafio","TIAGO MACEDO BEZERRA MAIA","5","Passo Seguro(1750372008997x772099467722096600)"
"1751588727027x678753357892157400","5","1741717852329x959885049985499100","A qualidade da fundamentação, analisando o embasamento e a justificativa da solução proposta pelo aplicante","TIAGO MACEDO BEZERRA MAIA","5","Passo Seguro(1750372008997x772099467722096600)"
"1751587036890x504027821181501400","4,42","1741717852329x959885049985499100","O potencial de resolução do problema pela solução proposta e, se for o caso, da provável economia para a administração pública","TIAGO MACEDO BEZERRA MAIA","5","Brio: Mobilidade Segura para Pessoas com Deficiência(1750364140423x786370289360175100)"
"1751588727027x678753357892157400","5","1741717852329x959885049985499100","Escalabilidade, ou seja, refere-se à capacidade da solução ser reproduzida em grande quantidade e para um número grande de clientes","TIAGO MACEDO BEZERRA MAIA","5","Passo Seguro(1750372008997x772099467722096600)"
"1751587036890x504027821181501400","4,42","1741717852329x959885049985499100","A viabilidade e a maturidade do modelo de negócio da solução","TIAGO MACEDO BEZERRA MAIA","4","Brio: Mobilidade Segura para Pessoas com Deficiência(1750364140423x786370289360175100)"
"1751587036890x504027821181501400","4,42","1741717852329x959885049985499100","Escalabilidade, ou seja, refere-se à capacidade da solução ser reproduzida em grande quantidade e para um número grande de clientes","TIAGO MACEDO BEZERRA MAIA","4","Brio: Mobilidade Segura para Pessoas com Deficiência(1750364140423x786370289360175100)"
"1751587036890x504027821181501400","4,42","1741717852329x959885049985499100","Tecnologias utilizadas para a solução do desafio","TIAGO MACEDO BEZERRA MAIA","5","Brio: Mobilidade Segura para Pessoas com Deficiência(1750364140423x786370289360175100)"
"1751585632685x410093919917309950","2","1741717852329x959885049985499100","O potencial de resolução do problema pela solução proposta e, se for o caso, da provável economia para a administração pública","TIAGO MACEDO BEZERRA MAIA","2","Pulsetec(1750179661934x493441771244617700)"
"1751587036890x504027821181501400","4,42","1741717852329x959885049985499100","A demonstração comparativa de custo e benefício da proposta em relação às opções funcionalmente equivalentes","TIAGO MACEDO BEZERRA MAIA","4","Brio: Mobilidade Segura para Pessoas com Deficiência(1750364140423x786370289360175100)"
"1751587036890x504027821181501400","4,42","1741717852329x959885049985499100","Prazo dos entregáveis da solução","TIAGO MACEDO BEZERRA MAIA","4","Brio: Mobilidade Segura para Pessoas com Deficiência(1750364140423x786370289360175100)"
"1751465496980x498064546030157800","4,67","1741717852329x959885049985499100","Tecnologias utilizadas para a solução do desafio","DALMÁRIO JOSÉ LIMA DE BARROS SILVA NETO","5","BoraVer(1750467696005x441635592284930050)"
"1751585632685x410093919917309950","2","1741717852329x959885049985499100","Escalabilidade, ou seja, refere-se à capacidade da solução ser reproduzida em grande quantidade e para um número grande de clientes","TIAGO MACEDO BEZERRA MAIA","2","Pulsetec(1750179661934x493441771244617700)"
"1751585632685x410093919917309950","2","1741717852329x959885049985499100","A demonstração comparativa de custo e benefício da proposta em relação às opções funcionalmente equivalentes","TIAGO MACEDO BEZERRA MAIA","2","Pulsetec(1750179661934x493441771244617700)"
"1751465496980x498064546030157800","4,67","1741717852329x959885049985499100","A viabilidade e a maturidade do modelo de negócio da solução","DALMÁRIO JOSÉ LIMA DE BARROS SILVA NETO","5","BoraVer(1750467696005x441635592284930050)"
"1751465496980x498064546030157800","4,67","1741717852329x959885049985499100","A demonstração comparativa de custo e benefício da proposta em relação às opções funcionalmente equivalentes","DALMÁRIO JOSÉ LIMA DE BARROS SILVA NETO","4","BoraVer(1750467696005x441635592284930050)"
"1751465496980x498064546030157800","4,67","1741717852329x959885049985499100","O potencial de resolução do problema pela solução proposta e, se for o caso, da provável economia para a administração pública","DALMÁRIO JOSÉ LIMA DE BARROS SILVA NETO","4","BoraVer(1750467696005x441635592284930050)"
"1751585632685x410093919917309950","2","1741717852329x959885049985499100","Tecnologias utilizadas para a solução do desafio","TIAGO MACEDO BEZERRA MAIA","2","Pulsetec(1750179661934x493441771244617700)"
"1751465496980x498064546030157800","4,67","1741717852329x959885049985499100","Escalabilidade, ou seja, refere-se à capacidade da solução ser reproduzida em grande quantidade e para um número grande de clientes","DALMÁRIO JOSÉ LIMA DE BARROS SILVA NETO","5","BoraVer(1750467696005x441635592284930050)"
"1751587036890x504027821181501400","4,42","1741717852329x959885049985499100","A qualidade da fundamentação, analisando o embasamento e a justificativa da solução proposta pelo aplicante","TIAGO MACEDO BEZERRA MAIA","4","Brio: Mobilidade Segura para Pessoas com Deficiência(1750364140423x786370289360175100)"
"1751585632685x410093919917309950","2","1741717852329x959885049985499100","A qualidade da fundamentação, analisando o embasamento e a justificativa da solução proposta pelo aplicante","TIAGO MACEDO BEZERRA MAIA","2","Pulsetec(1750179661934x493441771244617700)"
"1751585632685x410093919917309950","2","1741717852329x959885049985499100","A viabilidade e a maturidade do modelo de negócio da solução","TIAGO MACEDO BEZERRA MAIA","2","Pulsetec(1750179661934x493441771244617700)"
"1751584559974x683666661204295700","3,17","1741717852329x959885049985499100","O potencial de resolução do problema pela solução proposta e, se for o caso, da provável economia para a administração pública","TIAGO MACEDO BEZERRA MAIA","4","Vitor Gabriel Silva de Lima(1749218056573x614755932894396400)"
"1751585632685x410093919917309950","2","1741717852329x959885049985499100","Prazo dos entregáveis da solução","TIAGO MACEDO BEZERRA MAIA","2","Pulsetec(1750179661934x493441771244617700)"
"1751584559974x683666661204295700","3,17","1741717852329x959885049985499100","A viabilidade e a maturidade do modelo de negócio da solução","TIAGO MACEDO BEZERRA MAIA","3","Vitor Gabriel Silva de Lima(1749218056573x614755932894396400)"
"1751584559974x683666661204295700","3,17","1741717852329x959885049985499100","A demonstração comparativa de custo e benefício da proposta em relação às opções funcionalmente equivalentes","TIAGO MACEDO BEZERRA MAIA","3","Vitor Gabriel Silva de Lima(1749218056573x614755932894396400)"
"1751465526051x633861012963983400","3,58","1741717852329x959885049985499100","Prazo dos entregáveis da solução","OTO BUREGIO DE LIMA","4","Watt Consultoria(1750426734948x679162655262900200)"
"1751584559974x683666661204295700","3,17","1741717852329x959885049985499100","Tecnologias utilizadas para a solução do desafio","TIAGO MACEDO BEZERRA MAIA","3","Vitor Gabriel Silva de Lima(1749218056573x614755932894396400)"
"1751584559974x683666661204295700","3,17","1741717852329x959885049985499100","A qualidade da fundamentação, analisando o embasamento e a justificativa da solução proposta pelo aplicante","TIAGO MACEDO BEZERRA MAIA","4","Vitor Gabriel Silva de Lima(1749218056573x614755932894396400)"
"1751584559974x683666661204295700","3,17","1741717852329x959885049985499100","Prazo dos entregáveis da solução","TIAGO MACEDO BEZERRA MAIA","3","Vitor Gabriel Silva de Lima(1749218056573x614755932894396400)"
"1751581064283x262986388856373250","3,33","1741717852329x959885049985499100","O potencial de resolução do problema pela solução proposta e, se for o caso, da provável economia para a administração pública","TIAGO MACEDO BEZERRA MAIA","4","See U(1747271412021x865596489359687700)"
"1751584559974x683666661204295700","3,17","1741717852329x959885049985499100","Escalabilidade, ou seja, refere-se à capacidade da solução ser reproduzida em grande quantidade e para um número grande de clientes","TIAGO MACEDO BEZERRA MAIA","2","Vitor Gabriel Silva de Lima(1749218056573x614755932894396400)"
"1751581064283x262986388856373250","3,33","1741717852329x959885049985499100","A demonstração comparativa de custo e benefício da proposta em relação às opções funcionalmente equivalentes","TIAGO MACEDO BEZERRA MAIA","3","See U(1747271412021x865596489359687700)"
"1751581064283x262986388856373250","3,33","1741717852329x959885049985499100","Tecnologias utilizadas para a solução do desafio","TIAGO MACEDO BEZERRA MAIA","3","See U(1747271412021x865596489359687700)"
"1751581064283x262986388856373250","3,33","1741717852329x959885049985499100","A viabilidade e a maturidade do modelo de negócio da solução","TIAGO MACEDO BEZERRA MAIA","3","See U(1747271412021x865596489359687700)"
"1751581064283x262986388856373250","3,33","1741717852329x959885049985499100","Escalabilidade, ou seja, refere-se à capacidade da solução ser reproduzida em grande quantidade e para um número grande de clientes","TIAGO MACEDO BEZERRA MAIA","3","See U(1747271412021x865596489359687700)"
"1751579548285x528845549664469000","4,25","1741717852329x959885049985499100","A demonstração comparativa de custo e benefício da proposta em relação às opções funcionalmente equivalentes","RAFAEL HENRIQUES PIMENTEL DE PAULA","4","Brio: Mobilidade Segura para Pessoas com Deficiência(1750364140423x786370289360175100)"
"1751581064283x262986388856373250","3,33","1741717852329x959885049985499100","A qualidade da fundamentação, analisando o embasamento e a justificativa da solução proposta pelo aplicante","TIAGO MACEDO BEZERRA MAIA","4","See U(1747271412021x865596489359687700)"
"1751579548285x528845549664469000","4,25","1741717852329x959885049985499100","Tecnologias utilizadas para a solução do desafio","RAFAEL HENRIQUES PIMENTEL DE PAULA","4","Brio: Mobilidade Segura para Pessoas com Deficiência(1750364140423x786370289360175100)"
"1751579548285x528845549664469000","4,25","1741717852329x959885049985499100","A qualidade da fundamentação, analisando o embasamento e a justificativa da solução proposta pelo aplicante","RAFAEL HENRIQUES PIMENTEL DE PAULA","4","Brio: Mobilidade Segura para Pessoas com Deficiência(1750364140423x786370289360175100)"
"1751579548285x528845549664469000","4,25","1741717852329x959885049985499100","O potencial de resolução do problema pela solução proposta e, se for o caso, da provável economia para a administração pública","RAFAEL HENRIQUES PIMENTEL DE PAULA","5","Brio: Mobilidade Segura para Pessoas com Deficiência(1750364140423x786370289360175100)"
"1751579548285x528845549664469000","4,25","1741717852329x959885049985499100","Escalabilidade, ou seja, refere-se à capacidade da solução ser reproduzida em grande quantidade e para um número grande de clientes","RAFAEL HENRIQUES PIMENTEL DE PAULA","4","Brio: Mobilidade Segura para Pessoas com Deficiência(1750364140423x786370289360175100)"
"1751579548285x528845549664469000","4,25","1741717852329x959885049985499100","Prazo dos entregáveis da solução","RAFAEL HENRIQUES PIMENTEL DE PAULA","4","Brio: Mobilidade Segura para Pessoas com Deficiência(1750364140423x786370289360175100)"
"1751581064283x262986388856373250","3,33","1741717852329x959885049985499100","Prazo dos entregáveis da solução","TIAGO MACEDO BEZERRA MAIA","3","See U(1747271412021x865596489359687700)"
"1751579525955x556599106646048800","4,67","1741717852329x959885049985499100","A demonstração comparativa de custo e benefício da proposta em relação às opções funcionalmente equivalentes","TIAGO MACEDO BEZERRA MAIA","5","Gralha Azul(1747270855036x195390718165647360)"
"1751579525955x556599106646048800","4,67","1741717852329x959885049985499100","Tecnologias utilizadas para a solução do desafio","TIAGO MACEDO BEZERRA MAIA","5","Gralha Azul(1747270855036x195390718165647360)"
"1751579525955x556599106646048800","4,67","1741717852329x959885049985499100","Escalabilidade, ou seja, refere-se à capacidade da solução ser reproduzida em grande quantidade e para um número grande de clientes","TIAGO MACEDO BEZERRA MAIA","4","Gralha Azul(1747270855036x195390718165647360)"
"1751579525955x556599106646048800","4,67","1741717852329x959885049985499100","A qualidade da fundamentação, analisando o embasamento e a justificativa da solução proposta pelo aplicante","TIAGO MACEDO BEZERRA MAIA","4","Gralha Azul(1747270855036x195390718165647360)"
"1751579525955x556599106646048800","4,67","1741717852329x959885049985499100","O potencial de resolução do problema pela solução proposta e, se for o caso, da provável economia para a administração pública","TIAGO MACEDO BEZERRA MAIA","5","Gralha Azul(1747270855036x195390718165647360)"
"1751579548285x528845549664469000","4,25","1741717852329x959885049985499100","A viabilidade e a maturidade do modelo de negócio da solução","RAFAEL HENRIQUES PIMENTEL DE PAULA","4","Brio: Mobilidade Segura para Pessoas com Deficiência(1750364140423x786370289360175100)"
"1751579525955x556599106646048800","4,67","1741717852329x959885049985499100","Prazo dos entregáveis da solução","TIAGO MACEDO BEZERRA MAIA","4","Gralha Azul(1747270855036x195390718165647360)"
"1751578738682x684293950807736300","4,92","1741717852329x959885049985499100","O potencial de resolução do problema pela solução proposta e, se for o caso, da provável economia para a administração pública","TIAGO MACEDO BEZERRA MAIA","5","BOB(1747256813350x778000898229010400)"
"1751578738682x684293950807736300","4,92","1741717852329x959885049985499100","A demonstração comparativa de custo e benefício da proposta em relação às opções funcionalmente equivalentes","TIAGO MACEDO BEZERRA MAIA","5","BOB(1747256813350x778000898229010400)"
"1751578738682x684293950807736300","4,92","1741717852329x959885049985499100","A viabilidade e a maturidade do modelo de negócio da solução","TIAGO MACEDO BEZERRA MAIA","5","BOB(1747256813350x778000898229010400)"
"1751579525955x556599106646048800","4,67","1741717852329x959885049985499100","A viabilidade e a maturidade do modelo de negócio da solução","TIAGO MACEDO BEZERRA MAIA","5","Gralha Azul(1747270855036x195390718165647360)"
"1751578738682x684293950807736300","4,92","1741717852329x959885049985499100","Tecnologias utilizadas para a solução do desafio","TIAGO MACEDO BEZERRA MAIA","5","BOB(1747256813350x778000898229010400)"
"1751578738682x684293950807736300","4,92","1741717852329x959885049985499100","Prazo dos entregáveis da solução","TIAGO MACEDO BEZERRA MAIA","4","BOB(1747256813350x778000898229010400)"
"1751578637684x589280658558550000","1,92","1741717852329x959885049985499100","A viabilidade e a maturidade do modelo de negócio da solução","RAFAEL HENRIQUES PIMENTEL DE PAULA","1","Pulsetec(1750179661934x493441771244617700)"
"1751578637684x589280658558550000","1,92","1741717852329x959885049985499100","O potencial de resolução do problema pela solução proposta e, se for o caso, da provável economia para a administração pública","RAFAEL HENRIQUES PIMENTEL DE PAULA","2","Pulsetec(1750179661934x493441771244617700)"
"1751578637684x589280658558550000","1,92","1741717852329x959885049985499100","A demonstração comparativa de custo e benefício da proposta em relação às opções funcionalmente equivalentes","RAFAEL HENRIQUES PIMENTEL DE PAULA","2","Pulsetec(1750179661934x493441771244617700)"
"1751578738682x684293950807736300","4,92","1741717852329x959885049985499100","A qualidade da fundamentação, analisando o embasamento e a justificativa da solução proposta pelo aplicante","TIAGO MACEDO BEZERRA MAIA","5","BOB(1747256813350x778000898229010400)"
"1751578738682x684293950807736300","4,92","1741717852329x959885049985499100","Escalabilidade, ou seja, refere-se à capacidade da solução ser reproduzida em grande quantidade e para um número grande de clientes","TIAGO MACEDO BEZERRA MAIA","5","BOB(1747256813350x778000898229010400)"
"1751578637684x589280658558550000","1,92","1741717852329x959885049985499100","Prazo dos entregáveis da solução","RAFAEL HENRIQUES PIMENTEL DE PAULA","1","Pulsetec(1750179661934x493441771244617700)"
"1751578637684x589280658558550000","1,92","1741717852329x959885049985499100","Tecnologias utilizadas para a solução do desafio","RAFAEL HENRIQUES PIMENTEL DE PAULA","2","Pulsetec(1750179661934x493441771244617700)"
"1751578637684x589280658558550000","1,92","1741717852329x959885049985499100","Escalabilidade, ou seja, refere-se à capacidade da solução ser reproduzida em grande quantidade e para um número grande de clientes","RAFAEL HENRIQUES PIMENTEL DE PAULA","3","Pulsetec(1750179661934x493441771244617700)"
"1751578637684x589280658558550000","1,92","1741717852329x959885049985499100","A qualidade da fundamentação, analisando o embasamento e a justificativa da solução proposta pelo aplicante","RAFAEL HENRIQUES PIMENTEL DE PAULA","2","Pulsetec(1750179661934x493441771244617700)"
"1751577828261x581355616002375700","3","1741717852329x959885049985499100","A viabilidade e a maturidade do modelo de negócio da solução","RAFAEL HENRIQUES PIMENTEL DE PAULA","2","Vitor Gabriel Silva de Lima(1749218056573x614755932894396400)"
"1751577828261x581355616002375700","3","1741717852329x959885049985499100","Tecnologias utilizadas para a solução do desafio","RAFAEL HENRIQUES PIMENTEL DE PAULA","3","Vitor Gabriel Silva de Lima(1749218056573x614755932894396400)"
"1751577828261x581355616002375700","3","1741717852329x959885049985499100","A demonstração comparativa de custo e benefício da proposta em relação às opções funcionalmente equivalentes","RAFAEL HENRIQUES PIMENTEL DE PAULA","2","Vitor Gabriel Silva de Lima(1749218056573x614755932894396400)"
"1751577828261x581355616002375700","3","1741717852329x959885049985499100","O potencial de resolução do problema pela solução proposta e, se for o caso, da provável economia para a administração pública","RAFAEL HENRIQUES PIMENTEL DE PAULA","4","Vitor Gabriel Silva de Lima(1749218056573x614755932894396400)"
"1751577828261x581355616002375700","3","1741717852329x959885049985499100","Escalabilidade, ou seja, refere-se à capacidade da solução ser reproduzida em grande quantidade e para um número grande de clientes","RAFAEL HENRIQUES PIMENTEL DE PAULA","3","Vitor Gabriel Silva de Lima(1749218056573x614755932894396400)"
"1751577828261x581355616002375700","3","1741717852329x959885049985499100","Prazo dos entregáveis da solução","RAFAEL HENRIQUES PIMENTEL DE PAULA","3","Vitor Gabriel Silva de Lima(1749218056573x614755932894396400)"
"1751577623090x473381241248284700","4,42","1741717852329x959885049985499100","O potencial de resolução do problema pela solução proposta e, se for o caso, da provável economia para a administração pública","TIAGO MACEDO BEZERRA MAIA","5","Synesthesia Vision (1747234890261x303493752378621950)"
"1751577623090x473381241248284700","4,42","1741717852329x959885049985499100","A demonstração comparativa de custo e benefício da proposta em relação às opções funcionalmente equivalentes","TIAGO MACEDO BEZERRA MAIA","4","Synesthesia Vision (1747234890261x303493752378621950)"
"1751577623090x473381241248284700","4,42","1741717852329x959885049985499100","A viabilidade e a maturidade do modelo de negócio da solução","TIAGO MACEDO BEZERRA MAIA","4","Synesthesia Vision (1747234890261x303493752378621950)"
"1751577828261x581355616002375700","3","1741717852329x959885049985499100","A qualidade da fundamentação, analisando o embasamento e a justificativa da solução proposta pelo aplicante","RAFAEL HENRIQUES PIMENTEL DE PAULA","3","Vitor Gabriel Silva de Lima(1749218056573x614755932894396400)"
"1751577623090x473381241248284700","4,42","1741717852329x959885049985499100","Prazo dos entregáveis da solução","TIAGO MACEDO BEZERRA MAIA","3","Synesthesia Vision (1747234890261x303493752378621950)"
"1751577623090x473381241248284700","4,42","1741717852329x959885049985499100","Escalabilidade, ou seja, refere-se à capacidade da solução ser reproduzida em grande quantidade e para um número grande de clientes","TIAGO MACEDO BEZERRA MAIA","4","Synesthesia Vision (1747234890261x303493752378621950)"
"1751576298042x535545167104966660","3","1741717852329x959885049985499100","O potencial de resolução do problema pela solução proposta e, se for o caso, da provável economia para a administração pública","RAFAEL HENRIQUES PIMENTEL DE PAULA","3","See U(1747271412021x865596489359687700)"
"1751576298042x535545167104966660","3","1741717852329x959885049985499100","A viabilidade e a maturidade do modelo de negócio da solução","RAFAEL HENRIQUES PIMENTEL DE PAULA","3","See U(1747271412021x865596489359687700)"
"1751576298042x535545167104966660","3","1741717852329x959885049985499100","A demonstração comparativa de custo e benefício da proposta em relação às opções funcionalmente equivalentes","RAFAEL HENRIQUES PIMENTEL DE PAULA","3","See U(1747271412021x865596489359687700)"
"1751577623090x473381241248284700","4,42","1741717852329x959885049985499100","A qualidade da fundamentação, analisando o embasamento e a justificativa da solução proposta pelo aplicante","TIAGO MACEDO BEZERRA MAIA","5","Synesthesia Vision (1747234890261x303493752378621950)"
"1751576298042x535545167104966660","3","1741717852329x959885049985499100","Tecnologias utilizadas para a solução do desafio","RAFAEL HENRIQUES PIMENTEL DE PAULA","3","See U(1747271412021x865596489359687700)"
"1751576298042x535545167104966660","3","1741717852329x959885049985499100","A qualidade da fundamentação, analisando o embasamento e a justificativa da solução proposta pelo aplicante","RAFAEL HENRIQUES PIMENTEL DE PAULA","2","See U(1747271412021x865596489359687700)"
"1751576119108x151567818521313280","4","1741717852329x959885049985499100","O potencial de resolução do problema pela solução proposta e, se for o caso, da provável economia para a administração pública","TIAGO MACEDO BEZERRA MAIA","4","Heyde Leão de Souza(1746707157949x895218344394752000)"
"1751576298042x535545167104966660","3","1741717852329x959885049985499100","Prazo dos entregáveis da solução","RAFAEL HENRIQUES PIMENTEL DE PAULA","2","See U(1747271412021x865596489359687700)"
"1751576119108x151567818521313280","4","1741717852329x959885049985499100","A viabilidade e a maturidade do modelo de negócio da solução","TIAGO MACEDO BEZERRA MAIA","4","Heyde Leão de Souza(1746707157949x895218344394752000)"
"1751576119108x151567818521313280","4","1741717852329x959885049985499100","A demonstração comparativa de custo e benefício da proposta em relação às opções funcionalmente equivalentes","TIAGO MACEDO BEZERRA MAIA","4","Heyde Leão de Souza(1746707157949x895218344394752000)"
"1751576119108x151567818521313280","4","1741717852329x959885049985499100","Tecnologias utilizadas para a solução do desafio","TIAGO MACEDO BEZERRA MAIA","5","Heyde Leão de Souza(1746707157949x895218344394752000)"
"1751577623090x473381241248284700","4,42","1741717852329x959885049985499100","Tecnologias utilizadas para a solução do desafio","TIAGO MACEDO BEZERRA MAIA","5","Synesthesia Vision (1747234890261x303493752378621950)"
"1751576298042x535545167104966660","3","1741717852329x959885049985499100","Escalabilidade, ou seja, refere-se à capacidade da solução ser reproduzida em grande quantidade e para um número grande de clientes","RAFAEL HENRIQUES PIMENTEL DE PAULA","4","See U(1747271412021x865596489359687700)"
"1751576119108x151567818521313280","4","1741717852329x959885049985499100","A qualidade da fundamentação, analisando o embasamento e a justificativa da solução proposta pelo aplicante","TIAGO MACEDO BEZERRA MAIA","5","Heyde Leão de Souza(1746707157949x895218344394752000)"
"1751576119108x151567818521313280","4","1741717852329x959885049985499100","Escalabilidade, ou seja, refere-se à capacidade da solução ser reproduzida em grande quantidade e para um número grande de clientes","TIAGO MACEDO BEZERRA MAIA","3","Heyde Leão de Souza(1746707157949x895218344394752000)"
"1751574655003x426427573228011500","3,83","1741717852329x959885049985499100","A demonstração comparativa de custo e benefício da proposta em relação às opções funcionalmente equivalentes","RAFAEL HENRIQUES PIMENTEL DE PAULA","4","Gralha Azul(1747270855036x195390718165647360)"
"1751574655003x426427573228011500","3,83","1741717852329x959885049985499100","Tecnologias utilizadas para a solução do desafio","RAFAEL HENRIQUES PIMENTEL DE PAULA","4","Gralha Azul(1747270855036x195390718165647360)"
"1751574655003x426427573228011500","3,83","1741717852329x959885049985499100","A viabilidade e a maturidade do modelo de negócio da solução","RAFAEL HENRIQUES PIMENTEL DE PAULA","3","Gralha Azul(1747270855036x195390718165647360)"
"1751574655003x426427573228011500","3,83","1741717852329x959885049985499100","Escalabilidade, ou seja, refere-se à capacidade da solução ser reproduzida em grande quantidade e para um número grande de clientes","RAFAEL HENRIQUES PIMENTEL DE PAULA","4","Gralha Azul(1747270855036x195390718165647360)"
"1751574655003x426427573228011500","3,83","1741717852329x959885049985499100","A qualidade da fundamentação, analisando o embasamento e a justificativa da solução proposta pelo aplicante","RAFAEL HENRIQUES PIMENTEL DE PAULA","4","Gralha Azul(1747270855036x195390718165647360)"
"1751574655003x426427573228011500","3,83","1741717852329x959885049985499100","O potencial de resolução do problema pela solução proposta e, se for o caso, da provável economia para a administração pública","RAFAEL HENRIQUES PIMENTEL DE PAULA","4","Gralha Azul(1747270855036x195390718165647360)"
"1751574655003x426427573228011500","3,83","1741717852329x959885049985499100","Prazo dos entregáveis da solução","RAFAEL HENRIQUES PIMENTEL DE PAULA","4","Gralha Azul(1747270855036x195390718165647360)"
"1751574608279x513346819511025660","2,58","1741717852329x959885049985499100","A viabilidade e a maturidade do modelo de negócio da solução","TIAGO MACEDO BEZERRA MAIA","3","VER-TI MOBILIDADE URBANA LTDA(1746297384978x444246789471338500)"
"1751574608279x513346819511025660","2,58","1741717852329x959885049985499100","O potencial de resolução do problema pela solução proposta e, se for o caso, da provável economia para a administração pública","TIAGO MACEDO BEZERRA MAIA","2","VER-TI MOBILIDADE URBANA LTDA(1746297384978x444246789471338500)"
"1751574608279x513346819511025660","2,58","1741717852329x959885049985499100","Escalabilidade, ou seja, refere-se à capacidade da solução ser reproduzida em grande quantidade e para um número grande de clientes","TIAGO MACEDO BEZERRA MAIA","2","VER-TI MOBILIDADE URBANA LTDA(1746297384978x444246789471338500)"
"1751574608279x513346819511025660","2,58","1741717852329x959885049985499100","A qualidade da fundamentação, analisando o embasamento e a justificativa da solução proposta pelo aplicante","TIAGO MACEDO BEZERRA MAIA","3","VER-TI MOBILIDADE URBANA LTDA(1746297384978x444246789471338500)"
"1751574608279x513346819511025660","2,58","1741717852329x959885049985499100","Prazo dos entregáveis da solução","TIAGO MACEDO BEZERRA MAIA","2","VER-TI MOBILIDADE URBANA LTDA(1746297384978x444246789471338500)"
"1751574608279x513346819511025660","2,58","1741717852329x959885049985499100","A demonstração comparativa de custo e benefício da proposta em relação às opções funcionalmente equivalentes","TIAGO MACEDO BEZERRA MAIA","2","VER-TI MOBILIDADE URBANA LTDA(1746297384978x444246789471338500)"
"1751574608279x513346819511025660","2,58","1741717852329x959885049985499100","Tecnologias utilizadas para a solução do desafio","TIAGO MACEDO BEZERRA MAIA","4","VER-TI MOBILIDADE URBANA LTDA(1746297384978x444246789471338500)"
"1751573000610x787371983359443000","3,75","1741717852329x959885049985499100","A viabilidade e a maturidade do modelo de negócio da solução","OTO BUREGIO DE LIMA","4","Hailton de Melo Lima Neto(1750472207471x859310673469636600)"
"1751573000610x787371983359443000","3,75","1741717852329x959885049985499100","Tecnologias utilizadas para a solução do desafio","OTO BUREGIO DE LIMA","4","Hailton de Melo Lima Neto(1750472207471x859310673469636600)"
"1751573000610x787371983359443000","3,75","1741717852329x959885049985499100","O potencial de resolução do problema pela solução proposta e, se for o caso, da provável economia para a administração pública","OTO BUREGIO DE LIMA","4","Hailton de Melo Lima Neto(1750472207471x859310673469636600)"
"1751573000610x787371983359443000","3,75","1741717852329x959885049985499100","A demonstração comparativa de custo e benefício da proposta em relação às opções funcionalmente equivalentes","OTO BUREGIO DE LIMA","4","Hailton de Melo Lima Neto(1750472207471x859310673469636600)"
"1751573000610x787371983359443000","3,75","1741717852329x959885049985499100","Prazo dos entregáveis da solução","OTO BUREGIO DE LIMA","3","Hailton de Melo Lima Neto(1750472207471x859310673469636600)"
"1751572791051x796992092928999400","4,25","1741717852329x959885049985499100","O potencial de resolução do problema pela solução proposta e, se for o caso, da provável economia para a administração pública","RAFAEL HENRIQUES PIMENTEL DE PAULA","4","BOB(1747256813350x778000898229010400)"
"1751572791051x796992092928999400","4,25","1741717852329x959885049985499100","Escalabilidade, ou seja, refere-se à capacidade da solução ser reproduzida em grande quantidade e para um número grande de clientes","RAFAEL HENRIQUES PIMENTEL DE PAULA","4","BOB(1747256813350x778000898229010400)"
"1751572791051x796992092928999400","4,25","1741717852329x959885049985499100","Prazo dos entregáveis da solução","RAFAEL HENRIQUES PIMENTEL DE PAULA","4","BOB(1747256813350x778000898229010400)"
"1751572345188x651284959708053500","3,58","1741717852329x959885049985499100","O potencial de resolução do problema pela solução proposta e, se for o caso, da provável economia para a administração pública","TIAGO MACEDO BEZERRA MAIA","4","Passo com Vos - Adapt-Free(1745634856585x832885378648637400)"
"1751573000610x787371983359443000","3,75","1741717852329x959885049985499100","Escalabilidade, ou seja, refere-se à capacidade da solução ser reproduzida em grande quantidade e para um número grande de clientes","OTO BUREGIO DE LIMA","3","Hailton de Melo Lima Neto(1750472207471x859310673469636600)"
"1751572345188x651284959708053500","3,58","1741717852329x959885049985499100","A viabilidade e a maturidade do modelo de negócio da solução","TIAGO MACEDO BEZERRA MAIA","3","Passo com Vos - Adapt-Free(1745634856585x832885378648637400)"
"1751576119108x151567818521313280","4","1741717852329x959885049985499100","Prazo dos entregáveis da solução","TIAGO MACEDO BEZERRA MAIA","3","Heyde Leão de Souza(1746707157949x895218344394752000)"
"1751573000610x787371983359443000","3,75","1741717852329x959885049985499100","A qualidade da fundamentação, analisando o embasamento e a justificativa da solução proposta pelo aplicante","OTO BUREGIO DE LIMA","4","Hailton de Melo Lima Neto(1750472207471x859310673469636600)"
"1751572345188x651284959708053500","3,58","1741717852329x959885049985499100","Tecnologias utilizadas para a solução do desafio","TIAGO MACEDO BEZERRA MAIA","4","Passo com Vos - Adapt-Free(1745634856585x832885378648637400)"
"1751572345188x651284959708053500","3,58","1741717852329x959885049985499100","Escalabilidade, ou seja, refere-se à capacidade da solução ser reproduzida em grande quantidade e para um número grande de clientes","TIAGO MACEDO BEZERRA MAIA","3","Passo com Vos - Adapt-Free(1745634856585x832885378648637400)"
"1751572345188x651284959708053500","3,58","1741717852329x959885049985499100","A qualidade da fundamentação, analisando o embasamento e a justificativa da solução proposta pelo aplicante","TIAGO MACEDO BEZERRA MAIA","4","Passo com Vos - Adapt-Free(1745634856585x832885378648637400)"
"1751572345188x651284959708053500","3,58","1741717852329x959885049985499100","Prazo dos entregáveis da solução","TIAGO MACEDO BEZERRA MAIA","4","Passo com Vos - Adapt-Free(1745634856585x832885378648637400)"
"1751570891505x250097522566758400","4,17","1741717852329x959885049985499100","A demonstração comparativa de custo e benefício da proposta em relação às opções funcionalmente equivalentes","RAFAEL HENRIQUES PIMENTEL DE PAULA","3","Synesthesia Vision (1747234890261x303493752378621950)"
"1751570891505x250097522566758400","4,17","1741717852329x959885049985499100","A viabilidade e a maturidade do modelo de negócio da solução","RAFAEL HENRIQUES PIMENTEL DE PAULA","4","Synesthesia Vision (1747234890261x303493752378621950)"
"1751572345188x651284959708053500","3,58","1741717852329x959885049985499100","A demonstração comparativa de custo e benefício da proposta em relação às opções funcionalmente equivalentes","TIAGO MACEDO BEZERRA MAIA","3","Passo com Vos - Adapt-Free(1745634856585x832885378648637400)"
"1751570891505x250097522566758400","4,17","1741717852329x959885049985499100","Tecnologias utilizadas para a solução do desafio","RAFAEL HENRIQUES PIMENTEL DE PAULA","4","Synesthesia Vision (1747234890261x303493752378621950)"
"1751570891505x250097522566758400","4,17","1741717852329x959885049985499100","A qualidade da fundamentação, analisando o embasamento e a justificativa da solução proposta pelo aplicante","RAFAEL HENRIQUES PIMENTEL DE PAULA","4","Synesthesia Vision (1747234890261x303493752378621950)"
"1751570891505x250097522566758400","4,17","1741717852329x959885049985499100","O potencial de resolução do problema pela solução proposta e, se for o caso, da provável economia para a administração pública","RAFAEL HENRIQUES PIMENTEL DE PAULA","5","Synesthesia Vision (1747234890261x303493752378621950)"
"1751570831583x261406102763077630","4,75","1741717852329x959885049985499100","O potencial de resolução do problema pela solução proposta e, se for o caso, da provável economia para a administração pública","TIAGO MACEDO BEZERRA MAIA","4","Tech3(1750458455261x175536613849301000)"
"1751570891505x250097522566758400","4,17","1741717852329x959885049985499100","Prazo dos entregáveis da solução","RAFAEL HENRIQUES PIMENTEL DE PAULA","4","Synesthesia Vision (1747234890261x303493752378621950)"
"1751570831583x261406102763077630","4,75","1741717852329x959885049985499100","A viabilidade e a maturidade do modelo de negócio da solução","TIAGO MACEDO BEZERRA MAIA","5","Tech3(1750458455261x175536613849301000)"
"1751570831583x261406102763077630","4,75","1741717852329x959885049985499100","A demonstração comparativa de custo e benefício da proposta em relação às opções funcionalmente equivalentes","TIAGO MACEDO BEZERRA MAIA","5","Tech3(1750458455261x175536613849301000)"
"1751570831583x261406102763077630","4,75","1741717852329x959885049985499100","Escalabilidade, ou seja, refere-se à capacidade da solução ser reproduzida em grande quantidade e para um número grande de clientes","TIAGO MACEDO BEZERRA MAIA","5","Tech3(1750458455261x175536613849301000)"
"1751570831583x261406102763077630","4,75","1741717852329x959885049985499100","Prazo dos entregáveis da solução","TIAGO MACEDO BEZERRA MAIA","5","Tech3(1750458455261x175536613849301000)"
"1751570831583x261406102763077630","4,75","1741717852329x959885049985499100","Tecnologias utilizadas para a solução do desafio","TIAGO MACEDO BEZERRA MAIA","5","Tech3(1750458455261x175536613849301000)"
"1751569557737x673563810807152600","1","1741717852329x959885049985499100","O potencial de resolução do problema pela solução proposta e, se for o caso, da provável economia para a administração pública","TIAGO MACEDO BEZERRA MAIA","1"," ALEXANDRE GUEDES RIBEIRO(1743616040182x329049495127982100)"
"1751569557737x673563810807152600","1","1741717852329x959885049985499100","A demonstração comparativa de custo e benefício da proposta em relação às opções funcionalmente equivalentes","TIAGO MACEDO BEZERRA MAIA","1"," ALEXANDRE GUEDES RIBEIRO(1743616040182x329049495127982100)"
"1751569557737x673563810807152600","1","1741717852329x959885049985499100","Tecnologias utilizadas para a solução do desafio","TIAGO MACEDO BEZERRA MAIA","1"," ALEXANDRE GUEDES RIBEIRO(1743616040182x329049495127982100)"
"1751569557737x673563810807152600","1","1741717852329x959885049985499100","A viabilidade e a maturidade do modelo de negócio da solução","TIAGO MACEDO BEZERRA MAIA","1"," ALEXANDRE GUEDES RIBEIRO(1743616040182x329049495127982100)"
"1751570831583x261406102763077630","4,75","1741717852329x959885049985499100","A qualidade da fundamentação, analisando o embasamento e a justificativa da solução proposta pelo aplicante","TIAGO MACEDO BEZERRA MAIA","5","Tech3(1750458455261x175536613849301000)"
"1751569557737x673563810807152600","1","1741717852329x959885049985499100","Prazo dos entregáveis da solução","TIAGO MACEDO BEZERRA MAIA","1"," ALEXANDRE GUEDES RIBEIRO(1743616040182x329049495127982100)"
"1751568987375x484245481838084100","3,25","1741717852329x959885049985499100","Tecnologias utilizadas para a solução do desafio","RAFAEL HENRIQUES PIMENTEL DE PAULA","3","Heyde Leão de Souza(1746707157949x895218344394752000)"
"1751569557737x673563810807152600","1","1741717852329x959885049985499100","A qualidade da fundamentação, analisando o embasamento e a justificativa da solução proposta pelo aplicante","TIAGO MACEDO BEZERRA MAIA","1"," ALEXANDRE GUEDES RIBEIRO(1743616040182x329049495127982100)"
"1751568987375x484245481838084100","3,25","1741717852329x959885049985499100","O potencial de resolução do problema pela solução proposta e, se for o caso, da provável economia para a administração pública","RAFAEL HENRIQUES PIMENTEL DE PAULA","4","Heyde Leão de Souza(1746707157949x895218344394752000)"
"1751569557737x673563810807152600","1","1741717852329x959885049985499100","Escalabilidade, ou seja, refere-se à capacidade da solução ser reproduzida em grande quantidade e para um número grande de clientes","TIAGO MACEDO BEZERRA MAIA","1"," ALEXANDRE GUEDES RIBEIRO(1743616040182x329049495127982100)"
"1751568987375x484245481838084100","3,25","1741717852329x959885049985499100","A qualidade da fundamentação, analisando o embasamento e a justificativa da solução proposta pelo aplicante","RAFAEL HENRIQUES PIMENTEL DE PAULA","3","Heyde Leão de Souza(1746707157949x895218344394752000)"
"1751570891505x250097522566758400","4,17","1741717852329x959885049985499100","Escalabilidade, ou seja, refere-se à capacidade da solução ser reproduzida em grande quantidade e para um número grande de clientes","RAFAEL HENRIQUES PIMENTEL DE PAULA","4","Synesthesia Vision (1747234890261x303493752378621950)"
"1751568987375x484245481838084100","3,25","1741717852329x959885049985499100","A viabilidade e a maturidade do modelo de negócio da solução","RAFAEL HENRIQUES PIMENTEL DE PAULA","2","Heyde Leão de Souza(1746707157949x895218344394752000)"
"1751568987375x484245481838084100","3,25","1741717852329x959885049985499100","Prazo dos entregáveis da solução","RAFAEL HENRIQUES PIMENTEL DE PAULA","4","Heyde Leão de Souza(1746707157949x895218344394752000)"
"1751567955801x198514735330623500","4","1741717852329x959885049985499100","A demonstração comparativa de custo e benefício da proposta em relação às opções funcionalmente equivalentes","OTO BUREGIO DE LIMA","3","RAFAEL ANDRADE DA SILVA(1750470548811x148097843080986620)"
"1751568987375x484245481838084100","3,25","1741717852329x959885049985499100","Escalabilidade, ou seja, refere-se à capacidade da solução ser reproduzida em grande quantidade e para um número grande de clientes","RAFAEL HENRIQUES PIMENTEL DE PAULA","4","Heyde Leão de Souza(1746707157949x895218344394752000)"
"1751567955801x198514735330623500","4","1741717852329x959885049985499100","A viabilidade e a maturidade do modelo de negócio da solução","OTO BUREGIO DE LIMA","4","RAFAEL ANDRADE DA SILVA(1750470548811x148097843080986620)"
"1751567955801x198514735330623500","4","1741717852329x959885049985499100","Escalabilidade, ou seja, refere-se à capacidade da solução ser reproduzida em grande quantidade e para um número grande de clientes","OTO BUREGIO DE LIMA","4","RAFAEL ANDRADE DA SILVA(1750470548811x148097843080986620)"
"1751567955801x198514735330623500","4","1741717852329x959885049985499100","A qualidade da fundamentação, analisando o embasamento e a justificativa da solução proposta pelo aplicante","OTO BUREGIO DE LIMA","5","RAFAEL ANDRADE DA SILVA(1750470548811x148097843080986620)"
"1751567955801x198514735330623500","4","1741717852329x959885049985499100","Prazo dos entregáveis da solução","OTO BUREGIO DE LIMA","4","RAFAEL ANDRADE DA SILVA(1750470548811x148097843080986620)"
"1751567955801x198514735330623500","4","1741717852329x959885049985499100","O potencial de resolução do problema pela solução proposta e, se for o caso, da provável economia para a administração pública","OTO BUREGIO DE LIMA","4","RAFAEL ANDRADE DA SILVA(1750470548811x148097843080986620)"
"1751567955801x198514735330623500","4","1741717852329x959885049985499100","Tecnologias utilizadas para a solução do desafio","OTO BUREGIO DE LIMA","4","RAFAEL ANDRADE DA SILVA(1750470548811x148097843080986620)"
"1751563949033x157091894184640500","5","1741717852329x959885049985499100","A demonstração comparativa de custo e benefício da proposta em relação às opções funcionalmente equivalentes","DALMÁRIO JOSÉ LIMA DE BARROS SILVA NETO","5","Brio: Mobilidade Segura para Pessoas com Deficiência(1750364140423x786370289360175100)"
"1751568987375x484245481838084100","3,25","1741717852329x959885049985499100","A demonstração comparativa de custo e benefício da proposta em relação às opções funcionalmente equivalentes","RAFAEL HENRIQUES PIMENTEL DE PAULA","2","Heyde Leão de Souza(1746707157949x895218344394752000)"
"1751563949033x157091894184640500","5","1741717852329x959885049985499100","O potencial de resolução do problema pela solução proposta e, se for o caso, da provável economia para a administração pública","DALMÁRIO JOSÉ LIMA DE BARROS SILVA NETO","5","Brio: Mobilidade Segura para Pessoas com Deficiência(1750364140423x786370289360175100)"
"1751563949033x157091894184640500","5","1741717852329x959885049985499100","Escalabilidade, ou seja, refere-se à capacidade da solução ser reproduzida em grande quantidade e para um número grande de clientes","DALMÁRIO JOSÉ LIMA DE BARROS SILVA NETO","5","Brio: Mobilidade Segura para Pessoas com Deficiência(1750364140423x786370289360175100)"
"1751563949033x157091894184640500","5","1741717852329x959885049985499100","Tecnologias utilizadas para a solução do desafio","DALMÁRIO JOSÉ LIMA DE BARROS SILVA NETO","5","Brio: Mobilidade Segura para Pessoas com Deficiência(1750364140423x786370289360175100)"
"1751563949033x157091894184640500","5","1741717852329x959885049985499100","A viabilidade e a maturidade do modelo de negócio da solução","DALMÁRIO JOSÉ LIMA DE BARROS SILVA NETO","5","Brio: Mobilidade Segura para Pessoas com Deficiência(1750364140423x786370289360175100)"
"1751563949033x157091894184640500","5","1741717852329x959885049985499100","A qualidade da fundamentação, analisando o embasamento e a justificativa da solução proposta pelo aplicante","DALMÁRIO JOSÉ LIMA DE BARROS SILVA NETO","5","Brio: Mobilidade Segura para Pessoas com Deficiência(1750364140423x786370289360175100)"
"1751563558339x140305249433026560","2","1741717852329x959885049985499100","A demonstração comparativa de custo e benefício da proposta em relação às opções funcionalmente equivalentes","DALMÁRIO JOSÉ LIMA DE BARROS SILVA NETO","2","Pulsetec(1750179661934x493441771244617700)"
"1751563558339x140305249433026560","2","1741717852329x959885049985499100","O potencial de resolução do problema pela solução proposta e, se for o caso, da provável economia para a administração pública","DALMÁRIO JOSÉ LIMA DE BARROS SILVA NETO","2","Pulsetec(1750179661934x493441771244617700)"
"1751563949033x157091894184640500","5","1741717852329x959885049985499100","Prazo dos entregáveis da solução","DALMÁRIO JOSÉ LIMA DE BARROS SILVA NETO","5","Brio: Mobilidade Segura para Pessoas com Deficiência(1750364140423x786370289360175100)"
"1751563558339x140305249433026560","2","1741717852329x959885049985499100","A viabilidade e a maturidade do modelo de negócio da solução","DALMÁRIO JOSÉ LIMA DE BARROS SILVA NETO","2","Pulsetec(1750179661934x493441771244617700)"
"1751563558339x140305249433026560","2","1741717852329x959885049985499100","Escalabilidade, ou seja, refere-se à capacidade da solução ser reproduzida em grande quantidade e para um número grande de clientes","DALMÁRIO JOSÉ LIMA DE BARROS SILVA NETO","2","Pulsetec(1750179661934x493441771244617700)"
"1751563558339x140305249433026560","2","1741717852329x959885049985499100","Prazo dos entregáveis da solução","DALMÁRIO JOSÉ LIMA DE BARROS SILVA NETO","2","Pulsetec(1750179661934x493441771244617700)"
"1751562250539x484750946032418800","4,67","1741717852329x959885049985499100","O potencial de resolução do problema pela solução proposta e, se for o caso, da provável economia para a administração pública","DALMÁRIO JOSÉ LIMA DE BARROS SILVA NETO","4","Tech3(1750458455261x175536613849301000)"
"1751563558339x140305249433026560","2","1741717852329x959885049985499100","Tecnologias utilizadas para a solução do desafio","DALMÁRIO JOSÉ LIMA DE BARROS SILVA NETO","2","Pulsetec(1750179661934x493441771244617700)"
"1751562250539x484750946032418800","4,67","1741717852329x959885049985499100","A viabilidade e a maturidade do modelo de negócio da solução","DALMÁRIO JOSÉ LIMA DE BARROS SILVA NETO","5","Tech3(1750458455261x175536613849301000)"
"1751562250539x484750946032418800","4,67","1741717852329x959885049985499100","A demonstração comparativa de custo e benefício da proposta em relação às opções funcionalmente equivalentes","DALMÁRIO JOSÉ LIMA DE BARROS SILVA NETO","4","Tech3(1750458455261x175536613849301000)"
"1751562250539x484750946032418800","4,67","1741717852329x959885049985499100","Tecnologias utilizadas para a solução do desafio","DALMÁRIO JOSÉ LIMA DE BARROS SILVA NETO","5","Tech3(1750458455261x175536613849301000)"
"1751562250539x484750946032418800","4,67","1741717852329x959885049985499100","Prazo dos entregáveis da solução","DALMÁRIO JOSÉ LIMA DE BARROS SILVA NETO","5","Tech3(1750458455261x175536613849301000)"
"1751551956693x752868698334429200","4,33","1741717852329x959885049985499100","O potencial de resolução do problema pela solução proposta e, se for o caso, da provável economia para a administração pública","DALMÁRIO JOSÉ LIMA DE BARROS SILVA NETO","4","Vitor Gabriel Silva de Lima(1749218056573x614755932894396400)"
"1751562250539x484750946032418800","4,67","1741717852329x959885049985499100","Escalabilidade, ou seja, refere-se à capacidade da solução ser reproduzida em grande quantidade e para um número grande de clientes","DALMÁRIO JOSÉ LIMA DE BARROS SILVA NETO","5","Tech3(1750458455261x175536613849301000)"
"1751551956693x752868698334429200","4,33","1741717852329x959885049985499100","A viabilidade e a maturidade do modelo de negócio da solução","DALMÁRIO JOSÉ LIMA DE BARROS SILVA NETO","4","Vitor Gabriel Silva de Lima(1749218056573x614755932894396400)"
"1751562250539x484750946032418800","4,67","1741717852329x959885049985499100","A qualidade da fundamentação, analisando o embasamento e a justificativa da solução proposta pelo aplicante","DALMÁRIO JOSÉ LIMA DE BARROS SILVA NETO","5","Tech3(1750458455261x175536613849301000)"
"1751551956693x752868698334429200","4,33","1741717852329x959885049985499100","Tecnologias utilizadas para a solução do desafio","DALMÁRIO JOSÉ LIMA DE BARROS SILVA NETO","5","Vitor Gabriel Silva de Lima(1749218056573x614755932894396400)"
"1751551956693x752868698334429200","4,33","1741717852329x959885049985499100","Escalabilidade, ou seja, refere-se à capacidade da solução ser reproduzida em grande quantidade e para um número grande de clientes","DALMÁRIO JOSÉ LIMA DE BARROS SILVA NETO","5","Vitor Gabriel Silva de Lima(1749218056573x614755932894396400)"
"1751563558339x140305249433026560","2","1741717852329x959885049985499100","A qualidade da fundamentação, analisando o embasamento e a justificativa da solução proposta pelo aplicante","DALMÁRIO JOSÉ LIMA DE BARROS SILVA NETO","2","Pulsetec(1750179661934x493441771244617700)"
"1751551956693x752868698334429200","4,33","1741717852329x959885049985499100","A qualidade da fundamentação, analisando o embasamento e a justificativa da solução proposta pelo aplicante","DALMÁRIO JOSÉ LIMA DE BARROS SILVA NETO","3","Vitor Gabriel Silva de Lima(1749218056573x614755932894396400)"
"1751551641866x950578374322421800","4,33","1741717852329x959885049985499100","O potencial de resolução do problema pela solução proposta e, se for o caso, da provável economia para a administração pública","DALMÁRIO JOSÉ LIMA DE BARROS SILVA NETO","5","See U(1747271412021x865596489359687700)"
"1751551641866x950578374322421800","4,33","1741717852329x959885049985499100","A viabilidade e a maturidade do modelo de negócio da solução","DALMÁRIO JOSÉ LIMA DE BARROS SILVA NETO","5","See U(1747271412021x865596489359687700)"
"1751551956693x752868698334429200","4,33","1741717852329x959885049985499100","Prazo dos entregáveis da solução","DALMÁRIO JOSÉ LIMA DE BARROS SILVA NETO","5","Vitor Gabriel Silva de Lima(1749218056573x614755932894396400)"
"1751551641866x950578374322421800","4,33","1741717852329x959885049985499100","Escalabilidade, ou seja, refere-se à capacidade da solução ser reproduzida em grande quantidade e para um número grande de clientes","DALMÁRIO JOSÉ LIMA DE BARROS SILVA NETO","4","See U(1747271412021x865596489359687700)"
"1751551641866x950578374322421800","4,33","1741717852329x959885049985499100","A qualidade da fundamentação, analisando o embasamento e a justificativa da solução proposta pelo aplicante","DALMÁRIO JOSÉ LIMA DE BARROS SILVA NETO","3","See U(1747271412021x865596489359687700)"
"1751551641866x950578374322421800","4,33","1741717852329x959885049985499100","Prazo dos entregáveis da solução","DALMÁRIO JOSÉ LIMA DE BARROS SILVA NETO","5","See U(1747271412021x865596489359687700)"
"1751551956693x752868698334429200","4,33","1741717852329x959885049985499100","A demonstração comparativa de custo e benefício da proposta em relação às opções funcionalmente equivalentes","DALMÁRIO JOSÉ LIMA DE BARROS SILVA NETO","4","Vitor Gabriel Silva de Lima(1749218056573x614755932894396400)"
"1751551641866x950578374322421800","4,33","1741717852329x959885049985499100","Tecnologias utilizadas para a solução do desafio","DALMÁRIO JOSÉ LIMA DE BARROS SILVA NETO","4","See U(1747271412021x865596489359687700)"
"1751551641866x950578374322421800","4,33","1741717852329x959885049985499100","A demonstração comparativa de custo e benefício da proposta em relação às opções funcionalmente equivalentes","DALMÁRIO JOSÉ LIMA DE BARROS SILVA NETO","3","See U(1747271412021x865596489359687700)"
"1751551211841x335075877950324740","4,75","1741717852329x959885049985499100","A viabilidade e a maturidade do modelo de negócio da solução","DALMÁRIO JOSÉ LIMA DE BARROS SILVA NETO","5","Visão e ritmo(1750465688276x271010992059580400)"
"1751551211841x335075877950324740","4,75","1741717852329x959885049985499100","A demonstração comparativa de custo e benefício da proposta em relação às opções funcionalmente equivalentes","DALMÁRIO JOSÉ LIMA DE BARROS SILVA NETO","5","Visão e ritmo(1750465688276x271010992059580400)"
"1751551211841x335075877950324740","4,75","1741717852329x959885049985499100","O potencial de resolução do problema pela solução proposta e, se for o caso, da provável economia para a administração pública","DALMÁRIO JOSÉ LIMA DE BARROS SILVA NETO","4","Visão e ritmo(1750465688276x271010992059580400)"
"1751551211841x335075877950324740","4,75","1741717852329x959885049985499100","Tecnologias utilizadas para a solução do desafio","DALMÁRIO JOSÉ LIMA DE BARROS SILVA NETO","5","Visão e ritmo(1750465688276x271010992059580400)"
"1751551211841x335075877950324740","4,75","1741717852329x959885049985499100","Escalabilidade, ou seja, refere-se à capacidade da solução ser reproduzida em grande quantidade e para um número grande de clientes","DALMÁRIO JOSÉ LIMA DE BARROS SILVA NETO","5","Visão e ritmo(1750465688276x271010992059580400)"
"1751551211841x335075877950324740","4,75","1741717852329x959885049985499100","Prazo dos entregáveis da solução","DALMÁRIO JOSÉ LIMA DE BARROS SILVA NETO","5","Visão e ritmo(1750465688276x271010992059580400)"
"1751550892420x319228805281480700","4,33","1741717852329x959885049985499100","O potencial de resolução do problema pela solução proposta e, se for o caso, da provável economia para a administração pública","DALMÁRIO JOSÉ LIMA DE BARROS SILVA NETO","5","Elucidar(1750474178894x660330135783473200)"
"1751551211841x335075877950324740","4,75","1741717852329x959885049985499100","A qualidade da fundamentação, analisando o embasamento e a justificativa da solução proposta pelo aplicante","DALMÁRIO JOSÉ LIMA DE BARROS SILVA NETO","5","Visão e ritmo(1750465688276x271010992059580400)"
"1751550892420x319228805281480700","4,33","1741717852329x959885049985499100","A viabilidade e a maturidade do modelo de negócio da solução","DALMÁRIO JOSÉ LIMA DE BARROS SILVA NETO","4","Elucidar(1750474178894x660330135783473200)"
"1751550892420x319228805281480700","4,33","1741717852329x959885049985499100","Escalabilidade, ou seja, refere-se à capacidade da solução ser reproduzida em grande quantidade e para um número grande de clientes","DALMÁRIO JOSÉ LIMA DE BARROS SILVA NETO","4","Elucidar(1750474178894x660330135783473200)"
"1751550892420x319228805281480700","4,33","1741717852329x959885049985499100","Prazo dos entregáveis da solução","DALMÁRIO JOSÉ LIMA DE BARROS SILVA NETO","5","Elucidar(1750474178894x660330135783473200)"
"1751550892420x319228805281480700","4,33","1741717852329x959885049985499100","Tecnologias utilizadas para a solução do desafio","DALMÁRIO JOSÉ LIMA DE BARROS SILVA NETO","3","Elucidar(1750474178894x660330135783473200)"
"1751550463867x797654307325870000","4,83","1741717852329x959885049985499100","O potencial de resolução do problema pela solução proposta e, se for o caso, da provável economia para a administração pública","DALMÁRIO JOSÉ LIMA DE BARROS SILVA NETO","5","COLI(1750472370070x624706963282591700)"
"1751550463867x797654307325870000","4,83","1741717852329x959885049985499100","A demonstração comparativa de custo e benefício da proposta em relação às opções funcionalmente equivalentes","DALMÁRIO JOSÉ LIMA DE BARROS SILVA NETO","5","COLI(1750472370070x624706963282591700)"
"1751550463867x797654307325870000","4,83","1741717852329x959885049985499100","A viabilidade e a maturidade do modelo de negócio da solução","DALMÁRIO JOSÉ LIMA DE BARROS SILVA NETO","5","COLI(1750472370070x624706963282591700)"
"1751550463867x797654307325870000","4,83","1741717852329x959885049985499100","Tecnologias utilizadas para a solução do desafio","DALMÁRIO JOSÉ LIMA DE BARROS SILVA NETO","4","COLI(1750472370070x624706963282591700)"
"1751550463867x797654307325870000","4,83","1741717852329x959885049985499100","Escalabilidade, ou seja, refere-se à capacidade da solução ser reproduzida em grande quantidade e para um número grande de clientes","DALMÁRIO JOSÉ LIMA DE BARROS SILVA NETO","5","COLI(1750472370070x624706963282591700)"
"1751550463867x797654307325870000","4,83","1741717852329x959885049985499100","A qualidade da fundamentação, analisando o embasamento e a justificativa da solução proposta pelo aplicante","DALMÁRIO JOSÉ LIMA DE BARROS SILVA NETO","5","COLI(1750472370070x624706963282591700)"
"1751550463867x797654307325870000","4,83","1741717852329x959885049985499100","Prazo dos entregáveis da solução","DALMÁRIO JOSÉ LIMA DE BARROS SILVA NETO","5","COLI(1750472370070x624706963282591700)"
"1751550892420x319228805281480700","4,33","1741717852329x959885049985499100","A qualidade da fundamentação, analisando o embasamento e a justificativa da solução proposta pelo aplicante","DALMÁRIO JOSÉ LIMA DE BARROS SILVA NETO","5","Elucidar(1750474178894x660330135783473200)"
"1751550091597x932408287494668300","3,75","1741717852329x959885049985499100","O potencial de resolução do problema pela solução proposta e, se for o caso, da provável economia para a administração pública","DALMÁRIO JOSÉ LIMA DE BARROS SILVA NETO","4","Hailton de Melo Lima Neto(1750472207471x859310673469636600)"
"1751550091597x932408287494668300","3,75","1741717852329x959885049985499100","Tecnologias utilizadas para a solução do desafio","DALMÁRIO JOSÉ LIMA DE BARROS SILVA NETO","4","Hailton de Melo Lima Neto(1750472207471x859310673469636600)"
"1751550091597x932408287494668300","3,75","1741717852329x959885049985499100","Escalabilidade, ou seja, refere-se à capacidade da solução ser reproduzida em grande quantidade e para um número grande de clientes","DALMÁRIO JOSÉ LIMA DE BARROS SILVA NETO","4","Hailton de Melo Lima Neto(1750472207471x859310673469636600)"
"1751550091597x932408287494668300","3,75","1741717852329x959885049985499100","A demonstração comparativa de custo e benefício da proposta em relação às opções funcionalmente equivalentes","DALMÁRIO JOSÉ LIMA DE BARROS SILVA NETO","3","Hailton de Melo Lima Neto(1750472207471x859310673469636600)"
"1751550091597x932408287494668300","3,75","1741717852329x959885049985499100","A viabilidade e a maturidade do modelo de negócio da solução","DALMÁRIO JOSÉ LIMA DE BARROS SILVA NETO","2","Hailton de Melo Lima Neto(1750472207471x859310673469636600)"
"1751550091597x932408287494668300","3,75","1741717852329x959885049985499100","A qualidade da fundamentação, analisando o embasamento e a justificativa da solução proposta pelo aplicante","DALMÁRIO JOSÉ LIMA DE BARROS SILVA NETO","5","Hailton de Melo Lima Neto(1750472207471x859310673469636600)"
"1751550091597x932408287494668300","3,75","1741717852329x959885049985499100","Prazo dos entregáveis da solução","DALMÁRIO JOSÉ LIMA DE BARROS SILVA NETO","5","Hailton de Melo Lima Neto(1750472207471x859310673469636600)"
"1751550892420x319228805281480700","4,33","1741717852329x959885049985499100","A demonstração comparativa de custo e benefício da proposta em relação às opções funcionalmente equivalentes","DALMÁRIO JOSÉ LIMA DE BARROS SILVA NETO","5","Elucidar(1750474178894x660330135783473200)"
"1751545553109x225893912179638270","3,42","1741717852329x959885049985499100","O potencial de resolução do problema pela solução proposta e, se for o caso, da provável economia para a administração pública","DALMÁRIO JOSÉ LIMA DE BARROS SILVA NETO","2","RAFAEL ANDRADE DA SILVA(1750470548811x148097843080986620)"
"1751545553109x225893912179638270","3,42","1741717852329x959885049985499100","A viabilidade e a maturidade do modelo de negócio da solução","DALMÁRIO JOSÉ LIMA DE BARROS SILVA NETO","4","RAFAEL ANDRADE DA SILVA(1750470548811x148097843080986620)"
"1751545553109x225893912179638270","3,42","1741717852329x959885049985499100","Escalabilidade, ou seja, refere-se à capacidade da solução ser reproduzida em grande quantidade e para um número grande de clientes","DALMÁRIO JOSÉ LIMA DE BARROS SILVA NETO","5","RAFAEL ANDRADE DA SILVA(1750470548811x148097843080986620)"
"1751545553109x225893912179638270","3,42","1741717852329x959885049985499100","Tecnologias utilizadas para a solução do desafio","DALMÁRIO JOSÉ LIMA DE BARROS SILVA NETO","2","RAFAEL ANDRADE DA SILVA(1750470548811x148097843080986620)"
"1751545553109x225893912179638270","3,42","1741717852329x959885049985499100","Prazo dos entregáveis da solução","DALMÁRIO JOSÉ LIMA DE BARROS SILVA NETO","5","RAFAEL ANDRADE DA SILVA(1750470548811x148097843080986620)"
"1751545553109x225893912179638270","3,42","1741717852329x959885049985499100","A demonstração comparativa de custo e benefício da proposta em relação às opções funcionalmente equivalentes","DALMÁRIO JOSÉ LIMA DE BARROS SILVA NETO","3","RAFAEL ANDRADE DA SILVA(1750470548811x148097843080986620)"
"1751477448271x931988018242519000","5","1741717852329x959885049985499100","O potencial de resolução do problema pela solução proposta e, se for o caso, da provável economia para a administração pública","DALMÁRIO JOSÉ LIMA DE BARROS SILVA NETO","5","Gralha Azul(1747270855036x195390718165647360)"
"1751545553109x225893912179638270","3,42","1741717852329x959885049985499100","A qualidade da fundamentação, analisando o embasamento e a justificativa da solução proposta pelo aplicante","DALMÁRIO JOSÉ LIMA DE BARROS SILVA NETO","5","RAFAEL ANDRADE DA SILVA(1750470548811x148097843080986620)"
"1751477448271x931988018242519000","5","1741717852329x959885049985499100","A viabilidade e a maturidade do modelo de negócio da solução","DALMÁRIO JOSÉ LIMA DE BARROS SILVA NETO","5","Gralha Azul(1747270855036x195390718165647360)"
"1751477448271x931988018242519000","5","1741717852329x959885049985499100","A demonstração comparativa de custo e benefício da proposta em relação às opções funcionalmente equivalentes","DALMÁRIO JOSÉ LIMA DE BARROS SILVA NETO","5","Gralha Azul(1747270855036x195390718165647360)"
"1751477448271x931988018242519000","5","1741717852329x959885049985499100","Tecnologias utilizadas para a solução do desafio","DALMÁRIO JOSÉ LIMA DE BARROS SILVA NETO","5","Gralha Azul(1747270855036x195390718165647360)"
"1751477448271x931988018242519000","5","1741717852329x959885049985499100","Escalabilidade, ou seja, refere-se à capacidade da solução ser reproduzida em grande quantidade e para um número grande de clientes","DALMÁRIO JOSÉ LIMA DE BARROS SILVA NETO","5","Gralha Azul(1747270855036x195390718165647360)"
"1751477448271x931988018242519000","5","1741717852329x959885049985499100","Prazo dos entregáveis da solução","DALMÁRIO JOSÉ LIMA DE BARROS SILVA NETO","5","Gralha Azul(1747270855036x195390718165647360)"
"1751476517939x559319434775756800","5","1741717852329x959885049985499100","A viabilidade e a maturidade do modelo de negócio da solução","DALMÁRIO JOSÉ LIMA DE BARROS SILVA NETO","5","BOB(1747256813350x778000898229010400)"
"1751477448271x931988018242519000","5","1741717852329x959885049985499100","A qualidade da fundamentação, analisando o embasamento e a justificativa da solução proposta pelo aplicante","DALMÁRIO JOSÉ LIMA DE BARROS SILVA NETO","5","Gralha Azul(1747270855036x195390718165647360)"
"1751476517939x559319434775756800","5","1741717852329x959885049985499100","A demonstração comparativa de custo e benefício da proposta em relação às opções funcionalmente equivalentes","DALMÁRIO JOSÉ LIMA DE BARROS SILVA NETO","5","BOB(1747256813350x778000898229010400)"
"1751476517939x559319434775756800","5","1741717852329x959885049985499100","Tecnologias utilizadas para a solução do desafio","DALMÁRIO JOSÉ LIMA DE BARROS SILVA NETO","5","BOB(1747256813350x778000898229010400)"
"1751476517939x559319434775756800","5","1741717852329x959885049985499100","A qualidade da fundamentação, analisando o embasamento e a justificativa da solução proposta pelo aplicante","DALMÁRIO JOSÉ LIMA DE BARROS SILVA NETO","5","BOB(1747256813350x778000898229010400)"
"1751476517939x559319434775756800","5","1741717852329x959885049985499100","Prazo dos entregáveis da solução","DALMÁRIO JOSÉ LIMA DE BARROS SILVA NETO","5","BOB(1747256813350x778000898229010400)"
"1751476517939x559319434775756800","5","1741717852329x959885049985499100","Escalabilidade, ou seja, refere-se à capacidade da solução ser reproduzida em grande quantidade e para um número grande de clientes","DALMÁRIO JOSÉ LIMA DE BARROS SILVA NETO","5","BOB(1747256813350x778000898229010400)"
"1751470193201x847408626839846900","4,33","1741717852329x959885049985499100","A demonstração comparativa de custo e benefício da proposta em relação às opções funcionalmente equivalentes","OTO BUREGIO DE LIMA","5","BoraVer(1750467696005x441635592284930050)"
"1751470193201x847408626839846900","4,33","1741717852329x959885049985499100","Tecnologias utilizadas para a solução do desafio","OTO BUREGIO DE LIMA","5","BoraVer(1750467696005x441635592284930050)"
"1751470193201x847408626839846900","4,33","1741717852329x959885049985499100","Escalabilidade, ou seja, refere-se à capacidade da solução ser reproduzida em grande quantidade e para um número grande de clientes","OTO BUREGIO DE LIMA","5","BoraVer(1750467696005x441635592284930050)"
"1751470193201x847408626839846900","4,33","1741717852329x959885049985499100","A qualidade da fundamentação, analisando o embasamento e a justificativa da solução proposta pelo aplicante","OTO BUREGIO DE LIMA","5","BoraVer(1750467696005x441635592284930050)"
"1751470193201x847408626839846900","4,33","1741717852329x959885049985499100","A viabilidade e a maturidade do modelo de negócio da solução","OTO BUREGIO DE LIMA","3","BoraVer(1750467696005x441635592284930050)"
"1751470193201x847408626839846900","4,33","1741717852329x959885049985499100","O potencial de resolução do problema pela solução proposta e, se for o caso, da provável economia para a administração pública","OTO BUREGIO DE LIMA","4","BoraVer(1750467696005x441635592284930050)"
"1751470193201x847408626839846900","4,33","1741717852329x959885049985499100","Prazo dos entregáveis da solução","OTO BUREGIO DE LIMA","4","BoraVer(1750467696005x441635592284930050)"
"1751469608424x521984668986769400","3,92","1741717852329x959885049985499100","O potencial de resolução do problema pela solução proposta e, se for o caso, da provável economia para a administração pública","OTO BUREGIO DE LIMA","4","Visão e ritmo(1750465688276x271010992059580400)"
"1751469608424x521984668986769400","3,92","1741717852329x959885049985499100","A viabilidade e a maturidade do modelo de negócio da solução","OTO BUREGIO DE LIMA","4","Visão e ritmo(1750465688276x271010992059580400)"
"1751469608424x521984668986769400","3,92","1741717852329x959885049985499100","A demonstração comparativa de custo e benefício da proposta em relação às opções funcionalmente equivalentes","OTO BUREGIO DE LIMA","4","Visão e ritmo(1750465688276x271010992059580400)"
"1751469608424x521984668986769400","3,92","1741717852329x959885049985499100","Tecnologias utilizadas para a solução do desafio","OTO BUREGIO DE LIMA","4","Visão e ritmo(1750465688276x271010992059580400)"
"1751469608424x521984668986769400","3,92","1741717852329x959885049985499100","Escalabilidade, ou seja, refere-se à capacidade da solução ser reproduzida em grande quantidade e para um número grande de clientes","OTO BUREGIO DE LIMA","4","Visão e ritmo(1750465688276x271010992059580400)"
"1751469608424x521984668986769400","3,92","1741717852329x959885049985499100","A qualidade da fundamentação, analisando o embasamento e a justificativa da solução proposta pelo aplicante","OTO BUREGIO DE LIMA","3","Visão e ritmo(1750465688276x271010992059580400)"
"1751476517939x559319434775756800","5","1741717852329x959885049985499100","O potencial de resolução do problema pela solução proposta e, se for o caso, da provável economia para a administração pública","DALMÁRIO JOSÉ LIMA DE BARROS SILVA NETO","5","BOB(1747256813350x778000898229010400)"
"1751469608424x521984668986769400","3,92","1741717852329x959885049985499100","Prazo dos entregáveis da solução","OTO BUREGIO DE LIMA","4","Visão e ritmo(1750465688276x271010992059580400)"
"1751469058987x922907893844672500","4,75","1741717852329x959885049985499100","A viabilidade e a maturidade do modelo de negócio da solução","OTO BUREGIO DE LIMA","5","Tech3(1750458455261x175536613849301000)"
"1751469058987x922907893844672500","4,75","1741717852329x959885049985499100","O potencial de resolução do problema pela solução proposta e, se for o caso, da provável economia para a administração pública","OTO BUREGIO DE LIMA","5","Tech3(1750458455261x175536613849301000)"
"1751469058987x922907893844672500","4,75","1741717852329x959885049985499100","Tecnologias utilizadas para a solução do desafio","OTO BUREGIO DE LIMA","5","Tech3(1750458455261x175536613849301000)"
"1751469058987x922907893844672500","4,75","1741717852329x959885049985499100","Prazo dos entregáveis da solução","OTO BUREGIO DE LIMA","5","Tech3(1750458455261x175536613849301000)"
"1751469058987x922907893844672500","4,75","1741717852329x959885049985499100","A demonstração comparativa de custo e benefício da proposta em relação às opções funcionalmente equivalentes","OTO BUREGIO DE LIMA","4","Tech3(1750458455261x175536613849301000)"
"1751469058987x922907893844672500","4,75","1741717852329x959885049985499100","A qualidade da fundamentação, analisando o embasamento e a justificativa da solução proposta pelo aplicante","OTO BUREGIO DE LIMA","5","Tech3(1750458455261x175536613849301000)"
"1751468255246x884874955493998600","4,92","1741717852329x959885049985499100","A demonstração comparativa de custo e benefício da proposta em relação às opções funcionalmente equivalentes","DALMÁRIO JOSÉ LIMA DE BARROS SILVA NETO","4","Synesthesia Vision (1747234890261x303493752378621950)"
"1751468255246x884874955493998600","4,92","1741717852329x959885049985499100","O potencial de resolução do problema pela solução proposta e, se for o caso, da provável economia para a administração pública","DALMÁRIO JOSÉ LIMA DE BARROS SILVA NETO","5","Synesthesia Vision (1747234890261x303493752378621950)"
"1751468255246x884874955493998600","4,92","1741717852329x959885049985499100","A viabilidade e a maturidade do modelo de negócio da solução","DALMÁRIO JOSÉ LIMA DE BARROS SILVA NETO","5","Synesthesia Vision (1747234890261x303493752378621950)"
"1751468255246x884874955493998600","4,92","1741717852329x959885049985499100","Tecnologias utilizadas para a solução do desafio","DALMÁRIO JOSÉ LIMA DE BARROS SILVA NETO","5","Synesthesia Vision (1747234890261x303493752378621950)"
"1751469058987x922907893844672500","4,75","1741717852329x959885049985499100","Escalabilidade, ou seja, refere-se à capacidade da solução ser reproduzida em grande quantidade e para um número grande de clientes","OTO BUREGIO DE LIMA","4","Tech3(1750458455261x175536613849301000)"
"1751468255246x884874955493998600","4,92","1741717852329x959885049985499100","Prazo dos entregáveis da solução","DALMÁRIO JOSÉ LIMA DE BARROS SILVA NETO","5","Synesthesia Vision (1747234890261x303493752378621950)"
"1751468068829x242739190555213820","3,75","1741717852329x959885049985499100","A demonstração comparativa de custo e benefício da proposta em relação às opções funcionalmente equivalentes","OTO BUREGIO DE LIMA","3","enkode(1750455499886x638591438523203600)"
"1751468068829x242739190555213820","3,75","1741717852329x959885049985499100","O potencial de resolução do problema pela solução proposta e, se for o caso, da provável economia para a administração pública","OTO BUREGIO DE LIMA","4","enkode(1750455499886x638591438523203600)"
"1751468255246x884874955493998600","4,92","1741717852329x959885049985499100","Escalabilidade, ou seja, refere-se à capacidade da solução ser reproduzida em grande quantidade e para um número grande de clientes","DALMÁRIO JOSÉ LIMA DE BARROS SILVA NETO","5","Synesthesia Vision (1747234890261x303493752378621950)"
"1751468068829x242739190555213820","3,75","1741717852329x959885049985499100","A qualidade da fundamentação, analisando o embasamento e a justificativa da solução proposta pelo aplicante","OTO BUREGIO DE LIMA","4","enkode(1750455499886x638591438523203600)"
"1751468255246x884874955493998600","4,92","1741717852329x959885049985499100","A qualidade da fundamentação, analisando o embasamento e a justificativa da solução proposta pelo aplicante","DALMÁRIO JOSÉ LIMA DE BARROS SILVA NETO","5","Synesthesia Vision (1747234890261x303493752378621950)"
"1751468068829x242739190555213820","3,75","1741717852329x959885049985499100","Escalabilidade, ou seja, refere-se à capacidade da solução ser reproduzida em grande quantidade e para um número grande de clientes","OTO BUREGIO DE LIMA","3","enkode(1750455499886x638591438523203600)"
"1751468068829x242739190555213820","3,75","1741717852329x959885049985499100","A viabilidade e a maturidade do modelo de negócio da solução","OTO BUREGIO DE LIMA","4","enkode(1750455499886x638591438523203600)"
"1751468068829x242739190555213820","3,75","1741717852329x959885049985499100","Tecnologias utilizadas para a solução do desafio","OTO BUREGIO DE LIMA","4","enkode(1750455499886x638591438523203600)"
"1751467987163x415275299777282050","4,42","1741717852329x959885049985499100","O potencial de resolução do problema pela solução proposta e, se for o caso, da provável economia para a administração pública","DALMÁRIO JOSÉ LIMA DE BARROS SILVA NETO","5","Heyde Leão de Souza(1746707157949x895218344394752000)"
"1751467987163x415275299777282050","4,42","1741717852329x959885049985499100","A viabilidade e a maturidade do modelo de negócio da solução","DALMÁRIO JOSÉ LIMA DE BARROS SILVA NETO","5","Heyde Leão de Souza(1746707157949x895218344394752000)"
"1751468068829x242739190555213820","3,75","1741717852329x959885049985499100","Prazo dos entregáveis da solução","OTO BUREGIO DE LIMA","4","enkode(1750455499886x638591438523203600)"
"1751467987163x415275299777282050","4,42","1741717852329x959885049985499100","Escalabilidade, ou seja, refere-se à capacidade da solução ser reproduzida em grande quantidade e para um número grande de clientes","DALMÁRIO JOSÉ LIMA DE BARROS SILVA NETO","5","Heyde Leão de Souza(1746707157949x895218344394752000)"
"1751467987163x415275299777282050","4,42","1741717852329x959885049985499100","Tecnologias utilizadas para a solução do desafio","DALMÁRIO JOSÉ LIMA DE BARROS SILVA NETO","2","Heyde Leão de Souza(1746707157949x895218344394752000)"
"1751467987163x415275299777282050","4,42","1741717852329x959885049985499100","A qualidade da fundamentação, analisando o embasamento e a justificativa da solução proposta pelo aplicante","DALMÁRIO JOSÉ LIMA DE BARROS SILVA NETO","5","Heyde Leão de Souza(1746707157949x895218344394752000)"
"1751467987163x415275299777282050","4,42","1741717852329x959885049985499100","Prazo dos entregáveis da solução","DALMÁRIO JOSÉ LIMA DE BARROS SILVA NETO","4","Heyde Leão de Souza(1746707157949x895218344394752000)"
"1751467343676x529854196516126700","2,92","1741717852329x959885049985499100","O potencial de resolução do problema pela solução proposta e, se for o caso, da provável economia para a administração pública","DALMÁRIO JOSÉ LIMA DE BARROS SILVA NETO","2","VER-TI MOBILIDADE URBANA LTDA(1746297384978x444246789471338500)"
"1751467987163x415275299777282050","4,42","1741717852329x959885049985499100","A demonstração comparativa de custo e benefício da proposta em relação às opções funcionalmente equivalentes","DALMÁRIO JOSÉ LIMA DE BARROS SILVA NETO","5","Heyde Leão de Souza(1746707157949x895218344394752000)"
"1751467343676x529854196516126700","2,92","1741717852329x959885049985499100","A demonstração comparativa de custo e benefício da proposta em relação às opções funcionalmente equivalentes","DALMÁRIO JOSÉ LIMA DE BARROS SILVA NETO","3","VER-TI MOBILIDADE URBANA LTDA(1746297384978x444246789471338500)"
"1751467343676x529854196516126700","2,92","1741717852329x959885049985499100","A viabilidade e a maturidade do modelo de negócio da solução","DALMÁRIO JOSÉ LIMA DE BARROS SILVA NETO","3","VER-TI MOBILIDADE URBANA LTDA(1746297384978x444246789471338500)"
"1751467343676x529854196516126700","2,92","1741717852329x959885049985499100","Escalabilidade, ou seja, refere-se à capacidade da solução ser reproduzida em grande quantidade e para um número grande de clientes","DALMÁRIO JOSÉ LIMA DE BARROS SILVA NETO","4","VER-TI MOBILIDADE URBANA LTDA(1746297384978x444246789471338500)"
"1751467343676x529854196516126700","2,92","1741717852329x959885049985499100","A qualidade da fundamentação, analisando o embasamento e a justificativa da solução proposta pelo aplicante","DALMÁRIO JOSÉ LIMA DE BARROS SILVA NETO","3","VER-TI MOBILIDADE URBANA LTDA(1746297384978x444246789471338500)"
"1751467343676x529854196516126700","2,92","1741717852329x959885049985499100","Prazo dos entregáveis da solução","DALMÁRIO JOSÉ LIMA DE BARROS SILVA NETO","3","VER-TI MOBILIDADE URBANA LTDA(1746297384978x444246789471338500)"
"1751467343676x529854196516126700","2,92","1741717852329x959885049985499100","Tecnologias utilizadas para a solução do desafio","DALMÁRIO JOSÉ LIMA DE BARROS SILVA NETO","3","VER-TI MOBILIDADE URBANA LTDA(1746297384978x444246789471338500)"
"1751465526051x633861012963983400","3,58","1741717852329x959885049985499100","A viabilidade e a maturidade do modelo de negócio da solução","OTO BUREGIO DE LIMA","3","Watt Consultoria(1750426734948x679162655262900200)"
"1751465526051x633861012963983400","3,58","1741717852329x959885049985499100","A demonstração comparativa de custo e benefício da proposta em relação às opções funcionalmente equivalentes","OTO BUREGIO DE LIMA","3","Watt Consultoria(1750426734948x679162655262900200)"
"1751465526051x633861012963983400","3,58","1741717852329x959885049985499100","O potencial de resolução do problema pela solução proposta e, se for o caso, da provável economia para a administração pública","OTO BUREGIO DE LIMA","4","Watt Consultoria(1750426734948x679162655262900200)"
"1751465526051x633861012963983400","3,58","1741717852329x959885049985499100","A qualidade da fundamentação, analisando o embasamento e a justificativa da solução proposta pelo aplicante","OTO BUREGIO DE LIMA","4","Watt Consultoria(1750426734948x679162655262900200)"
"1751465526051x633861012963983400","3,58","1741717852329x959885049985499100","Escalabilidade, ou seja, refere-se à capacidade da solução ser reproduzida em grande quantidade e para um número grande de clientes","OTO BUREGIO DE LIMA","3","Watt Consultoria(1750426734948x679162655262900200)"
"1751465526051x633861012963983400","3,58","1741717852329x959885049985499100","Tecnologias utilizadas para a solução do desafio","OTO BUREGIO DE LIMA","4","Watt Consultoria(1750426734948x679162655262900200)"
"1751465496980x498064546030157800","4,67","1741717852329x959885049985499100","Prazo dos entregáveis da solução","DALMÁRIO JOSÉ LIMA DE BARROS SILVA NETO","5","BoraVer(1750467696005x441635592284930050)"
"1751465266425x482586139620016100","1","1741717852329x959885049985499100","O potencial de resolução do problema pela solução proposta e, se for o caso, da provável economia para a administração pública","DALMÁRIO JOSÉ LIMA DE BARROS SILVA NETO","1"," ALEXANDRE GUEDES RIBEIRO(1743616040182x329049495127982100)"
"1751465266425x482586139620016100","1","1741717852329x959885049985499100","A viabilidade e a maturidade do modelo de negócio da solução","DALMÁRIO JOSÉ LIMA DE BARROS SILVA NETO","1"," ALEXANDRE GUEDES RIBEIRO(1743616040182x329049495127982100)"
"1751465266425x482586139620016100","1","1741717852329x959885049985499100","A demonstração comparativa de custo e benefício da proposta em relação às opções funcionalmente equivalentes","DALMÁRIO JOSÉ LIMA DE BARROS SILVA NETO","1"," ALEXANDRE GUEDES RIBEIRO(1743616040182x329049495127982100)"
"1751465496980x498064546030157800","4,67","1741717852329x959885049985499100","A qualidade da fundamentação, analisando o embasamento e a justificativa da solução proposta pelo aplicante","DALMÁRIO JOSÉ LIMA DE BARROS SILVA NETO","5","BoraVer(1750467696005x441635592284930050)"
"1751465266425x482586139620016100","1","1741717852329x959885049985499100","Tecnologias utilizadas para a solução do desafio","DALMÁRIO JOSÉ LIMA DE BARROS SILVA NETO","1"," ALEXANDRE GUEDES RIBEIRO(1743616040182x329049495127982100)"
"1751465266425x482586139620016100","1","1741717852329x959885049985499100","A qualidade da fundamentação, analisando o embasamento e a justificativa da solução proposta pelo aplicante","DALMÁRIO JOSÉ LIMA DE BARROS SILVA NETO","1"," ALEXANDRE GUEDES RIBEIRO(1743616040182x329049495127982100)"
"1751465266425x482586139620016100","1","1741717852329x959885049985499100","Prazo dos entregáveis da solução","DALMÁRIO JOSÉ LIMA DE BARROS SILVA NETO","1"," ALEXANDRE GUEDES RIBEIRO(1743616040182x329049495127982100)"
"1751464357082x961166077739925500","2,58","1741717852329x959885049985499100","A viabilidade e a maturidade do modelo de negócio da solução","RAFAEL HENRIQUES PIMENTEL DE PAULA","2","VER-TI MOBILIDADE URBANA LTDA(1746297384978x444246789471338500)"
"1751464357082x961166077739925500","2,58","1741717852329x959885049985499100","A demonstração comparativa de custo e benefício da proposta em relação às opções funcionalmente equivalentes","RAFAEL HENRIQUES PIMENTEL DE PAULA","2","VER-TI MOBILIDADE URBANA LTDA(1746297384978x444246789471338500)"
"1751465266425x482586139620016100","1","1741717852329x959885049985499100","Escalabilidade, ou seja, refere-se à capacidade da solução ser reproduzida em grande quantidade e para um número grande de clientes","DALMÁRIO JOSÉ LIMA DE BARROS SILVA NETO","1"," ALEXANDRE GUEDES RIBEIRO(1743616040182x329049495127982100)"
"1751464357082x961166077739925500","2,58","1741717852329x959885049985499100","Tecnologias utilizadas para a solução do desafio","RAFAEL HENRIQUES PIMENTEL DE PAULA","3","VER-TI MOBILIDADE URBANA LTDA(1746297384978x444246789471338500)"
"1751464357082x961166077739925500","2,58","1741717852329x959885049985499100","Escalabilidade, ou seja, refere-se à capacidade da solução ser reproduzida em grande quantidade e para um número grande de clientes","RAFAEL HENRIQUES PIMENTEL DE PAULA","3","VER-TI MOBILIDADE URBANA LTDA(1746297384978x444246789471338500)"
"1751464357082x961166077739925500","2,58","1741717852329x959885049985499100","A qualidade da fundamentação, analisando o embasamento e a justificativa da solução proposta pelo aplicante","RAFAEL HENRIQUES PIMENTEL DE PAULA","2","VER-TI MOBILIDADE URBANA LTDA(1746297384978x444246789471338500)"
"1751464357082x961166077739925500","2,58","1741717852329x959885049985499100","O potencial de resolução do problema pela solução proposta e, se for o caso, da provável economia para a administração pública","RAFAEL HENRIQUES PIMENTEL DE PAULA","3","VER-TI MOBILIDADE URBANA LTDA(1746297384978x444246789471338500)"
"1751464317338x849378682191740900","3,58","1741717852329x959885049985499100","Prazo dos entregáveis da solução","DALMÁRIO JOSÉ LIMA DE BARROS SILVA NETO","5","Passo com Vos - Adapt-Free(1745634856585x832885378648637400)"
"1751464317338x849378682191740900","3,58","1741717852329x959885049985499100","A qualidade da fundamentação, analisando o embasamento e a justificativa da solução proposta pelo aplicante","DALMÁRIO JOSÉ LIMA DE BARROS SILVA NETO","5","Passo com Vos - Adapt-Free(1745634856585x832885378648637400)"
"1751464317338x849378682191740900","3,58","1741717852329x959885049985499100","A demonstração comparativa de custo e benefício da proposta em relação às opções funcionalmente equivalentes","DALMÁRIO JOSÉ LIMA DE BARROS SILVA NETO","2","Passo com Vos - Adapt-Free(1745634856585x832885378648637400)"
"1751464317338x849378682191740900","3,58","1741717852329x959885049985499100","Escalabilidade, ou seja, refere-se à capacidade da solução ser reproduzida em grande quantidade e para um número grande de clientes","DALMÁRIO JOSÉ LIMA DE BARROS SILVA NETO","5","Passo com Vos - Adapt-Free(1745634856585x832885378648637400)"
"1751463000167x986805728281624600","3,75","1741717852329x959885049985499100","O potencial de resolução do problema pela solução proposta e, se for o caso, da provável economia para a administração pública","OTO BUREGIO DE LIMA","4","Vixsystem(1750386615441x880886100849852400)"
"1751464317338x849378682191740900","3,58","1741717852329x959885049985499100","O potencial de resolução do problema pela solução proposta e, se for o caso, da provável economia para a administração pública","DALMÁRIO JOSÉ LIMA DE BARROS SILVA NETO","3","Passo com Vos - Adapt-Free(1745634856585x832885378648637400)"
"1751464317338x849378682191740900","3,58","1741717852329x959885049985499100","Tecnologias utilizadas para a solução do desafio","DALMÁRIO JOSÉ LIMA DE BARROS SILVA NETO","5","Passo com Vos - Adapt-Free(1745634856585x832885378648637400)"
"1751463000167x986805728281624600","3,75","1741717852329x959885049985499100","A demonstração comparativa de custo e benefício da proposta em relação às opções funcionalmente equivalentes","OTO BUREGIO DE LIMA","3","Vixsystem(1750386615441x880886100849852400)"
"1751464317338x849378682191740900","3,58","1741717852329x959885049985499100","A viabilidade e a maturidade do modelo de negócio da solução","DALMÁRIO JOSÉ LIMA DE BARROS SILVA NETO","1","Passo com Vos - Adapt-Free(1745634856585x832885378648637400)"
"1751463000167x986805728281624600","3,75","1741717852329x959885049985499100","A viabilidade e a maturidade do modelo de negócio da solução","OTO BUREGIO DE LIMA","5","Vixsystem(1750386615441x880886100849852400)"
"1751464357082x961166077739925500","2,58","1741717852329x959885049985499100","Prazo dos entregáveis da solução","RAFAEL HENRIQUES PIMENTEL DE PAULA","2","VER-TI MOBILIDADE URBANA LTDA(1746297384978x444246789471338500)"
"1751463000167x986805728281624600","3,75","1741717852329x959885049985499100","Tecnologias utilizadas para a solução do desafio","OTO BUREGIO DE LIMA","3","Vixsystem(1750386615441x880886100849852400)"
"1751463000167x986805728281624600","3,75","1741717852329x959885049985499100","A qualidade da fundamentação, analisando o embasamento e a justificativa da solução proposta pelo aplicante","OTO BUREGIO DE LIMA","4","Vixsystem(1750386615441x880886100849852400)"
"1751463000167x986805728281624600","3,75","1741717852329x959885049985499100","Prazo dos entregáveis da solução","OTO BUREGIO DE LIMA","4","Vixsystem(1750386615441x880886100849852400)"
"1751460955899x704256857783664600","2,25","1741717852329x959885049985499100","O potencial de resolução do problema pela solução proposta e, se for o caso, da provável economia para a administração pública","RAFAEL HENRIQUES PIMENTEL DE PAULA","2","Passo com Vos - Adapt-Free(1745634856585x832885378648637400)"
"1751460955899x704256857783664600","2,25","1741717852329x959885049985499100","A demonstração comparativa de custo e benefício da proposta em relação às opções funcionalmente equivalentes","RAFAEL HENRIQUES PIMENTEL DE PAULA","2","Passo com Vos - Adapt-Free(1745634856585x832885378648637400)"
"1751460955899x704256857783664600","2,25","1741717852329x959885049985499100","A viabilidade e a maturidade do modelo de negócio da solução","RAFAEL HENRIQUES PIMENTEL DE PAULA","2","Passo com Vos - Adapt-Free(1745634856585x832885378648637400)"
"1751460955899x704256857783664600","2,25","1741717852329x959885049985499100","A qualidade da fundamentação, analisando o embasamento e a justificativa da solução proposta pelo aplicante","RAFAEL HENRIQUES PIMENTEL DE PAULA","2","Passo com Vos - Adapt-Free(1745634856585x832885378648637400)"
"1751460955899x704256857783664600","2,25","1741717852329x959885049985499100","Escalabilidade, ou seja, refere-se à capacidade da solução ser reproduzida em grande quantidade e para um número grande de clientes","RAFAEL HENRIQUES PIMENTEL DE PAULA","3","Passo com Vos - Adapt-Free(1745634856585x832885378648637400)"
"1751460955899x704256857783664600","2,25","1741717852329x959885049985499100","Prazo dos entregáveis da solução","RAFAEL HENRIQUES PIMENTEL DE PAULA","3","Passo com Vos - Adapt-Free(1745634856585x832885378648637400)"
"1751458478292x832996588965331000","1","1741717852329x959885049985499100","A viabilidade e a maturidade do modelo de negócio da solução","RAFAEL HENRIQUES PIMENTEL DE PAULA","1"," ALEXANDRE GUEDES RIBEIRO(1743616040182x329049495127982100)"
"1751458478292x832996588965331000","1","1741717852329x959885049985499100","A demonstração comparativa de custo e benefício da proposta em relação às opções funcionalmente equivalentes","RAFAEL HENRIQUES PIMENTEL DE PAULA","1"," ALEXANDRE GUEDES RIBEIRO(1743616040182x329049495127982100)"
"1751458478292x832996588965331000","1","1741717852329x959885049985499100","O potencial de resolução do problema pela solução proposta e, se for o caso, da provável economia para a administração pública","RAFAEL HENRIQUES PIMENTEL DE PAULA","1"," ALEXANDRE GUEDES RIBEIRO(1743616040182x329049495127982100)"
"1751458478292x832996588965331000","1","1741717852329x959885049985499100","Tecnologias utilizadas para a solução do desafio","RAFAEL HENRIQUES PIMENTEL DE PAULA","1"," ALEXANDRE GUEDES RIBEIRO(1743616040182x329049495127982100)"
"1751460955899x704256857783664600","2,25","1741717852329x959885049985499100","Tecnologias utilizadas para a solução do desafio","RAFAEL HENRIQUES PIMENTEL DE PAULA","2","Passo com Vos - Adapt-Free(1745634856585x832885378648637400)"
"1751458478292x832996588965331000","1","1741717852329x959885049985499100","A qualidade da fundamentação, analisando o embasamento e a justificativa da solução proposta pelo aplicante","RAFAEL HENRIQUES PIMENTEL DE PAULA","1"," ALEXANDRE GUEDES RIBEIRO(1743616040182x329049495127982100)"
"1751458478292x832996588965331000","1","1741717852329x959885049985499100","Escalabilidade, ou seja, refere-se à capacidade da solução ser reproduzida em grande quantidade e para um número grande de clientes","RAFAEL HENRIQUES PIMENTEL DE PAULA","1"," ALEXANDRE GUEDES RIBEIRO(1743616040182x329049495127982100)"
"1751463000167x986805728281624600","3,75","1741717852329x959885049985499100","Escalabilidade, ou seja, refere-se à capacidade da solução ser reproduzida em grande quantidade e para um número grande de clientes","OTO BUREGIO DE LIMA","3","Vixsystem(1750386615441x880886100849852400)"
"1751425604752x567127957572157400","4,08","1741717852329x959885049985499100","A viabilidade e a maturidade do modelo de negócio da solução","FERNANDO ANTONIO NUNES DE SOUZA","4","Synesthesia Vision (1747234890261x303493752378621950)"
"1751425604752x567127957572157400","4,08","1741717852329x959885049985499100","A demonstração comparativa de custo e benefício da proposta em relação às opções funcionalmente equivalentes","FERNANDO ANTONIO NUNES DE SOUZA","5","Synesthesia Vision (1747234890261x303493752378621950)"
"1751425604752x567127957572157400","4,08","1741717852329x959885049985499100","Tecnologias utilizadas para a solução do desafio","FERNANDO ANTONIO NUNES DE SOUZA","5","Synesthesia Vision (1747234890261x303493752378621950)"
"1751425604752x567127957572157400","4,08","1741717852329x959885049985499100","O potencial de resolução do problema pela solução proposta e, se for o caso, da provável economia para a administração pública","FERNANDO ANTONIO NUNES DE SOUZA","4","Synesthesia Vision (1747234890261x303493752378621950)"
"1751425604752x567127957572157400","4,08","1741717852329x959885049985499100","A qualidade da fundamentação, analisando o embasamento e a justificativa da solução proposta pelo aplicante","FERNANDO ANTONIO NUNES DE SOUZA","5","Synesthesia Vision (1747234890261x303493752378621950)"
"1751425604752x567127957572157400","4,08","1741717852329x959885049985499100","Escalabilidade, ou seja, refere-se à capacidade da solução ser reproduzida em grande quantidade e para um número grande de clientes","FERNANDO ANTONIO NUNES DE SOUZA","4","Synesthesia Vision (1747234890261x303493752378621950)"
"1751458478292x832996588965331000","1","1741717852329x959885049985499100","Prazo dos entregáveis da solução","RAFAEL HENRIQUES PIMENTEL DE PAULA","1"," ALEXANDRE GUEDES RIBEIRO(1743616040182x329049495127982100)"
"1751425604752x567127957572157400","4,08","1741717852329x959885049985499100","Prazo dos entregáveis da solução","FERNANDO ANTONIO NUNES DE SOUZA","1","Synesthesia Vision (1747234890261x303493752378621950)"
"1751403448593x496803043463397400","4,58","1741717852329x959885049985499100","O potencial de resolução do problema pela solução proposta e, se for o caso, da provável economia para a administração pública","FERNANDO ANTONIO NUNES DE SOUZA","5","Heyde Leão de Souza(1746707157949x895218344394752000)"
"1751403448593x496803043463397400","4,58","1741717852329x959885049985499100","Escalabilidade, ou seja, refere-se à capacidade da solução ser reproduzida em grande quantidade e para um número grande de clientes","FERNANDO ANTONIO NUNES DE SOUZA","3","Heyde Leão de Souza(1746707157949x895218344394752000)"
"1751403448593x496803043463397400","4,58","1741717852329x959885049985499100","A demonstração comparativa de custo e benefício da proposta em relação às opções funcionalmente equivalentes","FERNANDO ANTONIO NUNES DE SOUZA","4","Heyde Leão de Souza(1746707157949x895218344394752000)"
"1751403448593x496803043463397400","4,58","1741717852329x959885049985499100","Tecnologias utilizadas para a solução do desafio","FERNANDO ANTONIO NUNES DE SOUZA","5","Heyde Leão de Souza(1746707157949x895218344394752000)"
"1751402202666x474309294776647700","1,25","1741717852329x959885049985499100","O potencial de resolução do problema pela solução proposta e, se for o caso, da provável economia para a administração pública","FERNANDO ANTONIO NUNES DE SOUZA","1","VER-TI MOBILIDADE URBANA LTDA(1746297384978x444246789471338500)"
"1751402202666x474309294776647700","1,25","1741717852329x959885049985499100","A viabilidade e a maturidade do modelo de negócio da solução","FERNANDO ANTONIO NUNES DE SOUZA","2","VER-TI MOBILIDADE URBANA LTDA(1746297384978x444246789471338500)"
"1751402202666x474309294776647700","1,25","1741717852329x959885049985499100","A demonstração comparativa de custo e benefício da proposta em relação às opções funcionalmente equivalentes","FERNANDO ANTONIO NUNES DE SOUZA","1","VER-TI MOBILIDADE URBANA LTDA(1746297384978x444246789471338500)"
"1751402202666x474309294776647700","1,25","1741717852329x959885049985499100","Tecnologias utilizadas para a solução do desafio","FERNANDO ANTONIO NUNES DE SOUZA","1","VER-TI MOBILIDADE URBANA LTDA(1746297384978x444246789471338500)"
"1751403448593x496803043463397400","4,58","1741717852329x959885049985499100","A viabilidade e a maturidade do modelo de negócio da solução","FERNANDO ANTONIO NUNES DE SOUZA","5","Heyde Leão de Souza(1746707157949x895218344394752000)"
"1751402202666x474309294776647700","1,25","1741717852329x959885049985499100","Escalabilidade, ou seja, refere-se à capacidade da solução ser reproduzida em grande quantidade e para um número grande de clientes","FERNANDO ANTONIO NUNES DE SOUZA","1","VER-TI MOBILIDADE URBANA LTDA(1746297384978x444246789471338500)"
"1751402202666x474309294776647700","1,25","1741717852329x959885049985499100","Prazo dos entregáveis da solução","FERNANDO ANTONIO NUNES DE SOUZA","1","VER-TI MOBILIDADE URBANA LTDA(1746297384978x444246789471338500)"
"1751402202666x474309294776647700","1,25","1741717852329x959885049985499100","A qualidade da fundamentação, analisando o embasamento e a justificativa da solução proposta pelo aplicante","FERNANDO ANTONIO NUNES DE SOUZA","2","VER-TI MOBILIDADE URBANA LTDA(1746297384978x444246789471338500)"
"1751403448593x496803043463397400","4,58","1741717852329x959885049985499100","A qualidade da fundamentação, analisando o embasamento e a justificativa da solução proposta pelo aplicante","FERNANDO ANTONIO NUNES DE SOUZA","5","Heyde Leão de Souza(1746707157949x895218344394752000)"
"1751398993176x251893237251571700","3,42","1741717852329x959885049985499100","O potencial de resolução do problema pela solução proposta e, se for o caso, da provável economia para a administração pública","OTO BUREGIO DE LIMA","4","Passo Seguro(1750372008997x772099467722096600)"
"1751398993176x251893237251571700","3,42","1741717852329x959885049985499100","A viabilidade e a maturidade do modelo de negócio da solução","OTO BUREGIO DE LIMA","3","Passo Seguro(1750372008997x772099467722096600)"
"1751398993176x251893237251571700","3,42","1741717852329x959885049985499100","A demonstração comparativa de custo e benefício da proposta em relação às opções funcionalmente equivalentes","OTO BUREGIO DE LIMA","3","Passo Seguro(1750372008997x772099467722096600)"
"1751398993176x251893237251571700","3,42","1741717852329x959885049985499100","Tecnologias utilizadas para a solução do desafio","OTO BUREGIO DE LIMA","3","Passo Seguro(1750372008997x772099467722096600)"
"1751398993176x251893237251571700","3,42","1741717852329x959885049985499100","A qualidade da fundamentação, analisando o embasamento e a justificativa da solução proposta pelo aplicante","OTO BUREGIO DE LIMA","4","Passo Seguro(1750372008997x772099467722096600)"
"1751398993176x251893237251571700","3,42","1741717852329x959885049985499100","Prazo dos entregáveis da solução","OTO BUREGIO DE LIMA","4","Passo Seguro(1750372008997x772099467722096600)"
"1751396344519x507565913538297860","3,75","1741717852329x959885049985499100","O potencial de resolução do problema pela solução proposta e, se for o caso, da provável economia para a administração pública","OTO BUREGIO DE LIMA","4","Brio: Mobilidade Segura para Pessoas com Deficiência(1750364140423x786370289360175100)"
"1751396344519x507565913538297860","3,75","1741717852329x959885049985499100","A viabilidade e a maturidade do modelo de negócio da solução","OTO BUREGIO DE LIMA","4","Brio: Mobilidade Segura para Pessoas com Deficiência(1750364140423x786370289360175100)"
"1751398993176x251893237251571700","3,42","1741717852329x959885049985499100","Escalabilidade, ou seja, refere-se à capacidade da solução ser reproduzida em grande quantidade e para um número grande de clientes","OTO BUREGIO DE LIMA","3","Passo Seguro(1750372008997x772099467722096600)"
"1751396344519x507565913538297860","3,75","1741717852329x959885049985499100","Tecnologias utilizadas para a solução do desafio","OTO BUREGIO DE LIMA","3","Brio: Mobilidade Segura para Pessoas com Deficiência(1750364140423x786370289360175100)"
"1751396344519x507565913538297860","3,75","1741717852329x959885049985499100","A demonstração comparativa de custo e benefício da proposta em relação às opções funcionalmente equivalentes","OTO BUREGIO DE LIMA","3","Brio: Mobilidade Segura para Pessoas com Deficiência(1750364140423x786370289360175100)"
"1751403448593x496803043463397400","4,58","1741717852329x959885049985499100","Prazo dos entregáveis da solução","FERNANDO ANTONIO NUNES DE SOUZA","5","Heyde Leão de Souza(1746707157949x895218344394752000)"
"1751396344519x507565913538297860","3,75","1741717852329x959885049985499100","A qualidade da fundamentação, analisando o embasamento e a justificativa da solução proposta pelo aplicante","OTO BUREGIO DE LIMA","4","Brio: Mobilidade Segura para Pessoas com Deficiência(1750364140423x786370289360175100)"
"1751396344519x507565913538297860","3,75","1741717852329x959885049985499100","Escalabilidade, ou seja, refere-se à capacidade da solução ser reproduzida em grande quantidade e para um número grande de clientes","OTO BUREGIO DE LIMA","4","Brio: Mobilidade Segura para Pessoas com Deficiência(1750364140423x786370289360175100)"
"1751395684856x648962002544754700","1","1741717852329x959885049985499100","O potencial de resolução do problema pela solução proposta e, se for o caso, da provável economia para a administração pública","OTO BUREGIO DE LIMA","1","Pulsetec(1750179661934x493441771244617700)"
"1751395684856x648962002544754700","1","1741717852329x959885049985499100","A demonstração comparativa de custo e benefício da proposta em relação às opções funcionalmente equivalentes","OTO BUREGIO DE LIMA","1","Pulsetec(1750179661934x493441771244617700)"
"1751395684856x648962002544754700","1","1741717852329x959885049985499100","Escalabilidade, ou seja, refere-se à capacidade da solução ser reproduzida em grande quantidade e para um número grande de clientes","OTO BUREGIO DE LIMA","1","Pulsetec(1750179661934x493441771244617700)"
"1751395684856x648962002544754700","1","1741717852329x959885049985499100","Tecnologias utilizadas para a solução do desafio","OTO BUREGIO DE LIMA","1","Pulsetec(1750179661934x493441771244617700)"
"1751395684856x648962002544754700","1","1741717852329x959885049985499100","A qualidade da fundamentação, analisando o embasamento e a justificativa da solução proposta pelo aplicante","OTO BUREGIO DE LIMA","1","Pulsetec(1750179661934x493441771244617700)"
"1751395684856x648962002544754700","1","1741717852329x959885049985499100","Prazo dos entregáveis da solução","OTO BUREGIO DE LIMA","1","Pulsetec(1750179661934x493441771244617700)"
"1751396344519x507565913538297860","3,75","1741717852329x959885049985499100","Prazo dos entregáveis da solução","OTO BUREGIO DE LIMA","4","Brio: Mobilidade Segura para Pessoas com Deficiência(1750364140423x786370289360175100)"
"1751395484482x415141115898888200","3,42","1741717852329x959885049985499100","A qualidade da fundamentação, analisando o embasamento e a justificativa da solução proposta pelo aplicante","OTO BUREGIO DE LIMA","3","Vitor Gabriel Silva de Lima(1749218056573x614755932894396400)"
"1751395484482x415141115898888200","3,42","1741717852329x959885049985499100","A viabilidade e a maturidade do modelo de negócio da solução","OTO BUREGIO DE LIMA","3","Vitor Gabriel Silva de Lima(1749218056573x614755932894396400)"
"1751395484482x415141115898888200","3,42","1741717852329x959885049985499100","O potencial de resolução do problema pela solução proposta e, se for o caso, da provável economia para a administração pública","OTO BUREGIO DE LIMA","3","Vitor Gabriel Silva de Lima(1749218056573x614755932894396400)"
"1751395484482x415141115898888200","3,42","1741717852329x959885049985499100","Escalabilidade, ou seja, refere-se à capacidade da solução ser reproduzida em grande quantidade e para um número grande de clientes","OTO BUREGIO DE LIMA","4","Vitor Gabriel Silva de Lima(1749218056573x614755932894396400)"
"1751395484482x415141115898888200","3,42","1741717852329x959885049985499100","Prazo dos entregáveis da solução","OTO BUREGIO DE LIMA","4","Vitor Gabriel Silva de Lima(1749218056573x614755932894396400)"
"1751395484482x415141115898888200","3,42","1741717852329x959885049985499100","A demonstração comparativa de custo e benefício da proposta em relação às opções funcionalmente equivalentes","OTO BUREGIO DE LIMA","3","Vitor Gabriel Silva de Lima(1749218056573x614755932894396400)"
"1751395684856x648962002544754700","1","1741717852329x959885049985499100","A viabilidade e a maturidade do modelo de negócio da solução","OTO BUREGIO DE LIMA","1","Pulsetec(1750179661934x493441771244617700)"
"1751394660838x312083446817095700","4,17","1741717852329x959885049985499100","Tecnologias utilizadas para a solução do desafio","OTO BUREGIO DE LIMA","4","See U(1747271412021x865596489359687700)"
"1751394660838x312083446817095700","4,17","1741717852329x959885049985499100","Prazo dos entregáveis da solução","OTO BUREGIO DE LIMA","4","See U(1747271412021x865596489359687700)"
"1751394660838x312083446817095700","4,17","1741717852329x959885049985499100","A demonstração comparativa de custo e benefício da proposta em relação às opções funcionalmente equivalentes","OTO BUREGIO DE LIMA","5","See U(1747271412021x865596489359687700)"
"1751394660838x312083446817095700","4,17","1741717852329x959885049985499100","A qualidade da fundamentação, analisando o embasamento e a justificativa da solução proposta pelo aplicante","OTO BUREGIO DE LIMA","5","See U(1747271412021x865596489359687700)"
"1751395484482x415141115898888200","3,42","1741717852329x959885049985499100","Tecnologias utilizadas para a solução do desafio","OTO BUREGIO DE LIMA","4","Vitor Gabriel Silva de Lima(1749218056573x614755932894396400)"
"1751394660838x312083446817095700","4,17","1741717852329x959885049985499100","Escalabilidade, ou seja, refere-se à capacidade da solução ser reproduzida em grande quantidade e para um número grande de clientes","OTO BUREGIO DE LIMA","4","See U(1747271412021x865596489359687700)"
"1751391184734x589322364891955200","3,58","1741717852329x959885049985499100","O potencial de resolução do problema pela solução proposta e, se for o caso, da provável economia para a administração pública","OTO BUREGIO DE LIMA","4","Gralha Azul(1747270855036x195390718165647360)"
"1751391184734x589322364891955200","3,58","1741717852329x959885049985499100","A demonstração comparativa de custo e benefício da proposta em relação às opções funcionalmente equivalentes","OTO BUREGIO DE LIMA","3","Gralha Azul(1747270855036x195390718165647360)"
"1751394660838x312083446817095700","4,17","1741717852329x959885049985499100","A viabilidade e a maturidade do modelo de negócio da solução","OTO BUREGIO DE LIMA","4","See U(1747271412021x865596489359687700)"
"1751394660838x312083446817095700","4,17","1741717852329x959885049985499100","O potencial de resolução do problema pela solução proposta e, se for o caso, da provável economia para a administração pública","OTO BUREGIO DE LIMA","4","See U(1747271412021x865596489359687700)"
"1751391184734x589322364891955200","3,58","1741717852329x959885049985499100","Escalabilidade, ou seja, refere-se à capacidade da solução ser reproduzida em grande quantidade e para um número grande de clientes","OTO BUREGIO DE LIMA","4","Gralha Azul(1747270855036x195390718165647360)"
"1751391184734x589322364891955200","3,58","1741717852329x959885049985499100","A qualidade da fundamentação, analisando o embasamento e a justificativa da solução proposta pelo aplicante","OTO BUREGIO DE LIMA","4","Gralha Azul(1747270855036x195390718165647360)"
"1751391184734x589322364891955200","3,58","1741717852329x959885049985499100","Tecnologias utilizadas para a solução do desafio","OTO BUREGIO DE LIMA","3","Gralha Azul(1747270855036x195390718165647360)"
"1751381559789x929277160303886300","3,83","1741717852329x959885049985499100","O potencial de resolução do problema pela solução proposta e, se for o caso, da provável economia para a administração pública","OTO BUREGIO DE LIMA","4","BOB(1747256813350x778000898229010400)"
"1751391184734x589322364891955200","3,58","1741717852329x959885049985499100","Prazo dos entregáveis da solução","OTO BUREGIO DE LIMA","4","Gralha Azul(1747270855036x195390718165647360)"
"1751381559789x929277160303886300","3,83","1741717852329x959885049985499100","Tecnologias utilizadas para a solução do desafio","OTO BUREGIO DE LIMA","3","BOB(1747256813350x778000898229010400)"
"1751381559789x929277160303886300","3,83","1741717852329x959885049985499100","A demonstração comparativa de custo e benefício da proposta em relação às opções funcionalmente equivalentes","OTO BUREGIO DE LIMA","4","BOB(1747256813350x778000898229010400)"
"1751381559789x929277160303886300","3,83","1741717852329x959885049985499100","A qualidade da fundamentação, analisando o embasamento e a justificativa da solução proposta pelo aplicante","OTO BUREGIO DE LIMA","4","BOB(1747256813350x778000898229010400)"
"1751391184734x589322364891955200","3,58","1741717852329x959885049985499100","A viabilidade e a maturidade do modelo de negócio da solução","OTO BUREGIO DE LIMA","3","Gralha Azul(1747270855036x195390718165647360)"
"1751381559789x929277160303886300","3,83","1741717852329x959885049985499100","Escalabilidade, ou seja, refere-se à capacidade da solução ser reproduzida em grande quantidade e para um número grande de clientes","OTO BUREGIO DE LIMA","4","BOB(1747256813350x778000898229010400)"
"1751381559789x929277160303886300","3,83","1741717852329x959885049985499100","Prazo dos entregáveis da solução","OTO BUREGIO DE LIMA","4","BOB(1747256813350x778000898229010400)"
"1751381559789x929277160303886300","3,83","1741717852329x959885049985499100","A viabilidade e a maturidade do modelo de negócio da solução","OTO BUREGIO DE LIMA","4","BOB(1747256813350x778000898229010400)"
"1751381159470x947688936984805400","4,17","1741717852329x959885049985499100","O potencial de resolução do problema pela solução proposta e, se for o caso, da provável economia para a administração pública","OTO BUREGIO DE LIMA","5","Synesthesia Vision (1747234890261x303493752378621950)"
"1751381159470x947688936984805400","4,17","1741717852329x959885049985499100","Tecnologias utilizadas para a solução do desafio","OTO BUREGIO DE LIMA","3","Synesthesia Vision (1747234890261x303493752378621950)"
"1751381159470x947688936984805400","4,17","1741717852329x959885049985499100","Escalabilidade, ou seja, refere-se à capacidade da solução ser reproduzida em grande quantidade e para um número grande de clientes","OTO BUREGIO DE LIMA","3","Synesthesia Vision (1747234890261x303493752378621950)"
"1751381159470x947688936984805400","4,17","1741717852329x959885049985499100","A demonstração comparativa de custo e benefício da proposta em relação às opções funcionalmente equivalentes","OTO BUREGIO DE LIMA","4","Synesthesia Vision (1747234890261x303493752378621950)"
"1751381159470x947688936984805400","4,17","1741717852329x959885049985499100","Prazo dos entregáveis da solução","OTO BUREGIO DE LIMA","4","Synesthesia Vision (1747234890261x303493752378621950)"
"1751379698371x367693928296087550","3,67","1741717852329x959885049985499100","O potencial de resolução do problema pela solução proposta e, se for o caso, da provável economia para a administração pública","OTO BUREGIO DE LIMA","4","Heyde Leão de Souza(1746707157949x895218344394752000)"
"1751381159470x947688936984805400","4,17","1741717852329x959885049985499100","A qualidade da fundamentação, analisando o embasamento e a justificativa da solução proposta pelo aplicante","OTO BUREGIO DE LIMA","5","Synesthesia Vision (1747234890261x303493752378621950)"
"1751379698371x367693928296087550","3,67","1741717852329x959885049985499100","A viabilidade e a maturidade do modelo de negócio da solução","OTO BUREGIO DE LIMA","4","Heyde Leão de Souza(1746707157949x895218344394752000)"
"1751379698371x367693928296087550","3,67","1741717852329x959885049985499100","A demonstração comparativa de custo e benefício da proposta em relação às opções funcionalmente equivalentes","OTO BUREGIO DE LIMA","3","Heyde Leão de Souza(1746707157949x895218344394752000)"
"1751381159470x947688936984805400","4,17","1741717852329x959885049985499100","A viabilidade e a maturidade do modelo de negócio da solução","OTO BUREGIO DE LIMA","5","Synesthesia Vision (1747234890261x303493752378621950)"
"1751379698371x367693928296087550","3,67","1741717852329x959885049985499100","Escalabilidade, ou seja, refere-se à capacidade da solução ser reproduzida em grande quantidade e para um número grande de clientes","OTO BUREGIO DE LIMA","3","Heyde Leão de Souza(1746707157949x895218344394752000)"
"1751379698371x367693928296087550","3,67","1741717852329x959885049985499100","Tecnologias utilizadas para a solução do desafio","OTO BUREGIO DE LIMA","4","Heyde Leão de Souza(1746707157949x895218344394752000)"
"1751379698371x367693928296087550","3,67","1741717852329x959885049985499100","Prazo dos entregáveis da solução","OTO BUREGIO DE LIMA","4","Heyde Leão de Souza(1746707157949x895218344394752000)"
"1751379698371x367693928296087550","3,67","1741717852329x959885049985499100","A qualidade da fundamentação, analisando o embasamento e a justificativa da solução proposta pelo aplicante","OTO BUREGIO DE LIMA","3","Heyde Leão de Souza(1746707157949x895218344394752000)"
"1751378276626x273473413957550080","3,75","1741717852329x959885049985499100","O potencial de resolução do problema pela solução proposta e, se for o caso, da provável economia para a administração pública","OTO BUREGIO DE LIMA","4","VER-TI MOBILIDADE URBANA LTDA(1746297384978x444246789471338500)"
"1751378276626x273473413957550080","3,75","1741717852329x959885049985499100","Tecnologias utilizadas para a solução do desafio","OTO BUREGIO DE LIMA","4","VER-TI MOBILIDADE URBANA LTDA(1746297384978x444246789471338500)"
"1751378276626x273473413957550080","3,75","1741717852329x959885049985499100","A qualidade da fundamentação, analisando o embasamento e a justificativa da solução proposta pelo aplicante","OTO BUREGIO DE LIMA","3","VER-TI MOBILIDADE URBANA LTDA(1746297384978x444246789471338500)"
"1751378276626x273473413957550080","3,75","1741717852329x959885049985499100","Prazo dos entregáveis da solução","OTO BUREGIO DE LIMA","4","VER-TI MOBILIDADE URBANA LTDA(1746297384978x444246789471338500)"
"1751378276626x273473413957550080","3,75","1741717852329x959885049985499100","Escalabilidade, ou seja, refere-se à capacidade da solução ser reproduzida em grande quantidade e para um número grande de clientes","OTO BUREGIO DE LIMA","3","VER-TI MOBILIDADE URBANA LTDA(1746297384978x444246789471338500)"
"1751378276626x273473413957550080","3,75","1741717852329x959885049985499100","A demonstração comparativa de custo e benefício da proposta em relação às opções funcionalmente equivalentes","OTO BUREGIO DE LIMA","4","VER-TI MOBILIDADE URBANA LTDA(1746297384978x444246789471338500)"
"1751378276626x273473413957550080","3,75","1741717852329x959885049985499100","A viabilidade e a maturidade do modelo de negócio da solução","OTO BUREGIO DE LIMA","4","VER-TI MOBILIDADE URBANA LTDA(1746297384978x444246789471338500)"
"1751376987731x821065219650355200","3,17","1741717852329x959885049985499100","O potencial de resolução do problema pela solução proposta e, se for o caso, da provável economia para a administração pública","OTO BUREGIO DE LIMA","3","Passo com Vos - Adapt-Free(1745634856585x832885378648637400)"
"1751376987731x821065219650355200","3,17","1741717852329x959885049985499100","A viabilidade e a maturidade do modelo de negócio da solução","OTO BUREGIO DE LIMA","3","Passo com Vos - Adapt-Free(1745634856585x832885378648637400)"
"1751376987731x821065219650355200","3,17","1741717852329x959885049985499100","A demonstração comparativa de custo e benefício da proposta em relação às opções funcionalmente equivalentes","OTO BUREGIO DE LIMA","4","Passo com Vos - Adapt-Free(1745634856585x832885378648637400)"
"1751376987731x821065219650355200","3,17","1741717852329x959885049985499100","Tecnologias utilizadas para a solução do desafio","OTO BUREGIO DE LIMA","3","Passo com Vos - Adapt-Free(1745634856585x832885378648637400)"
"1751376987731x821065219650355200","3,17","1741717852329x959885049985499100","Escalabilidade, ou seja, refere-se à capacidade da solução ser reproduzida em grande quantidade e para um número grande de clientes","OTO BUREGIO DE LIMA","4","Passo com Vos - Adapt-Free(1745634856585x832885378648637400)"
"1751376987731x821065219650355200","3,17","1741717852329x959885049985499100","A qualidade da fundamentação, analisando o embasamento e a justificativa da solução proposta pelo aplicante","OTO BUREGIO DE LIMA","2","Passo com Vos - Adapt-Free(1745634856585x832885378648637400)"
"1751376534575x933761450411294700","1","1741717852329x959885049985499100","A demonstração comparativa de custo e benefício da proposta em relação às opções funcionalmente equivalentes","OTO BUREGIO DE LIMA","1"," ALEXANDRE GUEDES RIBEIRO(1743616040182x329049495127982100)"
"1751376987731x821065219650355200","3,17","1741717852329x959885049985499100","Prazo dos entregáveis da solução","OTO BUREGIO DE LIMA","3","Passo com Vos - Adapt-Free(1745634856585x832885378648637400)"
"1751376534575x933761450411294700","1","1741717852329x959885049985499100","Escalabilidade, ou seja, refere-se à capacidade da solução ser reproduzida em grande quantidade e para um número grande de clientes","OTO BUREGIO DE LIMA","1"," ALEXANDRE GUEDES RIBEIRO(1743616040182x329049495127982100)"
"1751376534575x933761450411294700","1","1741717852329x959885049985499100","A qualidade da fundamentação, analisando o embasamento e a justificativa da solução proposta pelo aplicante","OTO BUREGIO DE LIMA","1"," ALEXANDRE GUEDES RIBEIRO(1743616040182x329049495127982100)"
"1751376534575x933761450411294700","1","1741717852329x959885049985499100","Tecnologias utilizadas para a solução do desafio","OTO BUREGIO DE LIMA","1"," ALEXANDRE GUEDES RIBEIRO(1743616040182x329049495127982100)"
"1751376534575x933761450411294700","1","1741717852329x959885049985499100","Prazo dos entregáveis da solução","OTO BUREGIO DE LIMA","1"," ALEXANDRE GUEDES RIBEIRO(1743616040182x329049495127982100)"
"1751376534575x933761450411294700","1","1741717852329x959885049985499100","O potencial de resolução do problema pela solução proposta e, se for o caso, da provável economia para a administração pública","OTO BUREGIO DE LIMA","1"," ALEXANDRE GUEDES RIBEIRO(1743616040182x329049495127982100)"
"1751299947397x796208888946622500","1,42","1741717852329x959885049985499100","A viabilidade e a maturidade do modelo de negócio da solução","FERNANDO ANTONIO NUNES DE SOUZA","1","Passo com Vos - Adapt-Free(1745634856585x832885378648637400)"
"1751299947397x796208888946622500","1,42","1741717852329x959885049985499100","O potencial de resolução do problema pela solução proposta e, se for o caso, da provável economia para a administração pública","FERNANDO ANTONIO NUNES DE SOUZA","2","Passo com Vos - Adapt-Free(1745634856585x832885378648637400)"
"1751299947397x796208888946622500","1,42","1741717852329x959885049985499100","A qualidade da fundamentação, analisando o embasamento e a justificativa da solução proposta pelo aplicante","FERNANDO ANTONIO NUNES DE SOUZA","1","Passo com Vos - Adapt-Free(1745634856585x832885378648637400)"
"1751299947397x796208888946622500","1,42","1741717852329x959885049985499100","Escalabilidade, ou seja, refere-se à capacidade da solução ser reproduzida em grande quantidade e para um número grande de clientes","FERNANDO ANTONIO NUNES DE SOUZA","1","Passo com Vos - Adapt-Free(1745634856585x832885378648637400)"
"1751299947397x796208888946622500","1,42","1741717852329x959885049985499100","Tecnologias utilizadas para a solução do desafio","FERNANDO ANTONIO NUNES DE SOUZA","1","Passo com Vos - Adapt-Free(1745634856585x832885378648637400)"
"1751299947397x796208888946622500","1,42","1741717852329x959885049985499100","A demonstração comparativa de custo e benefício da proposta em relação às opções funcionalmente equivalentes","FERNANDO ANTONIO NUNES DE SOUZA","1","Passo com Vos - Adapt-Free(1745634856585x832885378648637400)"
"1751376534575x933761450411294700","1","1741717852329x959885049985499100","A viabilidade e a maturidade do modelo de negócio da solução","OTO BUREGIO DE LIMA","1"," ALEXANDRE GUEDES RIBEIRO(1743616040182x329049495127982100)"
"1751299947397x796208888946622500","1,42","1741717852329x959885049985499100","Prazo dos entregáveis da solução","FERNANDO ANTONIO NUNES DE SOUZA","3","Passo com Vos - Adapt-Free(1745634856585x832885378648637400)"
