"dedicacao","email","Nome","papel","proposta-nit","Startup","usuario"
"Parcial","","","","","","rafael.toscano@recife.pe.gov.br"
"","","","","","","rafael.toscano@recife.pe.gov.br"
"Parcial","","","Co-fundador","","",""
"Integral","","","CEO e Ciêntista de Dados","","",""
"Integral","","","Sou o responsável por tecnologias inovadoras na área de automação e controle","","Add+Health","pauloneto2001@gmail.com"
"","","","","","","pauloneto2001@gmail.com"
"Parcial","","","Founder/CEO","","","jeniffermml@gmail.com"
"Integral","","","CEO","","Galvão Soluções Empresariais","geysakarlagalvao@gmail.com"
"Integral","","","CEO Fundador ","","MSA soluções ","projetpemarcos@gmail.com"
"Parcial","","","CEO","","","28jessica@gmail.com"
"Parcial","jessica.sena@evastrategy.com","Jessica Sena","CEO","","",""
"","","","","","",""
"Integral","","","","","","pauloantonioacarvalho@gmail.com"
"Integral","","","Head of Marketing & Sales","","","pauloantonioacarvalho@gmail.com"
"Integral","","","Head of Marketing & Sales","","Pague Bem Brasil ","pauloantonioacarvalho@gmail.com"
"Integral","","","Head of Marketing & Sales","","","pauloantonioacarvalho@gmail.com"
"Integral","alvaro@paguebembrasil.com.br","Álvaro Leal (Alvinho)","CEO","","",""
"Integral","alvaro@paguebembrasil.com.br","Álvaro Leal (Alvinho)","CEO","","",""
"Integral","alvaro@paguebembrasil.com.br","Álvaro Leal (Alvinho) ","CEO","","",""
"Parcial","","","CEO","","WEBSOFT","isabelagaya@hotmail.com"
"","","","","","",""
"","","","","","",""
"","","","","","","pedro.dhalia@gmail.com"
"","","","","","","pedro.dhalia@gmail.com"
"","","","","","","pedro.dhalia@gmail.com"
"","","","","","","pedro.dhalia@gmail.com"
"","","","","","","pedro.dhalia@gmail.com"
"","","","","","",""
"","","","","","",""
"","","","","","",""
"","","","","","","pedro.dhalia@gmail.com"
"","","","","","","pedro.dhalia@gmail.com"
"","","","","","",""
"","","","","","","gabrielchamie@gmail.com"
"","","","","","","gabrielchamie@gmail.com"
"","","","","","",""
"","","","","","","gabrielchamie@gmail.com"
"","","","","","",""
"","","","","","",""
"","","","","","",""
"","","","","","",""
"","","","","","",""
"","","","","","",""
"","","","","","",""
"","","","","","",""
"","","","","","",""
"","","","","","",""
"","","","","","",""
"","","","","","",""
"","","","","","",""
"","","","","","",""
"","","","","","",""
"","","","","","",""
"","","","","","",""
"","","","","","","pedro.dhalia@gmail.com"
"","","","","","",""
"","","","","","",""
"","","","","","",""
"","","","","","","pedro.dhalia@gmail.com"
"","","","","","",""
"","","","","","","pedro.dhalia@gmail.com"
"","","","","","",""
"","","","","","",""
"","","","","","",""
"","","","","","",""
"","","","","","",""
"","","","","","",""
"","","","","","",""
"","","","","","",""
"","","","","","",""
"","","","","","",""
"","","","","","",""
"","","","","","","pedro.dhalia@gmail.com"
"","","","","","",""
"","","","","","",""
"","","","","","","pedro.dhalia@gmail.com"
"","","","","","","pedro.dhalia@gmail.com"
"","","","","","",""
"","","","","","",""
"","","","","","",""
"","","","","","",""
"","","","","","",""
"","","","","","",""
"","","","","","",""
"","","","","","",""
"","","","","","",""
"","","","","","",""
"","","","","","",""
"","","","","","",""
"","","","","","Studio Daus",""
"Integral","jorgesalvador.arqdev@gmail.com","JORGE ALEXANDRE SALVADOR DE ALCANTARA FILHO","Líder de Produto
Desenvolvimento Full Stack","","InSpace","jorgesalvador.arqdev@gmail.com"
"Integral","gustavo@inspace.tech","Gustavo Camargo","CEO","","InSpace",""
"","","","","","","danilonovelino@gmail.com"
"","","","","","",""
"Parcial","","","CEO","","Portas Psi","lucasgpessoa11@hotmail.com"
"","","","","","",""
"","","","","","",""
"","","","","","",""
"","","","","","",""
"","","","","","",""
"","","","","","",""
"Integral","","","CEO - Dentre minhas atribuições inclui-se:
1. Definição da Visão e Estratégia: Responsável por definir a visão de longo prazo da empresa e desenvolver estratégias para alcançar os objetivos organizacionais.
2. Liderança Executiva: Liderar a equipe executiva da empresa e supervisionar todas as áreas funcionais, como operações, finanças, marketing, recursos humanos, entre outras.
3. Tomada de Decisões Estratégicas: Tomar decisões de alto nível que afetam diretamente o rumo e o desempenho da empresa, como fusões e aquisições, expansões de mercado, lançamento de novos produtos e mudanças organizacionais.
4. Representação Externa: Representa a empresa em eventos públicos, reuniões com investidores, conferências da indústria e negociações com parceiros comerciais, clientes e órgãos reguladores.
5. Gestão de Riscos e Compliance: Responsável por identificar e gerenciar os riscos que afetam a empresa, bem como garantir que a empresa esteja em conformidade com todas as leis e regulamentos aplicáveis.
6. Cultura Organizacional: Desempenha um papel na criação e manutenção de uma cultura organizacional positiva e produtiva, que promova a inovação, a colaboração e o compromisso dos funcionários.
7. Desenvolvimento de Talentos: Responsável por atrair, desenvolver e reter talentos chave na empresa, garantindo que a equipe executiva e os líderes de departamento tenham as habilidades e competências necessárias para alcançar os objetivos estratégicos da organização.","","BIOTEC TECNOLOGIA E INOVAÇÕES","santulla.carvalho@gmail.com"
"Parcial","o.adilson97@gmail.com","Adilson De Oliveira Gonçalves do Nascimento","Dentre suas atribuições inclui-se:
1. Gestão Operacional: Responsável por supervisionar todas as operações diárias da empresa, garantindo que os processos e procedimentos estejam funcionando de maneira eficiente e eficaz.
2. Implementação da Estratégia: Estreita a colaboração com o CEO, o COO é responsável por implementar a estratégia definida pela alta administração, traduzindo-a em planos operacionais concretos e garantindo sua execução bem-sucedida.
3. Melhoria de Processos: Liderar iniciativas de melhoria contínua e otimização de processos, buscando constantemente maneiras de aumentar a eficiência operacional, reduzir custos e melhorar a qualidade dos produtos ou serviços.
4. Gestão de Recursos Humanos: Supervisionar funções de recursos humanos da empresa, garantindo que a organização tenha a força de trabalho certa, com as habilidades e competências necessárias para alcançar os objetivos operacionais e estratégicos.
5. Gestão de Pessoas e Equipes: Liderar e motivar as equipes operacionais, garantindo que todos os membros da equipe estejam alinhados com os objetivos organizacionais e trabalhem de forma colaborativa para alcançá-los.
6. Gestão de Riscos e Compliance: Responsável por identificar e gerenciar os riscos operacionais que afetam a empresa, garantindo que todos os processos e operações estejam em conformidade com as leis, regulamentos e padrões da indústria aplicáveis.
7. Planejamento e Orçamento: Participar do processo de planejamento estratégico e desenvolvimento orçamentário, garantindo que os recursos
operacionais sejam alocados de maneira eficaz para alcançar os objetivos da empresa.","","BIOTEC TECNOLOGIA E INOVAÇÕES",""
"Integral","","","CEO","","Íris Biotec","plpl1296@gmail.com"
"Integral","","","CEO - Gestão de projeto e gestão administrativa ","","Move's","pammelasantos@hotmail.com"
"Integral","","","CEO, atuo na gestão e fomento do relacionamento com stakeholders externos, como clientes, parceiros e ecossistemas de inovação.","","Souv","antonio@souv.tech"
"","","","","","",""
"Parcial","","","Como CEO de uma startup de pesquisa em sinais, séries temporais e análises preditivas, lidero a inovação no uso de IA e estatística para modelagem de dados. Defino a estratégia, gerencio equipes especializadas e desenvolvo soluções escaláveis. Busco parcerias, financiamento e aplico métodos preditivos com ética e transparência. Meu foco é transformar pesquisa em impacto real, posicionando nossa startup como referência no mercado.","","Signal Research","rafaeltoscano.cbtu@gmail.com"
"","","Fabiana Holanda","","","Matech",""
"","","","","","",""
"","","","","","",""
"","","","","","",""
"Integral","","","Diretor","","","nadodk@gmail.com"
"Integral","ruda_fernandes@hotmail.com","RUDA FERNANDES BRANDAO SANTOS","CEO da Biofábrica de Corais","","Biofábrica de Corais","ruda_fernandes@hotmail.com"
"Total","","Renata Thays Guedes Gonçalves","Comunicação e Divulgação","","Ecoboard ",""
"Total","Bruno.romelson@gmail.com","Bruno romelson do Amaral Valois ","Coordenador do projeto ","","Ecoboard ",""
"Total","annadepaula313@gmail.com","Anna Clara Barbosa de Paula ","Designer e prototipagem ","","Ecoboard ",""
"Total","julio.pinti0007@gmail.com"," Júlio Pinto dos santos filho ","Coordenador do projeto ","","Ecoboard ",""
"Total","andressak968@gmail.com","Andressa Kelly do Nascimento ","Pesquisa e sustentabilidade ","","Ecoboard ",""
"Total","rafaelnarvinho@gmail.com","Rafael Alves Silva dos santos ","Produção e montagem ","","Ecoboard ",""
"Total","mateus.ferreirinha123@hotmail.com","Mateus Ferreira Lima de Assunção ","Produção e montagem ","","Ecoboard ",""
"Total","gs824977@gmail.com","Kaio gabriel Borges da silva ","Comunicação e divulgação ","","Ecoboard ",""
"Total","raphahugo15@gmail.com","Hugo Raphael Brito de Albuquerque Melo ","Designer e prototipagem ","","Ecoboard ",""
"Total","","Paulo gabriel da Silva Mouzinho ","Coordenador do projeto ","","Ecoboard ",""
"","","Débora Lira","","","EcoSenso",""
"","","Cauã Durhan Cristo Barbosa","","","EcoSenso",""
"","","Levy Santiago","","","EcoSenso",""
"","ellensamily080@gmail.com","Samily Ellen","","","EcoSenso",""
"","","Clebson Rodridues de Morais","","","EcoSenso",""
"","","João Vitor Da Silva","","","EcoSenso",""
"","","Marcos Vinicius da Silva Matias Linhares","","","EcoSenso",""
"","","Luciana Macena","","","EcoSenso",""
"","","João Victor Gomes da Silva","","","EcoSenso",""
"Total","barbara@inovahu.com","Bárbara Formiga","CEO","","Saúde CINCO",""
"Parcial","igormariano@hrv4life.com","Igor Moraes Mariano","Diretor Científico da HRV4Life -Educador Físico, Phd Ciência da Saúde com ampla experiência em análise clínica usando VFC como marcador de saúde e estresse.","","Igor Moraes MAriano; Monica de Almeida Valente Prado; Sabino Machado",""
"Total","barbara@inovahu.com","Bárbara Formiga","CEO","","Saúde Cinco",""
"","","","","","Kattumaram",""
"","","","","","Kattumaram",""
"","","","","","Kattumaram",""
"","","","","","Kattumaram",""
"","","","","","Kattumaram",""
"","","","","","Kattumaram",""
"","","","","","Kattumaram",""
"","","","","","Kattumaram",""
"","","","","","Kattumaram",""
"","","","","","Kattumaram",""
"","","","","","Kattumaram",""
"","","Débora Lira","","","EcoSenso",""
"","","Débora Lira","","","EcoSeno",""
"","","João Victor Gomes Da Silva","","","EcoSeno",""
"","","Débora Lira ","","","EcoSenso ",""
"Parcial","","","Diretor Comercial","","TECH3","silvio.migliorini@gmail.com"
"Parcial","nelson@tech3br.com","Nelson Benevides","Sócio-Diretor","","TECH3",""
"","bca@ecomp.poli.br","GABRIEL CHAMIE ALVES DE SOUZA FILHO","","","",""
"","adsasd@gmail.com","sadadadadad12","","","",""
"","adsasd@gmail.com","sadadadadad13","","","",""
"Total","adsasd@gmail.com","sadadadadad13","","","",""
"Parcial","","","CEO","","","araujoithalo@gmail.com"
"Parcial","ceci_secti@hotmail.com","Ceci","CFO","","",""
"Integral","","","Founder, PD&I | CEO","","ZeroWasteX","gustavorittl@gmail.com"
"Total","projeto@lacosdoagro.com","Ana Paula Raycik","Desenvolvimento do projeto","","",""
"Total","comercial@lacosdoagro.com","Vinicius Brandão","Desenvolvimento do produto, acadêmico de engenharia de produção.","","",""
"Total","","Marcio Tomé","Desenvolvedor de sistemas","","",""
"Parcial","","Dyan","Head de Tecnologia e líder de time de desenvolvimento","","ZeroWastex Team",""
"Parcial","","Carlos Silva","Tokenização de Ativos Ambientais, Refi - Finanças Regenerativas e Sustentáveis","","ZeroWastex Team",""
"Parcial","","Sérgio","Rastreabilidade de resíduos, Digitalização de Cooeperativas, Sistemas de Logística Reversa","","ZeroWastex Team",""
"Parcial","","Marcos ","Monitoramento de contratos e sistemas de coleta e coleta seletiva. ","","ZeroWastex Team",""
"Total","cr.claricerodrigues@gmail.com","Clarice Rodrigues de Oliveira","Desenvolvedora e designer.","","InterRec",""
"Total","eduardoscofi@hotmail.com","Eduardo Henrique Senna Costa Filho","Desenvolvedor e designer.","","InterRec",""
"Total","victoria.priscila.pl@gmail.com","Victória Priscila Feitosa Lindoso","Desenvolvedora e pesquisadora.","","InterRec",""
"Total","beatrizssousa37@gmail.com","Beatriz dos Santos Sousa","Desenvolvedora e gestora.","","InterRec",""
"Total","lucas.soares.123@gmail.com","Lucas Soares","Esta integralmente na equipe.","","",""
"Total","lucas.soares.123@gmail.com","Lucas Soares","Esta integralmente na equipe.","","",""
"","","Mirella Rebello Bezarra","Negócios ","","SilIA",""
"","","Tiago Junior","Tecnologia e desenvolvimento","","SilIA",""
"Total","adeildo.barros@recife.pe.gov.br","Adeildo","gerente","","",""
"","","Hellen","","","",""
"Parcial","marco@rassystem.com.br","Marcos Pires","Integração tecnológica para monitoramento de contratos de limpeza, manutenção e zeladoria urbana. ","","Time Integrado Governo Digital",""
"Parcial","sergio@selletiva.com.br ","Sérgio","Integração de sistemas de rastraabilidade de resíduos, logistica reversa, gestão de cooperativas para governo digital.  ","","Time Integrado Governo Digital",""
"Parcial","advocacy@carbonmaat.com","Carlos Silva","Tokenização de ativos ambientais para sistemas de logistica reversa, economia circular, estruturação de finanças regenerativas sustentáveis, creditação de carbono. ","","Time Integrado Governo Digital",""
"Total","dyan.devoutbox@gmail.com","Dyan Halef","Líder de tecnologia, integrações, desenvolvimento, liderança de times e da tecologia do projeto. ","","Time Integrado Governo Digital",""
"Parcial","crdis@terra.com.br","César","Integração de Dispositivos IOT com Fábrica. ","","Time Integrado Governo Digital",""
"Total","jonathaseduoficial@gmail.com","Uyrá Serpa","Elaboração do projeto e apresentação","","",""
"Integral","","","Sou co-fundador e diretor de tecnologia, atuando diretamente no desenvolvimento de software, na gestão financeira e gestão de pessoas.","","Imogen","lima.a.gabriel@icloud.com"
"Integral","kewin.lima@imogen.com.br","Kewin Lima da Silva","Co-fundador e diretor executivo, atua diretamente na execução de projetos de automação, IA e gestão de pessoas.","","Imogen",""
"Integral","elys.carvalho@imogen.com.br","Elys Karine Carvalho da Silva","Co-fundadora e diretora científica, atua na pesquisa, prospecção de contatos e gestão de pessoas.","","Imogen",""
"","","","CEO","","Masur Data Analytics","pietromasur@hotmail.com"
"Total","lori.lemazurier@liderancatech.com","Lori Lemazurier","Compreender as necessidades do negócio e definir como a Inteligência Artificial (IA) pode ser utilizada para atingir objetivos estratégicos e gerar valor para o projeto; 
Assegurar que as soluções de IA sejam escaláveis, performáticas e capazes de lidar com grandes volumes de dados e solicitações;
Definir e garantir a adoção das melhores ferramentas, frameworks e plataformas para o desenvolvimento de IA, como aprendizado de máquina (ML), redes neurais, processamento de linguagem natural (PLN), entre outras.","","LidEye",""
"Total","danielle.santanaliderancatech.com","Danielle Santana","Estabelecer claramente o que será entregue no projeto, quais são as expectativas, os requisitos do cliente e os objetivos a serem atingidos;
Desenvolver o cronograma: Criar um plano detalhado de execução, com datas de entrega, marcos e tarefas a serem cumpridas;
Elaborar o orçamento do projeto, incluindo custos de recursos, ferramentas, infraestrutura e outros aspectos financeiros;
Acompanhar a execução do projeto no dia a dia, garantindo que todas as tarefas sejam realizadas conforme o cronograma e com a qualidade esperada.","","LidEye",""
"Integral","","","Gerenciar a empresa, tomada de decisões estratégicas e pelo andamento do negócio como um todo.","","Passarelli Automação - Traceability","diogo.passarelli@gmail.com"
"Parcial","edsonmvf@gmail.com ","Edson Mota Valença Filho","Cientista de Dados Jr & Cloud Computing (AWS). AI Developer, Gen AI","","Quasar",""
"Total","academicosdani@gmail.com","Daniela dos anjos Menezes","Pesquisadora Científica, Área de Negócios, Marketing","","Quasar",""
"Total","marianamatos5000@gmail.com","Mariana Matos Oliveira","Estudante de Robótica, Aspirante a Inovação e IoT","","Quasar",""
"Total","nickdiegao@gmail.com","Nicholas Diego ","Desenvolvedor Backend","","Ecoeduca",""
"Total","nickdiegao@gmail.com","Nicholas Diego","Desenvolvedor Backend do Projeto Ecoeduca.","","ECOEDUCA",""
"Parcial","tecnologia@lacosdoagro.com.br","Marcio Tomé","Responsável pela definição da arquitetura das soluções, atua diretamente no planejamento, e lidera a equipe técnica com foco em metodologias ágeis, com entregas através de sprints de desenvolvimento, garantindo a integração entre os módulos, a escalabilidade do sistema e a aderência às necessidades. ","","Laços do Agro Ltda",""
"Parcial"," mario_gouveia@pe.unit.br","Mário Gouveia Júnior","atuante no time para viabilização das ações internas e externa direcionadas ao Nucleo de Inovação do NIT. ","","",""
"Parcial","arlindo_batista@pe.unit.br","ARLINDO CORREIA","atuante no time para viabilização das ações internas e externa direcionadas ao Nucleo de Inovação do NIT. ","","",""
"Parcial","celiatxguedes@hotmail.com","CÉLIA GUEDES","atuante no time para viabilização das ações internas e externa direcionadas ao Nucleo de Inovação do NIT. ","","",""
"Integral","","","CEO / Fundador","","Harena Tech","kelvin.alves.harness@gmail.com"
"Total","monick.santos@estacio.br","Monick Trajano dos Santos","","","",""
"Total","monick.santos@estacio.br","Monick Trajano dos Santos ","","","",""
"Parcial","Felipe.lira@professores.estacio.br","Felipe Alves Felinto de Lira","","","",""
"Total","Lucas.cesar@estacio.br","Lucas Oliveira César ","","","",""
"Total","tarcisio.lima@estacio.br ","Tarcisio Henrique da Silva Lima","","","",""
"Parcial","mario_gouveia@pe.unit.br","Mário Gouveia Júnior","Integrante do time UNIT REDE NIT Recife, para fins de desenvolver as atividades e o crescimento do núcleo em prol dos melhores resultados para a instituição e a sociedade.","","",""
"Parcial","celiatxguedes@hotmail.com","Célia Teixeira Guedes","Integrante do time UNIT REDE NIT Recife, para fins de desenvolver as atividades e o crescimento do núcleo em prol dos melhores resultados para a instituição e a sociedade.","","",""
"Parcial"," ","Arlindo Batista Correia","Integrante com formação técnica e experiência em inovação do time UNIT REDE NIT Recife, para fins de também desenvolver as atividades e o crescimento do núcleo em prol dos melhores resultados para a instituição e a sociedade.","","",""
"Parcial","dizeumateus@gmail.com","Mateus Pereira","Desenvolvimento web e design","","Trabalhadores Anónimos ",""
"Parcial","kauarameh@gmail.com","Kauã Rameh","Estudante de 5o período do curso análise e desenvolvimento de sistemas","","Trabalhadores Anónimos ",""
"Parcial","vivi87.vdd@gmail.com ","Vitória das Dores","Desenvolvimento de sistemas embarcados","","Trabalhadores Anónimos ",""
"Parcial","camila.cvff@ufpe.br","Camila Valença","Atua com Transferência de Tecnologia","","",""
"Parcial","jouldes.duarte@ufpe.br","Jôuldes Matos Duarte ","Atua no administrativo da DINE","","",""
"Parcial","klissia.gouveia@ufpe.br","Klíssia Gouveia ","Atua no acompanhamento dos pedidos de registro de PI","","",""
"Parcial","ana.bfernandes@ufpe.br","Carolina Borba","Atua no registro dos pedidos de proteção de PI","","",""
"Parcial","antonieta.lynch@ufpe.br","Antonieta Lynch","Coordenadora de Propriedade Intelectual","","",""
"Parcial","giovannia.pereira@ufpe.br","Giovannia Araújo","Coordenadora de Propriedade Intelectual","","",""
"Total","caroline.bona@ufpe.br","Caroline Bona","Coordenadora de Transferência de Tecnologia","","",""
"Total","caroline.bona@ufpe.br","caroline pereira bona","coordenadora de transferência de tecnologia","","",""
"Parcial","caroline.bona@ufpe.br","caroline pereira bona","Coordenação de Transferência de Tecnologia","","",""
"Parcial","camila.cvff@ufpe.br","camila valença","atua com Transferência de Tecnologia","","",""
"Parcial","rleiteqbasto@gmail.com","Rodrigo","Engenheiro de software com foco em análise e projeto atuando desde o levantamento e análise de requisitos até o acompanhamento técnico da implementação da solução. Rotina que inclui,  conduzir reuniões com stakeholders para entender as necessidades do negócio, traduzindo essas demandas em requisitos funcionais e não funcionais claros e objetivos, realizar  modelagem do sistema por meio de diagramas UML, protótipos e especificações técnicas, definindo a arquitetura mais adequada ao contexto (como monolítica, microserviços, orientada a eventos etc.),  buscando modularidade, escalabilidade e manutenibilidade. Também será responsável pelo controle técnico, acompanhando o desenvolvimento do software e hardware para garantir conformidade com o projeto, promovendo revisões de código, testes de aceitação e validação contínua dos requisitos. Atua como elo entre equipes técnicas e áreas de negócio, garantindo que o produto final atenda aos objetivos estratégicos da organização. ","","Noah SmartCity",""
"Total","carlos.pdelgado@unifbv.edu.br","Carlos Gustavo Pinto Delgado","Coordenador dos cursos de Gestão e negócios do UNIFBV Wyden","","",""
"Total","bruno.franca@unifbv.edu.br","BRUNO FELIPE DE FRANCA SOUZA","Coordenador dos cursos de tecnologia da informação do UNIFBV Wyden","","",""
"Parcial","camila.cvff@ufpe.br","camila valença","Atua com transferência de Tecnologia","","",""
"Parcial","jouldes.duarte@ufpe.br","Jôuldes Matos Duarte","Atua como secretario da Diretoria de Inovação dando apoio as Coordenações de Propriedade Intelectual e de Transferência de Tecnologia","","",""
"Parcial","klissia.gouveia@ufpe.br","Klíssia Gouveia ","Atua no acompanhamento dos pedidos de Propriedade Intelectual na Coordenação de Propriedade Intelectual","","",""
"Parcial","antonieta.lynch@ufpe.br","Antonieta Lynch","Atua como Coordenadora na Coordenação de Propriedade Intelectual","","",""
"Parcial","jouldes.duarte@ufpe.br","Jôuldes Matos Duarte","Atua como Secretaria da Diretoria de Inovação","","",""
"Parcial","klissia.gouveia@ufpe.br","Klíssia Gouveia ","Atua no acompanhamento dos pedidos de registro das Propriedades Intelectuais na Coordenação de Propriedade Intelectual","","",""
"Parcial","ana.bfernandes@ufpe.br","Carolina Borba","Atua nos pedidos de registro das Propriedades Intelectuais na Coordenação de Propriedade Intelectual","","",""
"Parcial","antonieta.lynch@ufpe.br","Antonieta Lynch","Atua como Coordenadora na Coordenação de Propriedade Intelectual","","",""
"Parcial","camila.cvff@ufpe.br","Camila Valença de França Felix","Atua com transferência de Tecnologia na Coordenação de transferência de Tecnologia","","",""
"Parcial","giovannia.pereira@ufpe.br","Giovannia Araujo Pereira","Atua como Diretora da Diretoria de Inovação","","",""
"Parcial","caroline.bona@ufpe.br","Caroline Pereira Bona","Atua como Coordenadora na Coordenação de Transferência de Tecnologia ","","",""
"Parcial","giovannia.pereira@ufpe.br","Giovannia Araujo Pereira","Atua como Diretora da DINE","","",""
"Parcial","antonieta.lynch@ufpe.br","Antonieta Lynch","Atua como Coordenadora de Propriedade Intelectual ","","",""
"Parcial","klissia.gouveia@ufpe.br","Klissia Gouveia","Atua no acompanhamento dos registros de PI na Coordenadora de Propriedade Intelectual ","","",""
"Parcial","ana.bfernandes@ufpe.br","Carolina Borba","Atua na solicitação dos registros de PI na Coordenadora de Propriedade Intelectual ","","",""
"Parcial","camila.cvff@ufpe.br","Camila Valença","Atua na Transferência de Tecnologia na Coordenadora de Transferência de Tecnologia","","",""
"Parcial","jouldes.duarte@ufpe.br","Jouldes Duarte","Atua na Secretaria da DINE ","","",""
"Parcial","giovannia.pereira@ufpe.br","Giovannia Araujo Pereira","Diretora de INovação","","",""
"Parcial","antonieta.lynch@ufpe.br","Antonieta Lynch","Coordenadora de Propriedade Intelectual","","",""
"Parcial","ana.bfernandes@ufpe.br","Carolina Borba","Atua na Coordenação de Propriedade Intelectual","","",""
"Parcial","klissia.gouveia@ufpe.br","Klissia Gouveia","Atua na Coordenação de Propriedade Intelectual","","",""
"Parcial","camila.cvff@ufpe.br","Camila Valença","Atua na Coordenação de Transferência de Tecnologia","","",""
"Parcial","jouldes.duarte@ufpe.br","Jouldes Duarte","Atua na Diretoria de Inovação","","",""
"Parcial","giovannia.pereira@ufpe.br","Giovannia Pereira","Diretora de Inovação","","",""
"Parcial","camila.cvff@ufpe.br","Camila Valença","Equipe Transferencia de Tecnologia","","",""
"Parcial","jouldes.duarte@ufpe.br","Jouldes Duarte","Secretaria","","",""
"Parcial","ana.bfernandes@ufpe.br","Carolina Borba","Equipe Propriedade Intelectual","","",""
"Parcial","klissia.gouveia@ufpe.br","Klissia Gouveia","Equipe Propriedade Intelectual","","",""
"Parcial","antonieta.lynch@ufpe.br","Antonieta Lynch","Coordenadora de Propriedade Intelectual","","",""
"Parcial","caroline.bona@ufpe.br","Caroline Bona","Coordenadora de Transferencia de Tecnologia","","",""
"Parcial","caroline.bona@ufpe.br","Caroline Bona","Coordenadora de Transferencia de Tecnologia","","",""
"Parcial","camila.cvff@ufpe.br","Camila Valença","Equipe de Transferencia de Tecnologia","","",""
"Parcial","giovannia.pereira@ufpe.br","Giovannia Pereira","Diretora de Inovação","","",""
"Parcial","jouldes.duarte@ufpe.br","Jouldes Duarte","Secretaria DINE","","",""
"Parcial","ana.bfernandes@ufpe.br","Carolina Borba","Equipe Propriedade Intelectual","","",""
"Parcial","klissia.gouveia@ufpe.br","Klissia Gouveia","Equipe Propriedade Intelectual","","",""
"Parcial","antonieta.lynch@ufpe.br","Antonieta Lynch","Coordenadora de Propriedade Intelectual","","",""
"Total","cabm@discente.ifpe.edu.br","Clara Alves Bezerra Moura","Desenvolvimento de aplicativo mobile para auxiliar na locomoção de pessoas com deficiência visual.","","Synesthesia Vision",""
"Total","tebp@discente.ifpe.edu.br","Thiago Ewerton Barros Pereira","Desenvolvimento de hardware de um dispositivo assistivo para auxiliar na locomoção de pessoas com deficiência visual.","","Synesthesia Vision",""
"Total","timoteo.barross@gmail.com","Timóteo Barros","Desenvolvimento Mobile.","","Gymtime",""
"Total","cebduarte@gmail.com","Carlos Eduardo Duarte","Arquitetura de solução.","","Gymtime",""
"Parcial","claudio.barnabe@gmail.com","Claudio Barnabé","Consultor Técnico.","","Gymtime",""
"Total","wladimilsonb@gmail.com","Wladimilson Bernardino","Chefe Executivo","","Gymtime",""
"Parcial","Ssd@cesar.org.br","Suzanna Sandes Dantas ","Consultora de qualificação ","","",""
"Parcial","ssd@cesar.org.br","Suzanna Sandes Dantas","Consultora de Qualificação. Faz parte do time de Pesquisa e Stricto Sensu","","",""
"Parcial","Ssd@cesar.org.br","Suzanna Sandes Dantas ","Consultora de Qualificação. Faz parte dos times de graduação, de pesquisa e Stricto Sensu","","",""
"Total","asfa@ic.ufal.br","Arthur Sendas"," CEO e Diretor de Tecnologia.  Graduado pela Universidade Estadual de
Ciências da Saúde de Alagoas (UNCISAL). Mestrando em Saúde Inteligente, com foco em tecnologias assistivas. Especialização em UX/UI Design para
acessibilidade. Expertise: Um dos únicos designers UX/UI do mundo especializado em interfaces para pessoas cegas e com deficiência visual severa. Especialista em desenvolvimento de sistemas autônomos. Profundo conhecimento em inteligência artificial e visão computacional. Experiência em processamento de linguagem natural. Como pessoa com deficiência visual severa, traz uma perspectiva única ao desenvolvimento de soluções assistivas, combinando seu conhecimento técnico com a vivência direta das necessidades dos usuários.

","","See U app",""
"Total","jaqueline@seeuapp.com.br","Jaqueline Ferreira de Araujo","CTO e Diretora de Desenvolvimento Formação: Concluindo Engenharia Civil no Instituto Federal de Alagoas (IFAL). Programadora autodidata com especialização em desenvolvimento de soluções assistivas. Expertise: Especialista em cidades inteligentes para pessoas cegas; desenvolvimento de sistemas de navegação assistida. Programação avançada com foco em acessibilidade. Integração de sistemas de ecolocalização. Diferencial: Inspirada por seus avós e tio que eram cegos, traz uma compreensão profunda das necessidades familiares e sociais de pessoas com deficiência visual, traduzindo essas demandas em soluções tecnológicas inovadoras.

","","See U app",""
"Parcial","asfa@ic.ufal.br","Lucas Flores","Diretor Financeiro. Mestre em Economia. Especialização em gestão de negócios de
impacto. Experiência Profissional Adicional: Casa Azul Participações S/A –
Programa Delta-V (2023): Analista de Aceleração II, responsável por acompanhar
15 startups em estágio de ideação no programa Delta-V. Expertise: Planejamento
financeiro estratégico. Análise de viabilidade econômica. Gestão de investimentos.
Desenvolvimento de modelos de negócios sustentáveis. Diferencial: Sua experiência
em aceleração de startups e gestão de negócios de impacto fortalece a capacidade
da See U de alinhar inovação tecnológica a estratégias de mercado sólidas.

","","See U app",""
"Total","asfa@ic.ufal.br","Rodrigo Lustosa Peronico","Cientista de Dados e Matemático. Formação: Graduação em Licenciatura Plena em Matemática pela Universidade Federal Rural de Pernambuco (2008). Mestrado e Doutorado em Tecnologias Energéticas e Nucleares pela Universidade Federal de Pernambuco (2012 e 2018). Responsável pelo Desenvolvimento de algoritmos avançados para o processamento de dados do aplicativo. Modelagem matemática aplicada à navegação assistida e à ecolocalização, garantindo maior precisão e eficiência nos sistemas de orientação. Criação de modelos preditivos para personalização do aplicativo com base no comportamento dos usuários. Otimização dos sistemas de reconhecimento de objetos e leitura de textos (OCR), utilizando métodos matemáticos e computacionais avançados. Contribuições no Aprimoramento de IA e Machine Learning: Desenvolvimento de algoritmos de aprendizado de máquina para reconhecimento de padrões em ambientes complexos. Suporte técnico na
criação de sistemas que integram informações espaciais e feedback auditivo,
permitindo maior imersão e eficiência para os usuários. Aplicação de métodos
estatísticos avançados para a análise de dados coletados, auxiliando na melhoria
contínua da experiência do usuário. Diferencial: Rodrigo combina sua formação
acadêmica em modelagem matemática e computação com habilidades práticas para resolver problemas complexos no desenvolvimento de tecnologias assistivas. Seu
trabalho aprimora a precisão dos algoritmos do See U, aumentando sua
confiabilidade e impacto.


","","See U app",""
"Total","marcia.rpereira@uninassau.edu.br","Marcia Rejane Ferreira Pereira","Contribuição acadêmica e orientação.","","",""
"Total","","Luana Cavalcanti de melo Ataíde","Contribuição acadêmica e orientação.","","",""
"Parcial","https://www.uninassau.edu.br/","Márcia Rejane Ferreira Pereira","Orientação e capacitações acadêmica","","",""
"Parcial","https://www.uninassau.edu.br/","Luana Cavalcanti de Melo Ataíde","Orientação e capacitações acadêmica","","",""
"Total","tebp@discente.ifpe.edu.br","Thiago Ewerton Barros Pereira","Responsável com o desenvolvimento de Hardware da equipe","","Synesthesia Vision",""
"Total","Lhfp1@discente.ifpe.edu.br","Luiz Henrique Ferreira Pavão","Responsável com o desenvolvimento da plataforma mobile da equipe","","Synesthesia Vision",""
"Parcial","gilmarbrito@recife.ifpe.edu.br","Gilmar Gonçalves de Brito","Contribui com o desenvolvimento de hardware","","Synesthesia Vision",""
"Total","cabm@discente.ifpe.edu.br","Clara Alves Bezerra Moura","Atua no desenvolvimento da plataforma mobile","","Synesthesia Vision",""
"Total","seuzeh4@gmail.com","Sônia Regina Siqueira Passos","Fara para da equipe técnica e de fiscalização de desenvolvimento do projeto.","","seuzeh",""
"Total","emanuelpassos@quasartecnologia.com.br","Emanuel da Mota Passos Filho","Fara para da equipe de desenvolvimento da plataforma tanto na parte de frontend  como de backend","","seuzeh",""
"Parcial","seuzeh4@gmail.com","Rafael Cordeiro","Fara para da equipe de desenvolvimento da plataforma na parte de integração de sistemas","","seuzeh",""
"Total","camilamta275@gmail.com","Camila Maria Teixeira Alcântara","(ADS) Análise e desenvolvimento de sistemas- Programação ","","Vingadores do mangue ",""
"Parcial","seuzeh4@gmail.com","Rafael Cordeiro","Desenvolvimento de API de integracao, alem de gestao de dados da plataforma","","seuzeh",""
"Integral","","","Fundador e CEO. Responsável pela visão estratégica, desenvolvimento de produto e articulação com parceiros industriais. Coordeno as frentes de hardware, software e validação de mercado nas soluções da COLI.","","COLI","mizael.correia@gmail.com"
"Integral","","","CEO","","BERRY DEV","gm08022003@gmail.com"
"Integral","","","Fundador","","DAGAI","antoniovldamaso@gmail.com"
"Integral","","","Ligia Bezerra Coelho desempenha um papel fundamental como CEO, fundadora e autora da Ver-TI Mobilidade Urbana Inclusiva. Sua atuação na startup envolve a criação e desenvolvimento de soluções inovadoras de mobilidade urbana, focadas na acessibilidade para PCDs (Pessoas com Deficiência) e toda a população.

Como líder da Ver-TI, Ligia idealizou um APP exclusivo com comando de voz, patenteado em 184 países, que atende diversos grupos, incluindo pessoas com deficiência visual, idosos, analfabetos e portadores de Mal de Parkinson. Sua missão é promover inclusão social e autonomia, garantindo que milhões de pessoas tenham acesso a uma mobilidade mais segura e eficiente.

Além disso, Ligia participa ativamente de eventos de inovação e empreendedorismo, como o ICL Tank, onde apresenta sua tecnologia assistiva e busca parcerias estratégicas para expandir o impacto da Ver-TI","","VER-TI MOBILIDADE URBANA LTDA","ligia37_1@hotmail.com"
"Integral","","","Meu papel na startup é atuar como CEO (Chief Executive Officer), sendo responsável pela liderança geral do negócio, definição da visão estratégica, relacionamento com parceiros e investidores, além de coordenar o time nas decisões importantes. Também participo ativamente no desenvolvimento dos produtos, validando as soluções com os clientes e garantindo que estejamos sempre alinhados às necessidades do setor agrícola.","","AgriVision","hebert.games.com@gmail.com"
"Total","josantino70@gmail.com","Joselia Mendes","A Ver-TI Mobilidade Urbana Inclusiva possui um setor de comunicação estruturado para garantir uma experiência eficiente e acessível tanto para motoristas quanto para usuários. Aqui estão os principais aspectos desse setor:

1. Comunicação com Motoristas e Usuários
✅ Plataformas digitais – A Ver-TI utiliza Instagram, Facebook e WhatsApp para interagir com motoristas e usuários, fornecendo informações e suporte. ✅ Eventos presenciais – São promovidos encontros com motoristas para facilitar a adesão ao aplicativo e esclarecer dúvidas. ✅ Canal de atendimento – Suporte dedicado para resolver questões operacionais e garantir acessibilidade.

2. Capacitação dos Motoristas
✅ Treinamento especializado – Motoristas recebem capacitação sobre acessibilidade e inclusão, garantindo um atendimento adequado para PCDs. ✅ Guias e materiais educativos – Disponibilização de conteúdos sobre uso do comando de voz e atendimento inclusivo. ✅ Parcerias com instituições – Colaboração com entidades que promovem acessibilidade para aprimorar a formação dos motoristas.

3. Tutoriais no Aplicativo
✅ Vídeos explicativos – O aplicativo conta com tutoriais interativos, ensinando usuários a utilizar o comando de voz e outras funcionalidades. ✅ Guias acessíveis – Materiais em áudio e texto para atender diferentes perfis de usuários. ✅ Testes práticos – Simulações dentro do app para garantir que os usuários se sintam confortáveis com a tecnologia.

4. Captação de Leads
✅ Campanhas digitais – Estratégias de marketing para atrair novos usuários e motoristas. ✅ Parcerias estratégicas – Colaboração com empresas e instituições para ampliar a base de usuários. ✅ Eventos e demonstrações – Apresentações públicas para divulgar a tecnologia assistiva da Ver-TI.

A Ver-TI está focada em crescimento sustentável e impacto social, garantindo que sua tecnologia assistiva alcance o maior número possível de pessoas.","","VER-TI MOBILIDADE URBANA LTDA",""
"Total","josantino70@gmail.com","Joselia Mendes","A Ver-TI Mobilidade Urbana Inclusiva possui um setor de comunicação estruturado para garantir uma experiência eficiente e acessível tanto para motoristas quanto para usuários. Aqui estão os principais aspectos desse setor:

1. Comunicação com Motoristas e Usuários
✅ Plataformas digitais – A Ver-TI utiliza Instagram, Facebook e WhatsApp para interagir com motoristas e usuários, fornecendo informações e suporte. ✅ Eventos presenciais – São promovidos encontros com motoristas para facilitar a adesão ao aplicativo e esclarecer dúvidas. ✅ Canal de atendimento – Suporte dedicado para resolver questões operacionais e garantir acessibilidade.

2. Capacitação dos Motoristas
✅ Treinamento especializado – Motoristas recebem capacitação sobre acessibilidade e inclusão, garantindo um atendimento adequado para PCDs. ✅ Guias e materiais educativos – Disponibilização de conteúdos sobre uso do comando de voz e atendimento inclusivo. ✅ Parcerias com instituições – Colaboração com entidades que promovem acessibilidade para aprimorar a formação dos motoristas.

3. Tutoriais no Aplicativo
✅ Vídeos explicativos – O aplicativo conta com tutoriais interativos, ensinando usuários a utilizar o comando de voz e outras funcionalidades. ✅ Guias acessíveis – Materiais em áudio e texto para atender diferentes perfis de usuários. ✅ Testes práticos – Simulações dentro do app para garantir que os usuários se sintam confortáveis com a tecnologia.

4. Captação de Leads
✅ Campanhas digitais – Estratégias de marketing para atrair novos usuários e motoristas. ✅ Parcerias estratégicas – Colaboração com empresas e instituições para ampliar a base de usuários. ✅ Eventos e demonstrações – Apresentações públicas para divulgar a tecnologia assistiva da Ver-TI.

A Ver-TI está focada em crescimento sustentável e impacto social, garantindo que sua tecnologia assistiva alcance o maior número possível de pessoas.","","VER-TI MOBILIDADE URBANA LTDA",""
"","joaoemanuelverissimo@gmail.com","João Emanuel ","","","Os calangos",""
"Total","joaoemanuelverissimo@gmail.com","João Emanuel ","Kkk","","Os calangos",""
"Total","joaoemanuelverissimo@gmail.com","João Emanuel ","Kkkhdjkpfd","","Os calangos",""
"Parcial","conrado.vitor@epistemic.com.br","Conrado de Vitor","Conrado é sócio e CTO da empresa. É responsável pela parte técnica do Epistemic App e do Aurora. O Aurora ainda não está no mercado. É um aparelho de eletroencefalograma vestíve, sem fios, eletrodos secos, e que não precisa de especialistas para sua colocação.","","Epistemic",""
"Parcial","conrado.vitor@epistemic.com.br","Conrado de Vitor","Conrado é sócio e CTO da empresa. É responsável pela parte técnica do Epistemic App e do Aurora. O Aurora ainda não está no mercado. É um aparelho de eletroencefalograma vestíve, sem fios, eletrodos secos, e que não precisa de especialistas para sua colocação.
Não consegui inserir mais integrantes, mas temos duas desenvolvedoras de software/app: Adriana Cerdeira e Vivian Sanchez. E a Sarah que é reponsável pelo marketing e comercial.","","Epistemic",""
"","","","","","",""
"","","","","","",""
"","","","","","",""
"","","","","","",""
"","","","","","",""
"","","","","","",""
"","","","","","",""
"","","","","","",""
"","","","","","",""
"","","","","","",""
"","","","","","",""
"","","","","","",""
"","","","","","",""
"","","","","","",""
"","","","","","",""
"Parcial","deni_duarte@hotmail.com","Denise Tamara Duarte Toledo Miranda","Profissional de finanças com mais de 11 anos de experiência em Finanças Corporativas, atuando em diversas áreas de negócios, com foco atual em ambientes dinâmicos e de alta inovação, como startups. Iniciei minha carreira na GE como trainee em Finanças na região da América Latina, com passagens pelo Brasil e México. Após concluir o programa, ingressei na divisão de Energias Renováveis da GE, onde atuei em diversas funções nas áreas de Finanças, Fusões & Aquisições e Finanças da Cadeia de Suprimentos, com responsabilidades tanto locais quanto globais.
Atualmente atua como CFO divisional da Microsoft França, apoiando todas as operações do setor público francês, além das áreas de Suporte e Serviços em diferentes segmentos. Aplicando essa bagagem em ambientes de startups e inovação, contribuindo para o crescimento sustentável com visão estratégica e foco em resultados.","","EmpatIA",""
"Parcial","andressa.rospirski@gmail.com","ANDRESSA ROSPIRSKI","Graduada em Administração, especialista em Gereciamento de Projetos e Mestre em Gestão, Tecnologia e Sustentabilidade.

No EmpatIA sou responsável pelo gerenciamento de projetos, apoiando a definição de escopo e direcionamento do nosso projeto e produto, realizando o acompanhamento do cronograma, prazos e entregas, dando o máximo para que tudo ocorra conforme o planejado.""","","EmpatIA",""
"Total","daniele.matias@wattconsultoria.com.br","Daniele da Silva Matias","Participa ativamente da construção técnica e estratégica do projeto.","","Watt Consultoria",""
"Total","gabriel.oliveira@wattconsultoria.com.br","Gabriel de Oliveira e Silva","Atua na definição de escopo, estratégias e entregas do projeto.","","Watt Consultoria",""
"Total","rodrigo.silva@wattconsultoria.com.br","Rodrigo Rocha da Silva","Responsável pela elaboração de conteúdos, revisão e estruturação geral do projeto.","","Watt Consultoria",""
"Total","andre.andrade@wattconsultoria.com.br","André Alves de Andrade ","Participa ativamente da construção técnica e estratégica do projeto.","","Watt Consultoria",""
"Total","tebp@discente.ifpe.edu.br","Thiago Ewerton Barros Pereira","Desenvolvedor de Hardware","","Synesthesia Vision",""
"Total","cabm@discente.ifpe.edu.br","Clara Alves Bezerra Moura","Desenvolvedor de Software","","Synesthesia Vision",""
"Total","Lhfp1@discente.ifpe.edu.br","Luiz Henrique Ferreira Pavão","Desenvolvedor de Software","","Synesthesia Vision",""
"Parcial","gilmarbrito@recife.ifpe.edu.br ","Gilmar Gonçalves de Brito","Desenvolvedor de Hardware","","Synesthesia Vision",""
"Integral","","","Idealizadora","","Postura +","jacilc@hotmail.com"
"Parcial","","","Idealizadora","","Postura +","jacilc@hotmail.com"
"Parcial","diiogoco@gmail.com","Diogo Cavalcanti Oliveira","Engenheiro civil graduado na POLI-UPE, Mestrado em tecnologia e gestão realizado na POLI-UPE, MBA em Gerenciamento de Projetos pela FGV, com atuação em Soluções de engenharia para industria. Participação acadêmica em projetos com tecnologia aplicadas a construção. ","","Fluxo Livre",""
"Parcial","brunocavalcanti@gmail.com","Bruno Cavalcanti Oliveira","Administrador formado pela FCAP-UPE,  PMP (Project Management Professional) , com forte atuação emgerencimaento de projetos criativos, projetos de tecnologia e atuação com gestão de empresas. ","","Fluxo Livre",""
"Parcial","irenotiburcio@gmail.com","Ireno Tibúrcio Cavalcanti Neto","Graduado em Engenharia Civil (2009-2012), especialista em Estruturas de Concreto Armado e Fundações (2014-2016), mestre em Engenharia Civil e Ambiental (2016-2019). Experiência em Engenharia Civil, com ênfase em obras públicas e programas habitacionais, análise técnico-financeira de convênios e operações de financiamento, projetos e execução de obras de infraestrutura e cálculo estrutural. ","","Fluxo Livre",""
"Integral","","","Diretor Executivo","","Azul Tecnologia","thiago.ac.araujo@gmail.com"
"Parcial","ruben@saveadd.com.br","Ruben Lício Reis","Ruben Lício Reis é especialista em tecnologia da informação com mais de 18 anos de experiência em desenvolvimento de sistemas e arquitetura de software. Cofundador e CTO da SaveAdd, é responsável por liderar a construção e evolução da plataforma, com foco em soluções escaláveis e seguras. Tem ampla vivência com tecnologias como Node.js, React, AWS, além de conhecimento em governança de TI, metodologias ágeis (Scrum) e segurança da informação (ISO/IEC 27002).","","SaveAdd",""
"Total","veronicabierhals1@gmail.com ","Verônica ","Desenvolvedora Full Stack com sólida formação em desenvolvimento de software, expertise em backend e frontend, e experiência prática em tecnologias modernas como Node.js, React.js e Python. Atualmente, atua como profissional autônoma (PJ), oferecendo serviços de manutenção, correção de bugs, implementação de melhorias e desenvolvimento de novos sistemas. Também realiza análises de dados e criação de dashboards em Power BI.","","SaveAdd",""
"Parcial","kfranca.xavier@gmail.com","Karla Xavier","Com quase 23 anos de experiência em marketing e eventos, Karla possui um profundo conhecimento no desenvolvimento de projetos de marketing e brand experience, bem como na organização e execução de eventos corporativos, culturais e de tecnologia. Sua experiência em coordenar equipes multidisciplinares, incluindo comunicação, design e conteúdo, é crucial para a organização e operacionalização de eventos, e para garantir que as soluções da SaveAdd estejam alinhadas com as necessidades do mercado e dos stakeholders.","","SaveAdd",""
"Parcial","epriscilagarcia@gmail.com","Elaine Priscila de Andrade Garcia","Desenvolvimento de Modelos de Performance Sustentável: Sua expertise em performance corporativa e desenvolvimento econômico permite desenhar modelos de governança e desempenho que alinhem rentabilidade com impacto positivo, reforçando a credibilidade da SaveAdd como negócio de impacto.
Análise de Dados e Inteligência de Mercado: Elaine pode fortalecer a inteligência de dados da plataforma, contribuindo na análise estatística das operações e na geração de insights para decisões mais assertivas, sobretudo no uso da IA aplicada à logística e à redução de perdas.","","SaveAdd",""
"Total","stefaneksilveiraa@gmail.com","Stefane Silveira","Gerente de produto - Product Design, Gestão de Projetos e Gestão de Produto, em projetos de diversos setores como moda e e-commerce, criando produtos digitais utilizado por grande empresas do ramo, como o Grupo Soma; Saúde e bem-estar, colaborando na criação de um produto digital para a prefeitura do Recife, com mais de 100 mil usuários ativos; e Deeptech com foco em Inteligência Artificial. Experiência em gestão de projetos e gestão de Produto.","","Mosca Branca deeptech",""
"Total","rmas@cin.ufpe.br","Ricardo martins"," Coordenador técnico do projeto - 
Doutor  em Ciência da Computação pelo Centro de Informática da Universidade Federal de Pernambuco (2003), onde atualmente é professor associado. Atuou como professor no Departamento de Ciência da Computação da Universidade Federal de Lavras (1998-2010), coordenando projetos como o Mestrado Interinstitucional com a UFMG e liderando o Grupo de Otimização e Inteligência Computacional (GOIC). Possui experiência em otimização, machine learning, tomada de decisão sob incerteza e computação quântica, com pós-doutorados na AT&T Labs Research (EUA) e na Queen Mary University of London. Trabalhou emcolaboração com instituições renomadas, como Motorola, HP, SENAI-PE, SUAPE-PE, e empresas de tecnologia no Brasil e no exterior. 
","","Mosca Branca deeptech",""
"Total","Manuellegraciano@gmail.com","Manuelle Graciano Ferreira","Como médica, Manuelle atuará diretamente na ideação e validação da construção da solução","","Cuida Recife",""
"Total","gustavohlma8@gmail.com","Gustavo Henrique Lima Mendes de Almeida","Gustavo atuará como desenvolvedor fullstack da solução","","Cuida Recife",""
"Total","gabifc_graciano@hotmail.com","Gabriella Graciano de Souza","Gabriella atuará como ux ui designer da solução, além de prestar assistência no desenvolvimento frontend","","Cuida Recife",""
"Total","Academicosdani@gmail.com","Daniela Menezes","Responsável pelo desenvolvimento da estratégia de negócios. Atuou na definição do modelo B2B, identificação de parcerias estratégicas e estruturação do plano de escalabilidade. Foi um dos integrantes que representou o time na apresentação final do pitch, explicando com clareza sobre do que o projeto se trata e a proposta de valor.","","InVision",""
"Total","pablo13012001@gmail.com","Pablo Vinicius Nascimento","Atuou na pesquisa de mercado, validação do problema e construção da proposta de valor. Contribuiu para a elaboração do discurso de impacto social e no levantamento de potenciais clientes e parceiros, com foco em shoppings, hospitais, escolas e espaços culturais.","","InVision",""
"Total","L-eduardo96@hotmail.com","Luiz Eduardo Diniz da Silva Araújo","Responsável por definir a viabilidade econômica e estruturar o modelo de monetização. Trabalhou na análise de custo-benefício, estrutura de receitas e plano de implementação da solução nos ambientes que temos como alvo.","","InVision",""
"Total","ddmdoliveira@gmail.com","Deyvid Diogo Marques de Oliveira","Atuei diretamente na arquitetura da solução, integração com redes Wi-Fi e a forma como esse sistema de localização indoor impacta na vida das pessoas. Fiquei responsável por elaborar e apresentar o pitch junto a Dani e expliquei os aspectos técnicos do projeto. Realizei a demonstração técnica e destaquei o diferencial tecnológico do sistema NavegaVis.","","InVision",""
"Total","livia.clarissa37@gmail.com","Livia Clarissa","Trabalhou na prototipação da interface interativa e gamificada de mapeamento. Atuou no desenvolvimento da lógica de navegação e nas instruções verbais do sistema, garantindo uma experiência acessível para o usuário final.","","InVision",""
"Total","ivipnascimento@hotmail.com","Ivisson Pereira Do Nascimento Alves","Responsável pela implementação do sistema de cálculo de posicionamento baseado na intensidade de sinal Wi-Fi. Contribuiu com testes de funcionalidade, simulações e otimização do desempenho da plataforma.","","InVision",""
"Total","anacarolalvescosta@gmail.com","Ana Carolyne Alves Costa","Responsável pela definição da experiência do usuário, estruturação de fluxos, wireframes e validação de soluções com foco na usabilidade e aderência ao público-alvo.","","",""
"Total","aam4@cin.ufpe.br","Arthur Alves Marsaro","Atuação focada em inovação, definição de estratégias e desenvolvimento de soluções digitais alinhadas aos objetivos do projeto.","","",""
"Total","jvitormergulho@gmail.com","João Vitor Lima Mergulhão","Responsável pelo desenvolvimento da aplicação, definição da arquitetura de software e estruturação da infraestrutura necessária para garantir performance e estabilidade.","","",""
"Total","chaves.lucas.ferrer@gmail.com","Lucas Chaves Sampaio Ferrer","Estudante","","CAIS",""
"Total","sromario577@gmail.com","Maycon Romario Dos Santos Pereira","Estudante / Estagiário","","CAIS",""
"Total","henriqesl16@gmail.com","Henrique Silva de Lima","Estudante / Estagiário","","CAIS",""
"Total","mdfsf@cesar.school","Messias Daniel Ferreira da Silva Filho","Estudante","","CAIS",""
"Total","carloshenrique.stow@gmail.com","Carlos Henrique Stow Chaves ","CTO and CPO","","GIRO IA",""
"","","a","","","a",""
"","","b","","","a",""
"","","c","","","a",""
"","","d","","","a",""
"","","e","","","a",""
"","","f","","","a",""
"","","g","","","a",""
"","","h","","","a",""
"","","i","","","a",""
"","","j","","","a",""
"","","k","","","a",""
"","","l","","","a",""
"Total","jeferson.lopes@enkode.tech","Jeferson Lopes","Frontend","","Enkode",""
"Total","sandy.vieira@enkode.tech","Sandy Vieira","Product Desing","","Enkode",""
"Total","gabriel.morais@enkode.tech","Gabriel Morais","Backend","","Enkode",""
"Total","luiz.neto@enkode.tech","Luiz Neto","Backend","","Enkode",""
"Total","andre.luiz@enkode.tech","Andre Luiz","Mobile","","Enkode",""
"Total","rafael.morais@enkode.tech","Rafael Morais","Mobile","","Enkode",""
"","","","","","Horus",""
"","","A","","","Horus",""
"","","Hbb","Jj","","Horus",""
"","","","","","",""
"Parcial","diiogoco@gmail.com","Diogo Cavalcanti Oliveira","Diretor na Probeton Engenharia há 11 anos. Graduado em Engenharia Civil pela POLI-UPE, com especialização em Estruturas de Concreto (UNIP), MBA em Gerenciamento de Projetos (FGV) e Mestrado em Tecnologia e Gestão na Construção (POLI-UPE).

Minha experiência inclui gestão de projetos, liderança de equipes e otimização de processos, atuando nos setores de projetos, comercial e suprimentos. Fui um dos fundadores da OTIMIZA, startup selecionada para aceleração pelo CESAR, onde aprofundei minha vivência em inovação e tecnologia. Meu foco está em obras industriais, processos estratégicos de negócios e implantação de soluções voltadas a resultados e melhoria contínua.","","Fluxo Livre",""
"Parcial","irenotiburcio@gmail.com","Ireno Tibúrcio Cavalcanti Neto","Graduado em Engenharia Civil (2009-2012), especialista em Estruturas de Concreto Armado e Fundações (2014-2016), mestre em Engenharia Civil e Ambiental (2016-2019). Experiência em Engenharia Civil, com ênfase em obras públicas e programas habitacionais, análise técnico-financeira de convênios e operações de financiamento, projetos e execução de obras de infraestrutura e cálculo estrutural. Oficial da Arma de Engenharia do Exército Brasileiro (2008-2013).","","Fluxo Livre",""
"Parcial","brunocavalcanti@gmail.com","Bruno Cavalcanti Oliveira","Graduado em Administração pela FCAP(UPE), Gerente de projetos PMP, MBA em Gerenciamento de Projetos pelo IBMEC. Tem larga experiencia com gestão de projetos criativos, atuando com parques tecnologicos e startups. ","","Fluxo Livre",""
"Parcial","costa.mercia@academico.ifpb.edu.br","Maria Mércia Duarte Costa","","","MEDIBOX",""
"Parcial","oliveira.italo@academico.ifpb.edu.br","Ítalo de Oliveira Batista","","","MEDIBOX",""
"Parcial","ramon.alves@academico.ifpb.edu.br","Ramon Alves Patricio de Souza","","","MEDIBOX",""
"Parcial","oliveira.italo@academico.ifpb.edu.br","Ítalo de Oliveira Batista","Desenvolvedor do aplicativo","","MEDIBOX",""
"Parcial","costa.mercia@academico.ifpb.edu.br","Maria Mércia Duarte Costa","Projetista e desenvolvedora da parte eletrônica","","MEDIBOX",""
"Parcial","ramon.alves@academico.ifpb.edu.br","Ramon Alves Patricio de Souza","Desenhista projetista","","MEDIBOX",""
"Total","luiz@penna.tec.br","André Freitas","Profissional que atua a mais de 15 anos no segmento ambiental e mais de 10 anos na companhia responsável pela limpeza urbana do município do Rio de Janeiro na área de Fiscalização e Lei.","","RaiiF - Recife em Ação Inovadora e Inteligente para o Futuro",""
"Total","luiz@penna.tec.br","André Freitas","André é um profissional com formação em Meio Ambiente e atua a mais de 15 anos no segmento de limpeza urbana na municipalidade, mais especificamente na área de Fiscalização e Lei, com participação em contratos e produtos.
Como analista de negócio, vem direcionando os entregáveis no escopo legal e processual no tocante a fiscalização.","","RaiiF",""
"Parcial","danielcesarpi@gmail.com","Daniel César Menêses de Carvalho","Professor. Análista espacial e elaborador de mapas de saúde","","REbate",""
"Parcial","gleiciolive@hotmail.com","Leydiane Gleici Oliveira Medeiros","Monitora de avaliação de indicadores físicos","","REbate",""
"Total","lyannacamila@gmail.com","Lyanna Camila César Menêses de Carvalho","Advogada. Responsável pela conformidade do aplicado ao LGPD etermos de consentimento","","REbate",""
"Total","rodrigo.bernardino@dissertio.com.br","Rodrigo Bernardino ","Cientista de Dados e Especialista em Desenvolvimento de Sistemas Multi Agentes de IA ","","SUSIA",""
"Total","rodrigo.bernardino@dissertio.com.br; emanuel.vieira@dissertio.com.br","Rodrigo Bernardino, Emanuel Vieira","Cientista de Dados e Especialista em Desenvolvimento de Sistemas Multi Agentes de IA ","","SUSIA",""
"Total","llsc@cesar.school","Lucas Lopes Soares Cabral","Product Designer","","Cesinhas",""
"Total","tcmbs@cesar.school","Thiago César Mattos","UX Designer","","Cesinhas",""
"Parcial","vcbpc@cesar.school","Vítor Phaelante","Product Designer","","Cesinhas",""
"Total","pqla@cesar.school","Pedro Queiroz Luis de Assis","Cientista da computação","","Cesinhas",""
"Total","evog@cesar.school","Eduardo Vaz de Oliveira Gerab","Cientista da computação","","Cesinhas",""
"Total","tebp@discente.ifpe.edu.br","Thiago Ewerton Barros Pereira","Desenvolvimento de Hardware","","Synesthesia Vision ",""
"Total","luizpavao35@gmail.com","Luiz Henrique Ferreira Pavão","Desenvolvimento de Sistemas","","Synesthesia Vision ",""
"Total","lcabm@discente.ifpe.edu.br","Clara Alves Bezerra Moura","Desenvolvimento de Sistemas","","Synesthesia Vision ",""
"Parcial","gilmarbrito@recife.ifpe.edu.br","Gilmar Gonçalves de Brito","Desenvolvimento de Hardware","","Synesthesia Vision ",""
"Parcial","jorge@lauracare.life","Jorge Augusto Fressatto","Secretário Geral","","ROBO LAURA",""
"Parcial","matheusiori11@gmail.com","Matheus Valente Lima","Desenvolvimento de produto","","BOB",""
"Total","matheusiori11@gmail.com","Matheus Valente de Lima","Gestão do projeto, design do produto.","","BOB",""
"Total","Flaviokubota@ufpr.br","Flávio Issao Kubota","Projeto conceitual","","BOB",""
"Total","giuliana.venter@ufpr.br","Giuliana Sardi Venter","Projeto do sistema eletrônico","","BOB",""
"Total","gabrielnegrao@ufpr.br","Gabriel de Souza negrão","Programação","","BOB",""
"Total","marialuciaokimoto@gmail.com","Maria Lúcia Leite Ribeiro Okimoto","Gestão de projeto, design do produto e ergonomia","","BOB",""
"Total","rodrigo@tcsindustrial.com.br","Rodrigo Afonso Araújo","Diretor de Operações:
- Prospecção de novos parceiros;
- Gerenciamento do Time;
- Alinhamento dos processos internos;
","","Luminus",""
"Total","luiz.antunes@vamosajudai.com.br","Luiz Ferreira Antunes","Motorista:
- Coleta e entrega dos alimentos
","","Luminus",""
"Total","luiz.silverio@vamosajudai.com.br","Luiz José da Paixão Silvério","Auxiliar de Carga:
- Embarque e desembarque de alimentos
","","Luminus",""
"Total","denise@vamosajudai.com.br","Denise Alves de Oliveira Pires","Captadora de recursos:
- Responsável por captar novos apoiadores;
- Responsável por buscar novas oportunidades no mercado;
","","Luminus",""
"Total","rodolpho.lisboa@tcsindustrial.com.br","Rodolpho Roland Alves Lisboa","Auxiliar administrativo:
- Responsável pelo setor Financeiro;
- Responsável pelo setor Administrativo;
- Responsável pelo setor de Pessoal;
","","Luminus",""
"Parcial","danielcesarpi@gmail.com","Daniel César Menêses de Carvalho","Colaborador do projeto - inovação","","CincoduQuatro",""
"Parcial","adrianofrs@frn.uespi.br","Adriano Olivier de Freitas e Silva","Colaborador do projeto - pesquisa","","CincoduQuatro",""
"Total","yamaraarruda@gmail.com","Yamara Arruda Silva de Menezes","Biogestão de Resíduos Orgânicos","","CincoduQuatro",""
"Parcial","celestelimagama@gmail.com","Maria Celeste Lima Gama","Getão Financeira","","BDI Cooptec",""
"Parcial","marluceribeiroc@hotmail.com ","Marluce Ribeiro","Economista com atuação estratégica em Governança, Gestão de Riscos, Compliance e Controle Interno. Experiente na análise de processos organizacionais, otimização de recursos e avaliação de indicadores econômico-financeiros. Desenvolve e monitora projetos em conformidade com normas regulatórias, contribuindo para a eficiência administrativa e a geração de valor. Perfil analítico, visão sistêmica e foco em resultados sustentáveis.","","BDI Cooptec",""
"Parcial","","   Jônathas de Barros Gonçalves ","Produção audio visual, redes sociais","","BDI Cooptec",""
"Parcial","amandaires@gmail.com","Amanda Aires Vieira","Economista pela Universidade Federal de Pernambuco com extensão universitária na Universität Zürich, na Suíça, mestre em economia com dissertação premiada pelo III prêmio de economia bancária promovido pela Fabraban - Federação Brasileira de Bancos. O objeto da dissertação é o uso da inteligência artificial (redes neurais artificiais) para previsão de falência bancária no Brasil. O estudo também foi utilizado como marco prudencial pelo Banco Nacional de Angola. Doutora em economia pela Universidade Federal de Pernambuco com doutorado sanduíche pela Université Laval, no Canadá. Especialista em ciência de dados e uso de inteligência artificial para solução de problemas do setor público, tendo desenvolvido ferramentas para a Secretaria de Desenvolvimento Profissional e Empreendedorismo - SEDEPE/PE durante sua atuação como secretária da pasta.","","BDI Cooptec",""
"Parcial","ecogabrielgon@gmail.com","GABRIEL OLIVEIRA GONCALVES","Gerente de TI","","BDI Cooptec",""
"Parcial","maximilian.ulachmann@ufpe.br ","Maximilian Udo Lachmann ","Cientita de dados","","BDI Cooptec",""
"Parcial","caroline.bona@yahoo.com.br","Caroline Pereira Bona","Gestão de projetos","","BDI Cooptec",""
"Parcial","fholanda@academico.ufs.br ","Francisco Sandro Rodrigues","Analista em segurança alimentar","","BDI Cooptec",""
"Parcial",""," Caio Gabriel Viana Coutinho  ","Analista de Dados","","BDI Cooptec",""
"Parcial","","Giuseppe Trevisan Cruz","Cientista de dados","","BDI Cooptec",""
"Parcial","","   Dionnys Santos Marinho ","Engenheiro de dados","","BDI Cooptec",""
"Total","jaqueline@seeuapp.com.br","Jaqueline Ferreira de Araujo","CTO e Diretora de Desenvolvimento Formação: Concluindo Engenharia Civil no Instituto Federal de Alagoas (IFAL). Programadora autodidata com especialização em desenvolvimento de soluções assistivas. Expertise: Especialista em cidades inteligentes para pessoas cegas. Desenvolvimento de sistemas de navegação assistida. Programação avançada com foco em acessibilidade. Integração de sistemas de ecolocalização. Diferencial: Inspirada por seus avós e tio que eram cegos, Jaqueline traz uma compreensão profunda das necessidades familiares e sociais de pessoas com deficiência visual, traduzindo essas demandas em soluções tecnológicas inovadoras.
","","See U",""
"Parcial","chaveslima@gmail.com","Ricardo Chaves Lima","Econometria e Segurança Alimentar","","BDI Cooptec",""
"Total","asfa@ic.ufal.br","Arthur Sendas Felix Almeida","CEO e Diretor de Tecnologia Formação: Graduado pela Universidade Estadual de
Ciências da Saúde de Alagoas (UNCISAL). Mestrando em Saúde Inteligente, com foco em tecnologias assistivas. Especialização em UX/UI Design para
acessibilidade. Expertise: Um dos únicos designers UX/UI do mundo especializado em interfaces para pessoas cegas e com deficiência visual severa. Especialista em desenvolvimento de sistemas autônomos. Profundo conhecimento em inteligência artificial e visão computacional. Experiência em processamento de linguagem natural. Diferencial: Como pessoa com deficiência visual severa, Arthur traz uma perspectiva única ao desenvolvimento de soluções assistivas, combinando seu conhecimento técnico com a vivência direta das necessidades dos usuários.
","","See U",""
"Parcial","willins_filho@hotmail.com","José Willins Soares Filho","Gestão de Projetos","","BDI Cooptec",""
"Parcial","","Maria Luiza Alagão","Auxiliar de pesquisa ","","BDI Cooptec",""
"Parcial","","Lucas Flores","Formação: Mestrado em Economia. Especialização em gestão de negócios de
impacto. Experiência Profissional Adicional: Casa Azul Participações S/A –
Programa Delta-V (2023): Analista de Aceleração II, responsável por acompanhar
15 startups em estágio de ideação no programa Delta-V. Expertise: Planejamento
financeiro estratégico. Análise de viabilidade econômica. Gestão de investimentos.
Desenvolvimento de modelos de negócios sustentáveis. Diferencial: Sua experiência
em aceleração de startups e gestão de negócios de impacto fortalece a capacidade
da See U de alinhar inovação tecnológica a estratégias de mercado sólidas.
","","See U",""
"Parcial","","Rodrigo Lustosa Peronico","Cientista de Dados e Matemático Formação: Graduação
em Licenciatura Plena em Matemática pela Universidade Federal Rural de
Pernambuco (2008). Mestrado e Doutorado em Tecnologias Energéticas e
Nucleares pela Universidade Federal de Pernambuco (2012 e 2018). Atuação na
See U: Cientista de Dados e Matemático: Desenvolvimento de algoritmos avançados
para o processamento de dados do aplicativo. Modelagem matemática aplicada à
navegação assistida e à ecolocalização, garantindo maior precisão e eficiência nos
sistemas de orientação. Criação de modelos preditivos para personalização do
aplicativo com base no comportamento dos usuários. Otimização dos sistemas de
reconhecimento de objetos e leitura de textos (OCR), utilizando métodos
matemáticos e computacionais avançados. Contribuições no Aprimoramento de IA e
Machine Learning: Desenvolvimento de algoritmos de aprendizado de máquina
para reconhecimento de padrões em ambientes complexos. Suporte técnico na
criação de sistemas que integram informações espaciais e feedback auditivo,
permitindo maior imersão e eficiência para os usuários. Aplicação de métodos
estatísticos avançados para a análise de dados coletados, auxiliando na melhoria
contínua da experiência do usuário. Diferencial: Rodrigo combina sua formação
acadêmica em modelagem matemática e computação com habilidades práticas para
resolver problemas complexos no desenvolvimento de tecnologias assistivas. Seu
trabalho aprimora a precisão dos algoritmos do See U, aumentando sua
confiabilidade e impacto.
","","See U",""
"Parcial","alineborgespsiquiatria@gmail.com","Aline Borges Bezerra","Consultora Médica","","Clinitech",""
"Parcial","clinitech.saude@gmail.com","Ricardo Chaves Lima Filho","Engenheiro de Software","","Clinitech",""
"Total","nicbroedel@gmail.com","Nicole Tavares Broedel","Administrativo","","Clinitech",""
"Total","daniele.matias@wattconsultoria.com.br","Daniele da Silva Matias ","Consultora de projeto e analista de marketing","","Watt Consultoria",""
"Total","gabriel.oliveira@wattconsultoria.com.br","Gabriel de Oliveira e Silva","Desenvolvedor do produto e solução","","Watt Consultoria",""
"Total","gabriel.oliveira@wattconsultoria.com.br","Rodrigo Rocha da Silva","Gerente de projetos e desenvolvedor","","Watt Consultoria",""
"Total","andre.andrade@wattconsultoria.com.br","André Alves de Andrade","Consultor de projetos","","Watt Consultoria",""
"Total","rodrigo@tcsindustrial.com.br","Rodrigo Afonso Araújo","Diretor de Operações:
- Prospecção de novos parceiros;
- Gerenciamento do Time;
- Alinhamento dos processos internos;
","","Associação Luminus",""
"Total","luiz.antunes@vamosajudai.com.br","Luiz Ferreira Antunes","Motorista:
- Coleta e entrega dos alimentos
","","Associação Luminus",""
"Total","luiz.silverio@vamosajudai.com.br","Luiz José da Paixão Silvério","Auxiliar de Carga:
- Embarque e desembarque de alimentos
","","Associação Luminus",""
"Total","denise@vamosajudai.com.br","Denise Alves de Oliveira Pires","Captadora de recursos:
- Responsável por captar novos apoiadores;
- Responsável por buscar novas oportunidades no mercado;
","","Associação Luminus",""
"Total","rodolpho.lisboa@tcsindustrial.com.br","Rodolpho Roland Alves Lisboa","Auxiliar administrativo:
- Responsável pelo setor Financeiro;
- Responsável pelo setor Administrativo;
- Responsável pelo setor de Pessoal;
","","Associação Luminus",""
"Total","rodrigo@tcsindustrial.com.br","Rodrigo Afonso Araújo","Diretor de Operações:
- Prospecção de novos parceiros;
- Gerenciamento do Time;
- Alinhamento dos processos internos;
","","Associação Luminus",""
"Total","luiz.antunes@vamosajudai.com.br","Luiz Ferreira Antunes","Motorista:
- Coleta e entrega dos alimentos
","","Associação Luminus",""
"Total","luiz.silverio@vamosajudai.com.br","Luiz José da Paixão Silvério","Auxiliar de Carga:
- Embarque e desembarque de alimentos
","","Associação Luminus",""
"Total","denise@vamosajudai.com.br","Denise Alves de Oliveira Pires","Captadora de recursos:
- Responsável por captar novos apoiadores;
- Responsável por buscar novas oportunidades no mercado;
","","Associação Luminus",""
"Total","rodolpho.lisboa@tcsindustrial.com.br","Rodolpho Roland Alves Lisboa","Auxiliar administrativo:
- Responsável pelo setor Financeiro;
- Responsável pelo setor Administrativo;
- Responsável pelo setor de Pessoal;

","","Associação Luminus",""
"Total","21980208435","André Freitas","Profissional da área ambiental, com especialização em lei urbana e fiscalização. Atua a mais de 10 anos da companhia de limpeza urbana do Rio de Janeiro.","","TrackMe",""
"Integral","josantino70@gmail.com","Joselia Mendes","Gestora de Comunicação","","VER-TI MOBILIDADE URBANA LTDA",""
"Integral","demian.job@jobpe.com.br","Demián Barreto","Gestor  de Marketing","","VER-TI MOBILIDADE URBANA LTDA",""
"Integral","jonrodriguesgd@gmail.com","Jon Rodrigues","Gestor de TI","","VER-TI MOBILIDADE URBANA LTDA",""
"Integral","jumagnani1@gmail.com","Júlio César Magnani","Gestor de Contabilidade/RH","","VER-TI MOBILIDADE URBANA LTDA",""
"Integral","contato@dmsassessoriacontabil.com.br","Domingos Miranda da Silva","Gestor de Financeiro","","VER-TI MOBILIDADE URBANA LTDA",""
"Integral","vivianyasuhara@gmail.com / yasuharavivian@gmail.com","Vivian Yuri Yasuhara","Gestora de TI +55 35 8409-7439","","VER-TI MOBILIDADE URBANA LTDA",""
"Integral","daniloCarvalhoCalado@Gmail.com","Danilo Carvalho Calado","Gestor de TI","","VER-TI MOBILIDADE URBANA LTDA",""
"Integral","claudiorodriguesadv1@gmail.com","Claudio Daniel Rodrigues","Gestor Jurídico","","VER-TI MOBILIDADE URBANA LTDA",""
"Integral","","","CEO","","Onlife","exlucas2@gmail.com"
"Parcial","-","Kevin Mesquita","Co-Founder","","Onlife",""
"Integral","evellynvitorialimaa@gmail.com","Evellyn Vitória","Co-Founder, Visual e Product Designer","","Onlife",""
"Parcial","-","André Felipe","Co-Founder, Coordenador de Saúde","","Onlife",""
"Integral","","","COO","","RedCheck","lucascyrillo12@gmail.com"
"Integral","","","Founder e CEO","","Naga IA","gabodobrasil123@gmail.com"
"Total","gvinicius105@gmail.com","Vinicius Gabriel dos Santos Braz","Desenvolvedor Mobile","","Liu",""
"Total","lais.lima.gui@gmail.com","Laís Evangelista Santos","Co-idealizadora do projeto","","Liu",""
"Total","gleybson1920@gmail.com","Gleybson Anderson","Designer ","","Liu",""
"Total","luisguilhermesantos.dev@gmail.com","Luís Guilherme Santos de Oliveira","Idealizador, gestor e desenvolvedor de projetos","","Liu",""
"Parcial","",""," ctp","","","gabrielchamie@gmail.com"
"Integral","","","CEO, foco em vendas ! Tração e escala simultâneos","","GPC GESTÃO ","antonio.leal@gpcgestao.com.br"
"Integral","","","CEO","","VIVERDE CASA","camilaviegas@viverdecasa.com"
"Integral","","","Como fundadora da Place, Lidero a operação com foco na validação de mercado, evolução da plataforma e crescimento da empresa. Minha atuação é estratégica e executiva, assumindo diversas frentes enquanto a equipe está em fase enxuta.
Na Visão de Produto, atuocomo responsável pelo desenho e evolução dos dois principais produtos: Place Home (residencial) e Place Work (corporativo com foco em home office).
","","Place","jaquepaz.arq@gmail.com"
"Total","chaves.lucas.ferrer@gmail.com","Lucas Chaves Sampaio Ferrer","Desenvolvedor","","CAIS",""
"Total","sromario577@gmail.com","Maycon Romario dos Santos Pereira","Desenvolvedor","","CAIS",""
"Total","henriqesl16@gmail.com","Henrique Silva de Lima","Desenvolvedor","","CAIS",""
"Total","messiasdaniel1999@gmail.com","Messias Daniel Ferreira da Silva Filho","Desenvolvedor","","CAIS",""
"Total","beatrizparedes1999@gmail.com","Beatriz Paredes do Nascimento","Design","","CAIS",""
"Total","hailtonneto27@gmail.com","Hailton de Melo Lima Neto","Desenvolvedor","","CAIS",""
"Total","gisellylrochal@gmail.com","Giselly Luiza Rocha de Lima","Documentação e desenvolvimento","","Manguehub",""
"Parcial"," marrquesgisele@gmail.com ","Gisele Maria Teodosio Marques","Web Design e Pitch","","Manguehub",""
"Total","htamarf@gmail.com","Ágata Maria Ferraz de Oliveira ","Desenvolvimento","","Manguehub",""
"Total","alannaabeatriz@hotmail.com ","Alanna Beatriz Bezerra dos Santos ","Pitch, Design e Desenvolvimento","","Manguehub",""
"Total","hvlm@cesar.school","Hugo Vinícius de Lima Mendonça","Desenvolvimento e Documentação","","Manguehub",""
"Total","luanventurafm29@gmail.com","Luan Ventura Ferrreira de Moura","Líder","","Manguehub",""
"Total","htamarf@gmail.com","Ágata Maria Ferraz de Oliveira ","Desenvolvimento back-end","","Manguehub",""
"Total","gisellylrochal@gmail.com","Giselly Luiza Rocha de Lima","Documentação e Desenvolvimento ","","Manguehub",""
"Parcial","marrquesgisele@gmail.com ","Gisele Maria Teodosio Marques ","Web Design e Pitch ","","Manguehub",""
"Total","alannaabeatriz@hotmail.com ","Alanna Beatriz Bezerra dos Santos","Pitch e Design","","Manguehub",""
"Total","hvlm@cesar.school","Hugo Vinícius de Lima Mendonça","Desenvolvimento back-end e Documentação","","Manguehub",""
"Total","luanventurafm29@gmail.com","Luan Ventura Ferrreira de Moura","Desenvolvimento fullstack e Design","","Manguehub",""
"Total","alannaabeatriz@hotmail.com ","Alanna Beatriz Bezerra dos Santos ","Pictch e Design","","",""
"Total","htamarf@gmail.com","Ágata Maria Ferraz de Oliveira ","Desenvolvimento back-end","","",""
"Total","hvlm@cesar.school","Hugo Vinícius de Lima Mendonça","Desenvolvimento back-end e Documentação","","",""
"Parcial","marrquesgisele@gmail.com ","Gisele Maria Teodosio Marques ","Web Design e Picth","","",""
"Total","oreodemorango.contato@gmail.com ","Giselly Luiza Rocha de Lima","Documentação e Desenvolvimento back-end","","",""
"Parcial","sandy.vieira@enkode.tech","Sandy Vieira ","Product Designer","","Enkode",""
"Total","raniere.lima@enkode.tech","Raniere Lima","Tech Lead ","","Enkode",""
"Total","gisellylrochal@gmail.com","Giselly Luiza Rocha de Lima","Documentação e Desenvolvimento Back-end
","","MangueHub",""
"Total","htamarf@gmail.com","Ágata Maria Ferraz de Oliveira ","Desenvolvimento back-end","","MangueHub",""
"Total","hvlm@cesar.school","Hugo Vinícius de Lima Mendonça ","Desenvolvimento back-end e Documentação","","MangueHub",""
"Parcial","marrquesgisele@gmail.com ","Gisele Maria Teodosio Marques ","Web Design e Pitch","","MangueHub",""
"Total","alannaabeatriz@hotmail.com ","Alanna Beatriz Bezerra dos Santos","Pitch e Desenvolvimento Front-end","","MangueHub",""
"Parcial","luanorion1@gmail.com ","Luan Orion Baraúna","Luan Orion – Responsável Técnico (IA e Automação)
Físico com doutorado pelo CEMADEN-INPE, especialista em computação aplicada e inteligência artificial. Desenvolveu soluções como FloodCastXAI (previsão de enchentes) e Hiplade (educação em saúde via IA), a primeira apresentada na Brazil Conference at Harvard & MIT. Na Manacá, atua no desenho e implementação de sistemas com IA para gestão de impacto e automação de processos.","","Manacá Tecnologias Sociais",""
"Total","rafaelareis.manaca@gmail.com","Rafaela Reis Rezende","Rafaela Rezende – Analista Sênior de Projetos
Engenheira de Produção, licenciada em Matemática e pós-graduanda em Gestão Escolar. Atuou como gestora de projetos em aceleradora de impacto, e como professora em contextos quilombolas, rurais e urbanos no Maranhão. Contribui com projetos voltados à avaliação, monitoramento e sustentabilidade institucional na Manacá.","","Manacá Tecnologias Sociais",""
"Parcial","alecoleto@gmail.com","Alexandre Henrique Azevedo Coleto","Alexandre Coleto – CTO
Engenheiro Eletricista pela Escola Politécnica da USP, com certificação PMP. Atuou como Gerente de Projetos em grandes empreendimentos na indústria de óleo e gás e no setor de transporte e logística. Possui experiência em tecnologias de IoT e sustentabilidade. Na Manacá, lidera a área de tecnologia, coordenando soluções de software, arquitetura de dados e sistemas de monitoramento.","","Manacá Tecnologias Sociais",""
"Parcial","angeloluiz22@gmail.com ","Ângelo Luiz Viana Santos","Ângelo Luiz – Diretor de Metodologias
Engenheiro com formação em Ciência e Tecnologia pela UFVJM e mestrado em Educação Internacional e Comparada pela Universidade de Columbia. Atuou como professor na rede pública e coordenou projetos para Fundação Lemann, FGV e UNESCO. Lidera o desenvolvimento metodológico da Manacá, com foco em estratégias, indicadores e sistematizações de impacto.","","Manacá Tecnologias Sociais",""
"Total","contato@reciclosocial.com.br","Paloma Carvalho","","","Manacá Tecnologias Sociais",""
"","","ANSELMO ","","","B-AI",""
"","","DHARLIN","","","B-AI",""
"Total","carolina.phaelante@neri.care","Carolina Phaelante","Gerente de Produto","","neri",""
"Total","gabi@neri.care","Gabriela Meira","CEO & Marketing","","neri",""
"Total","rafael.barreto@neri.care","Rafael Barreto","Desenvolvedor","","neri",""
"Total","amandaires@gmail.com","Amanda Aires Vieira","Trabalho na gestão de dados do projeto com vistas a garantir a eficiência e eficácia do projeto em operação","","Kali",""
"Parcial","aallyne@hotmail.com","Allyne Agostinho de Lacerda","Trabalho no design da solução focada no atendimento das pessoas atendidas pelas UBS do Recife. Como médica da família há mais de 10 anos, entende quais seriam os melhores formatos para manter o paciente e a equipe engajados no autocuidado","","Kali",""
"Total","ramon.victor.design@gmail.com","Ramon Victor Severino da Cunha","Product designer, pós graduado em design de integração e mestre em design. Trabalha como sócio na produção da ideação e pesquisas, estruturou o modelo de ideação para o projeto com base no design thinking, visando a melhor viabilidade para coleta de informações e acompanhamento dos requisitos do projeto.","","Projeto Salus",""
"Parcial","geissy.kelly.con@gmail.com","Geissy Kelly da Conceição","Enfermeira, especialista educação e saúde, pós graduada em UTI adulto e Mestre em Enfermagem. Atua como consultora técnica da saúde e bem estar, fornecendo informações necessárias para o projeto sob uma ótica profissional, especializada e de campo na área de educação, saúde, qualidade de vida e prevenção de doêncas e agraves (DCNT).","","Projeto Salus",""
"Parcial","","","CTO","","SmartCityTec","gilsonilunardi@gmail.com"
"","","Everton Lucena","Líder Comercial Atua como Líder Comercial sendo responsável pela definição e implementação de estratégias de crescimento, geração de receita e posicionamento no mercado.","","metasolution.ai",""
"Total","priscilaf.silvaweb@gmail.com","Priscila Fernanda da Silva","Front-End e Designer","","Minha Rua Limpa",""
"Total","sophiamalencar@gmail.com","Sophia Albuquerque Melo de Alencar","Analista de dados e Back-End","","Minha Rua Limpa",""
"Total","priscilaf.silvaweb@gmail.com","Priscila Fernanda da Silva","Front-End e Designer","","Minha Rua Limpa",""
"Total","sophiamalencar@gmail.com","Sophia Albuquerque Melo de Alencar","Analista de Dados e Back-End","","Minha Rua Limpa",""
"Parcial","contato@smartcity.tec.br","Eloi Ronnau","CEO","","Gilsoni Albino, Eloi Ronnau",""
"Total","Joaovitorlbgm@gmail.com","João Vitor Lima Braga Graciliano de Melo","João é desenvolvedor júnior, mas já se destaca pela sua expertise técnica e profundo conhecimento nas linguagens e frameworks com os quais atua. Sua base sólida e precisão na execução das tarefas o tornam uma referência dentro da equipe, contribuindo de forma decisiva para a qualidade técnica dos projetos desenvolvidos.","","",""
"Total","perluizhenrique@gmail.com","Luiz Henrique Pereira da Silva","Luiz – Desenvolvedor e Especialista em Arquiteturas e Segurança da Informação
Luiz possui amplo conhecimento em desenvolvimento de softwares utilizando diversas arquiteturas, tecnologias e ferramentas voltadas à automação e à inteligência artificial. Sua atuação se destaca também na área de modelagem e segurança de dados, sendo um dos membros da equipe credenciado na norma ISO/IEC 27001 – referência internacional em gestão da segurança da informação. Além disso, integra o time responsável pela Silvia.med.br, uma aplicação voltada para a área da saúde que atualmente está em fase de incubação no Porto Digital, um dos maiores ecossistemas de inovação e tecnologia do país. Sua experiência técnica sólida e visão voltada à inovação elevam ainda mais o potencial da equipe.","","",""
"Total","juliaayanna4@gmail.com","Ayanna Júlia Martins de morais","Ayanna atua como designer com uma abordagem multidisciplinar, unindo criatividade e funcionalidade na construção de interfaces intuitivas e acessíveis. Além de suas habilidades no design, também possui experiência no desenvolvimento back-end, o que a torna uma profissional completa e versátil. Sua capacidade de transitar entre o visual e o técnico contribui significativamente para o alinhamento entre experiência do usuário e desempenho da aplicação.

","","",""
"Total","Aguiarltda03@gmail.com","Caio Santos de Aguiar ","Caio é estudante de Economia e atua na equipe com foco em análise de viabilidade, custo-benefício e impacto de longo prazo. Com experiência em ciência de dados, ele foi responsável por estudar o projeto utilizando parâmetros e métricas específicas para avaliar sua acessibilidade e sustentabilidade. Sua contribuição se concentra em entender como a solução pode gerar valor real, mesmo com investimentos iniciais, garantindo um retorno estratégico em cenários de expansão. Sua visão analítica fortalece a base racional e econômica das decisões da equipe.","","",""
"Total","felipeekoizimi@gmail.com"," Felipe Escobar ","Especialista em backend e computação em nuvem com AWS, Felipe domina frameworks modernos como FastAPI e Django. Com vasta experiência em modelagem de dados e infraestrutura escalável via Docker e Kubernetes, ele garante a robustez técnica da solução.Também está à frente do desenvolvimento de projetos de IA para processamento de linguagem natural.
","","CFIT ",""
"Total","g.veras@vivendocfit.com.br","Gabriela Veras ","CEO da CFIT e Vice-presidente do HUB Mulheres em Govtech. Engenheira eletricista Líder em Projeto de Inovação e Tecnologia. Cursando MBA na UCD Smurfit Graduate Business School. Atuou como Product owner em startups consolidadas, fortemente centradas em P&D em projetos pioneiros como Introdução da Tecnologia  BIM no em Projetos de Usinas solares e IA para Softwares de Manutenção Preditiva. Possui certificação internacional Certified Scrum Product Owner (CSPO). Vasta experiência em alinhamento de stakeholders, elaboração de roadmap; acompanhamento de entregas, verificação das métricas, entrevistas com os usuários, etc.
","","CFIT ",""
"Total","giuseppezep@gmail.com","GIUSEPPE PIOVESAN SAVASTANO ","Desenvolvedor full stack com foco em Flutter para aplicativos multiplataforma (mobile, desktop e web) e experiência em back-end com Node.js, Java, Python e C#. Atuou em empresas como CFIT Healthtech Analytics, G4tech, Mobiis e Belenus, desenvolvendo APIs com integração a Azure (Queue Storage, Service Bus) e RabbitMQ. Domina o uso de Flavors no Flutter para gestão de ambientes, além de projetos com Docker e Kubernetes. Experiente no desenvolvimento de microserviços e dashboards. 
Formação Acadêmica Bacharelado em Engenharia da Computação (2023) - UTFPR-CP","","CFIT ",""
"Total","grazielly.araujo@outlook.com"," Luiza Grazielly de Araujo Souza","Atua na área de Customer Experience e suporte ao cliente na CFIT, sendo responsável pela implantação das melhores práticas de atendimento e pelo suporte aos usuários, realizando o acompanhamento de chamados com foco no cumprimento do SLA e das boas práticas do setor. Implementa Q & A e realiza testes básicos em API via Postman, garantindo a verificação de usabilidade, funcionalidade, desempenho, segurança e portabilidade.
Formação acadêmica:
Tecnólogo em Análise e Desenvolvimento de Sistemas (previsão de conclusão em junho de 2025) - Faculdade Descomplica
Bacharelado em Serviço Social (2021) - UNIFG
","","CFIT ",""
"Total","llsc@cesar.school","Lucas Lopes Soares Cabral","Product Designer","","Cesinhas",""
"Total","thiagocesarmattos@gmail.com","Thiago César Mattos","UX Designer","","Cesinhas",""
"Parcial","vcbpc@cesar.school","Vítor Phaelante","UI Designer","","Cesinhas",""
"Total","pqla@cesar.school","Pedro Queiroz Luis de Assis","Cientista da computação","","Cesinhas",""
"Total","evog@cesar.school","Eduardo Vaz de Oliveira Gerab","Cientista da computação","","Cesinhas",""
"Total","timoteo.barros@gmail.com","Timóteo Barros ","Desenvolvedor mobile e web.","","Wladimilson Bernardino Nascimento",""
"Parcial","luanorion1@gmail.com ","Luan Orion Baraúna","","","Manacá Tecnologias Sociais",""
"Total","viniciusp.salomao@outlook.com","Salomão Vinicius Conceição Pereira","Salomão cuidará da parte da operação. Com experiência com startups que lidavam com motoboys que tinham o whatsapp como fonte de relacionamento, vai agregar muito na junção dos pacientes com os médicos.
","","Conexão e cuidado",""
"Total","dinho.afsn@gmail.com","Arlindo Ferreira dos Santos Neto","Dinho é tem mais de 15 anos trabalhando com análise de sistemas, cuidando desde a parte da infraestrutura, servidores até a programação total. Desenvolveu a maioria dos sistemas de doações no Brasil, entre eles Doutores da Alegria, Médico sem Fronteiras. Desenvolveu os sites da Rede D'or, Grupo Fleury. Hoje também é referência em IA, tendo feito um super sistema baseado em Inteligência Artificial para o Grupo Fleury. Fez o app da Shell Box.
","","Conexão e cuidado",""
"Parcial","lucas@nozesgeoinformacoes.com.br","Lucas Côrtes Sanches","Estagiário em geoprocessamento e cidades inteligentes. Responsável por classificação de imagens e manipulação de dados geoespaciais.","","Nozes Geoinformações",""
"Total","mouraosjrp@gmail.com","Maurício Mourão","Especialista em gerente de cidades e tecnologia. Responsável por relacionamentos com clientes e projetos estratégicos. 
","","Nozes Geoinformações",""
"Total","diego@cabratech.com","Diego Freire","Coordenação geral do projeto, com foco na integração entre hardware e software embarcado; planejamento e supervisão das etapas técnicas e operacionais; gestão da equipe de desenvolvimento; articulação com parceiros estratégicos e órgãos de fomento; apoio em pesquisa e inovação em tecnologias emergentes.","","Passo Seguro",""
"Parcial","contato@cabratech.com","Carlos Eduardo","Liderança técnica do desenvolvimento de hardware e firmware da bengala inteligente; apoio à definição da arquitetura embarcada; supervisão da integração de sensores e algoritmos embarcados; suporte à avaliação técnica de protótipos e validação de campo; definição de requisitos de escalabilidade tecnológica","","Passo Seguro",""
"Parcial","riseit.is@gmail.com","Ana Paula","Desenvolvimento e gestão do aplicativo móvel acessível; definição da experiência do usuário (UX) e acessibilidade digital; implementação de módulos de navegação e personalização de rotas; integração com beacons Bluetooth e sistemas de mobilidade urbana; testes de usabilidade com foco no público-alvo.","","Passo Seguro",""
"Parcial","leticia@cabratech.com","Letícia Abade","Comunicação institucional do projeto; gestão de redes sociais e estratégias de marketing digital; criação de campanhas de sensibilização sobre acessibilidade e inclusão; suporte na elaboração de materiais para captação de recursos e articulação com a imprensa; apoio à formação de comunidades de usuários e feedback contínuo.","","Passo Seguro",""
"Integral","","","Especialista em geoprocessamento, operador de drones, gerente de projetos, responsável técnico e programador da NozIA.
","","Nozes Geoinformações","marcosnnog@gmail.com"
"Parcial","lucas@nozesgeoinformacoes.com.br","Lucas Sanches Côrtes","Estagiário em geoprocessamento e cidades inteligentes. Responsável por classificação de imagens e manipulação de dados geoespaciais.","","",""
"Total","mouraosjrp@gmail.com","Maurício Mourão","Especialista em gerente de cidades e tecnologia. Responsável por relacionamentos com clientes e projetos estratégicos. ","","",""
"Total","adriel.leite022@gmail.com","Adriel leite da silva","Desenvolvedor júnior full-stack Django, formando em análise e desenvolvimento de sistemas, possuindo interesse e projetos voltados a integração de IA em sistemas web, familiaridade com ferramentas de versionamento e bancos de dados SQL e NoSQL, atuando na área de desenvolvimento através de estágio em escritório de advocacia. Sempre em busca de me aprimorar e evoluir na carreira.","","",""
"Total","tiagojr159@hotmail.com ","Tiago Junior ","Como Engenheiro de Sistemas Sênior, sou especialista em sustentação e evolução de sistemas legados, com vasta experiência em PHP. Minha atuação abrange a análise e levantamento de requisitos, aplicando princípios de arquitetura como SOLID e MVC, e utilizando ferramentas como Git e GitLab. Atualmente, presto serviços para o Tribunal de Justiça de Minas Gerais, garantindo a performance e a modernização de suas aplicações.","","",""
"Total","hugo.victorsilva@ufrpe.br","HUGO VICTOR","Tenho ampla experiência com liderança, o que me levou a ser designado como coordenador de todo o processo, assumindo a responsabilidade de garantir que as ações fluam de forma estratégica e eficiente. Essa não é a minha primeira vivência liderando negócios. Sou fundador e CEO da minha própria startup, onde também atuo como líder de negócios. Além disso, já trabalhei em projetos no mesmo segmento, desenvolvidos a partir de programas como o Hacker Cidadão, que evoluíram e se consolidaram como startups.","","",""
"Total","tiagojr159@hotmail.com  ‪+5581981067988‬","Tiago Junior ","Como Engenheiro de Sistemas Sênior, sou especialista em sustentação e evolução de sistemas legados, com vasta experiência em PHP. Minha atuação abrange a análise e levantamento de requisitos, aplicando princípios de arquitetura como SOLID e MVC, e utilizando ferramentas como Git e GitLab. Atualmente, presto serviços para o Tribunal de Justiça de Minas Gerais, garantindo a performance e a modernização de suas aplicações.","","REVIRA",""
"Parcial","lucas@nozesgeoinformacoes.com.br","Lucas Sanches Côrtes","Estagiário em geoprocessamento e cidades inteligentes. Responsável por classificação de imagens e manipulação de dados geoespaciais","","",""
"Total","mouraosjrp@gmail.com","Maurício Mourão","Especialista em gerente de cidades e tecnologia. Responsável por relacionamentos com clientes e projetos estratégicos. ","","",""
"Total","Joaovitorlbgm@gmail.com","João Vitor Lima Braga Graciliano de Melo","Estudante de Análise e Desenvolvimento de Sistemas, com conhecimentos básicos em Python, Java, JavaScript, HTML, CSS e MySQL. Tem experiência com GitHub e interesse em se tornar um profissional DevOps Full Stack. Está em busca de evolução contínua na área de tecnologia, com foco em lógica, organização e estética nos projetos.","","REVIRA",""
"Total","Aguiarltda03@gmail.com","Caio Santos Aguiar","Caio Santos Aguiar é o responsável pela área de Ciência de Dados do projeto, atuando diretamente na análise de métricas e parâmetros fundamentais para avaliar os custos envolvidos e a viabilidade da ideia. Com uma visão estratégica e domínio técnico, ele transforma dados brutos em informações cruciais para a tomada de decisões. Sua atuação garante que cada passo dado esteja embasado em evidências concretas, contribuindo para o sucesso e a sustentabilidade da iniciativa.

","","REVIRA",""
"Total","juliaayanna4@gmail.com ","Ayanna Júlia Martins de Morais","é a designer responsável pela interface da solução, garantindo uma experiência visual intuitiva, acessível e funcional para os usuários. Além disso, Ayanna também atua no desenvolvimento back-end, contribuindo diretamente para a estrutura técnica da plataforma. Sua versatilidade une criatividade e domínio técnico, sendo peça-chave tanto na aparência quanto no funcionamento do sistema.","","REVIRA",""
"Parcial","manuellucas51@hotmail.com","Manuel Lucas Souza de Melo","Lidera o desenvolvimento e a engenharia dos nossos produtos vestíveis. Sua atuação abrange o design, a seleção de microcontroladores e sensores, o desenvolvimento de firmware e a integração de sistemas embarcados, garantindo um dispositivo robusto, funcional e pronto para a escalabilidade.","","DATAVIG",""
"Parcial","gabriel.fernandes@recife.pe.gov.br","Gabriel Arruda","É a nossa autoridade em saúde, garantindo que a inovação tecnológica que criamos atenda a uma necessidade real e validada. Gabriel lidera a nossa estratégia de saúde pública, desenhando os estudos de caso, validando a jornada do paciente e do profissional de saúde com o nosso produto e orientando a equipe para que a solução esteja em conformidade com as normas do setor. Sua expertise é o que nos permite transformar tecnologia de ponta em uma ferramenta de saúde confiável e de alto impacto.","","DATAVIG",""
"Integral","","","Especialista em geoprocessamento, operador de drones, gerente de projetos, responsável técnico e programador da NozIA.","","","marcosnnog@gmail.com"
"Total","gabi@neri.care","Gabriela Meira","CEO","","neri",""
"Total","carolina.phaelante@neri.care","Carolina Phaelante","Product Manager","","neri",""
"Integral","","","Especialista em geoprocessamento, operador de drones, gerente de projetos, responsável técnico e programador da NozIA.
","","","marcosnnog@gmail.com"
"Integral","","","COO","","neri","muniz.barbara@hotmail.com"
"Parcial","amaedu.org@gmail.com","Amanda Felix da Silva","Coordenação","","Dayse Maria de Souza Oliveira, Amanda Felix da Silva, Antônia Felix Lessa",""
"Total","associacaoproec@gmail.com","ANTÔNIA FELIX LESSA SILVA","Gestor","","Dayse Maria de Souza Oliveira, Amanda Felix da Silva, Antônia Felix Lessa",""
"Total","automacaocontato1@gmail.com","Maria Estefani ","Atua no desenvolvimento de soluções digitais, automações e inteligência artificial aplicada a negócios. Tem experiência em criar agentes de IA, estruturar fluxos inteligentes com ferramentas como n8n, Make.com e desenvolver projetos que unem tecnologia, inovação e impacto social. Trabalha como guia pela busca por eficiência, resultados e transformação digital acessível.","","Metasolution.AI",""
"Total","automacaocontato1@gmail.com","Everton Lucena"," Atua na gestão comercial, desenvolvimento de equipes e expansão de negócios. Possuo forte habilidade em negociação, relacionamento com clientes e criação de estratégias para crescimento, fidelização e aumento de resultados.","","Metasolution.AI",""
"Parcial","daniele.matias@wattconsultoria.com.br ","Daniele da Silva Matias ","Consultora técnica do projeto e design de protótipo","","Watt Consultoria",""
"Parcial","rodrigo.silva@wattconsultoria.com.br ","Rodrigo Rocha da Silva","Consultor técnico do projeto e idealizador da solução","","Watt Consultoria",""
"Parcial","andre.andrade@wattconsultoria.com.br ","André Alves de Andrade ","Gerente de projetos","","Watt Consultoria",""
"Parcial","gabriel.oliveira@wattconsultoria.com.br ","Gabriel de Oliveira e Silva ","Consultor técnico do projeto","","Watt Consultoria",""
"Total","felipeekoizimi@gmail.com"," Felipe Escobar ","Especialista em backend e computação em nuvem com AWS, Felipe domina frameworks modernos como FastAPI e Django. Com vasta experiência em modelagem de dados e infraestrutura escalável via Docker e Kubernetes, ele garante a robustez técnica da solução.Também está à frente do desenvolvimento de projetos de IA para processamento de linguagem natural.
","","CFIT",""
"Parcial"," Integral"," GIUSEPPE PIOVESAN SAVASTANO ","Desenvolvedor full stack com foco em Flutter para aplicativos multiplataforma (mobile, desktop e web) e experiência em back-end com Node.js, Java, Python e C#. Atuou em empresas como CFIT Healthtech Analytics, G4tech, Mobiis e Belenus, desenvolvendo APIs com integração a Azure (Queue Storage, Service Bus) e RabbitMQ. Domina o uso de Flavors no Flutter para gestão de ambientes, além de projetos com Docker e Kubernetes. Experiente no desenvolvimento de microserviços e dashboards. 
Formação Acadêmica Bacharelado em Engenharia da Computação (2023) - UTFPR-CP

","","CFIT",""
"Total"," grazielly.araujo@outlook.com","  Luiza Grazielly ","Atua na área de Customer Experience e suporte ao cliente na CFIT, sendo responsável pela implantação das melhores práticas de atendimento e pelo suporte aos usuários, realizando o acompanhamento de chamados com foco no cumprimento do SLA e das boas práticas do setor. Implementa Q & A e realiza testes básicos em API via Postman, garantindo a verificação de usabilidade, funcionalidade, desempenho, segurança e portabilidade.
Formação acadêmica:
Tecnólogo em Análise e Desenvolvimento de Sistemas (previsão de conclusão em junho de 2025) - Faculdade Descomplica
Bacharelado em Serviço Social (2021) - UNIFG


","","CFIT",""
"Parcial"," g.veras@vivendocfit.com.br","  Gabriela Veras ","Atua na área de Customer Experience e suporte ao cliente na CFIT, sendo responsável pela implantação das melhores práticas de atendimento e pelo suporte aos usuários, realizando o acompanhamento de chamados com foco no cumprimento do SLA e das boas práticas do setor. Implementa Q & A e realiza testes básicos em API via Postman, garantindo a verificação de usabilidade, funcionalidade, desempenho, segurança e portabilidade.
Formação acadêmica:
Tecnólogo em Análise e Desenvolvimento de Sistemas (previsão de conclusão em junho de 2025) - Faculdade Descomplica
Bacharelado em Serviço Social (2021) - UNIFG


","","CFIT",""
"Total","carolinacandeia@gobeesiness.com","Carolina Nóbrega Candeia Pereira","COO - Go Beesiness","","GO BEE APIS",""
"Parcial","juliananeiva1978@gmail.com","Juliana Montenegro Menezes Neiva","Consultora especialista na área de Atenção Primária de Saúde","","GO BEE APIS",""
"Total","hailtonneto27@gmail.com","Hailton de Melo Lima Neto","Desenvolvedor","","",""
"Parcial","lena.agenda@gmail.com","Lena Peres","Doutora em Medicina pela Universidade Federal de São Paulo (UNIFESP), com especialização em Pediatria, Infectologia (UNIFESP), Saúde Pública (UNAERP).  

- Área: Saúde
- Atuação: Curadoria em Saúde
- Lattes: http://lattes.cnpq.br/2900354869264093","","LEMOBS",""
"Total","ramon.victor.design@gmail.com","Ramon Victor Severino da Cunha","Product designer, pós graduado em design de integração e mestre em design. Trabalha como sócio na produção da ideação e pesquisas, estruturou o modelo de ideação para o projeto com base no design thinking, visando a melhor viabilidade para coleta de informações e acompanhamento dos requisitos do projeto.","","Projeto Saus",""
"Parcial","geissy.kelly.con@gmail.com","Geissy Kelly da Conceição","Enfermeira, especialista educação e saúde, pós graduada em UTI adulto e Mestre em Enfermagem. Atua como consultora técnica da saúde e bem estar, fornecendo informações necessárias para o projeto sob uma ótica profissional, especializada e de campo na área de educação, saúde, qualidade de vida e prevenção de doêncas e agraves (DCNT).","","Projeto Saus",""
"Parcial","alineborgespsiquiatria@gmail.com","Aline Borges Bezerra","Médica Psiquiatra, Mestra em Ciências da saúde, sócia fundadora do Clinitech. Acompanha e mentora a criação de produtos, garantindo melhor usabilidade, conexão e atendimento para as equipes médicas e pacientes.","","Clinitech Tecnologia em Saúde LTDA.",""
"Total","clinitech.saude@gmail.com","Ricardo Chaves Lima Filho","Especialista em TI com dupla formação internacional, já atuou em grandes empresas brasileiras, como o Grupo Pão de Açúcar, e atualmente atua no mercado de software americano. É sócio fundador do Clinitech e responsável pela tecnologia de ponta utilizada.","","Clinitech Tecnologia em Saúde LTDA.",""
"Total","nicbroedel@gmail.com","Nicole Tavares Broedel","Com 4 anos de experiência direta em administração de empresas, é responsável pela parte administrativa e de gestão de pessoas.","","Clinitech Tecnologia em Saúde LTDA.",""
"Parcial","lena.agenda@gmail.com","Lena Peres","""Doutora em Medicina pela Universidade Federal de São Paulo (UNIFESP), com especialização em Pediatria, Infectologia (UNIFESP), Saúde Pública (UNAERP).  

- Área: Saúde
- Atuação: Curadoria em Saúde
- Lattes: http://lattes.cnpq.br/2900354869264093""","","Lemobs",""
"Parcial","zimbrao@gmail.com","Geraldo Zimbrão","""Doutor em Engenharia de Sistemas e Computação pela Universidade Federal do Rio de Janeiro (UFRJ)

- Área: Tecnologia
- Atuação: Curadoria em IA
- Lattes: http://lattes.cnpq.br/3937502490683382""","","Lemobs",""
"Parcial","victor.vidigal@prontlife.com.br","Victor Vidigal",""" Doutor e Mestre em Engenharia de Sistemas e Computação pela COPPE/UFRJ

- Área: Tecnologia
- Atuação: Qualidade e Testes
- Lattes: http://lattes.cnpq.br/5208608664907557","","Lemobs",""
"Parcial","kevin.cabanelas@lemobs.com.br","Kevin Cabanelas","""Mestre em Tecnologias e Inovações nas Ações de Cuidar, Ensinar, Aprender e na Gestão em Enfermagem e Saúde pela Escola de Enfermagem Anna Nery (UFRJ)

- Área: Saúde
- Atuação: Protocolos de Saúde
- Lattes: https://lattes.cnpq.br/4883450600263795""","","Lemobs",""
"Parcial","fernanda.ribeiro@lemobs.com.br","Fernanda Ribeiro","""Mestre em Engenharia de Sistemas e Computação pelo PESC/COPPE/UFRJ

- Área: Tecnologia
- Atuação: Dados e IA
- Lattes: http://lattes.cnpq.br/7472267240903597""","","Lemobs",""
"Parcial","leonardo.soares@lemobs.com.br","Leonardo Soares","""Mestre em Administração de Empresas pelo Instituto COPPEAD da Universidade Federal do Rio de Janeiro (UFRJ)

- Área: Tecnologia
- Atuação: Gestão e Suporte
- Lattes: http://lattes.cnpq.br/8949073939225864""","","Lemobs",""
"Parcial","tiago.silva@lemobs.com.br","Tiago Santos da Silva","""Mestre em Engenharia de Sistemas e Computação pela Universidade Federal do Rio de Janeiro (UFRJ)

- Área: Tecnologia
- Atuação: Arquitetura
- Lattes: http://lattes.cnpq.br/1244742805344215""","","Lemobs",""
"Parcial","luan.garrido@lemobs.com.br","Luan Barbosa Garrido","""Mestre em Engenharia de Sistemas e Computação pela Universidade Federal do Rio de Janeiro (UFRJ)

- Área: Tecnologia
- Atuação: Interoperabilidade
- Lattes: http://lattes.cnpq.br/6062983811271536""","","Lemobs",""
"Parcial","michelle.silva@prontlife.com.br","Michelle Szekut","""Mestre em Ciências Médicas pela Universidade do Vale do Taquari (UNIVEST), especialista em Saúde Pública com Ênfase em Saúde da Família. 

- Área: Saúde
- Atuação: Protocolos de Saúde
- Lattes: http://lattes.cnpq.br/5391371091231661""","","Lemobs",""
"Parcial","agathareigoto1999@gmail.com","Agatha Monteiro Reigoto","""Residente de Pediatria na Universidade Federal do Rio de Janeiro (UFRJ)

- Área: Saúde
- Atuação: Curadoria em Saúde
- Lattes: http://lattes.cnpq.br/4650988414805442""","","Lemobs",""
"Parcial","debora.andrade@lemobs.com.br","Débora Andrade","""Bacharel em Ciência da Computação pela Universidade Federal do Rio de Janeiro (UFRJ)

- Área: Tecnologia
- Atuação: mobile
- Lattes: http://lattes.cnpq.br/8035366039635197""","","Lemobs",""
"Total","timoteo.barros@","Timóteo Barros","Desenvolvedor mobile e frontend.","","Gymtime",""
"Total","cebduarte@gmail.com","Carlos Eduardo Duarte","Desenvolvedor Fullstack especialista em dados infraestrutura e integrações.","","Gymtime",""
"Total","victor.fgd7@gmail.com","Victor Ferreira Guimaraes","Desenvolvedor fullstack Cientista em Inteligência Artificial. ","","Gymtime",""
"Parcial","alecoleto@gmail.com","Alexandre Henrique Azevedo Coleto","Co-CTO & Gerente de Projetos	
Lidera a arquitetura de software, infraestrutura de dados e monitoramento de sistemas. Traduz requisitos de negócio em sprints técnicos, coordena fornecedores e garante entregas dentro de escopo, prazo e orçamento (certificação PMP).","","Manacá Tecnologias Sociais",""
"Parcial","angeloluiz22@gmail.com","Ângelo Luiz Viana Santos","Co-CTO & Diretor de Metodologias	
Desenha a lógica de impacto: modelos de indicadores, protocolos de coleta e frameworks de avaliação. Faz a ponte entre requisitos técnicos e evidências socioambientais, assegurando rigor metodológico e alinhamento às políticas públicas.","","Manacá Tecnologias Sociais",""
"Parcial","luanorion1@gmail.com","Luan Orion Baraúna","Responsável Técnico de IA & Automação	
Concebe e treina modelos de visão computacional, algoritmos de otimização e integra sensores IoT. Garante a robustez científica das soluções de IA, supervisiona testes de campo e validação de desempenho.","","Manacá Tecnologias Sociais",""
"Total","filipe_castro1996@hotmail.com","Filipe de Castro Paz","Desenvolvedor frontend. ","","Gymtime",""
"Parcial","rafaelareis.manaca@gmail.com","Rafaela Reis Rezende","Analista Sênior de Projetos & Operações	
Orquestra o dia-a-dia dos projetos: cronogramas, interface com stakeholders, documentação e relatórios. Conduz workshops com usuários finais e traduz feedbacks em melhorias de produto.","","Manacá Tecnologias Sociais",""
"Total","paulamespindola04@gmail.com","Paula Mirela Espindola Dantas da Silva ","Desenvolvedora Backend. ","","Gymtime",""
"Total","paloma.c@reciclosocial.com.br","Paloma Carvalho","Especialista em Economia Circular e Articulação Socioambiental	
Lidera a frente de economia circular da solução, conectando empresas, comunidades e poder público para destinação sustentável dos resíduos. Atua no desenho de estratégias de impacto socioambiental, desenvolvimento de projetos, articulação com redes de parceiros e implementação de soluções de inclusão produtiva e justiça climática.","","Manacá Tecnologias Sociais",""
"Total","claudiobarnabe@gmail.com","Claudio Barnabé","Fisiologista, cientista e consultor especialista em tratamento de doentes crônicos.","","Gymtime",""
"Parcial","amandaires@gmail.com","Amanda Aires Viera","Realização da modelagem, indicadores e inteligência analítica","","Kali",""
"Parcial","kiatake@gmail.com","Luis Gustavo Kiatake","Entusiasta do uso da tecnologia na saúde. Graduado e mestre em Engenharia Elétrica pela Escola Politécnica da USP, doutorando em Biotecnologia em Saúde e Medicina Investigativa da Fiocruz-Bahia, professor na pós-graduação em Segurança da Informação e informática em Saúde em várias instituições, como IPT, SENAC, Unifesp, Hospital Sírio-Libanês, Faculdade Unimed. É colaborador da ISO e membro da ABNT nos comitês de Segurança da Informação e de Informática em Saúde, do qual foi relator do Grupo de Segurança. É membro conselheiro do HL7Brasil, IHE e HIMSS, representante no Comitê de Padronização do TISS (COPISS) da Agência Nacional de Saúde Suplementar (ANS), ex-Presidente e ex-Diretor de Relações Institucionais, atual Direto de Qualidade da Sociedade Brasileira de Informática em Saúde (SBIS).","","KTecS",""
"Parcial","aallyne@gmail.com","Allyne Agostinho de LAcerda","Validação científica e conteúdos clínicos","","Kali",""
"Parcial","osmeiresanzovo@gmail.com","Osmeire Sanzovo","Enfermeira, especialização em Gestão de Serviços de Saúde e Administração Hospitalar pela USP, e em Informática em Saúde pela Unifesp, MBA em Gestão Empresarial pela FGV. Certificada cpTICS. Carreira desenvolvida na área de Enfermagem, Administração Hospitalar e Saúde Digital, atuando em diversas empresas do segmento de saúde. Participou da montagem e implantação de projetos hospitalares, ambulatoriais e construção de hospitais. Consultora de gestão hospitalar e Saúde Digital para empresas de S-RES. Auditora do processo de Certificação de Sistemas de Registro Eletrônico em Saúde (S-RES) da SBIS. Responsável pela coordenação da prova de Certificação do Profissional em Tecnologia da Informação e Comunicação em Saúde (cpTICS) aplicada pela SBIS. Membro voluntário da diretoria da SBIS. Membro da Câmara Técnica de Enfermagem Digital do COREN-SP.","","KTecS",""
"Parcial","pabloalves.ti@gmail.com","Pablo Rodrigo Alves da Silva","Desenvolvedor, integrações e manutenção do projeto","","Kali",""
"Parcial","ana0292@terra.com.br","Ana Claudia Pìnto","Médica e Ph.D. em Endocrinologia pela UNIFESP, com MBA executivo e formações em estratégia digital e governança. Possui mais de 25 anos de experiência em saúde digital, análise de dados e liderança em grandes empresas, como o Grupo Fleury, onde atuou como CMO da Saúde Digital e da startup SaúdeiD. É conselheira em diversas healthtechs e referência na integração entre tecnologia, ciência de dados e gestão em saúde populacional. Sua atuação combina inovação, inteligência artificial e determinantes sociais para impulsionar a medicina de precisão e a sustentabilidade do cuidado.","","KTecS",""
"Total","kessiakali@gmail.com","Kessia Christine Fidelis Paiva","Gerência científica, protocolos, curadoria","","Kali",""
"Parcial","olivia.ferreira@ajeite.com","Olivia Ferreira","Bióloga com mais de 10 anos de atuação em saúde pública, especializada em epidemiologia, vigilância e interoperabilidade em saúde. Possui mestrado em Vigilância em Saúde e formação pelo EpiSUS. Foi premiada por investigações inovadoras no SUS e atuou em projetos de grande impacto, como o sistema VaciVida em São Paulo. É consultora e pesquisadora em sistemas de informação, com participação em eventos internacionais e produção de materiais técnicos para o Ministério da Saúde. Atua na transformação de dados em decisões estratégicas, com foco em inovação e saúde digital.","","KTecS",""
"Parcial","kakamaral@gmail.com","Kátia Amaral","Enfermeira com 25 anos de experiência na saúde, sendo referência nacional em informática em saúde. Atuou como CNIO e coordenadora de sistemas de informação, liderando a implantação pioneira do Registro Eletrônico de Saúde (RES) no Brasil. Com ampla experiência em gestão de projetos, interoperabilidade, terminologias clínicas e telemedicina, atua como elo estratégico entre áreas assistenciais, administrativas e tecnológicas. É palestrante, especialista em saúde digital e membro da Câmara Técnica de Enfermagem Digital do Coren-SP.","","KTecS",""
"Parcial","silvio@tech3br.com","SILVIO MIGLIORINI JUNIOR","Responsável pelas estratégias de marketing e relações comerciais.","","Tech3",""
"Parcial","nelson@andradebenevides.com.br","NELSON DE ANDRADE BENEVIDES","Responsável pelas estratégias e relações comerciais.","","Tech3",""
"Parcial","thiago.araujo@ffit.com.br","THIAGO ALVES COSTA DE ARAÚJO","Responsável pela elaboração das regras de negócio e requisitos do sistema.","","Tech3",""
"Parcial","breno.morais@ffit.com.br","BRENO SILVA DE MORAIS","Responsável pelo design de interfaces de interação com o usuário","","Tech3",""
"Parcial","rootedy@ffit.com.br","ANTONIO ROOTEDY BATISTA COSTA","Responsável pelo desenvolvimento fullstack","","Tech3",""
"Parcial","alecoleto@gmail.com","Alexandre Azevedo Coleto","Co-CTO & Gerente de Projetos	
Lidera a arquitetura de software, infraestrutura de dados e monitoramento de sistemas. Traduz requisitos de negócio em sprints técnicos, coordena fornecedores e garante entregas dentro de escopo, prazo e orçamento (certificação PMP).","","Manacá Tecnologias Sociais",""
"Parcial","angeloluiz22@gmail.com","Ângelo Luiz Viana Santos","Co-CTO & Diretor de Metodologias	
Desenha a lógica de impacto: modelos de indicadores, protocolos de coleta e frameworks de avaliação. Faz a ponte entre requisitos técnicos e evidências educacionais/socioambientais, assegurando rigor metodológico e alinhamento às políticas públicas.","","Manacá Tecnologias Sociais",""
"Parcial","luanorion1@gmail.com ","Luan Orion Baraúna","Responsável Técnico de IA & Automação	
Concebe e treina modelos de visão computacional, algoritmos de otimização e integra sensores IoT. Garante a robustez científica das soluções de IA, supervisiona testes de campo e validação de desempenho.","","Manacá Tecnologias Sociais",""
"Total","Paloma.c@reciclosocial.com.br","Paloma Carvalho","Especialista em Economia Circular e Articulação Socioambiental	
Lidera a frente de economia circular da solução, conectando empresas, comunidades e poder público para destinação sustentável dos resíduos. Atua no desenho de estratégias de impacto socioambiental, desenvolvimento de projetos, articulação com redes de parceiros e implementação de soluções de inclusão produtiva e justiça climática.","","Manacá Tecnologias Sociais",""
"Parcial","rafaelareis.manaca@gmail.com","Rafaela Reis Rezende","Analista Sênior de Projetos & Operações	
Orquestra o dia-a-dia dos pilotos: cronogramas, interface com órgãos municipais, documentação e relatórios de impacto. Conduz workshops com usuários finais e traduz feedbacks em melhorias de produto.","","Manacá Tecnologias Sociais",""
"Total","sandy.vieira@enkode.tech","Sandy Vieira","Product Designer","","Enkode",""
"Total","Raniere.lima@enkode.tech","Raniere lima","Tech Lead","","Enkode",""
"Total","raniere.lima@enkode.tech","Raniere Lima","Tech Lead","","enkode",""
"Total","sandy,vieira@enkode.tech","Sandy Vieira","product designer","","enkode",""
"Total","sandy.vieira@enkode.tech","sandy vieira","product designer","","enkode",""
"Total","viniciusp.salomao@outlook.com","Salomao Vinicius Conceicao Pereira","Salomão já trabalho em startup que alugava motos para motoboy e o whatsapp, além da canal de comunicação servia para gerar dados para os gestores. Essa será a função dele, cuidar das operações e do time que irá lidar com os pacientes/cidadão.","","Conexão e Cuidado",""
"Total","dinho.afsn@gmail.com ","Arlindo Ferreira dos Santos Neto","Dinho é o cara do TI. Além de ter feito o sistema dos principais grupos de saúde do pais, é uma grande referência em dashboard com IA. Com certeza a melhor pessoa para desenvolver um sistema desse tamanho.","","Conexão e Cuidado",""
"Parcial","manuellucas51@hotmail.com","Manuel Lucas Souza de Melo","Responsável técnico pelo desenvolvimento da tecnologia IoT do projeto.","","Ponte Saúde",""
"Parcial","gabriel.fernandes@recife.pe.gov.br","Gabriel Arruda","Responsável técnico pela parte de saúde e cuidado ao paciente com diabetes e/ou hipertensão, com vasta experiência na área.","","Ponte Saúde",""
"Total","htamarf@gmail.com","Ágata Maria Ferraz de Oliveira ","Desenvolvimento beck-end","","Manguehub",""
"Total","hvlm@cesar.school","Hugo Vinícius de Lima Mendonça ","Desenvolvimento beck-end e Documentação","","Manguehub",""
"Parcial","marrquesgisele@gmail.com ","Gisele Maria Teodosio Marques ","Web Design e Picth","","Manguehub",""
"Total","alannaabeatriz@hotmail.com ","Alanna Beatriz Bezerra dos Santos","Picth e Desenvolvimento Front-end","","Manguehub",""
"Parcial","douglas.pereira1196@gmail.com","DOUGLAS PEREIRA DA SILVA","Formado em Engenharia de Instrumentação, Automação e Robótica. Atua com gerenciamento de projetos no sistema financeiro há 8 anos com pós-graduação em andamento em Gestão de Projetos e Negócios de TI e em Engenharia de DevOps","","",""
"Total","luanventurafm29@gmail.com","Luan Ventura Ferrreira de Moura","Desenvolvimento Front-end","","Manguehub",""
"Parcial","gilmarbrito10@gmail.com","GILMAR GONÇALVEZ DE BRITO","Professor Doutor em Geotecnia com mais de 40 anos de experiência na indústria com conhecimentos na área de eletrônica, eletrotécnica e monitoramento. Atua no projeto prestando consultoria com sua expertise e também através do desenvolvimento do hardware.","","",""
"Parcial","contact@gabrielvanderlei.com","GABRIEL VANDERLEI DE OLIVEIRA","Full Software Engineer com 7 anos de experiência no desenvolvimento de soluções web, mobile e de hardware. Mestrando em Ciência da Computação, Bacharel em Sistemas da Informação e Técnico em Eletrônica Industrial. Atua no projeto na codificação e definição de arquitetura relacionada a software e firmware.","","",""
"Total","mizael.correia@gmail.com","MIZAEL CORREIA DE LIRA FILHO","Engenheiro de minas formado pela Universidade Federal de Pernambuco (UFPE), com ampla atuação na área de inovação tecnológica aplicada à mineração, geotecnia e automação industrial. É fundador e CEO da COLI, uma deep tech brasileira que desenvolve soluções em hardware e software para resolver desafios críticos em setores estratégicos como mineração, infraestrutura e acessibilidade urbana. Atua no projeto na coordenação de atividades.","","",""
"Total","luanventurafm29@gmail.com"," Luan Ventura Ferrreira de Moura","Desenvolvimento Front-end.","","MangueHub",""
"Total","gisellylrochal@gmail.com","Giselly Luiza Rocha de Lima","Documentação e Desenvolvimento beck-end.","","MangueHub",""
"Total","htamarf@gmail.com","Ágata Maria Ferraz de Oliveira","Desenvolvimento back-end.","","MangueHub",""
"Total","marrquesgisele@gmail.com ","Gisele Maria Teodosio Marques","Web Design e Picth.","","MangueHub",""
"Total","alannaabeatriz@hotmail.com ","Alanna Beatriz Bezerra dos Santos","Picth e Desenvolvimento Front-end.","","MangueHub",""
"Total","nvinicius118@gmail.com","Hugo Vinícius de Lima Mendonça","Desenvolvimento back-end e documentação.","","MangueHub",""
"Parcial","leydianegleici@frn.uespi.br","Leydiane Gleice Oliveira Medeiros","Profissional de Educação física - colaboradora na geolocalização","","Visão e ritmo",""
"Total","yanna.carvalho19@gmail.com","Yanna Nádja César Menêses de Carvalho","Médica - suporte com o entendimento da demanda sobre pessoas com deficiencia visul","","Visão e ritmo",""
"Total","brunaveigachalegre2@gmail.com","Bruna Veiga Chalegre de Lira","Atuação na área de desenvolvimento de software.","","Elucidar",""
"Parcial","anapaulasapaiva@gmail.com","Ana Paula Sá Barreto Paiva da Cunha","Cursa Engenharia da Computação no CIn. Atua na área de desenvolvimento de software.","","Elucidar",""
"Parcial","marilials2003@gmail.com","Marília Luz dos Santos","Cursa Engenharia da Produção na UFPE. Atua na área de design e desenvolvimento de software.","","Elucidar",""
"Parcial","andradeleticia456@gmail.com","Letícia Andrade de Oliveira Barros ","Cursa Ciência da Computação no CIn. Atua na área de design e desenvolvimento de software.","","Elucidar",""
"Total","brunofouz@hotmail.com","Bruno Fouz Valente","Programador, produto, design.","","BoraVer",""
"Total","pedromatias0047@gmail.com","Pedro Henrique de Brito Matias","Programador, cientista de dados, IA.","","BoraVer",""
"Total","priscilaf.silvaweb@gmail.com","Priscila Fernanda da Silva","Designer / Front-end","","cidade science ",""
"Total","sophiamalencar@gmail.com","Sophia Albuquerque Melo de Alencar","Analista de dados / Back-end","","cidade science ",""
"Total","pedromatias0047@gmail.com","Pedro Henrique de Brito Matias","Programador, cientista de dados, IA.","","BoraVer",""
"Total","brunofouz@hotmail.com","Bruno Fouz Valente","Programador, produto, design","","BoraVer",""
"Total","brunofouz@hotmail.com","Bruno Fouz Valente","Programador, produto, design.","","BoraVer",""
"Total","pedromatias0047@gmail.com","Pedro Henrique de Brito Matias","Programador, cientista de dados, IA.","","BoraVer",""
"Total","pedromarinho243@hotmail.com","Pedro Miranda Marinho","Programador, produto, design.","","BoraVer",""
"Total","pedromatias0047@gmail.com","Pedro Henrique de Brito Matias","Programador, cientista de dados, IA.","","BoraVer",""
"Total","beatrizparedes1999@gmail.com","Beatriz Paredes do Nascimento","Designer","","Hailton de Melo Lima Neto",""
"Total","hailtonneto27@gmail.com","Hailton de Melo Lima Neto","Especialista em Hardware / IoT","","Hailton de Melo Lima Neto",""
"Total","messiasdaniel1999@gmail.com","Messias Daniel Ferreira da Silva Filho","Pitcher / Apresentador","","Hailton de Melo Lima Neto",""
"Total","beatrizparedes1999@gmail.com","Beatriz Paredes do Nascimento","Especialista em UI/UX","","Hailton de Melo Lima Neto",""
"Total","henriqesl16@gmail.com","Henrique Silva de Lima","DevOps / Infraestrutura","","Hailton de Melo Lima Neto",""
"Total","sromario577@gmail.com","Maycon Romario Dos Santos Pereira","Product Owner / Gestor de Produto","","Hailton de Melo Lima Neto",""
"Total","chaves.lucas.ferrer@gmail.com","Lucas Chaves Sampaio Ferrer","Especialista em Hardware / IoT","","Hailton de Melo Lima Neto",""
"Total","htamarf@gmail.com","Ágata Maria Ferraz de Oliveira ","Desenvolvimento back-end","","Manguehub",""
"Total","hvlm@cesar.school","Hugo Vinícius de Lima Mendonça","Desenvolvimento back-end e Documentação","","Manguehub",""
"Parcial","marrquesgisele@gmail.com","Gisele Maria Teodosio Marques ","Web Design e Picth","","Manguehub",""
"Total","alannaabeatriz@hotmail.com","Alanna Beatriz Bezerra dos Santos","Desenvolvimento Front-end e Picth","","Manguehub",""
"Total","luanventurafm29@gmail.com","Luan Ventura Ferrreira de Moura","Desenvolvimento Front-end","","Manguehub",""
"Total","priscilaf.silvaweb@gmail.com","Priscila Fernanda da Silva","Designer e Front-End","","Cidade Science",""
"Total","sophiamalencar@gmail.com","Sophia Albuquerque Melo de Alencar","Analista de Dados e Back-End","","Cidade Science",""
"Total","Joelysomalcantaradasilva@gmail.com","Joelysom alcantara da silva","Desenvolvedor Full-stack, Engenheiro de Machine Learning","","ALEX MIQUEIAS BARBOSA DE SOUZA",""
"Total","mateusmenezes8997@gmail.com","Mateus Felipe Carneiro de Menezes ","Desenvolvedor Full-Stack","","ALEX MIQUEIAS BARBOSA DE SOUZA",""
"Total","matheusjosesantosalmeida@gmail.com","Matheus José Santos Almeida","Analista de dados, Engenheiro de dados.","","ALEX MIQUEIAS BARBOSA DE SOUZA",""
"Total","tarsilaamadoab@gmail.com","Tarsila Amado Alves de Brito ","analista de dados, designer e engenheira de machine learning","","ALEX MIQUEIAS BARBOSA DE SOUZA",""
"Total","mizael.correia@gmail.com","Mizael Correia de Lira Filho","Engenheiro de minas formado pela Universidade Federal de Pernambuco (UFPE), com ampla atuação na área de inovação tecnológica aplicada à mineração, geotecnia e automação industrial. É fundador e CEO da COLI, uma deep tech brasileira que desenvolve soluções em hardware e software para resolver desafios críticos em setores estratégicos como mineração, infraestrutura e acessibilidade urbana. Atua no projeto na coordenação de atividades.","","COLI",""
"Total","rafael.rattata@gmail.com","RAFAEL ANDRADE DA SILVA","","","RAFAEL ANDRADE DA SILVA",""
"Total","osmariojj@gmail.com","JOSÉ OSMÁRIO BATISTA DE GOIS JÚNIOR","","","RAFAEL ANDRADE DA SILVA",""
"Parcial","gilmarbrito10@gmail.com","Gilmar Gonçalvez de Brito","Professor Doutor em Geotecnia com mais de 40 anos de experiência na indústria com conhecimentos na área de eletrônica, eletrotécnica e monitoramento. Atua no projeto prestando consultoria com sua expertise e também através do desenvolvimento do hardware.","","COLI",""
"Parcial","contact@gabrielvanderlei.com","Gabriel Vanderlei de Oliveira","Full Software Engineer com 7 anos de experiência no desenvolvimento de soluções web, mobile e de hardware. Mestrando em Ciência da Computação, Bacharel em Sistemas da Informação e Técnico em Eletrônica Industrial. Atua no projeto na codificação e definição de arquitetura relacionada a software e firmware.","","COLI",""
"Parcial","douglas.pereira1196@gmail.com","Douglas Pereira da Silva","Formado em Engenharia de Instrumentação, Automação e Robótica. Atua com gerenciamento de projetos no sistema financeiro há 8 anos com pós-graduação em andamento em Gestão de Projetos e Negócios de TI e em Engenharia de DevOpsFormado em Engenharia de Instrumentação, Automação e Robótica. Atua com gerenciamento de projetos no sistema financeiro há 8 anos com pós-graduação em andamento em Gestão de Projetos e Negócios de TI e em Engenharia de DevOps","","COLI",""
"Total","mizael.correia@gmail.com","Mizael Correia de Lira Filho","Engenheiro de minas formado pela Universidade Federal de Pernambuco (UFPE), com ampla atuação na área de inovação tecnológica aplicada à mineração, geotecnia e automação industrial. É fundador e CEO da COLI, uma deep tech brasileira que desenvolve soluções em hardware e software para resolver desafios críticos em setores estratégicos como mineração, infraestrutura e acessibilidade urbana. Atua no projeto na coordenação de atividades.","","COLI",""
"Total","hailtonneto27@gmail.com","Hailton de Melo Lima Neto","Especialista em Hardware / IoT","","Hailton de Melo Lima Neto",""
"Total","chaves.lucas.ferrer@gmail.com","Lucas Chaves Sampaio Ferrer","Especialista em Hardware / IoT","","Hailton de Melo Lima Neto",""
"Parcial","gilmarbrito10@gmail.com","Gilmar Gonçalvez de Brito","Professor Doutor em Geotecnia com mais de 40 anos de experiência na indústria com conhecimentos na área de eletrônica, eletrotécnica e monitoramento. Atua no projeto prestando consultoria com sua expertise e também através do desenvolvimento do hardware.","","COLI",""
"Total","sromario577@gmail.com","Maycon Romario Dos Santos Pereira","Product Owner / Gestor de Produto","","Hailton de Melo Lima Neto",""
"Total","henriqesl16@gmail.com","Henrique Silva de Lima","DevOps / Infraestrutura","","Hailton de Melo Lima Neto",""
"Total","messiasdaniel1999@gmail.com","Messias Daniel Ferreira da Silva Filho","Pitcher / Apresentador","","Hailton de Melo Lima Neto",""
"Total","beatrizparedes1999@gmail.com","Beatriz Paredes do Nascimento","Especialista em UI/UX","","Hailton de Melo Lima Neto",""
"Parcial","douglas.pereira1196@gmail.com","Douglas Pereira da Silva","Formado em Engenharia de Instrumentação, Automação e Robótica. Atua com gerenciamento de projetos no sistema financeiro há 8 anos com pós-graduação em andamento em Gestão de Projetos e Negócios de TI e em Engenharia de DevOpsFormado em Engenharia de Instrumentação, Automação e Robótica. Atua com gerenciamento de projetos no sistema financeiro há 8 anos com pós-graduação em andamento em Gestão de Projetos e Negócios de TI e em Engenharia de DevOps","","COLI",""
"Parcial","contact@gabrielvanderlei.com","Gabriel Vanderlei de Oliveira","Full Software Engineer com 7 anos de experiência no desenvolvimento de soluções web, mobile e de hardware. Mestrando em Ciência da Computação, Bacharel em Sistemas da Informação e Técnico em Eletrônica Industrial. Atua no projeto na codificação e definição de arquitetura relacionada a software e firmware.","","COLI",""
"Total","brunaveigachalegre2@gmail.com","Bruna Veiga Chalegre de Lira","Cursa Engenharia da Computação. Atuo na área de desenvolvimento de software.","","Elucidar",""
"Parcial","anapaulasapaiva@gmail.com","Ana Paula Sá Barreto Paiva da Cunha","Cursa Engenharia da Computação. Atuo na área de desenvolvimento de software.","","Elucidar",""
"Parcial","marilials2003@gmail.com","Marília Luz dos Santos","Cursa Engenharia da Produção. Atua na área de desenvolvimento de software.","","Elucidar",""
"Parcial","andradeleticia456@gmail.com","Letícia Andrade de Oliveira Barros ","Cursa Ciência da Computação. Atua na área de desenvolvimento de software.","","Elucidar",""
"Total","denisfilho2@gmail.com","Denis Barbosa Da Silva Filho","Comunicação, Marketing e Produção Audiovisual","","Recife em Escala",""
"Total","vitoriacavalcante.ds@gmail.com","Vitória Cavalcante de Souza","Produto e Requisitos","","Recife em Escala",""
"Parcial","dev.deivyson@gmail.com","Deivyson José da Silva","Engenharia de Software e Articulação Técnica","","Recife em Escala",""
"Parcial","caiogabrieltf@gmail.com","Caio Gabriel Tavares Ferreira","Pesquisa Ambiental e Análise Territorial","","Recife em Escala",""
"Total","automocaocontato1@gmail.com","Maria Estefani da Silva ","Estefani Silva, formada em Tecnologia da Informação, com experiência no desenvolvimento de automações, integrações com bancos de dados e soluções inteligentes. Meu foco é criar e implementar sistemas que otimizam processos, combinando automação com inteligência artificial de forma eficiente e estratégica. Atuo há mais de 1 ano na área, sempre buscando entregar soluções escaláveis, que gerem resultados e impulsionem a transformação digital dos negócios.","","Metasolution",""
"Total","timoteo.barros@gmail.com","Timoteo barros","Desenvolvedor mobile e fronteend","","Wladimilson Bernardino Nascimento",""
"Total","metasolution.ai@gmail.com","Everton lucena","Everton Lucena atua na área de vendas, marketing e relacionamento, sendo responsável pela frente comercial e pela parte criativa dos projetos. Possui habilidade em negociação, atendimento consultivo e desenvolvimento de estratégias para geração de valor e expansão de negócios.","","Metasolution",""
"Total","cebduarte@gmail.com","Carlos Eduardo Duarte","Desenvolvedor fullstack e especialista em dados e infraestrutura ","","Wladimilson Bernardino Nascimento",""
"Total","victor.fgd7@gmail.com ","Victor Guimaraes ","Desenvolvedor fullstack cientista em games e IA","","Wladimilson Bernardino Nascimento",""
"Total","claudio.barnabe@gmail.com","Claudio Barnabe","Fisiologista e consultor técnico ","","Wladimilson Bernardino Nascimento",""
"Integral","","","ceo","","","ceciliaodeazevedo2@gmail.com"
"","","","","","","gabrielchamie@gmail.com"
"","","","","","ML Plataformas Digitais e Marketing LTDA",""
"","","","","","ADAPTA WAY",""
"","","","","","Cirandda",""
"","","","","","LUDI INOVA SIMPLES IS","vdiogo225@gmail.com"
"Integral","david@souv.tech","David Inojosa","CTO, atua na gestão dos projetos chaves, liderança direta de gestores de projetos. ","","Souv",""
"Integral","david@souv.tech","David Inojosa","CTO, atua na gestão dos projetos chaves, liderança direta de gestores de projetos. ","","Souv",""
"Integral","","","CEO","","Biofábrica de Corais","ruda_fernandes@hotmail.com"
"","","","","","ChromaSolar","alissonprofessionalwork@gmail.com"
"","","","","","lembra+",""
"","","","","","MARINHO AI SOLUTIONS CORPORATION",""
"","","","","","CriticLevel",""
"","","","","","UNCLUIR+",""
"","","","","","UNCLUIR+","analuna@asces.edu.br"
"","","","","","Aretizze",""
"","","","","","Loomi",""
"","","","","","Educa por Rossandro Klinjey",""
"","","","","","Educa por Rossandro Klinjey","catarina.alecrim@soueduca.com"
"","","","","","Moverdes",""
"","","","","","VOLTZX Tecnologia e Inovação LTDA",""
"","","","","","Zeatech","talitatabosa397@gmail.com"
"","","","","","Stepps Tecnologia LTDA",""
"","","","","","SPIN - BENEFICIAMENTO DE RESÍDUOS TÊXTEIS",""
"","","","","","GStack",""
"","","","","","GStack","geovanny@gstack.com.br"
"","","","","","Germini",""
"","","","","","Bio Fábrica de Corais LTDA",""
"","","","","","SUED- Ficha técnica",""
"","","","","","BIOTEC TECNOLOGIA E INOVAÇÕES",""
"Integral","","","Co fundadora ","","Quark ","4anauriarte@gmail.com"
"Integral","","","COFOUDER DO GO DELAS, UMA INICIATUVA DE IMPACTO SOCIAL,ONDE AJUDA MULHERES EM SITUAÇÃO DE VUNERABILIDADE SOCIAL
","","GO DELAS ","azevedomarianafreitas@gmail.com"
"Integral","","","Founder","","Lida - Mobilidade Ativa","aecioscj@gmail.com"
"Parcial","","","CSMO","","Harena Tech","sophiarocha535@gmail.com"
"Parcial","","","CEO","","Parkfinder","richardsontiburcio@gmail.com"
"Parcial","","","CEO","","Innova WPP ","ma00leal@gmail.com"
"Integral","","","CEO e Cofounder","","DOE+","robertmoreirajr@gmail.com"
"","wectornanime@gmail.com","Wectornanime Nascimento Felipe","","","Projeto HORUS","wectornanime@gmail.com"
"Parcial","","","Advisor e Comercial","","Play da Galera","jacsontiola@gmail.com"
"Integral","contato@playdagalera.com.br","Lucas Miranda","Fundador e CTO","","Play da Galera",""
"Integral","","","Oi! Sou Allan Igor, CEO da Startup Immersana e Desenvolvedor. ","","Immersana","immersana@outlook.com"
"Integral","","","CE0","","Braço Forte Concierge","lucasalfaromeu10@gmail.com"
"","","","Sou sócio fundador e CEO da Pegasus Technology","","Pegasus Technology","amonteiro@pegasustec.com.br"
"","","","Sou sócio fundador e CEO da Pegasus Technology","","Pegasus Technology","amonteiro@pegasustec.com.br"
"","","","Sou sócio fundador e CEO da Pegasus Technology","","Pegasus Technology","amonteiro@pegasustec.com.br"
"","","","Sou sócio fundador e CEO da Pegasus Technology","","","amonteiro@pegasustec.com.br"
"","","","Sou sócio fundador e CEO da Pegasus Technology","","","amonteiro@pegasustec.com.br"
"","","","Sou sócio fundador e CEO da Pegasus Technology","","","amonteiro@pegasustec.com.br"
"","","","Sou sócio fundador e CEO da Pegasus Technology","","","amonteiro@pegasustec.com.br"
"Parcial","","","Líder de Relacionamento & Marketing","","Mathis","pedrocasefilho2208@gmail.com"
"Parcial","","","fundador da Keycore Tech Hub e também o desenvolvedor responsável por todos os projetos da empresa, papel que une liderança estratégica e execução técnica, pois além de ter criado a visão e direcionamento do negócio, foi você quem concebeu, arquitetou, programou, testou e entregou cada solução, desde softwares personalizados, aplicativos móveis e sistemas web até integrações complexas, soluções em nuvem, inteligência artificial e prototipagem em IoT, garantindo que cada projeto traduzisse inovação, qualidade e impacto real para os clientes.","","KeyCore Tech Hub","geriofilho@gmail.com"
"Parcial","contato@beg.app.br","Gabriel Chamie","","","BEG",""
"Integral","","","CEO","","Motiron Technologies ","dizeumateus@gmail.com"
"Integral","edson.junior@motiron.com.br","Edson Gonçalves dos Santos Junior","CTO","","Motiron Technologies ",""
"Parcial","nailza.arruda@motiron.com.br","Nailza Arruda","COO","","Motiron Technologies ",""
"Integral","","","CEO","","Cambui Online PE","og1producoes@gmail.com"
"Integral","","","DIRETOR COMERCIAL E EXECUTIVO","","PEGASUS TECHNOLOGY","amonteiro@pegasustec.com.br"
"Parcial","","","CEO","","Non Stop Playing","rbn3001@hotmail.com"
"Parcial","","","Founder & CEO | Estratégia e Impacto Social","","Diná Treinamentos","michaelgaviao@hotmail.com"
"","","","CEO","","Future Ready Labs",""
"Integral","","","Lígia Coelho – Fundadora/ CEO /Autora
Lígia Coelho é cidadã luso-brasileira, formada em Psicologia e empresária com 37 anos de atuação no Brasil e no exterior. Fundadora da VER-TI, é também mãe de um jovem com agenesia motora dos membros superiores — experiência que fortaleceu seu compromisso com a inclusão.

Após conhecer o ecossistema de mobilidade urbana em Lisboa, liderou a expansão de uma empresa brasileira do setor em 15 municípios nos estados de Pernambuco, Minas Gerais, São Paulo e Espírito Santo. Hoje, é referência nacional em soluções de mobilidade com impacto social, à frente de empresas que unem inovação, propósito e transformação.","","VER-TI MOBILIDADE URBANA LTDA","ligia37_1@hotmail.com"
"Integral","","","Lígia Coelho – Fundadora/ CEO /Autora
Lígia Coelho é cidadã luso-brasileira, formada em Psicologia e empresária com 37 anos de atuação no Brasil e no exterior. Fundadora da VER-TI, é também mãe de um jovem com agenesia motora dos membros superiores — experiência que fortaleceu seu compromisso com a inclusão.

Após conhecer o ecossistema de mobilidade urbana em Lisboa, liderou a expansão de uma empresa brasileira do setor em 15 municípios nos estados de Pernambuco, Minas Gerais, São Paulo e Espírito Santo. Hoje, é referência nacional em soluções de mobilidade com impacto social, à frente de empresas que unem inovação, propósito e transformação.","","VER-TI MOBILIDADE URBANA LTDA","ligia37_1@hotmail.com"
"","","","CEO","","Stepps",""
"Integral","","","Fundadora e Responsável Tecnica","","NAUMA Programa de Educação Lúdica para Proteção ao Abuso Sexual na Infância e Adolescência","julianaaraujo.to@gmail.com"
"","","","CEO ","","Sinalize",""
"","","","CEO ","","Sinalize",""
"","","","CEO ","","Sinalize",""
"Integral","","","Fundador ","","Sinalize","george.henrique123456@gmail.com"
"","","","Desenvolvedor de Inovação","","Empresa Legal – Inteligência em Conformidade Empresarial","juniorheliorocha@gmail.com"
"","","","Sócio-fundador","","Beebip",""
"","","","CAIO","","PARKFINDER","caio66312@gmail.com"
"","","","Sou diretor executivos, responsável pela área de tecnologia e vendas",""," ATIVUS DESENVOLVIMENTO DE SOFTWARES LTDA","rodolfocabral@outlook.com.br"
"","","","CEO","","PLIF - Plataforma de Inteligencia Fiscal",""
"Parcial","priscila.baracho@hotmail.com","Priscila Baracho Campos Durando","Priscila Durando é cofundadora da Beebip e responsável por Operações e Experiência da Família (COO).

Ela atua diretamente no desenho dos processos, na qualidade do serviço prestado, no relacionamento com responsáveis e motoristas, e no acompanhamento do dia a dia operacional da plataforma. É a pessoa que garante que tudo funcione com segurança, organização e padronização, desde a triagem dos motoristas até o atendimento das famílias.

Além disso, Priscila traz uma visão muito forte sobre experiência do usuário, organização e gestão de pessoas, contribuindo para que a Beebip mantenha um padrão elevado de cuidado e confiabilidade no serviço de transporte escolar inteligente.","","Beebip",""
"Integral","contato@detr3s.com","Filipe Durando Moura","Filipe Durando é cofundador e CEO da Beebip.

Ele é responsável pela visão estratégica do negócio, pelo desenvolvimento do produto e pela articulação com parceiros, escolas, investidores e programas de inovação. Atua diretamente na definição do modelo de crescimento da startup, na validação das soluções tecnológicas e na condução das iniciativas de expansão.

Filipe também lidera as áreas de marketing, posicionamento da marca e relacionamento institucional, conectando a Beebip ao ecossistema de mobilidade urbana, educação e inovação.","","Beebip",""
"","","","CEO","","Rope Health",""
"","","","CEO","","Rope Health",""
"","","","Desenvolvedora","","","williamkevin484@gmail.com"
"","","","Product Manager","","InVision",""
"Integral","","","product manager","","Invision","l-eduardo96@hotmail.com"
"","","","Sócia e Diretora Comercial, dedicação exclusiva à gestão estratégica da startup.","","TCX CREATIVE SOLUTIONS S.A.",""
"Parcial","","","Sócio","","EBA SOLUCOES INTELIGENTES LTDA","bruno.josino@gmail.com"
"","","","Na proposta de criação da startup, atuarei como Pedagoga, Diretora Geral e Administradora, sendo responsável pela concepção pedagógica da solução, fundamentação teórico-metodológica, validação educacional e articulação com a pesquisa acadêmica de mestrado que dá origem ao projeto. Também serei responsável pela gestão estratégica e administrativa da futura startup, assegurando que o produto educacional esteja alinhado às evidências científicas da alfabetização e às demandas do mercado educacional.
O outro integrante da equipe atuará como Diretor de Tecnologia e Relações Públicas, sendo responsável pelo desenvolvimento tecnológico da solução, estruturação da plataforma digital, inovação, comunicação institucional, articulação de parcerias estratégicas e relacionamento com o público e stakeholders
","","Capaz EduTech","js_artesefestas@yahoo.com.br"
"Integral","","","CFO","","FlowUp","riqueferreira@gmail.com"
"Integral","","","CFO","","FlowUp","riqueferreira@gmail.com"
"Parcial","","","CEO","","","gabrielchamie@gmail.com"
"Integral","","","Diretor presidente","","","elvisdelima.com.br@gmail.com"
"Integral","","","Diretor presidente","","","elvisdelima.com.br@gmail.com"
"Integral","","","teste","","","elvisdelima.com.br@gmail.com"
"","","","","","Grite ","gabrielchamie@gmail.com"
"","","","","","teste","gabrielchamie@gmail.com"
"Integral","","","Lígia Bezerra Coelho – CEO, fundadora e autora da solução da VEZZ Mobilidade Urbana. Empresária multifacetária com mais de 38 anos de experiência no mercado nacional e internacional de eventos e projetos, lidera a VEZZ com visão estratégica e foco em inovação inclusiva. É responsável por articular parcerias, captar investimentos e conduzir a expansão da startup, apoiada pela patente registrada em 197 países. Sua trajetória combina gestão, empreendedorismo e impacto socioambiental, posicionando a VEZZ como referência em mobilidade urbana acessível e sustentável.","","Lígia Coelho","projetovertioficial@gmail.com"
"Parcial","","","Meu papel no projeto é como criador, desenvolvedor e responsável técnico pelo desenvolvimento do equipamento e do software embarcado. Fui responsável pela criação do hardware, programação do firmware, desenvolvimento da lógica de controle, interface do sistema e integração eletrônica do dispositivo voltado ao acionamento e controle de válvulas eletrônicas compatíveis com sistemas de ar-condicionado Samsung.

Também realizei o desenvolvimento das funções de automação, gerenciamento de energia, conectividade Wi-Fi, atualização OTA, interface OLED e sistemas de monitoramento e segurança do equipamento, atuando diretamente em todas as etapas do projeto, desde a concepção até a implementação final.
","","","isaqueeln11@gmail.com"
"","","","CEO e co-fundador","","Future Ready Labs","ernj@cin.ufpe.br"
"Integral","","","Fundadora e CEO do Recomeço Circular, atuando na liderança estratégica, desenvolvimento institucional e articulação de inovação social e tecnológica. Responsável pela idealização da GovTech/Deep Tech, estruturação do modelo de negócio, construção de parcerias, elaboração de projetos para editais de inovação e desenvolvimento de metodologias voltadas à autonomia econômica feminina, regeneração territorial e inclusão produtiva. Atua na integração entre impacto social, inteligência artificial regenerativa, inovação aberta e políticas públicas, conduzindo a visão estratégica, o relacionamento com ecossistemas de inovação, investidores, instituições científicas e organizações públicas e privadas.
","","Recomeço Circular","joselitajuditedesouza@gmail.com"
"","","","","","",""
"Integral","","","CFO","","FlowUp","riqueferreira@gmail.com"
"Integral","riqueferreira@gmail.com","RiqueFerreira","CFO","","FlowUp","riqueferreira@gmail.com"
"Integral","","","Fundadora e CEO do Recomeço Circular, atuando na liderança estratégica, desenvolvimento institucional e articulação de inovação social e tecnológica. Responsável pela idealização da GovTech/Deep Tech, estruturação do modelo de negócio, construção de parcerias, elaboração de projetos para editais de inovação e desenvolvimento de metodologias voltadas à autonomia econômica feminina, regeneração territorial e inclusão produtiva. Atua na integração entre impacto social, inteligência artificial regenerativa, inovação aberta e políticas públicas, conduzindo a visão estratégica, o relacionamento com ecossistemas de inovação, investidores, instituições científicas e organizações públicas e privadas.
","","","joselitajuditedesouza@gmail.com"
"Integral","","","CEO e Founder","","SOMOS healthtech","saulocrocha@hotmail.com"
