"atuacao","Categorias de Interesse","Categorias","cidade","curriculo","Empresa","escolaridade"
"Gerente de Relações com o Mercado Privado na SECTI - Secretaria de Ciência, Tecnologia & Inovação da Prefeitura do Recife. CEO no EXC Group, Instituto Brasileiro de Excelência Empresarial, Consultoria Empresarial, Treinamentos Organizacionais nas áreas de Inovação, Planejamento Estratégico, Diagnósticos de Processos e Intervenções de Melhoria com IA.","","Teste Whats","","","","Pós-graduação Lato Sensu (Especialização)"
"Atuo com filmes interessantes.","","Cinema ,  Mídia ,  Entretenimento ,  Jogos e Entretenimento ,  Cultura ,  Comunicação e Mídia ,  Arte ,  Educação ,  Tecnologia da Informação ,  Social Impact","","","",""
"Especialista em nocode , gestão ágil, mentoria de startups e gestão de produtos e atualmente na STDCT como gerente de startups","","Marketplace","","","","Graduação Incompleta"
"Cientista de Dados e Desenvolvedor BackEnd com experiência Python, Django e bibliotecas para ciência de dados","","","","","","Pós-graduação Lato Sensu (Especialização)"
"Gestor de Fomento Universitário
Gestor de Fomento Universitário
Prefeitura da Cidade do Recife · Tempo integralPrefeitura da Cidade do Recife · Tempo integral
fev de 2024 - o momento · 10 mesesDe fev de 2024 até o momento · 10 meses
Recife, Pernambuco, Brasil · PresencialRecife, Pernambuco, Brasil · Presencial
Responsável pelo engajamento e desenvolvimento da rede de jovens universitários com foco nas práticas de Empreendedorismo e Inovação;

Atuo enquanto intermediador entre a Secretaria e as Instituições de Ensino Superior que estão presentes no município do Recife; 

Responsável por construir políticas de fomento na área de Ciência, Tecnologia e Inovação para o público universitário.

Presidente executivo
Presidente executivo
Brasil Júnior - Confederação Brasileira de Empresas Juniores · Tempo integralBrasil Júnior - Confederação Brasileira de Empresas Juniores · Tempo integral
fev de 2023 - dez de 2023 · 11 mesesDe fev de 2023 até dez de 2023 · 11 meses
São Paulo, BrasilSão Paulo, Brasil
Responsáveis por representar a Brasil Junior e todo Movimento Empresa Junior para o ecossistema empreendedor do país. Isso incluía estabelecer e manter relacionamentos com entidades privadas, governamentais e universidades, visando fortalecer e expandir o alcance do movimento em todo o país;

Em 2023 fui responsável por liderar o fortalecimento ldo Movimento Empresa Júnior no Norte do país, destinando mais de 100 mil reais para o fomento das Empresas Juniores da região, promovendo assim o desenvolvimento econômico e social da região;

Coordenar o Desafio Universitário Empreendedor em parceria com o Sebrae, um hackathon que contou com a participação de mais de 3000 jovens universitários, incentivando a inovação e o empreendedorismo entre os estudantes;

Estabelecemos parcerias estratégicas com o Movimento LED e o Ifood, fundamentais para a realização do Encontro Nacional das Empresas Juniores, que aconteceu em Setembro no Rio de Janeiro, reunindo líderes e empreendedores de todo o país;

Organizamos a 5° Edição do Ranking de Universidades Empreendedoras e a 1° Edição do Índice dos Institutos Federais Empreendedores, ambos são estudos de impacto que avaliam Universidades e Institutos Federais em suas práticas empreendedoras e de Inovação. Esta edição teve a maior adesão da história, com mais de 35.000 respondentes e mais de 130 instituições de ensino participando, demonstrando o compromisso do movimento com o fomento do empreendedorismo no ambiente acadêmico.Responsáveis por representar a Brasil Junior e todo Movimento Empresa Junior para o ecossistema empreendedor do país. Isso incluía estabelecer e manter relacionamentos com entidades privadas, governamentais e universidades, visando fortalecer e expandir o alcance do movimento em todo o país; Em 2023 fui responsável por liderar o fortalecimento ldo Movimento Empresa Júnior no Norte do país, destinando mais de 100 mil reais para o fomento das Empresas Juniores da região, promovendo assim o desenvolvimento econômico e social da região; Coordenar o Desafio Universitário Empreendedor em parceria com o Sebrae, um hackathon que contou com a participação de mais de 3000 jovens universitários, incentivando a inovação e o empreendedorismo entre os estudantes; Estabelecemos parcerias estratégicas com o Movimento LED e o Ifood, fundamentais para a realização do Encontro Nacional das Empresas Juniores, que aconteceu em Setembro no Rio de Janeiro, reunindo líderes e empreendedores de todo o país; Organizamos a 5° Edição do Ranking de Universidades Empreendedoras e a 1° Edição do Índice dos Institutos Federais Empreendedores, ambos são estudos de impacto que avaliam Universidades e Institutos Federais em suas práticas empreendedoras e de Inovação. Esta edição teve a maior adesão da história, com mais de 35.000 respondentes e mais de 130 instituições de ensino participando, demonstrando o compromisso do movimento com o fomento do empreendedorismo no ambiente acadêmico.
Resolução de problemas, Liderança e mais 10 competências

Líder de Impacto
Líder de Impacto
Global Shapers RecifeGlobal Shapers Recife
jan de 2021 - jun de 2021 · 6 mesesDe jan de 2021 até jun de 2021 · 6 meses
Responsável pela estratégia dos projetos de impacto social realizados pelo Hub Recife, assim como pela construção desses projetos a partir da utilização de metodologias ágeis como Design Thinking e Scrum. Responsável por gerenciar o time de impacto composto por 12 pessoas. 

Junto com essa equipe realizamos o Projeto Preto ao Cubo, programa de formação de lideranças para pessoas Pretas que impactou mais de 50 pessoas. Também implementamos processos para concepção e gerenciamento de novos projetos - garantindo uma maior maturidade para a organização.Responsável pela estratégia dos projetos de impacto social realizados pelo Hub Recife, assim como pela construção desses projetos a partir da utilização de metodologias ágeis como Design Thinking e Scrum. Responsável por gerenciar o time de impacto composto por 12 pessoas. Junto com essa equipe realizamos o Projeto Preto ao Cubo, programa de formação de lideranças para pessoas Pretas que impactou mais de 50 pessoas. Também implementamos processos para concepção e gerenciamento de novos projetos - garantindo uma maior maturidade para a organização.
Liderança, Gestão de projetos e mais 3 competências","","E-commerce ,  Educação ,  Gestão e Consultoria ,  Empreendedorismo ,  Inovação ,  Tecnologia da Informação ,  Impacto Social ,  Metodologias Ágeis ,  Políticas Públicas ,  Fomento à Ciência e Tecnologia","","","","Graduação Incompleta"
"Diretora de Inovação Tecnológica ","","Tecnologia da Informação ,  Inovação ,  Educação ,  Gestão e Consultoria ,  Saúde e Bem-estar ,  Cleantech ,  IoT ,  Deep Tech ,  Comunidade ,  Sociedade e Meio Ambiente","","","","Graduação Completa"
"","","Desculpe ,  não consegui identificar um texto para análise. Por favor ,  forneça o texto que você gostaria que eu classificasse de acordo com a lista de categorias.","","","","Doutorado"
"","","Desculpe ,  mas você não forneceu o texto para que eu possa identificar as categorias. Por favor ,  insira um texto para que eu possa ajudá-lo.","","","",""
"Com formação em Técnico de Redes de Computadores e experiência ampla em design e desenvolvimento, minha trajetória se concentra na resolução de desafios no campo da tecnologia da informação. Além de conhecimentos sólidos em implementação, otimização e segurança de redes, também tenho experiência prática no front-end, criando interfaces funcionais e visualmente atraentes. Atualmente, curso Ciência da Computação, buscando expandir minha atuação no desenvolvimento de software (Dev) e no dinâmico universo do design e front-end.","","Tecnologia da Informação ,  EdTech ,  Cybersecurity ,  Desenvolvimento de Software ,  Comunicação e Mídia ,  Design ,  Gestão e Consultoria ,  Internet das Coisas ,  Jogos e Entretenimento ,  Serviços Profissionais","","","","Ensino Fundamental Completo"
"Ti, programação, design","","Tecnologia da Informação ,  Gestão e Consultoria ,  Serviços Profissionais ,  Educação ,  Comunicação e Mídia ,  Jogos e Entretenimento ,  Automotivo e Mobilidade ,  Indústria e Transformação ,  E-commerce ,  Cybersecurity","","","","Graduação Incompleta"
"Trabalhei dois anos com o Desenvolvimento de sensores para diagnóstico através da Nanotecnologia. No momento estou em migração de carreira para trabalhar mais efetivamente na área da comunicação. Faço  freelancer com gestão de mídias sociais e estratégias midiáticas, além de fotografia e comecei minha graduação em Marketing pela UNIFAJ. Além disso, sou voluntária no Instituto Maria da Penha (IMP), atuando na cobertura de eventos de formatura, produção de material gráfico e visitas a comunidades como o Quilombo Onze Negras em Cabo de Santo Agostinho/PE. ","","Saúde e Bem-estar ,  Tecnologia da Informação ,  Comunicação e Mídia ,  Educação ,  Gestão e Consultoria ,  Negócio Social ,  Sociedade e Meio Ambiente ,  Marketing ,  E-commerce ,  Desenvolvimento de Produtos.","","","","Graduação Incompleta"
"Já atuei 2 anos como designer gráfico em uma multinacional, onde participei de diversos projetos e pude desenvolver habilidades técnicas e soft skills. Além disso, já participei de uma empresa júnior como consultora de projetos, chegando ao cargo de gerente de marketing. Atualmente, estou finalizando o meu TCC e tenho dedicado meu tempo participando em eventos de tecnologia e em mais de 10 hackathons para obter experiência em UX/ UI, criar soluções de diferentes escopos e trabalhar com equipes multidisciplinares.","","Comunicação e Mídia ,  Gestão e Consultoria ,  Tecnologia da Informação ,  Educação ,  E-commerce ,  AdTech ,  Gaming & Esports ,  Deep Tech ,  HRTech ,  Social Impact","","","","Graduação Incompleta"
"Já estagiei na prefeitura de paulista como suporte help-desk, hoje procuro uma oportunidade na área de desenvolvimento que é uma área que estou estudando mais por dentro.","","Tecnologia da Informação ,  Gestão e Consultoria ,  Saúde e Bem-estar ,  Governo e Poder Público ,  Educação ,  Comunicação e Mídia ,  Serviços Profissionais ,  EdTech ,  Logística e Transportes ,  Varejo e Atacado","","","",""
"Assessor de Projetos Escritório Bevilaqua","","Gestão e Consultoria ,  Serviços Profissionais ,  E-commerce ,  Tecnologia da Informação ,  Educação ,  Comunicação e Mídia ,  Governo e Poder Público ,  Social Impact ,  FinTech ,  LegalTech","","","",""
"CTO da Add Health, que é a startup que participou do Hackercidadão e do Eita recife com soluções inovadoras em Upcycling, manufatura e saúde. ","","HealthTech ,  Startup ,  Cleantech ,  Sociedades e Meio Ambiente ,  Tecnologia da Informação ,  Comunidade ,  Governança e Poder Público ,  Gestão e Consultoria ,  Inovação ,  Educação.","","","",""
"Sou estudante de engenharia da computação na UFPE. Conclui meu ensino médio no IFPE na modalidade integrada no curso técnico de informática. Tenho interesse na área de hardware e software na parte de backend","","Educação ,  Tecnologia da Informação ,  Hardware ,  Software ,  E-commerce ,  Gestão e Consultoria ,  Serviços Profissionais ,  FinTech ,  Deep Tech ,  Cybersecurity","","","","Graduação Incompleta"
"Estudante de Analise e desenvolvimento de sistemas, interessado em novas tecnologias, analise de dados, inteligencia artificial e testes automatizados","","Tecnologia da Informação ,  Educação ,  Deep Tech ,  Gestão e Consultoria ,  FinTech ,  Cybersecurity ,  E-commerce ,  HealthTech ,  AdTech ,  IoT","","","",""
"Estudante de engenharia elétrica, participando de iniciação científica sobre aplicação de redes neurais para antivírus em servidores.","","Tecnologia da Informação ,  Cybersecurity ,  Educação ,  Iniciação Científica ,  Deep Tech ,  Pesquisa ,  Saúde e Bem-estar ,  Engenharia ,  Sistemas ,  Redes Neurais","","https://wwws.cnpq.br/cvlattesweb/PKG_MENU.menu?f_cod=A8A5937FC11B6D5A04AF3B04A051897B#","","Graduação Incompleta"
"Design gráfico
Ux Design
Design de moda
Design Editorial","","Moda e Vestuário ,  Comunicação e Mídia ,  Serviços Profissionais ,  Educação ,  Tecnologia da Informação ,  Games e Entretenimento ,  Design Gráfico ,  Design de Moda.","","","","Graduação Incompleta"
"EMPREENDEDORISMO,TECNOLOGIA,INOVAÇÃO COMO TAMBÉM O FOMENTO A EDUCAÇÃO FINANCEIRA","","Educação ,  FinTech ,  Gestão e Consultoria ,  Tecnologia da Informação ,  E-commerce ,  EdTech ,  Mercado Financeiro ,  Desenvolvimento de Negócios ,  Inovação ,  Empreendedorismo","","","",""
"inovação aberta e estratégia digital","","","","","","Doutorado"
"","","Desculpe ,  mas você não forneceu o texto para que eu possa identificar as categorias. Por favor ,  compartilhe o texto e ficarei feliz em ajudá-lo!","","","","Pós-graduação Lato Sensu (Especialização)"
"","","","","","",""
"Mestre em Ciência da Computação pelo Centro de Informática da UFPE, Especialista em Gestão Pública Municipal pela Universidade Federal Rural de Pernambuco (UFRPE) e formado em Ciência da Computação pela UNICAP, Atualmente é Diretor de Inovação Aberta e Governança na EMPREL. Coordena pela EMPREL a iniciativa de Inovação Aberta E.I.T.A! Recife. Coordena as iniciativas de Dados Abertos, Hub de Dados, Hackathon e Living Labs Recife. Coordenou o processo de Dados Abertos da Prefeitura do Recife, Curador das 9 edições do concursos Hacker Cidadão. Além disso, participou da coordenação e mentoria de iniciativas aberta e inovação no serviço público em projetos como Gov in Play, GovJam, Inspira Gov e Hackacity.
","","","","","",""
"","","Entendido! Por favor ,  forneça o texto que você gostaria que eu analisasse para identificar as categorias.","","","",""
"","","","","","",""
"","","","","","","Graduação Completa"
"","","","","","","Pós-graduação Lato Sensu (Especialização)"
"Consultora em Mudança Organizacional | Gestão de Projetos | Inovação em Educação e Tecnologia","","","","","","Pós-graduação Lato Sensu (Especialização)"
"Trabalho com gestão de projetos, processos e produtos de TI. Hoje estou a frente da startup EVA - Estratégia Visual Ágil que traz para o mercado uma ferramenta de gestão de projetos focada em melhorar a comunicação de times diversos através da Agilidade.","","","","","","Pós-graduação Lato Sensu (Especialização)"
"","","","","","","Pós-graduação Lato Sensu (Especialização)"
"Farmacêutica formada pela Universidade Federal de Pernambuco (UFPE) em 2009, com habilitações em Bioquímica-Analista (2012) e Farmacêutico-Industrial (2013), ambas pela UFPE. Possui três especializações: Saúde Pública - Gestão de Sistemas e Ações de Saúde pela Faculdade de Enfermagem Nossa Senhora das Graças da Universidade de Pernambuco (FENSG/UPE, 2014); Gestão de Prescrição Farmacêutica e Farmácia Clínica (ICSH-CESB, 2016); e Preceptoria em Saúde (UFRN, 2020). É Mestre em Gestão e Economia da Saúde pelo Programa de Pós-Graduação em Gestão e Economia da Saúde da UFPE (PPGES/UFPE, 2022). Iniciou sua trajetória profissional no Laboratório do Hospital Universitário da Universidade Federal de Sergipe, onde atuou como Farmacêutica Bioquímica, responsável pelo setor de Bioquímica. Posteriormente, exerceu a função de Farmacêutica Clínica Hospitalar na Unidade de Terapia Intensiva Geral-Adulto do Hospital das Clínicas da UFPE. Atualmente, é Chefe da Unidade de Gestão da Inovação Tecnológica em Saúde (UGITS) do Hospital das Clínicas da UFPE, além de coordenar o Núcleo de Avaliação de Tecnologias em Saúde (NATS) e integrar a Comissão de Farmácia e Terapêutica da mesma instituição. ","","","","http://lattes.cnpq.br/9566327659359667","","Pós-graduação Stricto Sensu (Mestrado)"
"Assistente Social","","","","","","Graduação Completa"
"Engenheiro Maker Mecatrônico","","","","","","Graduação Completa"
"","","","","","","Doutorado"
"CEO da Empresa 
MSA Eletrica e Automação,
Analista de Dados em 
Consumo de Energia,
Especialista em 
Instalação e Manutenção,
Técnico em Elétrica e Automação ","","","","","","Graduação Completa"
"","","","","","","Graduação Incompleta"
"","","","","","",""
"","","","","","",""
"Cesar Araujo é um arquiteto e urbanista, especialista em fabricação digital, que atualmente exerce o cargo de Gerente de Neo Industrialização na Secretaria de Ciência, Tecnologia e Inovação da Prefeitura do Recife. Com uma sólida experiência em gestão pública,  já esteve envolvido em diversos projetos especiais e de prototipagem urbana, incluindo o a Coordenação do Mais Vida Nos Morros e Recicla Mais, durante três anos em gestões anteriores na Prefeitura do Recife. Atualmente, ele é Head em Govtech na LabGriô e no IAUPE, onde gerencia a implementação do Programa de Capacitação em Compras Públicas de Inovação (CPSI) no Mato Grosso do Sul, direcionado a gestores públicos municipais e estaduais. Anteriormente, Cesar atuou como Head de Inovação Aberta na IKONE, uma iniciativa de aceleração dos Objetivos de Desenvolvimento Sustentável da Agenda 2030 da ONU, no Cabo de Santo Agostinho, promovendo a conexão entre problemas locais e soluções inovadoras.","","","","http://lattes.cnpq.br/0667481384292271","","Graduação Completa"
"Desenvolvimento de software","","Tecnologia da Informação ,  Desenvolvimento de softwarer ,  Gestão ,  Processos ,  Educação","","https://buscatextual.cnpq.br/buscatextual/visualizacv.do?id=K1190883H5&tokenCaptchar=03AFcWeA7UvpnP7mrPrCzCFh4KmJ-207ga6Ty2KOyvi9QIdsP6yFgJuemWLLPRs-bmm9kjWKjOTb23qpZBcelnL1COKTz-VUQKTmxWqZEFT2k5wABFxrkXpZ_LF24N3euwkPFRQfIajPQ3GB7N51YRSVU7ckG_pw-rSUqD_-37yvw7no3k5r-CFJuTnqg0P22gDIZVTOgJg4aLoABvH9FhV89R1ZNTQ7YpY--kuhD9AgraBjdy1tRV6h4n2RqxKfk-UhmssyE73I_W-8qfkTKGourzOokKezaE9IDNZatNG3FxLekb4bWtztBTeplWfT3rMHopv4R61NiDwSZ0zRrw7WGeuvGFU4nQw-jmPasX2vtasKkz1yaPhpvfsyo1Ye-duID2Vxn7gK1CN6H0X5XI8vHsiHdjUJ3WitzJTBue1Qs_4uulpExLkm8YUzdPmQdLHE97TYm61EPsU9PwwCupamvrk9eGUzKBotnBsm4etAje3cJn39_EV4Gf93JowYYa8ekeQEka2Su-d8_rua65cK16xfdB3TLh5iYzVnbmya15p-_F5wuN5O_rK8-9L5qklQjjPyhY6o_htcAlQoTj6jcNpkuQw2p1sQ8J-bFKI_3efh7MvOgitUk_vkq6RiMO-1H2KV9XYTXZDYrTTY8S64QVMMqzNdWcoqsfiCJG-xgVgTKG3RTQ6vqYEZ5W2yGyX84wAStOcwGW9dmG1qKdsghgGC1J4YpDEEIYqgqCFnZ7gTgJpfykdjTn1U9fJS8KPIM79hzAUy1ovwOS19yIVy1jK1-YlHgaoPZm3xWxjXIUJ0n9BvD9ma0Tds_6VsOuBtbhfHG9SkF1SdyMz7p8IoYKPlFSad1lYIGvr5jKt9SBuPXZLEfHhpa2emyNDOLYdAgtYUg5Vr4HHiUYnILj6Hj6ZGTxVU4ymBiFSx4nnigbqhxw3hIn2w8","","Graduação Incompleta"
"","","","","","",""
"","","","","","","Ensino Técnico"
"Head of Marketing & Sales","","","","","","Pós-graduação Lato Sensu (Especialização)"
"","","","","","",""
"Rafael Toscano é professor na CESAR School e pesquisador, é engenheiro na Companhia Brasileira de Trens Urbanos (CBTU) e atualmente ocupa o cargo de Gerente Geral de Transformação Acadêmica na Secretaria de Transformação Digital, Ciência e Tecnologia do Recife. Formado em Engenharia da Computação pela UFPE é mestre e doutor pela Universidade de Pernambuco com foco em IA,  especialista em Direito Tributário pela Universidade de Ipatinga e em Gestão de Negócios pela Fundação Dom Cabral. Além de ser um Gerente de Projetos certificado pelo PMI, complementa sua formação com uma especialização em Economia Brasileira pela Universidade de São Paulo (USP).","","Governo e Poder Público , GovTech , Internacionalização","","http://lattes.cnpq.br/7679503812101994","","Doutorado"
"Sou um Recifense apaixonado por transformação e impacto social. Acredito que os principais caminhos para melhorarmos nossa sociedade é através da educação e da inovação - por isso estou como Gerente de Políticas de Inovação e Articulação Acadêmica na Secretaria de Transformação Digital, Ciência, e Tecnologia da Prefeitura do Recife.

Nesse sentido, vejo que a interlocução do setor público e privado é essencial para construirmos uma sociedade mais desenvolvida e igualitária, sou graduando de Ciência Política por acreditar que uma política assertiva, baseada em evidência tem o potencial gigante de mudar nosso país. 

Entendo que toda essa transformação que almejo não é conquistada sozinha, por isso participo da rede Global Shapers Community, organização vinculada ao Fórum Econômico Mundial, que visa conectar milhares de jovens trabalhando o impacto social nas principais cidades do mundo.

Sou apaixonado por transformação, e acredito que ela vem a partir da educação, da política e principalmente de muita colaboratividade e do trabalho em rede.","","Educação","","-","","Graduação Completa"
"","","","","","","Graduação Incompleta"
"","","","","","","Graduação Incompleta"
"","","","","","","Pós-graduação Lato Sensu (Especialização)"
"","","","","","",""
"","","","","","",""
"","","","","","",""
"","","","","","","Pós-graduação Lato Sensu (Especialização)"
"","","","","","",""
"Analista Ministerial, na área de informática do Ministério Público de Pernambuco desde 2006. Cedido à Prefeitura do Recife, para exercer o cargo de Gerente Geral de Políticas de Ciência, Tecnologia e Inovação. Foi um dos idealizadores e fundadores do E.I.T.A! Recife - Esquadrão de Inovação e Transformação Aberta da Prefeitura do Recife. Foi um dos Idealizadores e Fundadores do MPLabs - Laboratório de Inovação Tecnológica e de Negócio do MPPE. Ocupou os Cargos de Coordenador Executivo do MPLabs e Coordenador de Design e Inovação da STI/MPPE. Foi CiO do MPPE de 2013 a 2019. Atuou como Gerente do Departamento de Produção no MPPE durante 5 anos. Foi coordenador do Comitê de Políticas de TI (CPTI) do FNG/CNMP de junho de 2016 a junho de 2018. É Mestre em Ciência da Computação pela UFPE. Possui Especialização na área de Engenharia de Software em parceria com a Motorola/UFPE. Possui Graduação em Ciência da Computação pela Universidade Federal da Paraíba. Participou de diversos Comitês no MPPE, tais como: Teletrabalho, Implantação do sistema SEI, Gestão Estratégica, Estrutura Mínima, Comitê Estratégico de TI (CETI). E possui certificação no Modelo de Governança e Gestão de TI - COBIT 5 Foundation.","","","","","","Pós-graduação Stricto Sensu (Mestrado)"
"","","","","","",""
"","","","","","",""
"","","","","","",""
"","","","","","",""
"","","","","","",""
"","","","","","","Graduação Incompleta"
"","","","","","","Graduação Completa"
"","","Desculpe ,  mas não recebi o texto que você gostaria que eu analisasse para identificar as categorias. Por favor ,  forneça o texto e eu poderei ajudar a classificar.","","","",""
"","","","","","",""
"","","","","","","Graduação Completa"
"","","","","","",""
"Professor e supervisor clínico na abordagem centrada na pessoa. Estudo e pesquiso sobre ciberpsicologia, mais especificamente sobre plataformização do trabalho e saúde mental. ","","","","http://lattes.cnpq.br/4834460744708957","","Pós-graduação Stricto Sensu (Mestrado)"
"","","","","","",""
"","","","","","",""
"","","","","","",""
"","","","","","",""
"Atuo como desenvolvedor back end e analista de dados.","","","","","","Pós-graduação Lato Sensu (Especialização)"
"","","","","","",""
"","","","","","",""
"Sou apaixonada por fomentar o empreendedorismo e a inovação no ambiente universitário. Atuo como Professora Associada no Departamento de Hotelaria e Turismo da UFPE. Na minha atuação como professora, destaco o ensino da disciplina Inovação e Criatividade, que utiliza a metodologia Projetão, do Centro de Informática da UFPE. Essa abordagem permite o desenvolvimento de projetos inovadores, estimulando a colaboração de equipes interdisciplinares e promovendo a criatividade e o pensamento disruptivo entre os alunos.

Na área administrativa, atualmente, desempenho o papel de Coordenadora de Empreendedorismo e Incubação na mesma instituição, onde lidero iniciativas para impulsionar o desenvolvimento de startups e projetos inovadores ligados à pesquisa acadêmica.","","","","http://lattes.cnpq.br/4724966662551377","","Doutorado"
"Graduado em Administração de Empresas e Especialista em Gestão Empresarial pela Faculdade Maurício de Nassau. Mestre em Administração pela Universidade Federal de Pernambuco (UFPE) na linha de pesquisa: Criatividade, Empreendedorismo e Inovação. Pós-graduado em Gestão de Ambientes Promotores da Inovação pela Universidade Estadual do Centro Oeste do Paraná (UNICENTRO). Atualmente exerço a função de Analista de Inovação no Polo Tecnológico e Criativo da Universidade Federal de Pernambuco.","","","","","","Pós-graduação Stricto Sensu (Mestrado)"
"RESUMO DE QUALIFICAÇÃO

 	Doutora em Engenharia Química na área Ambiental/Qualidade, com recuperação de Resíduos - UFPE;
 	20 anos de experiência nas áreas Ambiental/Qualidade em empresas de grande porte com gestão de pessoas com mais de 2000 colaboradores;
 	Experiência em certificações, auditorias e implantações em Sistema de Gestão de Qualidade e Meio Ambiente;
 	EXPERIÊNCIA INTERNACIONAL: Curso de Extensão em Gestão Ambiental – BFZ – HOFF – ALEMANHA
 	PROJETOS AMBIENTAIS: Elaboração do PGRS da Zona Portuária de Suape, Projeto de Compostagem e Vermicompostagem do Aterro CTR –PE
 	Tratamento de Efluentes Industriais – UNIVERSIDADE DE STUTTGART – ALEMANHA;
 	Gerenciamento e Tratamento de Resíduos Sólidos - UNIVERSIDADE DE STUTTGART – ALEMANHA;
 	Atuação nas regiões: NORTE, NORDESTE, CENTRO-OESTE E SUDESTE.

ÁREAS DE EXPERTISE

 	Produção de energias renováveis através de recuperação de resíduos Industriais, Urbanos e agrícolas, como: Biogás, Biometano, Hidrogênio Verde.
 	Elaboração de Planos de Gerenciamentos de Resíduos Sólidos em empresas de grande porte;
 	Consultoria em empresas de grande porte em Gestão de Resíduos, Tratamento de Efluentes, Emissões Atmosféricas e Sistema de Gestão Ambiental;
 	Realização de Auditorias Internas e Externas;
 	Implantação de Sistema ISO 14001 em empresas de grande porte;
 	Elaboração de Projetos Ambientais;
 	Treinamentos e Palestras voltadas para Gestão Ambiental;
 	Assistência Técnica em Compostagem de Resíduos Industriais, resíduos urbanos, lodos de ETE e ETA em empresas e Aterros Sanitários;
 	Elaboração de Planos de Gerenciamento de Resíduos Sólidos de Serviços de Saúde em Hospitais

EXPERIÊNCIAS PROFISSIONAIS 

1.	CEO da Startup Biotec Tecnologia e Inovações
Área: Meio Ambiente
Atividades: elaboração de projetos de Tecnologias e Inovações com valorização ambiental e financeira dos resíduos, com desenvolvimento de projetos para empresas, como: Xilitol, Sorbitol, Lignina, Biogás, Biometano, Hidrogênio, bioetanol, biofertilizantes.

2.	 Consultora VIVUSS SOLUCOES AMBIENTAIS EM TECNOLOGIA E INOVACAO LTDA
      Áreas: Qualidade, Meio Ambiente e Processo
      Início: 2003 até os dias atuais
     Clientes: Hospital UNIMED-PB, Usina Trapiche-PE, Usina Estreliana-PE Usina Pumaty-PE, Usina Bom Jesus-PE,    Usina Ipojuca-PE, Usina Cucau-PE, Usina Tabu-PB, Usina Porto Rico-AL, Usina UTE-SE, Coca Cola, AMBEV, Alpargatas, entre outras

3.	Grupo Farias (início: junho de 2011 - término:23 de setembro de 2014)
Cargo: Gerente Corporativo da Qualidade e Segurança Alimentar
Principais Atividades:
 	Gerenciamento de todos os programas de qualidade implantados (5S, BPF, APPCC, ISO 9001, ISO 22000, FSSC 22002-1);
     DESTAQUE: Neste grupo comecei como Engenheira Química de uma unidade e depois assumir o cargo de Gerente Corporativa da Qualidade e Segurança Alimentar das seis unidades do Grupo.

4.	Usina Nortesul
Cargo: Supervisora de Processos 
Início: agosto de 2009	Término: agosto 2010
Principais Resultados:
 	Clientes cada vez mais satisfeitos com o produto final;
 	Fechamento de contratos;
 	Reconhecimento das Gerências e Presidência da empresa;
 	Aumento do rendimento Industrial e da produção.
Principais Atividades:
 	Levantamento e atuações nas perdas do processo;
 	Planejamento e execução das modificações introduzidas na fabricação de açúcar, para melhorar a qualidade do produto final produzido. Com o alcance da melhoria na qualidade do produto foi possível iniciar sua exportação para o mercado internacional;
 	Elaboração e implantação de melhorias necessárias na fabricação para fechamento de contratos com as empresas;
 	FMEA - Estudo dos Aspectos e Impactos de todo o Processo Industrial;
 	Levantamento de todos os equipamentos e materiais para início da safra;
 	Contratação de mão-de-obra para o setor industrial;
 	Responsável pelo setor de Controle de Qualidade, setor de Meio Ambiente, Qualidade de matéria-prima no campo á Indústria, Laboratórios Industrial, Sacarose, Impurezas, Química do Processo Industrial.

5.	Usina Pumaty S/A
Cargo: Gerente de Meio Ambiente e Controle de Qualidade
Início: outubro de 2006		Término: outubro 2008
Principais Resultados:
•	Aprovações em Auditorias Externas nas áreas de Processos (Açúcar e Álcool);
•	Implantação do Sistema 5S nas áreas de Fabricação e apoio da empresa;
•	Redução dos índices de contaminação e reclamações dos Clientes, através das ferramentas BPF e APPCC;
•	Fechamento de contratos com clientes devido ao controle do processo;
•	Redução de perdas no processo de açúcar e álcool;
•	Aumento do rendimento industrial;
•	Preparação de documentação para as certificações ISO 9001 e ISO 14001
     DESTAQUE: 1. Esta empresa me proporcionou que eu desenvolvesse minha Dissertação de Mestrado, pois foi uma pesquisa voltada para tratamento de efluentes industriais com Macrófitas Aquáticas utilizada na empresa;
2. Neste período que fiquei na empresa fui promovida de Engenheira química para Gerente de Controle de Qualidade e Meio ambiente.
Principais Atividades:
 	Área de Qualidade: Responsável pelo BPF (Boas Práticas de Fabricação), APPCC (Análise de Perigos e Pontos Críticos de Controle) da Usina Pumaty. Atendimento aos clientes: Coca-Cola, AMBEV. Responsável pelo Programa Cana Limpa;
 	Área de Meio Ambiente: Responsável pela Gestão Ambiental da Usina Pumaty (Gerenciamento de Resíduos Sólidos, Tratamento de Efluentes, Emissões Gasosas, Elaboração do PCA - Plano de Controle Ambiental), envolvendo a indústria e agrícola, entre outros);

6.	Evafran Gerenciamento de Resíduos Sólidos LTDA / MBA
Cargo: Engenheira Química
Início: janeiro de 2003		Término: março de 2004
Principais Atividades:
 	Elaboração e Implantação do Plano de Gerenciamento de Resíduos, Dimensionamento da Central de Resíduo, Treinamento em Gestão Ambiental, Coleta e Destino Final dos Resíduos, Reciclagem do PET, Elaboração do Projeto de Instrução Normativa e Projeto Básico para o Gerenciamento de Resíduos Sólidos no Porto de Suape, Elaboração do Plano de Gerenciamento de Resíduos Sólidos do Porto de Suape, Trabalhos em algumas empresas como: Refrescos Guararapes (Coca-Cola de Suape), Ambev, Belco, Suape Têxtil, Sckincariol, Alcoa (PE), São Paulo Alpargatas (PB) etc. Acompanhamento do processo produtivo da empresa MBA. 

FORMAÇÃO ACADÊMICA/CURSOS/IDIOMAS/TI

1.	GRADUAÇÃO E PÓS-GRADUAÇÃO

 	Doutora em Engenharia Química – UFPE – ANO: 2021 (ÁREA RESÍDUOS SÓLIDOS)
 	Mestre em Engenharia Química – UFPE – ANO: 2012 (ÁREA DE ATUAÇÃO:EM MEIO AMBIENTE E QUALIDADE) –Tratamento de Efluentes
 	Extensão em Gestão Ambiental – BFZ – HOFF – ALEMANHA – ANO: 2003
 	Graduada em Engenharia Química – UFPE – ANO: 2000

2.	CURSOS NA ÁREA DE MEIO AMBIENTE

 	Interpretação da ISO 14001:2015
 	Auditora do Sistema de Gestão Integrado (ISO 9001, ISO 14001 e OHSAS 18001);
 	Auditora Interna Ambiental – ISO 914001:2000;
 	Gerenciamento de Resíduos Sólidos
 	Tratamento de Efluentes Industriais – UNIVERSIDADE DE STUTTGART – ALEMANHA;
 	Gerenciamento e Tratamento de Resíduos Sólidos - UNIVERSIDADE DE STUTTGART – ALEMANHA;
 	Tratamento de Águas Industriais;
 	Tratamento de Efluentes;
 	Gerenciamento Ambiental em Empresas;
 	Semana do Meio Ambiente – AMBEV – PB;
 	Gestão Integrada de Resíduos Sólidos;
 	Resíduos Sólidos: Coleta e Destino Final
 	Participação no I Seminário e Feira sobre Tecnologia Ambiental da Cidade de Toritama-PE;
 	II0 Workshop Meio Ambiente e Responsabilidade Empresarial.
3.	IDIOMAS
Inglês e Espanhol Básico/Intermediário

4.	PROGRAMAS 
Pacote Office Intermediário/Avançado

OUTRAS INFORMAÇÕES 

1.	EXPERIÊNCIA INTERNACIONAL
 	Curso de Extensão em Gestão Ambiental – BFZ – HOFF – ALEMANHA – ANO: 2003
2.	TRABALHOS VOLUNTÁRIOS
 	Participação como docente do SENAI-GO nas disciplinas de Sistema da Qualidade, Meio Ambiente, Processo.
3.	PALESTRANTE

 	Palestrante da semana de química e workshop 2023: O Brasil no caminho da Inovação Tecnológica/CRQ-1/ABQ-PE
 	Minicurso de Tratamento de Resíduos Sólidos em Indústria de Alimentos – UFRPE – Engenharia de Alimentos;
 	Primeiro Fórum de Debates para Implantação da Política de Resíduos Sólidos do Município de Campina Grande. Paraíba - Campina Grande
            Tema: Tratamento e Disposição Final de Resíduos Sólidos Industriais;
 	Congresso Regional (Norte/Nordeste) de Estudantes de Engenharia Química - UFPE
            Tema: Gerenciamento de Resíduos Sólidos Industriais, Urbanos e de Serviços de Saúde;
]


4.	DOCENTE

 	Universidade Católica de Pernambuco (UNICAP)
Função: Docente do curso MBA em Gestão e Planejamento Ambiental
Disciplinas: Gestão Ambiental e Gerenciamento de Resíduos Sólidos Industriais e Urbanos.
Ementa: Resíduos Sólidos Urbanos, Construção Civil, Industriais, Serviços de Saúde, Nuclear, Rural. Geração, armazenamento, acondicionamento, coleta, transporte e destino final. NBR 10.004/2004. Compostagem e vermicompostagem, aterro sanitário, Incineração, biodigestor, Legislações Correlatas, etc.

 	Instituto Federal de Pernambuco (IFPE)
Função: Docente do curso Tecnólogo em Gestão Ambiental

5.	PROJETOS AMBIENTAIS/CONGRESSO

 	Adequação do PGRS da Zona Portuária de Suape
 	Projetos de Compostagem e Vermicompostagem 
 	Projeto tecnológico para produção de Xilitol, Sorbitol, Lignina, Biogás, hidrogênio verde com biomassas diversas

CONGRESSO: Biorrefinaria de Biometano, Hidrogênio, BioQAV, Diesel Verde e Biometanol, utilizando os resíduos de Setor Sucroenergético/ 3° Congresso da Rede Brasileira de Biocombustíveis e Hidrocarbonetos Sustentáveis para Aviação/ Foz do Iguaçu, PR 17 A 19 DE JUNHO DE 2024

DESTAQUES: 

Atualmente fui nomeada com o título de ACADÊMICA TITULAR da ACADEMIA PERNAMBUCA DE QUÍMICA (APQ/PE), pela contribuição no desenvolvimento da pesquisa e inovação tecnológica na área QUÍMICA. Fui nomeada no dia 13 de setembro de 2024.

Atualmente sou avaliadora e mentora do programa Sertão Inovador 2024 



","","",""," http://lattes.cnpq.br/4484370466034731","","Doutorado"
"Professor Adjunto do Departamento de Ciências Administrativas da Universidade Federal de Pernambuco (DCA/UFPE). Membro permanente do Programa de Pós-Graduação em Hotelaria e Turismo (PPHTur) da UFPE. Doutor e Mestre em Administração pelo Programa de Pós-Graduação em Administração (PROPAD) da UFPE. Graduado em Administração pela UFPE. Diretor do Parque TeC UFPE (PROPESQI-Pró-reitoria de Pesquisa e Inovação) da UFPE e membro do comitê científico da linha Sociedade e Cultura da Associação Nacional de Pesquisa e Pós-graduação em Turismo (ANPTUR). Atua principalmente nos seguintes temas: empreendedorismo, inovação, cultura, cidades, turismo e sociedade.","","Educação ,  Hotelaria e Turismo ,  Gestão e Consultoria ,  Inovação Aberta ,  Sociedade e Meio Ambiente","","http://lattes.cnpq.br/1065501973328121","","Doutorado"
"Biologo
Mestre e Doutrando em Biotecnologia","","","","http://lattes.cnpq.br/1714202561937846","","Doutorado"
"","","","","","","Doutorado"
"Sou formada em Engenharia Civil pela Universidade Federal de Pernambuco (2014) com experiência internacional em Engenharia Civil na École des Mines de Douai, na França (2014). Concluí meu mestrado em Engenharia Civil pela UFPE (2017), com foco em gestão de transportes e infraestrutura urbana, aprofundando minha pesquisa em mobilidade urbana, tomada de decisão na escolha do modo de transporte e segurança pública nos transportes públicos e ativos.

Minha atuação é multidisciplinar, transitando entre engenharia e turismo. Possuo experiência na prestação de serviços de engenharia civil, incluindo perícia técnica, elaboração de laudos e consultoria na área de transportes. Desde 2017, também atuo como profissional do turismo, gerenciando uma agência de viagens e oferecendo consultoria especializada no setor.

Desde 2022 sou doutoranda em Estudos Urbanos e Turísticos na Université du Québec à Montréal (UQAM - Canadá), onde minha pesquisa se concentra no uso de tecnologias para a disseminação de informações sobre acessibilidade turística para pessoas com mobilidade reduzida. Esse estudo resultou na criação da Move’s, uma startup inovadora que desenvolve soluções de tecnologia da informação e comunicação voltadas para acessibilidade no turismo.

Como fundadora e CEO da Move’s, sou responsável pela gestão estratégica e administrativa da empresa, impulsionando a inovação no setor de turismo acessível. Tenho profundo interesse em startups, aplicativos, tecnologias da informação e comunicação (TICs), inovação, ecossistema de inovação, turismo, tecnologias de realidade estendida, pesquisa e desenvolvimento, inclusão social e acessibilidade universal.

","","","","http://lattes.cnpq.br/6234816405518050","","Pós-graduação Stricto Sensu (Mestrado)"
"Sócio CEO da Souv, software house especializada em concepção e desenvolvimento de soluções digitais.","","","","","","Graduação Incompleta"
"","","","","","",""
"","","","","","",""
"","","","","","",""
"","","","","","",""
"","","","","","",""
"","","","","","",""
"","","","","","",""
"","","","","","",""
"","","","","","","Pós-graduação Stricto Sensu (Mestrado)"
"","","","","","",""
"CEO da Biofábrica de Corais - Eng. de Pesca, Mestre em Aquicultura e Doutor em Ciências Biológicas","1730082768859x185811524742764960","",""," http://lattes.cnpq.br/8215221992184585","","Doutorado"
"","","","","","",""
"Assessora de inovação dos Correios","","Inovação Aberta ,  Gestão ,  Tecnologia da Informação ,  Serviços Profissionais ,  GovTech","","","","Doutorado"
"Técnico mecânico industrial ","","","","","","Graduação Incompleta"
"","","","","","",""
"cursando engenharia mecânica ","","","","","","Ensino Médio Completo"
"","","","","","",""
"Diretor Comercial","","","","","","Graduação Completa"
"","","","","","",""
"Bacharel em Administração pela Universidade Federal de Pernambuco (UFPE) e mestre em Administração pelo Programa de Pós-Graduação em Administração (PROPAD/UFPE), com foco em Empreendedorismo, Criatividade e Inovação. Analista de Inovação com experiência em Gestão de Projetos de Inovação, Inovação Aberta, Transformação Digital e Empreendedorismo. Atualmente, atuo na implementação do Parque Tecnológico e Científico da Universidade Federal de Pernambuco (Parque TeC - UFPE), sendo responsável pela estruturação e gestão de projetos de inovação e empreendedorismo acadêmico, articulação estratégica entre universidade, empresas e demais stakeholders, além da elaboração de iniciativas para captação de financiamento. Utilizo metodologias ágeis para garantir a eficiência na execução e entrega de projetos. Desde 2021 atuo na área de inovação iniciando minha trajetória no Porto Digital, fazendo a Gestão do programa Sebrae Open Innovation, focado em inovação aberta e transformação digital para pequenos negócios em Pernambuco, participando da articulação entre atores de diversos ambientes de inovação, tendo colaborado com instituições como Sebrae/PE, CESAR, Softex. As áreas de interesse incluem : economia criativa, criatividade aberta, inovação, inovação aberta, ecossistemas de inovação, conexões, gestão de projetos ágeis, metodologias ágeis.","","","","http://lattes.cnpq.br/7419636644885555","","Pós-graduação Stricto Sensu (Mestrado)"
"Sou CEO da Harena Tech e lidero a empresa com o foco em transformar ideias inovadoras em produtos tecnológicos de sucesso. Coordeno a equipe, desenvolvo estratégias de crescimento e fortaleço parcerias, sempre guiado pela inovação e pelos resultados. Também atuo como Gerente de Projetos, planejando e supervisionando o desenvolvimento de soluções, aplicando metodologias ágeis para garantir entregas claras, eficientes e alinhadas aos objetivos dos clientes.","","","","","","Graduação Incompleta"
"","","","","","",""
"","","","","","","Graduação Incompleta"
"","","","","","",""
"","","","","","",""
"","","","","","","Graduação Completa"
"","","","","","","Ensino Médio Incompleto"
"","","","","","","Graduação Completa"
"","","","","","","Ensino Médio Completo"
"Professor universitário ( Uninassau Olinda) curso de Sistemas de Informação.
Projeto de Tecnologia voltado para população periferica no bairro de Santo Amaro ","","Educação ,  Tecnologia da Informação ,  Social Impact ,  Universidade ,  Inovação Aberta","","","","Pós-graduação Lato Sensu (Especialização)"
"Engenheiro de Minas pela UFPE e fundador da COLI, startup deep tech focada em soluções inteligentes para o setor de mineração e indústria. Atuo com desenvolvimento de sensores geotécnicos, inteligência artificial aplicada e automação de processos críticos. Tenho experiência em desmonte de rochas, monitoramento ambiental, sensores IoT e otimização de operações industriais por meio de tecnologias emergentes. Participei de desafios de inovação em parceria com grandes players como Vale, com foco em ESG, rastreabilidade e eficiência operacional.
","","","","","","Graduação Completa"
"","","","","","",""
"","","","","","",""
"","","","","","",""
"","","","","","",""
"","","","","","","Graduação Incompleta"
"","","","","","",""
"","","","","","","Graduação Incompleta"
"","","","","","",""
"","","","","","","Graduação Incompleta"
"","","","","","","Graduação Incompleta"
"Atuo na área administrativa em uma empresa de engenharia eletrica","","","","","","Graduação Incompleta"
"","","","","","","Graduação Incompleta"
"","","","","https://buscatextual.cnpq.br/buscatextual/visualizacv.do?id=K2651534E9&tokenCaptchar=03AFcWeA7cd6aYMNc6eJMW_JMRdxWteSaL10u3dHntL9N2JYrVOhLcy5sOgBwccR-jTh0ylx4Uhf7-SJ-plW6NiSCJ8F0UvITu3_1tqUdz6NqDRiYNg7MQvClw8Q2EiS8BUDr2Zjit_J2149PMwLKwNw6LW1wsh7NZrgbEQuw8Uix0jFK0w8dot0IihT2EGSDSzl-kCJGIlnnGfx5XNBOBvhoF_4TuksPiSTjJvItOTFgp9Kd0e_HiP2xQDpOEX1Hq_LI18t9Rfe4ZV0_VlP65RninHgaWyM6da5CzBKziqJM5OcFUfK_UM2lBxMmjtymmr3brO7Gr8-GptCak5C43m3A2fDPS3qTolb5ChjaRqFjxMkUDUvCn9IRxGOKdCU-f9_M5JF4Lmfe7LXFMD0qrdxGc_ilWx_BJ6MTLZAPPHUkdKRDqK3cNt8sMplp0E0UKrt161UUShIb6jLec4A8_8-Hs3NqYVmUjrhyMCq2QuTDgtam2npiTTC5fhJyXV6LLVS31ddShLKHIeakRqOvavckhZahsY8Cmqwac5eHVW36NJo72T_9jhuG_VWIewpkWNGuNTQEuBRJZOW82JsArJd6ECdib6q_c2KVNxukxlcs7gwvGNS2aHtdHNNzi7qgTdUm821Cfm6lc2fp5U4DwdmYDpJ6dbdMjH-5gNmrWCoQsPacVxA2v_UFRi3YmEK7DUJ0jD2hE-55nphU9Z0YFbvhvlgAb4lWme9Xf3__FvHwkjfSy-2xFdKmhImukwJ9NnwEEcYIiBbmz2GnlpxuInSbjon140ph6UKPeU83-BwTLnaZORMcUb4O5FrR0uUHNl5_aTtAAsxZ0FkLOMt6ApedRWzDh4GkqmoB9GalOpHrKaA_F3KSobW8Koyvq50rSS08EN8xc9ouhVadg2qW6BHvC2TMNdzByqZiItKCh9rgybon1vQkrhfz9uKwC6a-R7cSoBdLbOV4A","","Graduação Incompleta"
"","","","","","",""
"","","","","","","Graduação Completa"
"","","","","","",""
"","","","","","",""
"","","","","","",""
"","","","","","",""
"","","","","","","Graduação Incompleta"
"Sou um gestor de projetos, negócios e inovação com mais de 10 anos de experiência no setor de tecnologia da informação. Atualmente, sou Diretor de Novos Negócios na Lemobs, uma startup que desenvolve plataformas digitais no modelo SaaS para a Administração Pública em segmentos como educação, saúde, segurança e cidadania. O meu objetivo é ampliar o alcance e o valor das nossas soluções, criando novas oportunidades de mercado e parcerias estratégicas.

Na Lemobs, sou responsável pela definição e execução da estratégia de growth, desde a geração de leads até o fechamento de contratos. Também lidero a equipe de novos negócios, formada por profissionais de vendas e marketing. Além disso, represento a empresa em diversos programas de aceleração e inovação aberta, como BNDES Garagem, Inovativa de Impacto, Accelerate 2030, 100 Open Startups e Acredita Portugal. Utilizo as minhas habilidades de business management, customer relationship management (CRM) e problem solving para entregar soluções eficientes e escaláveis aos nossos clientes. Sou apaixonado por tecnologia, empreendedorismo e transformação digital, e busco contribuir para o desenvolvimento sustentável e a inclusão social.","","","","http://lattes.cnpq.br/5657967271280265","","Pós-graduação Stricto Sensu (Mestrado)"
"Suporte a rede e desenvolvimento de sistemas","","","","","","Graduação Incompleta"
"","","","","","",""
"","","","","","","Graduação Incompleta"
"","","","","","","Pós-graduação Lato Sensu (Especialização)"
"","","","","","",""
"","","","","https://lattes.cnpq.br/3323658508493573","","Pós-graduação Stricto Sensu (Mestrado)"
"","","","","","","Graduação Incompleta"
"Ceo da startup Malu Market. Somos uma startup do varejo com muita Inovação Tecnologica e Inovação no modelo de negócio, Levando conforto, praticidade 24h e 7 dias por seman. Estamos participando da devolução do varejo.","","E-commerce ,  Inovação ,  Varejo e Atacado ,  Tecnologia da Informação ,  Startups","","","","Pós-graduação Stricto Sensu (Mestrado)"
"","","","","","","Pós-graduação Stricto Sensu (Mestrado)"
"","","","","","","Pós-graduação Lato Sensu (Especialização)"
"","","","","","","Ensino Técnico"
"","1733310990274x306545070781497340 , 1733310994799x496372949928640500","","","","","Pós-graduação Lato Sensu (Especialização)"
"Analista de Segurança da Informação","","","","http://lattes.cnpq.br/4713501617529984","","Graduação Completa"
"","","","","","",""
"","","Claro! Por favor ,  forneça o trecho de texto que você gostaria que eu analisasse para identificar as categorias.","","","","Graduação Completa"
"Historiador e técnico em Agrimensura ","","","","","","Graduação Completa"
"","","","","","","Graduação Incompleta"
"No momento atuo como professor de aulas particulares para alunos do ensino fundamental e ensino médio. Porém, estou migrando profissionalmente para a área de tecnologia.","","","","","","Graduação Incompleta"
"","","","","","","Graduação Completa"
"Luiz Gustavo Francischinelli Rittl é cientista social com experiência no desenvolvimento de organizações, planos e projetos voltados à inovação sustentável. Sua trajetória acadêmica inclui graduação em Ciências Sociais pela UNESP, especialização em Gestão da Sustentabilidade e Responsabilidade Corporativa pela UNICAMP, mestrado e doutorado em Planejamento Territorial e Desenvolvimento Socioambiental pela UDESC. 

Atuando na interface entre pesquisa e inovação, Rittl desenvolveu metodologias aplicadas à gestão de resíduos e cidades sustentáveis, sendo autor de publicações científicas e capítulos de livros sobre o tema. Foi pesquisador do Laboratório de Riscos e Desastres (LABRED/UDESC) e contribuiu para projetos sobre planejamento urbano e gestão de riscos ambientais. 

Como empreendedor, fundou startups e desenvolveu a plataforma ""Cidades Lixo Zero"", registrada no INPI, voltada à digitalização de políticas públicas de resíduos sólidos. Participa ativamente de eventos nacionais e internacionais, promovendo soluções inovadoras para o desenvolvimento sustentável. 

Sua atuação combina pesquisa acadêmica, inovação e empreendedorismo, contribuindo para a criação de ecossistemas de inovação e políticas públicas sustentáveis. Entusiasta do modelo de MVE, Minimo Ecossitema Viável apicado em diferentes setores de mercado e negócios. 
https://lattes.cnpq.br/2491318484167129","","Sustentabilidade ,  Inovação Aberta ,  Gestão ,  Pesquisa ,  Tecnologia da Informação","","http://lattes.cnpq.br/2491318484167129","","Doutorado"
"Atualmente, Digitador Freelancer em uma empresa de traduções juramentadas.","","","","","","Graduação Completa"
"","","",""," http://lattes.cnpq.br/9369497917283344","","Graduação Incompleta"
"Chefe de setor do saúde digital DSIV","","Saúde e Bem-estar ,  Tecnologia da Informação ,  Gestão ,  Inovação Aberta ,  HealthTech","","","","Graduação Incompleta"
"","","","","","",""
"","","","","","","Graduação Incompleta"
"","","","","","",""
"","","","","","","Pós-graduação Lato Sensu (Especialização)"
"","","","","","",""
"Sou professor de Administração no IFPE e estou como Coordenador de Pesquisa e Extensão no Campus Igarassu. Atuo em projetos de Educação e Letramento financeiro com base na economia comportamental e psicologia financeira. Também atuo em projetos de empreendedorismo e licitações. Todos os projetos alinhados com as ODS. Possui mestrado em Políticas Públicas.","","","","lattes.cnpq.br/9029385313765777","","Pós-graduação Stricto Sensu (Mestrado)"
"","","","","","","Doutorado"
"","","","","","",""
"","","",""," http://lattes.cnpq.br/6212738696470016 ","","Graduação Completa"
"","","","","","",""
"","","","","","",""
"","","","","","",""
"ENGENHARIA DE CONTROLE E AUTOMAÇÃO E DESIGN/MARKETING DIGITAL","","","","","","Graduação Incompleta"
"Medical Editor, Farmacêutica, Pesquisadora","1730082768857x669866331904356400 , 1730082768860x848691000265765800","","","","","Doutorado"
"","","","","","","Pós-graduação Stricto Sensu (Mestrado)"
"Programação, Suporte Tecnico e IA + Analise de dados","","","","http://lattes.cnpq.br/1184411455375052","","Graduação Incompleta"
"","","","","","","Graduação Incompleta"
"","","","","","",""
"","","","","","","Pós-graduação Lato Sensu (Especialização)"
"Desenvolvedor back end ","","","","","","Graduação Completa"
"","","","","","","Graduação Completa"
"","","","","","",""
"Desenvolvedor Fullstack","","","","","","Graduação Completa"
"","","","","","",""
"","","","","","","Graduação Completa"
"","","","","http://lattes.cnpq.br/9968383627932960","","Pós-graduação Stricto Sensu (Mestrado)"
"","","","","","",""
"","","","","","",""
"Atuo como desenvolvedor fullstack. trabalhando atualmente na gestão distrital do saúde digital.","","Saúde e Bem-estar ,  Tecnologia da Informação ,  Gestão ,  Inovação Aberta ,  Digital","","","","Ensino Médio Completo"
"","","","","","",""
"Profissional polímata com 25+ anos de experiência, integrando múltiplas áreas de conhecimento para criar 
soluções tecnológicas efetivas. Capacidade comprovada de transitar entre desenvolvimento técnico, gestão 
de projetos, educação e relações humanas, oferecendo uma perspectiva única na resolução de problemas 
complexos.","","Tecnologia da Informação ,  Gestão ,  Educação ,  Inovação Aberta ,  Consultoria","","http://lattes.cnpq.br/4683847901691747","","Pós-graduação Lato Sensu (Especialização)"
"Gerente de Desenvolvimento de Negócios na Agência de Comércio da Nova Zelândia (NZTE).","","","","","","Pós-graduação Stricto Sensu (Mestrado)"
"Analista de Sistemas ","","","","","","Ensino Médio Completo"
"Estagiário de Engenharia Civi","","","","","","Graduação Incompleta"
"Médica Geriatra e Paliativista, atuo no cuidado de adultos e idosos com doenças crônicas, na graduação de Medicina e nas residências de Geriatria e Medicina Paliativa, além de ter interesse em inovação e tecnologia.","","","","http://lattes.cnpq.br/9228716942165666","","Doutorado"
"Como pesquisador clínico, dedico-me a explorar a interseção entre saúde e atividade física. Tenho o privilégio de ser autor de dezenas de artigos científicos internacionais, disponíveis em meu curriculo lattes. Além disso, sou Sócio e Diretor Científico da HRV4life, uma plataforma de saúde inovadora baseada em tecnologia, focada no monitoramento remoto de saúde e estresse. Nossa missão é oferecer soluções práticas para otimizar a qualidade de vida por meio de dados e insights personalizados.","","","","http://lattes.cnpq.br/7014877207971752","","Doutorado"
"","","","","","",""
"Produtor Cultural - Secretaria Municipal de Cultura de São Paulo","","","","","","Graduação Completa"
"Coordenadora de Transferência de Tecnologia","","","","","","Pós-graduação Stricto Sensu (Mestrado)"
"","","","","","",""
"","","","","","",""
"PRESTAÇÃO DE CONTAS","","","","http://lattes.cnpq.br/0026225333246538","","Pós-graduação Lato Sensu (Especialização)"
"","","","","","","Graduação Completa"
"","","","","","",""
"Executivo com mais de 35 anos de experiência impulsionando o crescimento sustentável e transformações estratégicas em empresas líderes, com foco em aceleração de negócios tradicionais por meio da inovação, tecnologia e execução consistente. Atuo como CSO, CTO, conselheiro, consultor e professor, conectando estratégia, agilidade e inteligência artificial a resultados concretos no mundo real.
Minha trajetória é marcada pela liderança de iniciativas que reestruturaram operações, modernizaram modelos de negócio e integraram novas tecnologias para gerar vantagem competitiva. Em ambientes complexos e desafiadores, entreguei aumento expressivo de produtividade, ganho de eficiência e expansão de receita. Transformei estratégias em execução com governança, foco em valor e visão de futuro.
Trabalho na interseção entre estratégia e inovação, ajudando organizações a navegarem com clareza pela disrupção digital. Minha abordagem combina visão sistêmica, domínio técnico e forte capacidade de mobilizar times e stakeholders rumo à excelência operacional e à reinvenção de negócios. Tenho profundo conhecimento em inovação corporativa, AI aplicada, agilidade estratégica e transformação digital com impacto.
Como speaker e professor, compartilho experiências práticas com líderes que desejam gerar resultados duradouros, construir organizações adaptáveis e atuar com protagonismo no novo contexto dos negócios.
","","Inovação ,  Tecnologia da Informação ,  Gestão ,  Educação ,  Consultoria","","","","Pós-graduação Lato Sensu (Especialização)"
"","","","","","","Ensino Técnico"
"","","","","","",""
"","","","","","",""
"Mestre em Ciências Geodésicas e Tecnologias da Geoinformação (UFPE), Pós-graduado em Tecnologias da Informação - Engenharia de Software (UFPE) e Bacharel em Ciência da Computação (UFPE). Atualmente é o Gerente de Inovação Aberta e Novos Negócios na EMPREL, área integrante da coordenação do Eita Recife, Eita Labs, Hacker Cidadão, Gov In Play, Portal de Dados Abertos do Recife, entre outros. Analista de Sistemas responsável por sistemas premiados (Prêmio E-Gov), atuou como: gerente de áreas como Atendimento a Clientes, Suporte ao Desenvolvimento, Desenvolvimento de Sistemas, Metodologias e Inovação e Assessoria de Planejamento e Tecnologia, na Emprel; Professor de Engenharia de Software e Qualidade de Software na UNIBRATEC; Consultor em TI na FISEPE; Diretor de Desenvolvimento de Sistemas da Coordenadoria de Informática da Prefeitura de Jaboatão dos Guararapes; e, coordenador dos projetos de obtenção das Certificações de Qualidade da Emprel nos modelos CMMI DEV (nível 3) e MPS.Br (nível C).

","","","","","",""
"Mestre em Ciência da Computação pelo Centro de Informática da UFPE, Especialista em Gestão Pública Municipal pela Universidade Federal Rural de Pernambuco (UFRPE) e formado em Ciência da Computação pela UNICAP, Atualmente é Diretor de Inovação Aberta e Governança na EMPREL. Coordena pela EMPREL a iniciativa de Inovação Aberta E.I.T.A! Recife. Coordena as iniciativas de Dados Abertos, Hub de Dados, Hackathon e Living Labs Recife. Coordenou o processo de Dados Abertos da Prefeitura do Recife, Curador das 9 edições do concursos Hacker Cidadão. Além disso, participou da coordenação e mentoria de iniciativas aberta e inovação no serviço público em projetos como Gov in Play, GovJam, Inspira Gov e Hackacity.
","","","","","",""
"Secretária Executiva de Ciência, Tecnologia e Inovação Aberta da Prefeitura do Recife, atua na implementação de soluções tecnológicas para aprimorar serviços públicos e promover inclusão digital. À frente do ""Conecta Zap"", WhatsApp oficial da Prefeitura, democratiza a comunicação com uso de linguagem simples. Com esse mesmo compromisso, implantou o ""Viva Mais Cidadania"", iniciativa que promove a educação digital para o público idoso.","","","","","",""
"Bacharel em Ciência da Computação pela UNICAP (Universidade Católica de Pernambuco). Especialista em Planejamento e Gestão Pública pela UPE/FCAP (Universidade de Pernambuco / Faculdade de Ciências da Administração de Pernambuco. 

Analista de Informática da EMPREL (Empresa Municipal de Informática). Foi Assessor Técnico em Tecnologia da Informação e Comunicação da Secretaria de Planejamento e Gestão da Prefeitura do Recife (entre 2006 a 2013), onde coordenou o projeto de automação de processos da Prefeitura do Recife. Na EMPREL  foi Diretor de Soluções em Tecnologia da Informação no período de 2013 a 2022 e, desde 2022, é Assessor da Presidência da Emprel, atuando e coordenando projetos de sistemas e soluções na área de saúde.","","","","","",""
"Formado em Administração de empresas, pós - Administração Financeira e formado em Análise de desenvolvimento de Sistemas com expertise em gerência de equipes e atualmente trabalhando com analise de dados.","","","","","",""
"Bacharel em sistema de informações pela Estácio de Sá, MBA em inteligência de negócio pela Estácio de Sá, MBA em tecnologias para negócio: AI, Data Science e Big Data pela PUC do RS, MBA em Data Science and Analytics pela USP, atualmente gerente de Governaca de Dados e BI na EMPREL.","","","","","",""
"Cientista político com expertise em gestão pública e TI. Graduado em Ciência Política pela UFPE. Especialista em Gestão de TI pela Cesar School. Atuação na gestão pública, com ênfase em transformação digital e gestão por resultados. Experiência em consultoria, auxiliando órgãos públicos na otimização de processos e na implementação de soluções tecnológicas.

","","","","","",""
"","","","","","","Graduação Incompleta"
"Analista de Dados | Especialista em Power BI | Desenvolvimento Front-End","","","","","","Graduação Incompleta"
"","","","","","","Pós-graduação Stricto Sensu (Mestrado)"
"","","","","","","Doutorado"
"Advogada","","LegalTech ,  Serviços Profissionais ,  Gestão ,  Consultoria ,  Sociedade e Meio Ambiente","","","",""
"Engenheiro de Inteligência Artificial","","","","","","Graduação Completa"
"","","","","","","Graduação Completa"
"","","","","","","Graduação Incompleta"
"","","","","","",""
"","","","","","","Graduação Completa"
"Desenvolvedor Full Stack com foco em soluções sob demanda, atuando no desenvolvimento de sistemas web e sites institucionais. Experiência prática com HTML, CSS, Bootstrap, PHP, Python e bancos de dados. Já entreguei projetos reais para cursos, empresas e startups, incluindo plataformas educacionais e sistemas de gestão. Empreendedor na área de tecnologia com visão de produto e conhecimento em metodologias ágeis.","","","","https://lattes.cnpq.br/5463543853307303","","Ensino Técnico"
"","","","","","",""
"PHP
Desenvolvedor de App Android
Desenvolvedor de App IOS
ARQUITETURA: SOLID, MVC
GIT, GITLAB
XAMPP, WINSCP, PUTTY, JQUERY, CSS, AJAX, HTMLCLIENTE: TRIBUNAL DE JUSTIÇA DE MINAS GERAIS Atuar no time de sustentação e evolutiva para sistema legado, analise e levantamento de raquíticos, para aplicação em PHP. PHP ARQUITETURA: SOLID, MVC GIT, GITLAB XAMPP, WINSCP, PUTTY JQUERY, CSS, AJAX, HTML","","","","","","Pós-graduação Lato Sensu (Especialização)"
"","","","","","",""
"","","","","","",""
"","","","","","",""
"","","","","","",""
"","","","","","",""
"","","","","","",""
"","","","","","",""
"","","","","","",""
"Sou biomédico formado pela Universidade Federal de Pernambuco, com atuação anterior na área de microbiologia, e atualmente estudante de Análise e Desenvolvimento de Sistemas na Cesar School, em transição de carreira para tecnologia. Busco oportunidades na área de desenvolvimento, com foco em aprendizado contínuo e aplicação prática dos meus conhecimentos técnicos e experiências em projetos reais.

Durante minha trajetória, atuei como biomédico microbiologista, desenvolvendo habilidades analíticas, atenção aos detalhes e trabalho em equipe, que hoje aplico no desenvolvimento de soluções tecnológicas. Tenho experiência com tecnologias como HTML5, CSS3, JavaScript, TypeScript, React, Tailwind CSS, Python, Node.js, Java e C, além de conhecimento em bancos de dados SQL (MySQL e PostgreSQL) e versionamento com Git/GitHub. Participei de diversos projetos acadêmicos e reais, como o redesenho do site da empresa Pague Bem Brasil, selecionado para o demoday da Cesar School e apresentado no Banco do Brasil, além de iniciativas com Arduino, jogos em C e aplicações com Python. Tenho facilidade para trabalhar em equipe, sou proativo, comunicativo e estou sempre em busca de novos aprendizados.","","","","","","Graduação Incompleta"
"","","","","","","Graduação Incompleta"
"","","","","http://lattes.cnpq.br/0820924255105210","","Graduação Incompleta"
"Meu nome é Luiz e, há 17 anos, dedico meus esforços à área de TI no setor governamental, atuando em diferentes funções, desde desenvolvedor até coordenador de projetos, além de atuar nas áreas de inovação e produto.

Tive a oportunidade de contribuir para iniciativas como Lixo Zero, Papeleiras do Rio, Planejamento de Inovação (relacionado à Agenda 2030), Educação Corporativa, entre outros projetos. Meu foco sempre foi promover a autonomia e gerar impacto positivo na vida das pessoas, utilizando a tecnologia da informação como ferramenta estratégica para alcançar esses objetivos.

Atualmente, venho me aprofundando no estudo da Inteligência Artificial e sua aplicabilidade no contexto governamental, o que me motivou a participar deste evento, buscando novas oportunidades de aplicar esse conhecimento, especialmente considerando que, desde 2023, não atuo mais como servidor público.

Agradeço pela atenção e me coloco à disposição para conversarmos.","","","","http://lattes.cnpq.br/4683847901691747","","Pós-graduação Lato Sensu (Especialização)"
"Médico formado pela Universidade Federal da Bahia (UFBA). Trabalha no setor de Atenção Primária da Saúde, com ênfase na promoção de saúde, estratégia de saúde da família e medicina baseada em evidências. Possui experiência no setor de tecnologia em avaliação de qualidade de mecanismos de busca e de algoritmos de mídias sociais (Search Engine/Social Media Quality Evaluator) para empresas consagradas da tecnologia como Google e Meta (via Appen/Leapforce). Atualmente cursando Análise e Desenvolvimento de Sistemas pela FGV.","","","","","","Graduação Completa"
"		Servidora Pública concursada como Analista de Infraestrutura do Ministério do Planejamento Orçamento e Gestão, atual Ministério de Planejamento e Gestão e Docente Universitária. Possui Graduação em Engenharia Mecânica (1995), Mestrado em Engenharia de Produção (1999), Especialização da área de qualidade e produtividade (1997), Especialização em Psicopedagogia Institucional (2007), Doutorado em Administração (2016) com tese  intitulada ""Relações contratuais e desenvolvimentos da capacidade operacional em estaleiros brasileiros: uma análise à luz da teoria da agência"",  MBA em Gestão de Projetos (2017),  MBA em Gerenciamento da Cadeia de Suprimentos (2018), MBA em Educação Híbrida, Metodologias Ativas e Gestão da Aprendizagem (2019) e Pós- Graduação em Docência e Metodologias para o Ensino Superior (2023). Em todo seu percurso, vem desenvolvendo suas atividades no Fundo da Marinha Mercante (FMM) especificamente em ações de Fomento para a indústria de construção e reparação naval. Atuando na análise de projetos, custos navais, acompanhamento da construção de navios e estaleiros, bem como liberação de recursos para projetos de Construção Naval, participando e promovendo reuniões com diversas entidades, como sindicados, secretárias, acionistas, presidentes e diretores dos estaleiros e beneficiários da Política Pública de Construção e reparação Naval. Responsável pela realização e desenvolvimento de diversos eventos navais com o objetivo de contribuir com soluções estratégicas para projetos de construção e reparação naval. Vem continuamente desenvolvendo diversos estudos na área de produtividade e competitividade naval, participando de grupos de pesquisa internacional de Shipbuilding, buscando o contínuo conhecimento de modelos e Políticas Públicas Internacionais. Como Gerente de Projetos implementou modelos de gestão alinhados com Governança, Análise de Risco, Planejamento Estratégico, avaliação de Políticas Públicas e Avalição de Impacto Regulatório. Tendo como principal desafio, a formação de uma equipe multidisciplinar de atuação transversal com o uso de diversas ferramentas de gestão como mapas mentais, Project, SWOT, 5W e 2h, MIRO, Bizaggi, FMECA e COSO. Com uma vasta experiência multidisciplinar implementou o mapeamento de processos, a avaliação de Riscos, a Gestão por Competências, bem como a implementação e painéis interativos de Business Inteligence, gerando a estruturação, organização e padronização dos dados para obtenção de informações confiáveis para tomada de decisão. De forma paralela atua na área de educação a mais de 27 anos, destacando-se na área de Estratégia, Capacidades Operacionais, Liderança e Desenvolvimento de Equipes em Graduação, Pós-graduação e Cursos de Extensão nas Instituições IPOG, ENAP, UNINASSAU e UPE. Escritora de diversos artigos e livros. Desenvolveu o Método LARA (Leveza, Autenticidade, Resiliência e Amor), a partir do conhecimento das forças de caráter e da psicologia positiva e da Felicidade autêntica onde vem semeando as perspectivas da psicologia positiva.


","","","","https://lattes.cnpq.br/6274228257985405","","Doutorado"
"","","","","","",""
"","","","","","",""
"","","","","","",""
"","","","","","","Graduação Incompleta"
"","","","","","",""
"","","","","","","Pós-graduação Lato Sensu (Especialização)"
"","","","","","",""
"Aspirante em Desenvolvimento Web","","","","http://lattes.cnpq.br/6830636414707577","","Graduação Incompleta"
"","","","","","","Graduação Completa"
"Professor do Departamento de Ciências do Consumo da Universidade Federal Rural de Pernambuco (DCC-UFRPE) e do Programa de Pós-Graduação em Saúde Única (PMPSU-UFRPE); Doutor em Sociologia (PPGS-UFPE); Bacharel em Ciências Econômicas - UFPE; Mestre em Administração e Desenvolvimento Rural (PADR-UFRPE); Coordenador do núcleo de pesquisa e inovação Hub Consumo; Coordenador da Incubatec NEI - Instituto IPÊ UFRPE (Fev/2021-Ago/2023); Substituto Eventual da Direção do Departamento de Ciências do Consumo (Outubro/2024 - atual). Diretor do Núcleo de Empreendedorismo e Inovação do Instituto IPÊ da UFRPE (Ago/2023-Abr/2024); Coordenador de Inteligência de Mercado e Sócio da startup FoodRec - Compare Delivery.","","","","http://lattes.cnpq.br/4434499456331867","","Doutorado"
"Com mais de 15 anos de experiência em Inovação e Tecnologia, minha trajetória é marcada pela construção e liderança de times de alta performance, desenvolvimento de produtos complexos com foco em qualidade e estruturação de negócios e operações nos setores de saúde, mobilidade, fintechs, dados e jogos AAA. Atuei em 6+ países, liderando projetos de impacto global.

Negociei e gerenciei mais de $20 milhões em portfólios de tecnologia, conduzindo produtos desde a concepção até a implementação de DevOps. Minha experiência em liderança inclui gestão de equipes com mais de 50 pessoas, impulsionando alinhamento estratégico, desenvolvimento individual e ambientes de trabalho com segurança psicológica e alta colaboração. Essas iniciativas fomentaram o crescimento profissional de diversos talentos, com várias promoções para cargos de liderança, como produtores executivos, product managers, líderes de Q.A. e operações.

Especialista em IA, Desenvolvi produtos premiados internacionalmente, como Aetrapp (Google Social Innovation Award) e Navegue (Green is the New Glam 2019, Ambev Start), além de fundar e liderar o D.A.D.O., laboratório de dados e IA no Porto Digital, aplicando ciência de dados e machine learning para solucionar desafios urbanos e de saúde.

Minha expertise abrange todo o ciclo de vida do produto, desde design até a entrega final, com forte atuação em melhoria de arquitetura, QA e otimização de DevOps. Liderei grandes projetos no BTG Digital, Paradox Interactive e plataformas SaaS, garantindo estruturação de processos ágeis, validação contínua e escalabilidade de sistemas—sempre alinhando tecnologia e estratégia de negócios para maximizar impacto.

Atualmente, lidero a formação de talentos no PMI, apoiando a próxima geração de líderes em inovação e tecnologia. Minha missão é criar produtos sustentáveis, formar equipes de alta performance e transformar desafios em inovação real.","","","","","","Pós-graduação Stricto Sensu (Mestrado)"
"","","","","","","Graduação Incompleta"
"","","","","","","Graduação Incompleta"
"","","","","","",""
"Educação ","","","","","","Graduação Completa"
"","","","","","",""
"Sou estudante de Sistemas de Informação no Centro de Informática da UFPE e desenvolvedor de software apaixonado por programação, algoritmos e resolução de problemas. Tenho experiência em desenvolvimento back-end, equipes ágeis, trabalho em equipe e liderança.

Após minha formação como Aluno à Oficial do Exército no CPOR/RECIFE em 2021, cursei Engenharia Mecânica na UPE, onde descobri minha paixão por programação. Atuei na equipe de robótica Carranca (2023), desenvolvendo software para robôs autônomos com C++, Python e Arduino.

Atualmente, faço parte da equipe de SSL do RoboCIn, aprimorando algoritmos e implementando estratégias para robôs autônomos em competições da RoboCup. Com experiência em POO, C++ e Python, sigo aprimorando minhas habilidades para desafios cada vez maiores.","","","","","","Graduação Incompleta"
"","","","","","",""
"","","","","https://lattes.cnpq.br/4322751892710085","","Ensino Técnico"
"","","","","","",""
"","","","","","",""
"Estudante de Análise e Desenvolvimento de Sistemas na Faculdade Senac Pernambuco e formado
como Técnico em Informática pelo Instituto Federal do Ceará, com foco em desenvolvimento back-end
utilizando Java e Spring Boot. Possuo familiaridade com tecnologias como JavaScript, HTML/CSS e banco de
dados relacionais.","","","","","","Graduação Incompleta"
"","","","","","","Graduação Incompleta"
"Atualmente, trabalho com Jovem Aprendiz na Alpek Polyester, estou desenvolvendo atividades de baixa complexidade na área de instrumentação analítica. Calibro, inspeciono e meço instrumentos analíticos, como sensores de turbidez, pH, temperatura, fumaça, hidrocarbonetos e oxigênio, focando em sistemas de fogo e gás para garantir precisão e funcionamento adequado.","","","","","","Graduação Incompleta"
"","","","","","","Ensino Médio Completo"
"","","","","","","Graduação Incompleta"
"","","","","","",""
"","","","","","",""
"","","","","","","Graduação Incompleta"
"","","","","","","Graduação Incompleta"
"","","","","","",""
"sou estagiário. no momento trabalho no DTE Olinda (Divisão de tecnologia educacional) ","","","","n/a","","Graduação Incompleta"
"Atualmente tenho uma empresa de consultoria em inteligência empresarial chamada DNA Gerencial.","","","","https://lattes.cnpq.br/4032702280644260","","Pós-graduação Stricto Sensu (Mestrado)"
"","","","","","","Graduação Incompleta"
"","","","","","",""
"","","","","","","Graduação Incompleta"
"Atualmente trabalho como Menor aprendiz no setor de logística de uma Empresa médica.","","","","","","Graduação Incompleta"
"","","","","","",""
"","","","","","",""
"","","","","","",""
"","","","","","",""
"","","","","","",""
"","","","","","",""
"Atualmente, estou estudando.","","","","","","Graduação Incompleta"
"Trafego pago marketing e desenvolvimento mobile ","","","","","","Graduação Completa"
"","","","","","",""
"","","","","","",""
"","","","","","",""
"","","","","","",""
"","","","","","",""
"","","","","","",""
"","","","","","",""
"","","","","","",""
"Desenvolvedor de Software","","","","http://lattes.cnpq.br/1067584152268904","","Graduação Incompleta"
"","","","","","",""
"","","","","","",""
"Médica graduada pela Universidade de Pernambuco (CRM PE 33966), com mais de 3 anos de experiência consolidada em emergência pediátrica em hospitais e UPAs de referência do Recife — incluindo Hospital Barão de Lucena, Hospital Infantil Jorge de Medeiros, UPA Caxangá e UPA Ibura. Sua atuação clínica é marcada pelo cuidado humanizado, pela resolutividade em cenários de alta complexidade e pelo trabalho integrado em equipes multiprofissionais. Também exerceu preceptoria médica na UNINASSAU e atuou na Estratégia de Saúde da Família, consolidando uma visão ampla dos diferentes níveis de atenção à saúde.
Movida pelo interesse em gestão em saúde e pelo potencial transformador da tecnologia no SUS, migrou para a interseção entre medicina, dados e inovação. É pós-graduanda em Ciência de Dados em Saúde pela PUC-RS (MBA), com foco em inteligência artificial aplicada à saúde pública, territorialização inteligente e ferramentas de suporte à decisão clínica.
Nesse contexto, fundou a Exata Health Tech (CNPJ 66.529.416/0001-00), startup de base tecnológica dedicada ao desenvolvimento de soluções digitais que aproximam inteligência de dados da prática assistencial e da gestão em saúde. Entre os produtos do ecossistema da empresa está o Ninho Med, plataforma voltada ao suporte de profissionais de saúde. Como co-desenvolvedora, também liderou o Cuida Recife — aplicativo com IA e OCR para adesão ao tratamento de doenças crônicas e promoção do autocuidado, com foco especial em acessibilidade para pessoas idosas e com baixa acuidade visual. O projeto foi premiado em 1º lugar no Hacker Cidadão 13.0, competição de inovação e tecnologia promovida pela EMPREL e pela Prefeitura do Recife, e integra hoje iniciativas da Secretaria Municipal de Saúde do Recife.
Sua trajetória une experiência clínica de linha de frente, formação em dados e IA, e protagonismo na criação de soluções digitais com impacto real no sistema público de saúde.
","1730082768857x669866331904356400","HealthTech","","http://lattes.cnpq.br/6895412632073567","","Graduação Completa"
"Aux de manutenção ","","","","","","Ensino Médio Completo"
"","","","","","",""
"","","","","","",""
"","","","","","",""
"","","","","","",""
"","","","","","",""
"","","","","","",""
"","","","","","",""
"","","","","","",""
"","","","","","",""
"","","","","","",""
"","","","","","",""
"","","","","","","Pós-graduação Lato Sensu (Especialização)"
"","","","","","",""
"","","","","http://lattes.cnpq.br/6517728962234932","","Pós-graduação Stricto Sensu (Mestrado)"
"autônomo ","","","","","","Ensino Médio Completo"
"","","","","","","Ensino Médio Completo"
"","","","","","",""
"","","","","","",""
"PMO- Project Management/ Design/ Tecnologia","","","","http://lattes.cnpq.br/8553486686654738","","Graduação Incompleta"
"","","","","","",""
"","","","","","",""
"","","","","","",""
"","","","","","",""
"","","","","","",""
"","","","","","",""
"","","","","","",""
"","","","","","",""
"","","","","","",""
"","","","","","",""
"","","","","","",""
"","","","","","",""
"","","","","","",""
"","","","","","",""
"","","","","","",""
"","","","","","",""
"","","","","","",""
"","","","","","",""
"Audiência de OOH","","Publicidade e Mídia ,  OOH ,  AdTech ,  Comunicação e Mídia ,  Marketing","","","",""
"CEO Founder Anne Assistente","","","","","",""
"","","","","","",""
"","","","","","",""
"","","","","","",""
"","","","","","",""
"","","","","","",""
"","","","","","",""
"","","","","","",""
"","","","","","",""
"","","","","","",""
"Sou desenvolvedor de software e engenheiro de inteligência artificial, com experiência em tecnologias web e mobile, comprometido com a entrega de soluções tecnológicas que impactam diretamente a vida das pessoas. Atuo na construção e implementação de soluções tecnologicas sempre buscando agregar valor ao mercado com propósito. Tenho atuado na liderança de times em startups sustentáveis, alinhadas aos 17 Objetivos de Desenvolvimento Sustentável (ODS) da ONU, contribuindo para projetos inovadores com impacto social e ambiental.","","","","http://lattes.cnpq.br/0858823682757104","","Graduação Incompleta"
"","","","","","",""
"","","","","","","Ensino Médio Completo"
"Possuo graduação em Odontologia pela Associação Caruaruense de Ensino Superior (1988) e MBA em Gestão Financeira e Empreendedorismo. Atua como CEO na Quasar Segurança e na Quasar Tecnologia, CFO na JONPET, e possui vasta experiência em gestão nas empresas Dental Passos e Edra Comércio. Ao longo de sua carreira, acumulou experiência nas áreas de Robótica, Mecatrônica e Automação, com ênfase em desenvolvimento de soluções tecnológicas inovadoras. Na Quasar Tecnologia, liderou projetos de automação industrial e telemetria, promovendo o uso de inteligência artificial para otimização de processos. Na Quasar Segurança, foi responsável pela implementação de sistemas de monitoramento de alta precisão, integrando tecnologias de reconhecimento facial e segurança em tempo real. Possuo experiência em gestão estratégica e financeira, sendo responsável pela formulação de políticas de investimento e expansão em diversas áreas industriais e comerciais. Sua trajetória inclui a implementação de soluções de automação voltadas à eficiência operacional e à inovação tecnológica, com foco em sustentabilidade e transformação digital.","","","","https://lattes.cnpq.br/1613602952315246","","Graduação Completa"
"","","","","","",""
"","","","","","",""
"","","","","","",""
"","","","","","",""
"","","","","","",""
"","","","","","",""
"","","","","","",""
"","","","","","",""
"","","","","","",""
"","","","","","","Graduação Incompleta"
"","","","","","",""
"Desenvolvendor fullstack","","","","","","Graduação Incompleta"
"","","","","","",""
"","","","","","",""
"","1730082768857x669866331904356400 , 1730082768857x805618473870865800 , 1730082768858x468276121764350300 , 1730082768860x137927508890474120 , 1730082768860x173399710463204580 , 1730082768860x310558539223834800 , 1730082768862x617747877585492700","","","","","Graduação Completa"
"","","","","","",""
"","","","","","",""
"","","","","","",""
"","","","","","",""
"","","","","","",""
"","","","","","",""
"","","","","","",""
"","","","","","",""
"","","","","","","Ensino Médio Incompleto"
"","","","","","",""
"","","","","","",""
"","","","","","",""
"Técnico de informática, atuei profissionalmente na área de redes como técnico em informática  e técnico em infraestrutura.","","","","","","Graduação Incompleta"
"","","","","","",""
"","","","","","",""
"","","","","","",""
"","","","","","",""
"","","","","","",""
"","","","","","",""
"","","","","","",""
"","","","","","",""
"","","","","","",""
"Trabalho atualmente na Empresarial MV com dados de faturamento das vendas da empresa. Utilizando de Power BI, junto ao Salesforce e Benner para tratar esses dados. Utilizei Python, HTML, CSS e JavaScript para adicionar ao projeto de aplicação web utilizado na empresa, para fins de análise.","","",""," http://lattes.cnpq.br/2987785519278815","","Graduação Incompleta"
"","","","","","",""
"","","","","","",""
"","","","","","",""
"","","","","","",""
"","","","","","",""
"","","","","","",""
"","","","","","",""
"","","","","","",""
"","","","","","",""
"","","","","","",""
"","","","","","",""
"","","","","","",""
"","","","","","",""
"","","","","","",""
"","","","","","",""
"Formada em Ciências Contábeis e atualmente cursando Análise e Desenvolvimento de Sistemas, sou uma profissional dedicada a aprimorar constantemente minhas habilidades e a criar soluções eficazes.","","","","http://lattes.cnpq.br/7715170473485971","","Graduação Completa"
"","","","","","",""
"Sou analista de TI do Hospital Mestre Vitalino da Tri Centenario e CEO da BERRY DEV empresa de desenvolvimento de software sob demanda e comercial em caruaru","","","","http://lattes.cnpq.br/5323411291050156","","Ensino Técnico"
"","","","","","",""
"","","","","","",""
"","","","","","",""
"Com mestrado (2011) e doutorado (2015) em IoT pela UFPE, possuo uma base sólida em sistemas inteligentes e conectados. Atualmente, aplico essa expertise no desenvolvimento de software para clientes em Pernambuco. Minha paixão por entender a fundo os desafios e encontrar soluções eficazes me leva a abordar cada projeto de forma estruturada, decompondo-o em etapas menores para construir uma arquitetura robusta e escalável.","","","","","","Doutorado"
"Atualmente sou estudante de Ciência da Computação na UFPE, também estudo desenvolvimento iOS na Apple Developer Academy","","","","","","Graduação Incompleta"
"Estudante de Análise e Desenvolvimento de Sistemas (SENAC) e graduado em Ciências Sociais (UFPE).  ","","","","    http://lattes.cnpq.br/1495549338259809","","Graduação Incompleta"
"","","","","","",""
"","1730082768862x199306699983268240 , 1730082768991x537260870947078340","","","","","Pós-graduação Lato Sensu (Especialização)"
"","","","","","",""
"Fundadora da Startup Lectio ","","E-commerce ,  EdTech ,  Inovação Aberta ,  Gestão ,  Aceleração","","","",""
"Projeto de extensão ""Malungo Lab: comunicação digital e gamificação para história e cultura afro-brasileira, indígena e

popular em Pernambuco"" no IFPE Campus Recife.","","","","http://lattes.cnpq.br/2650314401703488","","Graduação Incompleta"
"","","","","","",""
"Trabalho com Robótica Educacional com crianças e adolescentes do fundamental 1 ao ensino médio, abordando programação, montagem de robôs e resolução de problemas, pela empresa Divertec.","","","","http://lattes.cnpq.br/1517815212681839","","Graduação Incompleta"
"","","","","","",""
"","","","","","",""
"","","","","","",""
"","","","","","",""
"","","","","","",""
"","","","","","",""
"","","","","","",""
"","","","","","",""
"","","","","","",""
"","","","","","",""
"","","","","","",""
"","","","","","",""
"","","","","","",""
"","","","","","",""
"","","","","","",""
"","","","","","",""
"","","","","","",""
"","","","","","",""
"","","","","","",""
"","","","","","",""
"","","","","","",""
"","","","","","",""
"","","","","","",""
"","","","","","",""
"","","","","","",""
"","","","","","",""
"","","","","","","Ensino Médio Completo"
"","","","","","",""
"","","","","","",""
"","","","","","",""
"","","","","","",""
"","","","","","",""
"","","","","","",""
"","","","","","",""
"","","","","","",""
"","","","","","",""
"Consultora especialista em Educação e Currículo, Cultura e Identidade, Políticas Públicas de Fomento.
Implementadora de plataforma de gestão de Projetos, Fomento, Captação e Comunidades de produção colaborativa de processos e ações. Expertise em estudo, mapeamento e escrita de projetos para Leis de Fomento para Ciência e Tecnologia, Cultura, Fundos de Assistência Social (FIA e Idoso), Educação e Meio Ambiente (LIR).","","Educação ,  Gestão ,  Fomento ,  Inovação Aberta ,  Sociedade e Meio Ambiente","","","","Graduação Completa"
"","","","","","",""
"","","","","","",""
"","","","","","",""
"","","","","","",""
"","","","","","",""
"","","","","","",""
"","","","","","",""
"","","","","","",""
"","","","","","",""
"","","","","","",""
"","","","","","",""
"","","","","","",""
"","","","","","",""
"","","","","","",""
"","","","","","",""
"","","","","","",""
"","","","","","",""
"","","","","","",""
"","","","","","",""
"","","","","","",""
"","","","","","",""
"","","","","","",""
"","","","","","",""
"• Executivo C-level com profundo conhecimento em políticas públicas, gestão executiva, parques tecnológicos, hubs de inovação, relações institucionais e governamentais, novos negócios, IA, deep techs, economia azul, circular, RSC, Filantropia e ESG.
• Especialista em criar pontes e conectar pessoas à oportunidades, com uma ampla rede construída no terceiro setor, empresas privadas, universidades e governo. Gestor de projetos e programas.
• Visão sistêmica, atitude de dono, liderança ambidestra focada em pessoas e resultados, pensamento crítico, resiliência, estabilidade emocional e fluência digital para a tomada de decisões.
• Experiência nacional e internacional em diplomacia para a inovação.
• Propósito de vida alinhado com causas sociais, ambientais e de diversidade dentro das organizações.
• Pesquisador interdisciplinar focado na resolução de problemas, com pós-doutorado, doutorado e mestrado, MBA executivo e cursos livres em instituições renomadas no Brasil e no exterior.

*Minibio*
Doutor em Políticas Públicas pelo Instituto de Economia da UFRJ, com supervisão do IST de Lisboa (Portugal). Pós-doutorados pela UFRJ, UTC Sorbonne Alliance (França) e MBA Executivo pelo Instituto COPPEAD/UFRJ. Atua como executivo em desenvolvimento urbano e diplomacia para inovação, tecnologia e sustentabilidade, tendo vivência internacional na Europa e Ásia.
Tem experiência em empresas, universidades, governo e sociedade civil. Foi CEO da startup deep tech HapiSeeds, Superintendente Executivo (CEO) da ANPROTEC (Brasília), Gerente de Des. Institucional do Parque Tecnológico da UFRJ, Pesquisador da Fiocruz e Coordenador de Logística de Cargas do Gov do RJ, além de conselheiro da ABDI e da FINEP.
Co-liderou a Estratégia Nacional de Invest. e Negócios de Impacto (ENIMPACTO) pelo MDIC e representou o Brasil na Rede BRICS de Inovação pelo MRE. Participou da criação do Centro de Excelência em Transformação Digital e Inteligência Artificial do RJ (Hub.Rio), do Atlantic International Research Centre (AIR Centre Rio), do Plano Diretor UFRJ 2030 e da Pós-Graduação em Futuros da UFRJ.
Atualmente é consultor e líder de projetos em inovação, estratégia e sustentabilidade; conselheiro da Associação Comercial do Rio de Janeiro (ACRJ), da Harvard Business Review, da OSC Redes da Maré e da Alumni PPED do Instituto de Economia da UFRJ. Também atua como pesquisador de Cátedra no Colégio Brasileiro de Altos Estudos (UFRJ), na Escola de Belas Artes (UFRJ), no Nit-Rio do Observatório Nacional (MCTI) e integra a Gestão Executiva da coalizão global Knowledge for People (K4P).","","","","","","Pós-Doutorado"
"","","","","","",""
"","","","","","",""
"","","","","","",""
"","","","","","",""
"","","","","","",""
"","","","","","",""
"","","","","","",""
"","","","","","",""
"","","","","","",""
"","","","","","",""
"","","","","","",""
"","","","","","",""
"","","","","","",""
"Atualmente, atuo como estagiário de desenvolvimento de software na Encora Inc., colaborando em projetos internacionais com foco em soluções backend utilizando Java, Spring Boot, AWS e práticas modernas como TDD e BDD. Também sou bolsista de Iniciação Científica pelo CNPq na UFRPE, onde participo de pesquisas interdisciplinares com aplicação de modelos matemáticos e computacionais para simulação ambiental. Essas experiências combinam tecnologia, ciência e inovação, alinhadas à minha formação em Sistemas de Informação","","","","http://lattes.cnpq.br/4965614576411977","","Graduação Incompleta"
"","","","","","",""
"","","","","","","Graduação Incompleta"
"","","","","","",""
"","","","","","",""
"","","","","","",""
"","","","","","",""
"","","","","","",""
"","","","","","",""
"","","","","","",""
"","","","","","",""
"","","","","","",""
"","","","","","",""
"","","","","","",""
"","","","","","",""
"","","","","","",""
"","","","","","",""
"","","","","","",""
"","","","","","",""
"","","","","","",""
"","","","","","",""
"","","","","","",""
"","","","","","",""
"","","","","","",""
"","","","","","",""
"","","","","","",""
"","","","","","",""
"","","","","","",""
"","","","","","",""
"","","","","","",""
"","","","","","",""
"","","","","","",""
"","","","","","",""
"","","","","","",""
"","","","","","",""
"","","","","","",""
"","","","","","",""
"","","","","","",""
"","","","","","",""
"","","","","","",""
"","","","","","",""
"","","","","","",""
"","","","","","",""
"","","","","","",""
"","","","","","",""
"","","","","","",""
"","","","","","",""
"","","","","","",""
"","","","","","",""
"","","","","","",""
"","","","","","",""
"","","","","","",""
"","","","","","",""
"","","","","","",""
"","","","","","",""
"","","","","","",""
"","","","","","",""
"","","","","","",""
"Desenvolvedor de software e pesquisador em tempo integral.","","","","https://wwws.cnpq.br/cvlattesweb/PKG_MENU.menu?f_cod=61D3732A17AB28582031160F9D9E9FB3#","","Graduação Incompleta"
"","","","","","",""
"","","","","","",""
"","","","","","",""
"","","","","","",""
"","","","","","",""
"","","","","","",""
"","","","","","",""
"Graduando em Sistemas de Informação e Técnico em Eletrônica","","","","","","Graduação Incompleta"
"","","","","","",""
"","","","","","",""
"","","","","","",""
"","","","","","",""
"","","","","","",""
"","","","","","",""
"","","","","","",""
"","","","","","",""
"","","","","","",""
"","","","","","",""
"","","","","","",""
"","","","","","","Graduação Incompleta"
"","","","","","",""
"","","","","","",""
"","","","","","",""
"","","","Recife","","",""
"","","","","","","Graduação Incompleta"
"","","","","","",""
"","","","","","",""
"","","","","","",""
"","","","","","","Graduação Incompleta"
"","","","","","",""
"","","","","","",""
"","","","","","",""
"","","","","","",""
"","","","","","",""
"","","","","","",""
"","","","","","","Ensino Médio Completo"
"","","","","","",""
"Sou estudante de Análise e Desenvolvimento de Sistemas, com atuação voltada para gestão de projetos, design de interfaces e desenvolvimento de soluções tecnológicas com impacto social. Atuo como gestora de projetos na iniciativa Pyro Alert, uma solução tecnológica voltada à detecção e prevenção de incêndios em áreas rurais. Nesse projeto, sou responsável pelo planejamento, organização das etapas de desenvolvimento, acompanhamento da equipe e definição de estratégias, além de contribuir diretamente na construção da proposta de valor e no modelo de negócio. A experiência tem fortalecido minhas habilidades em liderança, tomada de decisão e comunicação com stakeholders.
Também possuo experiência em design UX/UI, com formação pelo Google UX Design, onde desenvolvi competências relacionadas à pesquisa com usuários, prototipação, testes de usabilidade e criação de interfaces centradas no usuário. Já atuei na criação de identidade visual e design de aplicações, como no projeto Pernambulando, no qual fui responsável pela experiência do usuário e gestão do projeto. Tenho interesse em áreas que conectam tecnologia e negócios, especialmente gestão de produtos, inovação e desenvolvimento de soluções escaláveis. Sou uma profissional criativa, organizada e orientada a resultados, sempre em busca de aprendizado contínuo e de oportunidades que me permitam gerar impacto positivo por meio da tecnologia.","","","","","","Graduação Incompleta"
"","","","","","",""
"","","","","","",""
"","","","","","",""
"","","","","","",""
"","","","","","",""
"","","","","","",""
"","","","","","",""
"","","","","","",""
"","","","","","",""
"Estudante e Estagiário","","","","","","Graduação Incompleta"
"","","","","","",""
"","","","","","",""
"","","","","","",""
"","","","","","",""
"Turismo","","","","","","Graduação Incompleta"
"","","","","","",""
"","","","","","",""
"","","","","","",""
"","","","","","",""
"","","","","","",""
"","","","","","",""
"","","","","","",""
"","","","","","",""
"Especialista de Inovação Corporativa no Tecnopuc - Parque Científico e Tecnológico da PUCRS.","","","","","",""
"","","","","","",""
"","","","","","",""
"","","","","","",""
"","","","","","",""
"","","","","","",""
"","","","","","",""
"","","","","","",""
"","","","","","",""
"","","","","","",""
"","","","","","",""
"","","","","","",""
"","","","","","",""
"","","","","","",""
"","","","","","",""
"","","","","","",""
"","","","","","",""
"","","","","","",""
"","","","","","",""
"","","","","","",""
"Criação de aplicativos Android com Kotlin, utilizando Firebase, Google APIs e integração com QRCode, Pix e autenticação via conta de serviço.

Desenvolvimento de servidores em Node.js com Express, Firebase Functions e bibliotecas como nodemailer, axios e googleapis.","","","","não possuo","","Ensino Técnico"
"","","","","","",""
"","","","","","",""
"","","","","","",""
"","","","","","",""
"Estrategista de Marcas
Designer especialista em branding ","1730082768860x428785909410840800 , 1730082768863x437216750323275600 , 1730082768990x505532656251298500 , 1730082768991x713565040598437100 , 1741729582539x169399849681682430","","","http://lattes.cnpq.br/8807740550422730","","Graduação Completa"
"","","","","","",""
"","","","","","",""
"","","","","","",""
"","","","","","",""
"","","","","","",""
"","","","","","",""
"","","","","","",""
"","","","","","",""
"","","","","","",""
"","","","","","",""
"","","","","","",""
"","","","","","",""
"","","","","","",""
"","","","","","",""
"","","","","","",""
"","","","","","",""
"","","","","","",""
"","","","","","",""
"Estudante de Engenharia de Software","","","","","","Graduação Incompleta"
"","","","","","",""
"","","","","","",""
"","","","","","",""
"","","","","","",""
"","","","","","",""
"","","","","","",""
"","","","","","",""
"","","","","","",""
"","","","","","",""
"","","","","","",""
"Autonoma","","","","","","Graduação Completa"
"","","","","","",""
"","","","","","","Graduação Incompleta"
"","","","","","",""
"","","","","","",""
"","","","","","",""
"Ligia Bezerra Coelho é uma empreendedora multifacetada, CEO e fundadora da Ver-TI Mobilidade Urbana, uma startup inovadora focada em acessibilidade e inclusão. Como autora do projeto, Ligia desenvolveu uma tecnologia assistiva que visa transformar a mobilidade urbana para PCDs (Pessoas com Deficiência) e toda a população, garantindo mais autonomia e qualidade de vida.

A Ver-TI Mobilidade Urbana conta com um APP exclusivo com comando de voz, patenteado em 184 países, que atende diversos grupos, incluindo pessoas com deficiência visual, idosos, analfabetos e portadores de Mal de Parkinson. O aplicativo facilita a locomoção independente, fornecendo direções e informações sobre o ambiente ao redor, promovendo inclusão social e acessibilidade.

Ligia também participou de iniciativas como o ICL Tank, um evento de empreendedorismo que destaca projetos inovadores com impacto positivo na sociedade. Sua atuação profissional reflete um compromisso com a tecnologia limpa e sustentável, buscando soluções que melhorem a vida de milhões de pessoas","1730082768860x137927508890474120 , 1730082768862x199306699983268240 , 1730082768862x617747877585492700 , 1730082768863x437216750323275600 , 1730082768863x909756603831522000 , 1730082768990x378157449021326660 , 1730082768992x108489993766593740 , 1730082768992x211224114143456320 , 1733310994799x496372949928640500 , 1733310998012x773522477359038500 , 1736795369562x620931672430346200 , 1736795385341x875201066467065900 , 1739303170869x764618135887151100 , 1741719497340x160665757597302800 , 1758214333566x532122293658189800 , 1760524244935x475710018098561000","Acessibilidade ,  Mobilidade e Urbanismo ,  Inovação ,  Sustentabilidade ,  Tecnologia da Informação","","Português ","","Graduação Completa"
"","","","","","","Ensino Técnico"
"","","","","","",""
"","","","","","",""
"","","","","","",""
"","","","","","",""
"","","","","","",""
"","","","","","",""
"","","","","","",""
"","","","","","",""
"","","","","","",""
"","","","","","",""
"","","","","","",""
"","","","","","",""
"","","","","","",""
"","","","","","",""
"","","","","","",""
"","","","","","","Graduação Incompleta"
"Estudante","","","","","","Graduação Incompleta"
" Desenvolvedor Full-Stack apaixonado por tecnologia, inovação e aprendizado contínuo. Estudo Sistemas para Internet na Universidade Católica de Pernambuco (UNICAP), pelo programa Embarque Digital do Porto Digital. Tenho experiência sólida em Back-end (PHP, Laravel, SQL, Redis, NoSQL, Docker) e Front-end (HTML, CSS, Bootstrap, Tailwind, VueJS, jQuery, Alpine, LiveWire). Além disso, domino versionamento com Git e sistemas Linux. Atualmente atuo como desenvolvedor full stack na empresa Expedit Lawtech, um software jurídico.","","","","","","Graduação Incompleta"
"tecnico em ti","","","","","","Graduação Incompleta"
"","","","","","","Graduação Completa"
"","","","","","",""
"","","","","","",""
"","","","","","",""
"","","","","","",""
"","","","","","",""
"","","","","","",""
"","","","","","",""
"","","","","","",""
"","","","","","",""
"","","","","","",""
"","","","","","",""
"","","","","","",""
"","","","","","",""
"","","","","","",""
"","","","","","",""
"","","","","","",""
"","","","","","",""
"","","","","","",""
"Estudante de mestrado e estudante de Sistemas Para Internet.","","","","https://buscatextual.cnpq.br/buscatextual/visualizacv.do?id=K9092097A6&tokenCaptchar=03AFcWeA5-RJ9njlmB50rgSVKw3HPxwug0Z0jz7sG7e3SJa65YU9LIbKWtJfW_1d2d4seWhHmlXH1il8YDfqCwIM57Kuzdwj7iCwp67Ht2trPds9GdYfHuInmQ5ZltlyAJJKOzrdJoR10H1MKt75-QaMTsarGCrTmHstEIfMWW0ehxHi4Rst8JnndRe9HBsQJpbSooAmp3BfVw4Dh5X8jnBL0iRIF2a3MRPPz7eWa7sPPg6iwy9lbCp2XfyAwo1GhTClr1fM3dT1t0Qw40gldj1yP_r_iPaRYyIunWpdv1-ohjqcsq4PV9C2wTtPC1ZFprmYI5Fk1_eoTjY49UhMO2eYUEaU1z6kz4PevxYpjfhBOERstABnUJOxExW-koJIi0vN3YJXRYqKyDsK2lzik3rE2RfIGjL4cDl7GGwo-75iGcH3E8wmOlbzFtF4jYX364WbVlDbPGEV3gvvc4ZYNskQ1DXIG1Q_4vrJW85mY2QuIj_ZyZxC9EAB4SZSbZvY2CiuiYZ9TkEnUeW-RO4wBi8CPQkp5JTTtqLJfgoF_4sL-ZEs0QNvUGnjuTTGQAy22vPXOdPnA32Fn6OTulQhVugdFUn5eDE4IewOyrQBG-4G0YABr-eFNQzfoQjOLJIo356P02p_aoQHN2UuIy2HgNgbfUhjNd4AcJSGtV5Wr8Nfs16m_rUCNHdiMIvk8RvZHiBuv_7pN8FxDZ16zkLGrfyM9xfufPON-kw3kkrU5wlkafFfDbvlwXckvtS61UayG_MeCVANh9EKyMXin5kjwQShKZYalfntU6BIyFuJIh3jHMknx06WWavEtgY8og0EnRq2j5qu88DRuiR6QqKryfG2Vg7ueCbIZ8V5TggkLxqkpw8yHJBcv8s-HsZbPXJ0TSIU92klnawARkrOoD8lYCHhD9tipSLE9OMeQRbtaiGLlFscgEpce8U3qR5090MCW66Xi5flBLw3cizrnQkAxX9a8yg22reVPQ-w","","Graduação Completa"
"","","","","","",""
"","","","","","",""
"","","","","","","Graduação Incompleta"
"","","","","","",""
"","","","","","",""
"","","","","","",""
"","","","","","",""
"","","","","","",""
"","","","","","",""
"","","","","","",""
"","","","","","",""
"","","","","","",""
"","","","","","",""
"","","","","","",""
"","","","","","",""
"","","","","","",""
"","","","","","",""
"","","","","","",""
"","","","","","",""
"","","","","","",""
"","","","","","",""
"","","","","","",""
"","","","","","",""
"","","","","","",""
"","","","","","",""
"","","","","","",""
"","","","","","",""
"","","","","","",""
"","","","","","",""
"","","","","","",""
"Desenvolvedor de sistemas","","","","","","Pós-graduação Lato Sensu (Especialização)"
"","","","","","",""
"","","","","","",""
"","","","","","",""
"","","","","","",""
"","","","","","",""
"","","","","","",""
"","","","","","",""
"","","","","","",""
"","","","","","",""
"","","","","","",""
"","","","","","",""
"","","","","","",""
"","","","","","",""
"","","","","","",""
"","","","","","",""
"","","","","","",""
"","","","","","",""
"","","","","","",""
"","","","","","",""
"","","","","","",""
"","","","","","",""
"","","","","","",""
"","","","","","",""
"","","","","","",""
"","","","","","",""
"","","","","","",""
"Apaixonado por tecnologia e inovação, sou um profissional focado no desenvolvimento de software e eletrônica, especializado em soluções IoT utilizando Arduino e ESP. Com um forte background em engenharia e uma mente criativa para solucionar problemas, busco sempre integrar funcionalidades inteligentes aos projetos em que trabalho.

Minha jornada na programação começou com o Arduino, explorando as infinitas possibilidades da eletrônica digital. Rapidamente, expandi meu conhecimento para incluir os poderosos microcontroladores ESP, abrindo um mundo de oportunidades com conectividade Wi-Fi. Minha jornada acadêmica em Tecnologia da Informação no IFPB foi marcada pela participação em projetos pioneiros que integraram websites a microcontroladores, pavimentando o caminho para uma carreira rica em experiências práticas e aprendizado contínuo.","","","","","","Ensino Técnico"
"","","","","","",""
"","","","","","",""
"","","","","","",""
"","","","","","",""
"","","","","","",""
"","","","","","",""
"","","","","","",""
"","","","","","",""
"","","","","","",""
"","","","","","",""
"","","","","","",""
"","","","","","",""
"","","","","","",""
"","","","","","",""
"","","","","","",""
"","","","","","",""
"","","","","","",""
"","","","","","",""
"","","","","","",""
"","","","","","",""
"","","","","","",""
"","","","","","","Graduação Incompleta"
"","","","","","",""
"","","","","","","Graduação Incompleta"
"","","","","","",""
"","","","","","",""
"","","","","","",""
"","","","","","",""
"","","","","","",""
"","","","","","",""
"","","","","","",""
"","","","","","",""
"","","","","","",""
"","","","","","",""
"","","","","","",""
"","","","","","",""
"Técnico em informática ","","","","","","Ensino Médio Completo"
"","","","","","",""
"","","","","","",""
"","","","","","",""
"","","","","","",""
"","","","","","",""
"","","","","","",""
"","","","","","",""
"","","","","","",""
"","","","","","",""
"","","","","","",""
"","","","","","",""
"","","","","","",""
"","","","","","",""
"","","","","","",""
"","","","","","",""
"","","","","","",""
"","","","","","",""
"","","","","","",""
"Redes de computadores ","","","","","","Graduação Completa"
"","","","","","",""
"","","","","","","Graduação Completa"
"","","","","","",""
"","","","","","",""
"","","","","","",""
"","","","","","",""
"","","","","","",""
"","","","","","",""
"","","","","","",""
"","","","","","",""
"","","","","","",""
"","","","","","",""
"","","","","","",""
"Desenvolvedor especializado em automação e desenvolvimento de soluções em IA","","","","","","Graduação Incompleta"
"","","","","","",""
"","","","","","",""
"","","","","","","Graduação Incompleta"
"","","","","","",""
"","","","","","",""
"","","","","","",""
"","","","","","",""
"","","","","","",""
"","","","","","",""
"","","","","","",""
"","","","","","",""
"","","","","","",""
"","","","","","",""
"","","","","","",""
"","","","","","",""
"","","","","","",""
"","","","","","",""
"","","","","","",""
"","","","","","",""
"","","","","","",""
"","","","","","",""
"","","","","","",""
"","","","","","",""
"","","","","","",""
"","","","","","",""
"","","","","","",""
"","","","","","",""
"","","","","","",""
"","","","","","",""
"","","","","","",""
"","","","","","",""
"","","","","","",""
"","","","","","",""
"","","","","","",""
"","","","","","",""
"","","","","","",""
"Desenvolvedor de Software Fullstack","","","","","","Ensino Médio Incompleto"
"","","","","","",""
"","","","","","",""
"Em busca da primeira oportunidade de trabalho nessa área.","","","","","","Graduação Incompleta"
"","","","","","",""
"","","","","","",""
"","","","","","",""
"","","","","","",""
"","","","","","",""
"Desenvolvedor junior web.","","","","","","Graduação Incompleta"
"","","","","","",""
"","","","","","",""
"","","","","","",""
"","","","","","",""
"","","","","","",""
"","","","","","",""
"","","","","","","Graduação Incompleta"
"","","","","","",""
"","","","","","",""
"","","","","","",""
"","","","","","",""
"","","","","","",""
"","","","","","",""
"","","","","","",""
"","","","","","",""
"","","","","","",""
"","","","","","",""
"","","","","","",""
"","","","","","",""
"","","","","","",""
"Atuo no desenvolvimento de soluções tecnológicas para o setor agrícola e ambiental, com foco em segurança alimentar, armazenagem inteligente e redução de desperdícios. Tenho experiência em sensores, automação, IoT e plataformas digitais para otimização de processos e impacto social. Busco unir inovação e sustentabilidade para resolver desafios reais.

","","","","http://lattes.cnpq.br/6661196654830944","","Graduação Incompleta"
"","","","","","",""
"","","","","","",""
"","","","","","",""
"","","","","","",""
"","","","","","",""
"","","","","","",""
"","","","","","",""
"Atualmente, nenhuma experiência profissional.
Estudante de Sistemas de Informação pela CESAR School.","","","","","","Ensino Médio Completo"
"Economista","","","","","","Graduação Incompleta"
"","","","","","",""
"","","","","","",""
"","","","","","",""
"","","","","","",""
"","","","","","",""
"","","","","","",""
"Atuo a 8 anos com comunicação na área da saúde.","","","","http://lattes.cnpq.br/8844512500033928","","Graduação Completa"
"","","","","","",""
"","","","","","","Graduação Incompleta"
"","","","","","",""
"","","","","","",""
"","","","","","",""
"","","","","","",""
"","","","","","",""
"","","","","","",""
"","","","","","",""
"","","","","","",""
"","","","","","",""
"","","","","","","Doutorado"
"","","","","","",""
"","","","","","","Graduação Incompleta"
"","","","","","",""
"","","","","","",""
"","","","","","",""
"","","","","","",""
"","","","","","",""
"","","","","","",""
"","","","","","",""
"","","","","","",""
"","","","","","",""
"","","","","","",""
"","","","","","",""
"","","","","","",""
"","","","","","",""
"","","","","","",""
"","","","","","",""
"","","","","","","Graduação Incompleta"
"","","","","","",""
"","","","","","",""
"","","","","","","Graduação Completa"
"Analista Sistema SAP","","","","","","Graduação Incompleta"
"","","","","","","Graduação Incompleta"
"","","","","","",""
"","","","","","",""
"","","","","","",""
"","","","","","",""
"","","","","","",""
"","","","","","",""
"","","","","","",""
"","","","","","",""
"","","","","","",""
"","","","","","",""
"","","","","","",""
"","","","","","",""
"","","","","","",""
"","","","","","",""
"","","","","","",""
"","","","","","",""
"","","","","","",""
"","","","","","",""
"","","","","","",""
"","","","","","",""
"","","","","","",""
"","","","","","",""
"","","","","","",""
"","","","","","","Graduação Completa"
"","","","","","",""
"","","","","","",""
"","","","","","",""
"","","","","","",""
"","","","","","",""
"","","","","","",""
"","","","","","",""
"","","","","","",""
"","","","","","",""
"","","","","","",""
"","","","","","",""
"","","","","","",""
"","","","","","",""
"","","","","","",""
"","","","","","",""
"","","","","","",""
"","","","","","",""
"","","","","","",""
"","","","","","",""
"","","","","","",""
"","","","","","",""
"","","","","","",""
"","","","","","",""
"","","","","","",""
"","","","","","",""
"","","","","","",""
"","","","","","",""
"","","","","","",""
"","","","","","","Graduação Incompleta"
"","","","","","",""
"","","","","","",""
"","","","","","",""
"","","","","","",""
"Sou Giovanna, participo do programa Embarque Digital, onde tenho tido a oportunidade de mergulhar ainda mais fundo no universo da tecnologia. Estou em busca constante de conhecimentos e experiências na área de Tecnologia, visando aprimorar minhas habilidades. Estou ansiosa para explorar novas oportunidades e enfrentar desafios que me permitam crescer profissionalmente e academicamente.
Tenho participado de residências tecnológicas e de projetos acadêmicos, com isso venho adquirindo e moldando meus conhecimentos.","","","","","","Graduação Incompleta"
"","","","","","",""
"","","","","","",""
"","","","","","",""
"","","","","","",""
"","","","","","",""
"","","","","","",""
"","","","","","",""
"","","","","","",""
"","","","","","",""
"","","","","","",""
"","","","","","",""
"","","","","","",""
"","","","","","",""
"","","","","","",""
"","","","","","",""
"","","","","","",""
"","","","","","",""
"","","","","","",""
"","","","","","",""
"","","","","","",""
"","","","","","",""
"","","","","","",""
"","","","","","",""
"","","","","","",""
"","","","","","",""
"","","","","","",""
"","","","","","",""
"","","","","","",""
"","","","","","",""
"Engenheiro de Software","","","","","","Graduação Completa"
"","","","","","","Ensino Médio Completo"
"Sou uma profissional entusiasta da inovação, sustentabilidade e pelo impacto positivo que as instituições podem gerar no mundo. Com formação na área de Gestão Pública pela UFRJ, atuo a 7 anos no setor privado em projetos de tecnologia e inovação para Governo na área de alimentação escolar, perdas e desperdício de alimentos (PDA) e compras verdes públicas/green public procurement (GPP). ","","","","http://lattes.cnpq.br/5853728654810996","","Pós-graduação Stricto Sensu (Mestrado)"
"","","","","","","Graduação Incompleta"
"Gustavo Henrique de Souza Silva é um profissional formado em Ciência da Computação pela Uninassau, com forte interesse em análise de dados, desenvolvimento web e mobile. Sua trajetória é marcada por dedicação em se reinventar na área de tecnologia, mesmo sem ter começado com afinidade por matemática e física.

Atualmente, ele está construindo um portfólio sólido por meio de projetos práticos com Power BI, Python com Streamlit e Flutter, focando especialmente em dashboards interativos, aplicativos móveis e soluções para análise de dados. Gustavo também tem investido em cursos de alta qualidade, como os da Udemy, para se especializar em Flutter (Dart) e análise de dados com Python.

Além disso, já desenvolveu diversos projetos de sites usando HTML, CSS e JavaScript, e está construindo um site pessoal para apresentar seus dashboards e serviços. Também está desenvolvendo um aplicativo próprio voltado para cálculo mental com matrizes, como parte de sua iniciativa de lançar produtos próprios.

Seu perfil é voltado para soluções low-code, com foco na entrega de valor de forma rápida e funcional, o que combina com sua afinidade por ferramentas como o Power BI. Gustavo também mantém um canal na Twitch, onde publica conteúdos relacionados a jogos, como eFootball, além de buscar compartilhar conhecimento em vídeos educativos.","","","","","","Graduação Completa"
"","","","","","","Graduação Incompleta"
"","","","","","","Graduação Incompleta"
"Advogada e graduanda em Analise e desenvolvimento de sistemas no SENAC","","","","","","Pós-graduação Lato Sensu (Especialização)"
"","","","","","","Graduação Incompleta"
"","","","","","","Graduação Incompleta"
"","","","","","",""
"Web Dev Autonômo. Experiência com Análise de negócios no Reino Unido.","","","","http://lattes.cnpq.br/6206371771890997","","Graduação Completa"
"","","","","","","Ensino Médio Completo"
"Sou Fisioterapeuta, Perita Judicial, especialista em Ergonomia com formação complementar em Saúde do Trabalho (240h) atuo elaborando documentos legais, palestras e consultorias na área da ergonomia. Sou idealizadora da Postura +, uma startup quer mudar o futuro da saúde postural de crianças e adolescentes utilizando realidade virtual.","","",""," http://lattes.cnpq.br/1834702707585533","","Pós-graduação Lato Sensu (Especialização)"
"","","","","","",""
"Tecnologia","","","","","","Graduação Incompleta"
"","","","","","",""
"","","","","","",""
"","","","","","",""
"","","","","","",""
"Doutoranda em Enfermagem pelo Programa de Pós-Graduação em Enfermagem (PPGEnf) do Centro de Ciências da Saúde (CCS) da Universidade Federal de Pernambuco (UFPE) com Tema de Pesquisa em Letramento em Saúde na Atenção Primária (APS). Mestra em Avaliação de Programas em Saúde (2011). Graduada em Enfermagem pela Universidade Federal de Pernambuco (2007). Integra o Grupo de Estudos e Pesquisas Assistir/Cuidar em Enfermagem pelo CNPq/UFPE. Atuou na Equipe técnica da Secretaria Executiva de Planejamento, Monitoramento e Articulação Distrital ( SEPMAD) da Secretaria de Saúde do Recife e na Chefia da Divisão da Formação Profissional da Secretaria Municipal de Saúde do Recife-PE, articulando a integração ensino-serviço-comunidade na Rede SUS Escola Recife e, como coordenadora da Atenção Básica do Município de Ipojuca, assim como, na área na área de assistência hospitalar e docência com ênfase em enfermagem neonatal/pediátrica. 
Atualmente exerce o cargo de Gerente de Monitoramento de Indicadores e Captação de Recursos na Secretaria Municipal do Ipojuca-PE.


Área de Atuação: Gestão Pública em Saúde, Planejamento, Monitoramento e Avaliação, Formação Profissional, Integração Ensino e Serviço, Docência e Preceptoria em Serviço.","","","","http://lattes.cnpq.br/7305982714822103 ID Lattes: 7305982714822103","","Doutorado"
"Sou uma empreendedora e educadora brasileira, graduada em Ciência da Computação pela Faculdade Vitoriana (FAVI) e pós-graduada em Educação Profissional e Tecnológica pelo Instituto Federal do Espírito Santo (IFES). Fundadora e CEO da Vixsystem, uma startup capixaba especializada em soluções tecnológicas voltadas para acessibilidade e inclusão social.

Principais realizações profissionais
Criação do robô-guia Lysa: Inspirada pelas dificuldades enfrentadas por uma aluna com deficiência visual, desenvolvi em conjunto com pesquisadores a  Lysa, um cão-guia robô equipado com sensores, câmeras, GPS e inteligência artificial. O objetivo é auxiliar pessoas com deficiência visual na locomoção, oferecendo uma alternativa mais acessível aos cães-guia tradicionais .
Reconhecimento internacional: O projeto Lysa foi reconhecido internacionalmente, ficando entre os três melhores na categoria ""Cidades Inteligentes"" no SLINGSHOT 2021, uma competição global de startups realizada em Singapura . Além disso, Neide foi finalista da Cartier Women’s Initiative em 2018, um prêmio que homenageia mulheres empreendedoras ao redor do mundo .
Apoio financeiro e expansão: Para aprimorar o projeto, obteve investimentos de instituições como CNPq, FAPESP, FINEP, FAPES e SEBRAE. Ela também participou do programa ""Shark Tank Brasil"", onde recebeu um investimento-anjo.

Experiência anterior
Antes de fundar a Vixsystem, Neide atuei  como professora e coordenadora de curso técnico em informática e robótica educacional na Escola Estadual Clóvis Borges Miguel, entre 2006 e 2013. Ela também trabalhou como consultora de TI na Petrobras, coordenando projetos de segurança da informação e administração de servidores entre 2006 e 2009 .

Impacto social
A robô Lysa já foi testado por mais de 200 pessoas com deficiência visual e está em uso em locais como o Hospital Albert Einstein e o Museu de Arte Moderna de São Paulo. A iniciativa visa proporcionar maior autonomia e qualidade de vida para pessoas com deficiência visual, sendo uma alternativa mais acessível aos cães-guia tradicionais .","","","","http://lattes.cnpq.br/1755736303657718","","Pós-graduação Lato Sensu (Especialização)"
"Sou Diogo Oliveira, Diretor na Probeton Engenharia há 11 anos. Graduado em Engenharia Civil pela POLI-UPE, com especialização em Estruturas de Concreto (UNIP), MBA em Gerenciamento de Projetos (FGV) e Mestrado em Tecnologia e Gestão na Construção (POLI-UPE).

Minha experiência inclui gestão de projetos, liderança de equipes e otimização de processos, atuando nos setores de projetos, comercial e suprimentos. Fui um dos fundadores da OTIMIZA, startup selecionada para aceleração pelo CESAR, onde aprofundei minha vivência em inovação e tecnologia. Meu foco está em obras industriais, processos estratégicos de negócios e implantação de soluções voltadas a resultados e melhoria contínua.","","","","","","Pós-graduação Stricto Sensu (Mestrado)"
"","","","","","",""
"","","","","","","Pós-graduação Stricto Sensu (Mestrado)"
"","","","","","",""
"Doutorando em Engenharia Mecânica com linha de pesquisa em Tecnologias Assistivas, Consultor em acessibilidade e saúde digital","","","","http://lattes.cnpq.br/7737225255135628","","Pós-graduação Stricto Sensu (Mestrado)"
"","","","","","",""
"","","","","","",""
"Estudante","","","","https://wwws.cnpq.br/cvlattesweb/PKG_MENU.menu?f_cod=B4E7A0DF3089F922C8CDD109B248BE06","","Graduação Incompleta"
"Empresária","","","","","","Pós-graduação Stricto Sensu (Mestrado)"
"","","","","","",""
"Desenvovimento de processos ambientais (Estação de tratamento de água  e  esgoto ETA e ETE); Sistema de sensoriamento do ar (gases e particulados); Sistemas de monitoramento Geotecnico (grandes edificações de cimento armado e de estruturas metálicas, pontes, barragens, encostas e taludes em geral); Desenvolvimento de processos eletroeletrônico (sensores e hardware em gera); sistemas de acessibilidade (Óculo sensorial e begala para cegos alem de desenvolvimento de instrumento de medidas (paquímetro) para cegos, considerando a cegueira total ou parcial). ","","","","http://lattes.cnpq.br/3706711468701771","","Doutorado"
"Social Media e UX UI Designer","","","","","","Pós-graduação Stricto Sensu (Mestrado)"
"","","","","","",""
"","","","","","",""
"","","","","","",""
"","","","","","",""
"Gerente de inovação social e tecnologia","","","","","","Pós-graduação Lato Sensu (Especialização)"
"","","","","","",""
"Engenherio Biomédico formado pelo Georgia Institute of Technology, com a distinção Suma Cum Laude. Especialização em Supply Chain and Operations Management. Experiência prévia nos setores de Venture Capital, Biotecnologia, Saúde Suplementar e Gestão Hospitalar. Biodesign Fellow no Hospital Israelita Albert Einstein, programa oferecido em parceria com o Stanford Byers Center for Biodesign.","","","","https://lattes.cnpq.br/5826625694304934","","Pós-graduação Stricto Sensu (Mestrado)"
"Founder e CEO em Naga/IA","","","","","","Graduação Incompleta"
"","","","","","",""
"","","","","","","Graduação Incompleta"
"Sou estagiário na área de suporte técnico onde eu forneço suporte  aos usuários finais em questões relacionados à rede, solucionando problemas de conectividade, configurando dispositivos de rede e fornecendo orientação sobre melhores práticas de segurança. Monitorar desempenho da rede, diagnosticar e corrigir problemas de conectividade, garantindo que a rede esteja operando de forma eficiente e segura. Isso pode envolver atualizações de firmware, reparo de hardware defeituoso e ajustes de configuração. Configurar e instalar hardware de rede, como roteadores, switches, firewalls e outros dispositivos de rede. Além disso, eles também configuram software, como sistemas operacionais de rede e aplicativos relacionados.","","","","","","Ensino Médio Completo"
"","","","","","",""
"","","","","","",""
"","","","","","",""
"Enfermeiro graduado pela Escola de Enfermagem da Universidade de São Paulo (EEUSP) em 2015. Especialista em cuidado ao paciente crítico (UTI) pelo programa de residência multiprofissional do Hospital Sírio Libanês (HSL). Mestrando pelo Programa de Pós-Graduação em Gerenciamento em Enfermagem da EEUSP com foco em Saúde Digital. Experiência assistencial em UTI oncológica no Hospital São Luiz - Rede D'or entre 2018 e 2021 e Enfermeiro na Telessaúde (Saúde corporativa) no Hospital Sírio Libanês entre 2021 e 2023. Atualmente, gerencia projetos de Saúde Digital. Associado a Sociedade Brasileira de Informática em Saúde (SBIS) desde 2023.","","","","http://lattes.cnpq.br/1878553657963483","","Pós-graduação Lato Sensu (Especialização)"
"","","","","","",""
"","","","","","",""
"","","","","","",""
"CEO DA GPC","","","","","",""
"Sou Empreendedora social; Arquiteta e Urbanista; fundadora e CEO de uma Startup de Impacto ; e atuo com Inovação, ESG e gestão de projetos a mais de 15 anos.
 Possuo mais de 10 de experiência no setor comercial com especialização em relacionamento com o cliente e ecônomia criativa; muito mais de 10 anos de atuação em construção civil, com especialização em Gestão de Projetos e Qualidade.
Desde 2008 atua como educadora social e mentora voluntária em diversas comunidades, oferecendo oficinas de capacitação e empreendedorismo. 
Na Startup VIVERDE CASA sou responsável por desenvolver as atividades de planejamento e gestão de projetos,inovação, e estratégias. ","","","","","",""
"Lindomar Góes Ferreira

Presidente da ABSTARTUPS, 
Mestre em Ciência da Computação, Cientista de dados, Matemático, Membro da comunidade de startups Tucuju Valley,  Presidente da AMAPATEC, Cloud Security Manager no MPAP, Fundador da startup proesc.com.","","","","","","Pós-graduação Stricto Sensu (Mestrado)"
"Formada em Administração de empresas e Arquitetura 
Fundadora da Place em 2020, startup de arquitetura residencial e home office de forma online
Atuou como Arquiteta de Facilities na In Loco (atual Incognia) em 2019 - 2020
Convidada palestrante sobre Arquitetura e UX na DEXCONF em São Paulo
Criadora de Conteúdo nas redes sociais com +30k seguidores 
+ 6 anos de experiência em Arquitetura e Tecnologia","","Arquitetura ,  Tech ,  E-commerce ,  EdTech ,  Inovação Aberta","","","",""
"","","","","","",""
"Trabalho atualmente como Desenvolvimento Web no SindSAAF e como Community Manager da LOS","","","","","","Ensino Médio Completo"
"","","","","","",""
"Prestação de serviços utilizando ferramentas genéticas para monitoramento ambiental","","Biotech ,  Cleantech ,  Saúde e Bem-estar ,  Sociedade e Meio Ambiente ,  Tecnologia da Informação","","","",""
"","","","","","","Graduação Incompleta"
"","","","","","",""
"","","","","","",""
"Sócio da startup Metasolution.AI, especializada no desenvolvimento de soluções em inteligência artificial, automações inteligentes e transformação digital. Atuo na criação de agentes e soluções com IA, integrações com plataformas como Make, N8N e desenvolvimento de sistemas que otimizam processos e aceleram resultados para empresas.","","","","","","Graduação Incompleta"
"","","","","","",""
"","","","","","",""
"Profissional de Comunicação e Marketing, com experiência no setor público.","","","","","","Pós-graduação Stricto Sensu (Mestrado)"
"","","","","","",""
"Advogado ","","","","","","Graduação Completa"
"Engenheiro de Eletricista pela Universidade Federal do Vale do São Francisco. Mestrado em Engenharia Agrícola na linha de pesquisa de construções, ambiência e instrumentação. Expertise em desenvolvimento de tecnologias de Inteligência Artificial aplicadas a sistemas agrícolas e aplicativos móveis. ","","","","http://lattes.cnpq.br/3146777319425825","","Pós-graduação Stricto Sensu (Mestrado)"
"","","","","","",""
"Fundadora e CEO da Manacá Tecnologias Sociais","","","","","","Pós-graduação Stricto Sensu (Mestrado)"
"","","","","","",""
"","","","","","",""
"","","","","","","Doutorado"
"","","","","","",""
"","","","","","",""
"Pós-doutorado na Technische Universitat München, Fakultät für Maschinenwesen Lehrsthul für Ergonomie de julho/2012 à fev/2013, Alemanha. Doutora na área de Engenharia de Produção pela Universidade Federal de Santa Catarina e RWTH-Aachen, Alemanha (2000). Mestrado em Engenharia de Produção pela Universidade Federal de Santa Catarina (1994). Graduação em Desenho Industrial pela Universidade Federal do Paraná (1983). Professora Titular do Departamento de Engenharia Mecânica na Universidade Federal do Paraná. Coordenadora do Programa de Pós-graduação em Engenharia Mecânica ( dez/2024 a dez/2026). Coordenadora do NAPI-TA - Novos Arranjos de Pesquisa e Inovação em Tecnologia Assistiva, da Fundação Araucária.(2022-2027). Atuando no curso de Graduação em Engenharia Mecânica da UFPR e nos Programas de Pós-graduação: Engenharia Mecânica (PGMEC) e DESIGN (PPGDesign) da UFPR. Coordenadora o Laboratório de Ergonomia e Usabilidade (LABERG, UFPR). Coordenadora da Rede de Pesquisa e Desenvolvimento em Tecnologia Assistiva (RPDTA). Membro do CAs COENG-Design do CNPq (2024-2027). Atua dentro dos seguintes enfoques: Desenvolvimento de Produto, Design Inclusivo, Usabilidade, Ergonomia, Tecnologia Assistiva, Smart DESIGN, Modelagem.https://orcid.org/0000-0002-1968-1964 | https://scholar.google.com.br/citations?hl=pt-BRuser=Bn0rjVUAAAAJview_op=list_workssortby=pubdate","","","","http://lattes.cnpq.br/9724832203454429","","Pós-Doutorado"
"","","","","","",""
"Analista de sistema com especializações em áreas diversas é cofundador das startups SmartCityTec e da Egle Tec, sócio do ICONECTS e da FIWARE Foundation","","","","","","Pós-graduação Lato Sensu (Especialização)"
"","","","","http://lattes.cnpq.br/2700990636015493","","Pós-graduação Stricto Sensu (Mestrado)"
"","","","","","",""
"Melina Guelman é formada em Publicidade e Marketing, com especialização em Business e Empreendedorismo pela Universidade de Tel Aviv. Melina já ganhou diversos prêmios de startups no Brasil e no mundo (Google Exchange, Start Tel Aviv, Bay Brazil Stanford, Startup Turkey..) e foi eleita pela PEGN como um dos talentos que iriam brilhar em 2016 no mundo empreendedor. Hoje é sócia da empresa TODA ASSESSORIA E CONSULTORIA, cujo foco é conectar startups com grandes empresas e com o poder público. Melina é investidora de startups, vice presidente da Associação Carioca de Startups e consultora do Sebrae desde 2015 nas áreas de startups e turismo e um dos maiores nomes do país quando o assunto é Empreendedorismo Feminino.","","","","","","Pós-graduação Lato Sensu (Especialização)"
"CEO e fundador da Nozes Geoinformações, apaixonado por inovação.

Gerente de projetos, coordenador técnico, líder em inovação, operador de aeronaves não tripuladas, responsável geral por projetos sobre cidades inteligentes e geoprocessamento na FAPERP - Fundação de Apoio à Pesquisa e Extensão de São José do Rio Preto.

Fui reconhecido no Shell Engine 2022, ficando entre os TOP 30 projetos nacionais com uma proposta voltada a smart cities e combate às arboviroses.

Com experiência em geoprocessamento e inteligência artificial, desenvolvo pesquisas e soluções em mapas digitais, modelos 3D, modelos termais, mapeamento aéreo e smart cities, liderei projetos de mapeamento e desenho de polígonos de áreas construídas em municípios com mais de 500.000 habitantes.","","","","","","Pós-graduação Lato Sensu (Especialização)"
"","","","","","","Pós-graduação Lato Sensu (Especialização)"
"Nascido em novembro de 1988 na capital sergipana e mestre em Ciência da Computação pela Universidade Federal de Sergipe, possui experiência em Ciência da Computação, dando ênfase aos temas: prototipação virtual, Veicular Ad Hoc Networks, Machine Learning, Embedded Systems e visão computacional. No mestrado trabalhou com deep learning, desenvolvendo o trabalho intitulado A Resource Constrained Pipeline Approach to Embed Convolutional Neural Models (CNNs), rendendo uma publicação no Iberoamerican Congress on Pattern Recognition no ano de 2021. Atua como coordenador na startup Atala.IA e é membro do LudiiCO , associação voltada para o fomento e desenvolvimento de projetos inovadores que impactem o mercado através do uso da Inteligência Artificial e escalabilidade computacional. Além disso, ministra cursos e desenvolve projetos de tecnologia em parceria com a CUFA/SE. Também orienta alunos em seus trabalhos de conclusão de curso no departamento de computação da UFS na condição de voluntário. Como soft skills, cita-se os seguintes pontos: proatividade, liderança, análise, execução, comunicação e escrita.","","","","http://lattes.cnpq.br/9671210602453448","","Pós-graduação Stricto Sensu (Mestrado)"
"","","","","","",""
"Médica da Saude da Família em Ipojuca
","","","","","","Pós-graduação Lato Sensu (Especialização)"
"Profissional com sólida trajetória de mais de 25 anos no setor público, com foco em inovação, tecnologia e transformação digital. Atualmente é Gerente Geral de Estratégias de Inovação Acadêmica da Secretaria de Transformação Digital, Ciência e Tecnologia da Prefeitura do Recife, e atua junto à EMPREL na promoção da inovação aberta e soluções para cidades inteligentes. Também integra a coordenação do Programa EITA! Recife — Programa Estratégico de Inovação Aberta do Município.

Servidor efetivo do Ministério Público de Pernambuco (MPPE), cofundador do MPLabs (Laboratório de Inovação Tecnológica e de Negócios do MPPE), possui experiência em Governança de TI, Gestão de Projetos, Políticas Públicas de Inovação, Licitações Públicas, Avaliação de Desempenho de Pessoal, Parcerias Estratégicas e Ecossistemas de Inovação.

Graduado em Ciência da Computação e Direito, com pós-graduação em Gestão Estratégica de Tecnologia da Informação. Fluente em metodologias como OKR, Agile, Design Thinking e com forte atuação em programas voltados à inclusão tecnológica, sustentabilidade e transformação urbana.","","","","","","Pós-graduação Lato Sensu (Especialização)"
"Profissional especializado em Engenharia de Dados com sólida experiência no desenvolvimento de soluções tecnológicas para gestão e análise de dados em ambiente corporativo. Domínio avançado em Python, SQL e Power BI, com foco na implementação de pipelines de dados, automação de processos e desenvolvimento de sistemas de informação para apoio à tomada de decisões estratégicas no setor público.","","","","","","Pós-graduação Lato Sensu (Especialização)"
"","","","","http://lattes.cnpq.br/2107869598319118","","Doutorado"
"Advogado com mais de 15 anos de experiência nas áreas de Direito Público, Direito Civil e Consultoria Jurídica. Atualmente, exerce o cargo de Assessor Jurídico da EMPREL – Empresa Municipal de Informática do Recife, onde lidera a Assessoria Jurídica da empresa, coordenando uma equipe técnica responsável pela análise e emissão de pareceres sobre licitações, contratos, convênios e temas estratégicos relacionados à governança pública e à transformação digital. Pós-graduado em Direito Civil e Processo Civil, possui ampla trajetória na administração pública e no setor privado, tendo sua carreira marcada pelo compromisso com a ética, a inovação e soluções jurídicas voltadas ao interesse público.","","","","","","Pós-graduação Lato Sensu (Especialização)"
"Secretária Executiva de Agricultura Urbana do Recife","","","","https://lattes.cnpq.br/4433094177655257","","Pós-graduação Stricto Sensu (Mestrado)"
"Médico Nefrologista do PROCAPE - Pronto-Socorro Cardiológico de Pernambuco
Professor Colaborador da Faculdade de Ciências Médicas da Universidade de Pernambuco
Pesquisador da Universidade de Perambuco
","","",""," http://lattes.cnpq.br/1987538142436694","","Doutorado"
"","","","","","","Pós-graduação Lato Sensu (Especialização)"
"","","","","","",""
"","","","","","",""
"","","","","","",""
"","","","","","",""
"","","","","","",""
"","","","","","","Graduação Completa"
"Gerente Geral em Monitoramento e Avaliação na Secretaria de Saúde do Recife ","","","","","","Pós-graduação Lato Sensu (Especialização)"
"","","","","","",""
"","","","","","","Graduação Completa"
"","","","Maceio","","",""
"","","","Caruaru","","",""
"","","","Recife","","",""
"","","","","","",""
"","","","","","",""
"Tenho experiência nas diversas esferas da administração pública, atuei em funções estratégicas e operacionais que contribuíram diretamente para o desenvolvimento institucional e social de Pernambuco. Fui assessor da presidência do PROMATA, programa voltado ao desenvolvimento sustentável da Zona da Mata, financiado pelo Banco Internacional para Reconstrução e Desenvolvimento (BIRD), onde participei da articulação entre governo, sociedade civil e agentes internacionais. Na Secretaria de Planejamento e Gestão do Estado de Pernambuco, desempenhei o papel de analista de prestação de contas no projeto EDUCAR, financiado pelo Banco Interamericano de Desenvolvimento (BID), colaborando com a transparência e a eficácia na gestão educacional. No Complexo Portuário de Suape, exerci a função de gerente de logística, otimizando processos e ampliando a capacidade operacional do porto. Mais recentemente, como gerente geral de planejamento e monitoramento da Autarquia de Manutenção e Limpeza Urbana do Recife, executo ações voltadas à melhoria da infraestrutura urbana, promovendo eficiência, controle e impacto positivo na qualidade de vida da população.","","","","","","Graduação Completa"
"","","","","","","Pós-graduação Lato Sensu (Especialização)"
"","","","","","",""
"","","","","","",""
"","","","","","","Graduação Incompleta"
"","","","","","",""
"","","","","","",""
"","","","","","",""
"","","","","","",""
"Analitycs Engineer","1730082768860x173399710463204580 , 1730082768860x504990803755880770 , 1730082768862x199306699983268240 , 1730082768862x617747877585492700 , 1730082768991x214358686326057600 , 1730082768991x946267658914432100 , 1739303170869x764618135887151100","Tecnologia da Informação ,  Inovação Aberta ,  FinTech ,  Gestão ,  Analytics","","","","Graduação Incompleta"
"","","","","","",""
"","","","","","",""
"","","","","","",""
"","","","","","",""
"","","","","","","Doutorado"
"","","","","","",""
"","","","","","",""
"","","","","","",""
"","","","","","",""
"","","","","","",""
"","","E-commerce ,  Gestão ,  Inovação Aberta ,  Tecnologia da Informação ,  Negócio Social","","","",""
"","","","","","","Graduação Completa"
"","","","","","",""
"","","","","","",""
"","1730082768861x899153522517850400 , 1730082768992x211224114143456320 , 1741729576799x673942738319179800","","","","","Ensino Fundamental Completo"
"Sou um empreendedor serial com múltiplos exits que migrou da operação para o investimento — e hoje combina os dois mundos para acelerar crescimento de marcas e startups. Cofundei a Ayurve.me, marca de wellness ayurvédico com presença nos EUA; atuei em alianças e investimentos ligados à The Next Big Idea (venture builder / LP); e liderei a criação da Brazuca Venture Capital, iniciativa brasileira concebida para conectar capital global a soluções “Made in Brazil”. Como investidor‑anjo, conselheiro e criador de conteúdo, foco em RevOps, geração de demanda B2B/B2C, IA aplicada e estruturas escaláveis de captação. Minha missão: transformar conhecimento + rede em tração real, ajudando founders e corporações a saírem da ideia e chegarem ao resultado.","1730082768857x308766884499381400 , 1730082768857x421405799046948000 , 1730082768857x962576373983530000 , 1730082768858x468276121764350300 , 1730082768858x771044980153256200 , 1730082768860x428785909410840800 , 1730082768860x504990803755880770 , 1730082768861x338658230378535040 , 1730082768861x894967204934831200 , 1730082768863x656744204291835600 , 1730082768863x847092725948758700 , 1736795369562x620931672430346200 , 1736795380401x891710962567217200 , 1736795385341x875201066467065900 , 1744309976325x372181721336512500 , 1744309987629x773725263012298800","","","","","Pós-graduação Lato Sensu (Especialização)"
"","","","Recife","","",""
"","","","Recife","","",""
"","","","Recife","","",""
"","","","Caruaru","","",""
"","","","","","",""
"","","","Paulista","","",""
"","","","","","",""
"","","","Recife","","",""
"","","","São Paulo","","",""
"","","","Recife ","","",""
"","","","Recife","","",""
"","","","","","",""
"","","","Recife","","",""
"","","","","","",""
"","","","Santa Cruz do Capibaribe","","",""
"","","","Olinda","","",""
"","","","Recife","","",""
"","","","Recife","","",""
"","","","Juazeiro do Norte","","",""
"","","","","","",""
"","","","","","",""
"","","","","","",""
"","","","","","",""
"","","","Recife","","",""
"","","","","","",""
"","","","","","",""
"Crio soluções culturais com base tecnológica e impacto social.

Atuo há mais de 5 anos na interseção entre inovação, economia criativa e transformação digital com foco em territórios historicamente invisibilizados.

Fundador da Sarjeta.Lab, edtech acelerada pelo programa StartUp NE (Sebrae/Fapern), desenvolvo produtos e metodologias que profissionalizam jovens em produção musical e criam novas trilhas de acesso à economia criativa.

Na Rádio Sarjeta, coordeno a operação institucional e financeira de uma organização dedicada à documentação e difusão de expressões artísticas dissidentes, onde também lidero a produção executiva e articulação de redes. Atuamos como laboratório de comunicação, cultura e cidadania, impulsionando artistas, iniciativas locais e novos imaginários sociais, inseridos de forma estratégica na infraestrutura produtiva cultural.

Como sound designer e game designer na Apetit Studios, desenvolvo experiências interativas e trilhas sonoras com foco em formação, acessibilidade e engajamento.

Minhas competências integram:
🎯 Desenvolvimento de projetos com impacto sociocultural
🎯 Captação de recursos e gestão organizacional
🎯 Produção executiva, direção de programas e experiências culturais
🎯 Inovação em educação e economia criativa

Busco conexões com iniciativas comprometidas com a educação e cultura como motor de transformação social.

📬 Aberto a parcerias, colaborações e convites institucionais que valorizem diversidade, acesso e inovação fora do eixo.","1730082768858x468276121764350300 , 1730082768863x437216750323275600 , 1730082768990x283104431848930850 , 1730082768992x108489993766593740 , 1736795365633x709699135568085000 , 1736795369562x620931672430346200 , 1736795373456x159659417710100480 , 1736795380401x891710962567217200","","","","","Graduação Completa"
"","","","","","",""
"","","","","","",""
"","","","","","",""
"","1730082768860x448743730273805600","","","","","Graduação Completa"
"","","","","","",""
"Estudante de Sistemas de Informação pela Universidade Federal de Pernambuco.","1730082768863x303458719044837880","","","","","Graduação Incompleta"
"Co fundadora na Quark ","1730082768858x468276121764350300","","","","","Graduação Completa"
"","","","","","",""
"Engenheiro de software e empreendedor. Sócio fundador da Diagnes e da Dawa.","1730082768857x669866331904356400","","","","","Pós-graduação Lato Sensu (Especialização)"
"","","","","","","Pós-graduação Lato Sensu (Especialização)"
"","","","","","",""
"","","","","","",""
"Atuo na área administrativa e financeira, atendimento ao público e treinamento de sistemas internos.","","Gestão ,  Finanças ,  Educação ,  Serviços Profissionais ,  Tecnologia da Informação","","","",""
"Gerente de inovação ","","Inovação Aberta ,  Gestão ,  Tecnologia da Informação ,  Aceleração ,  Consultoria","","","",""
"Sou estudante de programação, pretendo atuar com backend e cybersegurança.","","Cybersecurity ,  Tecnologia da Informação ,  Educação ,  Gestão ,  Inovação Aberta","","","",""
"Sou diretora comercial, da Cria mais tech. Somos especializados em automação. Promovendo uma solução de ponta a ponta para organizações de todos os seguimentos independente do tempo de mercado. Nossa agentes inteligentes são habilitados para atuar de forma, rápida, segura e precisa desde o atendimento na captação e nutrição de leads como no desenvolvimento de soluções para controle de estoque, RH, Financeiro/ contas a pagar E comercial.","","""Gestão ,  Automotivo e Mobilidade ,  Tecnologia da Informação ,  E-commerce ,  Inovação Aberta""","","","",""
"Somos uma empresa de soluções empresariais multidisciplinar,  focado em três setores, como gestão empresarial, soluções de arquitetura e marketing digital.","","Gestão e Consultoria ,  Arquitetura ,  MarTech ,  Tecnologia da Informação ,  Comunicação e Mídia","","","",""
"Sou empreendedor com formação em engenharia agrônoma e técnico em contabilidade. Trabalho com recuperação de áreas degradadas através de soluções ambientais inteligentes (programação ambiental e ""sintropismo""). Proponho um modelo de inovação em soluções sustentáveis, viáveis e também de baixo custo. Desenvolvo produtos biológicos e recuperação de cadeia produtiva em regiões semi-áridas. Como business, proponho soluções ponta-a-ponta.","","Agronegócio ,  Cleantech ,  Biotech ,  Inovação Aberta ,  Sociedade e Meio Ambiente","","","",""
"Professora e técnica de robótica ","","Educação ,  Tecnologia da Informação ,  Inovação Aberta ,  Pesquisa ,  Comunicação e Mídia","","","",""
"Funcionário da Seed a Bit,EJ de tecnologia que produz produtos de software","","Tecnologia da Informação ,  Educação ,  Gestão ,  Inovação Aberta ,  Empresa Junior","","","",""
"Plataforma de gamificacao para time de vendas","","Gaming & Esports ,  Gestão ,  Tecnologia da Informação ,  Vendas ,  Inovação Aberta","","","",""
"Consultor de Inovação da construtora Andrade Gutierrez","","Construção e Imóveis ,  Gestão ,  Inovação Aberta ,  Consultoria ,  Engenharia","","","",""
"Concepção de Solução digital,  Design de interfaces, Desenvolvimento web, Gerência de projetos.","","Tecnologia da Informação ,  Inovação Aberta ,  Gestão ,  Processos ,  Design de interfaces","","","",""
"","","","","","",""
"Nossa startup se chama CriticLevel, onde foca em ajudar desenvolvedores de jogos a divulgarem seus games e ganhar visibilidade no mercado","","Gaming & Esports ,  Marketing ,  E-commerce ,  Tecnologia da Informação ,  Inovação Aberta","","","",""
"Farmacêutica, mestrando no PPGCF-UFPE. CEO da Innova WPP - proteções inovadoras.","","HealthTech ,  Biotech ,  Inovação Aberta ,  Gestão ,  Pesquisador","","","",""
"Designer e desenvolvedora.","","Tecnologia da Informação ,  Inovação Aberta ,  Design ,  Gestão ,  Aceleração","","","",""
"","","","","","","Graduação Incompleta"
"programação e produção musical","","Tecnologia da Informação ,  Jogos e Entretenimento ,  Educação ,  Inovação Aberta ,  Comunicação e Mídia","","","",""
"Desenvolvimento de sistemas web e um pouco mobile,trabalho com pentest, design e cibersegurança 

","","Tecnologia da Informação ,  Cybersecurity ,  Desenvolvimento de sistemas web ,  Logística e Transportes ,  Serviços Profissionais","","","",""
"advocacia e engenharia","","LegalTech ,  Engenharia ,  Serviços Profissionais ,  Gestão ,  Consultoria","","","",""
"Inteligencia de mercado, Neurociência aplicada à experiências de consumo, análise de dados sobre opinião publica, consumo internacional, comércio exterior","","Educação ,  Tecnologia da Informação ,  Gestão e Consultoria ,  Comércio Eletrônico ,  Negócio Social","","","",""
"Head de Startups ","","Gestão ,  Inovação Aberta ,  Startup ,  Empreendedorismo ,  Aceleração","","","",""
"Empresa Júnior Unicap, empresa de consultoria que atua em três frentes de serviço , gestão empresarial, marketing, arquitetura ","","""Gestão e Consultoria ,  Marketing ,  Tecnologia da Informação ,  Universidade ,  Empresa Junior""","","","",""
"A comunidade CARONA FC - Fãs de Carona nasceu na retomada da pandemia para conectar quem oferece carona com quem pede carona e há mais de três anos atua em rotas urbanas, principalmente no deslocamento da rotina casa-trabalho-casa. 
Atualmente conta com cerca de 300 pessoas compartilhando carros com caronas pagas, valorizando mais o ser do que o ter, sendo da geração do consumo compartilhado.
O acesso é exclusivo para pessoas indicadas por membros o que nos diferencia, somado ao nosso jeito de ser e ao efeito de rede gerado a partir das conexões.
Ficou humanamente impraticável atender esse volume no modelo de negócio atual (C2C, na plataforma WhatsApp, sem monetização) e os acolhimentos estão pausados há pouco mais de um ano, e isso gerou uma fila de espera de quase 200 pessoas querendo ter os ganhos que temos.
Conseguimos cuidar da nossa saúde mental, das pessoas, da saúde do planeta, otimizar nosso tempo, reduzir custo com deslocamento, gerar um extra para quem oferece vaga no carro, estabelecer relações (amizades, relacionamentos, negócios por exemplo), gerar valor para participantes com o network convertido em contratos/ vendas/ emprego, entre outros. 
O rumo agora está em modelar o negócio para B2B, desenvolver plataforma própria, monetizar, atrair investimento/ parcerias e escalar.
Temos mercado para navegar. Os números mostram. 
No Brasil, a taxa de ocupação de veículos é de 3,32. Em São Paulo, por exemplo, ela é ainda menor (1,47). 
Falando em emissão de CO², cada pessoa que se desloca de carro por 1km, emite 45g de CO². 
Em São Paulo, por exemplo, esse índice é duas vezes maior do que o limite aceitável pela ONU.
Esse cenário é insustentável.
Ônibus lotado não é opção. Carro vazio, trânsito travado e estacionamento sem vaga também não.
CARONA FC é a solução.
","","Mobilidade ,  Comunidade ,  Inovação Aberta ,  Negócio Social ,  Saúde e Bem-estar","","","",""
"Automação 
Civil
Elétrica 
Mecânica 
Computação ","","Tecnologia da Informação ,  Indústria e Transformação ,  Automotivo e Mobilidade ,  Gestão ,  Inovação Aberta","","","",""
"Análise e desenvolvimento  de Sistemas","","Tecnologia da Informação ,  Inovação Aberta ,  Gestão ,  Educação ,  Aceleração","","","",""
"Aluna do Embarque Digital, Co-founder do GO DELAS","","E-commerce ,  EdTech ,  Social Impact ,  Gestão ,  Inovação Aberta","","","",""
"Empresa de consultoria para criação de negócios para indústrias e setor portuário. Desenvolvemos também startups, desde a fase de ideação até fit de mercado.","","Consultoria ,  LogTech ,  Gestão ,  Inovação Aberta ,  Aceleração","","","",""
"Fiscalizador de obras paradas ","","Construção e Imóveis ,  Gestão ,  Processos ,  Segurança e Defesa ,  Serviços Profissionais","","","",""
"Fiscalizador de obras paradas da prefeitura do Recife ","","Governo e Poder Público ,  Gestão ,  Obras ,  Infraestrutura ,  Sociedade e Meio Ambiente","","","",""
"Fiscalizador de obras","","Construção e Imóveis ,  Gestão ,  Processos ,  Serviços Profissionais ,  Fiscalização","","","",""
"A Work Resíduos desenvolve soluções tecnológicas voltadas à gestão de resíduos sólidos urbanos, com foco na capacitação técnica de equipes municipais e na elaboração de plano de estudos previstos na Lei n° 12.305/2010. A plataforma, ainda em fase de desenvolvimento, visa apoiar a administração pública no cumprimento das exigências legais, promovendo maior eficiência na gestão dos resíduos, sustentabilidade ambinetal e integração entre os atores de cadeia de valor","","Cleantech ,  GovTech ,  Gestão ,  Sustentabilidade ,  Sociedade e Meio Ambiente","","","",""
"Engenheiro de sistemas ","","Tecnologia da Informação ,  Inovação Aberta ,  Gestão ,  Processos ,  Aceleração","","","",""
"Sou Joíbson e cuido de toda a parte jurídica.","","LegalTech ,  Serviços Profissionais ,  Gestão ,  Organização ,  Consultoria","","","",""
"Sou professor da rede municipal do Recife e do Estado de Pernambuco. Sou professor de matemática e estou iniciando uma startup na área de educação (edtech). A startup se chama manguetech, ela é voltada para dados e IA. Fazemos uso de dados e coparticipação docente, pois acreditamos que esses são valores muito importantes para a implementação de processos, artefatos e ferramentas digitais na educação básica. ","","Educação ,  EdTech ,  Gestão ,  Inovação Aberta ,  Tecnologia da Informação","","","",""
"Sou a Debora Almeida, engenheira cartógrafa e de agrimensura. Sou aluna de doutorado em Engenharia Civil na UFPE. Fui professora substituta no Decart/UFPE e sou sócia da startup Moverdes. Moverdes é uma startup incubada pelo Parquetec/UFPE que soluções voltadas a técnicas de drenagem sustentáveis.","","E-commerce ,  Cleantech ,  AgTech ,  Inovação Aberta ,  Educação","","","",""
"Desenvolvimento de Software
Consultoria Comercial","","Tecnologia da Informação ,  Gestão e Consultoria ,  Inovação Aberta ,  Consultoria Comercial ,  Desenvolvimento de Software","","","",""
"Presidente Executivo e Institucional","","Governo e Poder Público ,  Gestão ,  Instituição ,  Aceleração ,  Inovação Aberta","","","",""
"Gerente de projetos da Seed a Bit a Tecnologia. Desenvolvemos sistemas web, aplicativos de celulares, atuamos na parte de ideação, prototipacao e concepção de solução digital.","","Tecnologia da Informação ,  Inovação Aberta ,  Aceleração ,  Gestão ,  Processos","","","",""
"Desenvolvimento Web e Mobile,  Site Institucional e Concepção Digital ","","Tecnologia da Informação ,  Comunicação e Mídia ,  Inovação Aberta ,  Gestão ,  Desenvolvimento Web e Mobile","","","",""
"Como analista de projetos eu atuo desde o levantamento de requisitos até o desenvolvimento de protótipos e de programação de sites/aplicativos.","","Tecnologia da Informação ,  Gestão ,  Inovação Aberta ,  Educação ,  Comunicação e Mídia","","","",""
"Estagiário em engenharia elétrica ","","Tecnologia da Informação ,  Inovação Aberta ,  Engenharia ,  Educação ,  Estágio","","","",""
"Formado em Design Gráfico, inglês intermediário, já trabalhei em restaurantes como caixa e já ajudei na organização de eventos ","","Design Gráfico ,  Educação ,  Serviços Profissionais ,  Hotelaria e Turismo ,  Comunidade","","","",""
"Graduando o curso de Sistemas de Informação","","Tecnologia da Informação ,  Educação ,  Universidade ,  Gestão ,  Inovação Aberta","","","",""
"Startup","","Inovação Aberta ,  Gestão ,  Consultoria ,  Aceleração ,  Tecnologia da Informação","","","",""
"Analista de dados TI","","Tecnologia da Informação ,  Gestão ,  Análise de Dados ,  Inovação Aberta ,  Serviços Profissionais","","","",""
"Atualmente tenho ensino médio completo, tenho um curso técnico em TI e trabalho como Jovem Aprendiz de RH na Connectoway Soluções Inteligentes.","","Tecnologia da Informação ,  Gestão ,  Recursos Humanos ,  Educação ,  Formação","","","",""
"Consultora comercial na Empresa Junior da UNICAP, a qual é uma empresa de consultoria e prestação de serviços para empresas. ","","Consultoria ,  Gestão ,  Universidade ,  Empresa Junior ,  Serviços Profissionais","","","",""
"Analista de cultura da Empresa Júnior Unicap ","","Gestão ,  Empresa Junior ,  Cultura ,  Inovação Aberta ,  Consultoria","","","",""
"Analista Institucional da EJ Unicap","","Instituição ,  Gestão ,  Gestão e Consultoria ,  Aceleração ,  Inovação Aberta","","","",""
"","","","","","",""
"Sou desenvolvedor e CTO, com mais de 5 anos de experiência liderando projetos de jogos digitais, aplicativos e soluções web. Atuo desde a concepção até a entrega final, unindo programação, design e inovação para criar experiências interativas de alto impacto. Fundador da Cordel Labs, conduzo equipes no desenvolvimento de produtos gamificados e educacionais, além de atuar como freelancer em projetos de games, sites e aplicativos. Também possuo experiência como professor e mentor, compartilhando conhecimentos de lógica, programação e mercado de jogos para formar novos talentos.","1730082768857x400215584094076700 , 1730082768857x421405799046948000 , 1730082768857x669866331904356400 , 1730082768857x805618473870865800 , 1730082768858x468276121764350300 , 1730082768858x641659107180166300 , 1730082768858x690563895696032800 , 1730082768859x185811524742764960 , 1730082768861x338658230378535040","","","","","Graduação Incompleta"
"Co-fundadora da Yntro Criative Studio e Gestora de Operações da Go Beesiness. Atua nos setores público e privado, nas áreas de gestão, estratégia e inovação para criação e desenvolvimento de novos negócios. Recentemente, criou dois jogos educativos - Negociópolis e Missão Território.","1730082768858x468276121764350300 , 1730082768860x504990803755880770 , 1730082768862x199306699983268240 , 1730082768863x303458719044837880 , 1730082768989x128134695403501860 , 1730082768990x283104431848930850 , 1730082768991x224364058070472670 , 1741729597501x880934313586589700","Marketplace ,  Jogos e Entretenimento ,  Gestão ,  Inovação Aberta ,  Educação","","http://lattes.cnpq.br/0029850751123740","","Pós-graduação Lato Sensu (Especialização)"
"A Lida – Mobilidade Ativa é uma startup em early stage que desenvolve soluções integradas de micromobilidade sustentável, combinando app de rotas inteligentes, mobiliário urbano modular (bicicletários, estações de apoio) e plataforma SaaS para gestão e monitoramento, conectando usuários, empresas e governo para promover saúde, segurança, comunidade e redução de emissões.

Principais Tecnologias da Lida – Mobilidade Ativa
- Plataforma integrada que combina geolocalização e APIs de mapas, inteligência artificial para análise de rotas (segurança, saúde, estrutura urbana e impacto ambiental), 
- IoT para monitoramento de mobiliário urbano, energia sustentável com painéis solares, 
- SaaS para gestão e relatórios B2B/B2G, gamificação e integração com moedas verdes como a Capiba, 
- integração com APIs públicas e privadas (clima, trânsito, segurança e emissões de carbono...).","","Mobilidade e Transportes ,  Cleantech ,  Tecnologia da Informação ,  Saúde e Bem-estar ,  Inovação Aberta","","","","Pós-graduação Lato Sensu (Especialização)"
"","1730082768861x481774937098866900 , 1730082768990x283104431848930850 , 1730082768991x946267658914432100","","","","","Ensino Médio Completo"
"","","","","","","Graduação Completa"
"","1730082768857x400215584094076700 , 1730082768863x706758470528743600 , 1733311004753x898121452323340300 , 1736795385341x875201066467065900","","","","","Pós-graduação Lato Sensu (Especialização)"
"Sou estudante de Ciência da Computação pela Universidade Católica de Pernambuco, atualmente no 7º período, com experiência prática nas áreas de Análise de Dados, Business Intelligence e Desenvolvimento de Software. Atuo como estagiário em Análise de Banco de Dados, sendo responsável pela administração de dados, elaboração de consultas SQL otimizadas, criação de dashboards interativos em Power BI e produção de documentação técnica. Também tenho vivência em levantamento de requisitos, prototipação de MVPs e testes com usuários finais, adquirida durante estágio em consultoria de tecnologia. Participei de projetos relevantes, como o NASA SpaceApps Challenge, onde conquistei o 2º lugar em um desafio global.
","1730082768860x137927508890474120 , 1730082768862x199306699983268240 , 1730082768863x872465040487125800 , 1730082768991x946267658914432100 , 1733311004753x898121452323340300 , 1736795385341x875201066467065900","","","","","Graduação Incompleta"
"","","","","","","Graduação Incompleta"
"Sou administradora, formada pela Faculdade de Pernambuco (UPE), e durante meus estudos consegui desenvolver habilidades em algumas áreas da administração, principalmente na gestão empresarial, no marketing e no comercial.

Minha jornada profissional é guiada pelo compromisso e vontade de impulsionar o sucesso das empresas em que participo, sempre muito alinhada com suas metas e objetivos.

Atualmente sou sócia da Harena Tech e trabalho como assistente de marketing e Product Owner do Grupo Moura. Busco sempre seguir meus caminhos com disciplina e determinação, transformando cada desafio em mais aprendizado.","","","","","","Graduação Completa"
"Atuo em Gestão de Projetos de TI, Supply Chain e Logística. 

Meu papel principal é projetar e guiar a implementação de soluções SAP complexas que atendam aos requisitos de negócio de uma organização. Atuando como uma ponte vital entre as necessidades de negócio do cliente e as capacidades técnicas e funcionais do sistema SAP.

Minha formação acadêmica inclui os seguintes cursos: MBA em Arquitetura de Soluções (TI), MBA em Logística e Bacharelado em Administração de Empresas.

Experiência em todas as fases de Projetos SAP (Implementação, Rollout, Upgrades, Melhorias e Suporte AMS), utilizando a metodologia SAP Activate e práticas ágeis (Scrum/Kanban) para garantir entregas de valor e a transformação digital do negócio.

Principais Competências:

- Gestão e Estratégia: Planejamento Estratégico de Supply Chain, Gestão de Projetos, Metodologias Ágeis (Scrum, Kanban), SAP Activate, Gestão de Riscos, Otimização de Processos, Lean Manufacturing.

- Módulo SAP EWM (Gestão de Armazéns) e integrações com SAP TM (Gestão de Transporte), SAP MM (Gestão de Materiais), SAP SD (Venda e Distribuição), SAP QM (Gestão da Qualidade), SAP PP (Planejamento da Produção) e MES (Sistema de Execução de Manufatura).

- Ferramentas: Jira, Trello, Miro, Kanbanize e Solman.","1730082768989x447754704179173200 , 1730082768990x378157449021326660 , 1730082768990x908344605474233200 , 1730082768991x424537250716787500 , 1730082768991x946267658914432100 , 1736795380401x891710962567217200 , 1739305884977x895840766347706400","","","","","Pós-graduação Lato Sensu (Especialização)"
"Mestra em Avaliação de Políticas Públicas pela Universidade Federal do Ceará (2019) e graduada em Administração (2016). Foi pesquisadora do Grupo de Avaliação de Políticas Públicas (GPAPP) do IFCE Campus Acaraú. Professora na Universidade Leonardo da Vinci no curso de Bacharelado em Administração. Atuou como Chefe do Departamento de Administração e Planejamento Instituto Federal de Educação, Ciência e Tecnologia do Ceará - IFCE Campus de Acaraú, entre os anos de 2018 a 2021, como Coordenadora de Extensão e Relações Empresariais, entre os anos de 2021 e 2025. Atual Coordenadora do Núcleo de Acessibilidade às Pessoas com Necessidades Específicas (NAPNE). Pesquisadora do Grupo de Estudos sobre Educação Financeira - GEEF, do(a) Instituto Federal do Ceará - Reitoria. Co-fundadora do Núcleo de Estudos em Educação Financeira do IFCE. Desenvolve pesquisas sobre Avaliação de Políticas Públicas, Mercado de Trabalho, Gênero, Formação socioeconômica do Brasil, Democratização e Política. ","1730082768863x303458719044837880 , 1730082768989x128134695403501860 , 1730082768989x447754704179173200 , 1730082768991x224364058070472670 , 1730082768991x537260870947078340 , 1730082768991x907049167776689000 , 1730082768993x561406077271957800 , 1736795380401x891710962567217200 , 1736795385341x875201066467065900 , 1736799723388x639778431049400300","","","http://lattes.cnpq.br/1797605417118544","","Pós-graduação Stricto Sensu (Mestrado)"
"Especialista em Inovação, Tecnologia e Criatividade, com atuação em Educação, Empreendedorismo e Projetos de Impacto Social.
Da sala de aula ao ecossistema de startups: desenvolvendo talentos e soluções inovadoras.","1730082768860x137927508890474120 , 1730082768860x428785909410840800 , 1730082768860x504990803755880770 , 1730082768861x563743222902058940 , 1730082768862x199306699983268240 , 1730082768863x303458719044837880 , 1730082768863x437216750323275600 , 1730082768989x447754704179173200 , 1730082768990x908344605474233200 , 1730082768991x946267658914432100 , 1736795365633x709699135568085000 , 1736795373456x159659417710100480 , 1736795380401x891710962567217200 , 1744309976325x372181721336512500 , 1744309987629x773725263012298800","","","","","Pós-graduação Lato Sensu (Especialização)"
"","","","","","",""
"","","","","","",""
"","","","","","",""
"Desenvolvimento de maquinas e equipamentos para industrias","","","","Projetista Mecanico","","Graduação Completa"
"Com uma trajetória consolidada no fomento ao empreendedorismo, liderança, gestão e consultoria, trago uma combinação única de habilidades em marketing digital, experiência do cliente e análise de dados. Minha expertise em implementar soluções inovadoras e otimizar processos garante resultados tangíveis e um impacto positivo nos seus negócios.
MBA em Marketing Digital e graduação em Administração de Empresas, aplico minha expertise em transformação digital para impulsionar a empresa e criar um ecossistema sustentável. Minha experiência abrange desde o diagnóstico e mapeamento de processos até a implementação de ferramentas digitais para otimizar vendas, marketing digital, relacionamento com o cliente (CRM), análise de dados, Customer Experience (CX) e Customer Success (CS).

Habilidades e Competências:

• Liderança e Gestão: Experiência como gerente e sênio de vendas, marketing digital, admonistrativo e financeiro, liderando equipes e tomando decisões estratégicas baseadas em dados.
• Transformação Digital: Especialista em implementar soluções digitais para otimizar processos e impulsionar resultados. Conhecimento avançado em ferramentas como Scrum, Leancanvas, mapa mental e IA.
• Marketing Digital e Vendas: Profundo conhecimento em marketing digital, vendas online, e-commerce e estratégias de comunicação.
• Customer Success e Experience: Foco na criação de experiências positivas para o cliente, com estratégias de sucesso e fidelização.
• Análise de Dados: Habilidade em analisar dados de campanhas, métricas de marketing digital e sistemas ERP.
• Consultoria e Mentoria: Experiência em consultoria, mentoria e treinamento para time e liderança.
• Ferramentas de Produtividade: Domínio de ferramentas Google (Forms, Docs, Sheets, etc.), Microsoft Office (Excel, Word, Powerpoint, etc.) e outras ferramentas de edição de imagem e vídeo, e IA como ChatGPT, Gemini, Copilot, NotebookLM e lovable.

Idiomas: Inglês intermediário e Espanhol intermediário","1730082768857x669866331904356400 , 1730082768860x504990803755880770 , 1730082768862x199306699983268240 , 1730082768989x128134695403501860 , 1730082768990x505532656251298500 , 1730082768991x224364058070472670 , 1730082768991x537260870947078340 , 1733310990274x306545070781497340 , 1733310994799x496372949928640500 , 1733310998012x773522477359038500 , 1736795369562x620931672430346200 , 1736795373456x159659417710100480 , 1736795380401x891710962567217200 , 1736795385341x875201066467065900 , 1741729565566x666992707682172900 , 1741729568307x129489394287247360 , 1741729582539x169399849681682430 , 1741729589960x110658567623147520 , 1741729592570x655072755140001800 , 1741729595219x407630741248671740 , 1741729617752x996933132506890200","","","","","Pós-graduação Lato Sensu (Especialização)"
"Nenhuma","1730082768857x400215584094076700 , 1730082768857x421405799046948000 , 1730082768857x669866331904356400 , 1730082768857x805618473870865800 , 1730082768857x962576373983530000 , 1730082768860x504990803755880770 , 1730082768863x437216750323275600","","","","","Graduação Incompleta"
"Consultor do Sebrae/RN nas Salas do Empreendedor","","","","http://lattes.cnpq.br/7284102617794361","","Pós-graduação Lato Sensu (Especialização)"
"Cientista Social pela Universidade Federal de Pernambuco (UFPE) e Desenvolvedor Full Stack com formação técnica pela RECODE.org. Possui mais de dez anos de experiência em projetos sociais, pesquisa de campo e iniciativas de base comunitária. Atuou como educador social, pesquisador, gestor de equipe e desenvolvedor em projetos interdisciplinares nas áreas de cultura, sustentabilidade, tecnologia e educação. É cofundador da ArtEsfera, startup incubada no Parque Tecnológico da UFPE, com foco em soluções digitais para profissionais da arte e cultura. Atualmente lidera o desenvolvimento do protótipo de uma assistente virtual baseada em inteligência artificial voltada à gestão de carreira, precificação, contratos e visibilidade profissional no setor artístico-cultural.","1730082768863x847092725948758700 , 1730082768991x537260870947078340 , 1733310990274x306545070781497340 , 1733310994799x496372949928640500 , 1736795365633x709699135568085000 , 1736799723388x639778431049400300","","","http://lattes.cnpq.br/9724261097370100","","Graduação Completa"
"Químico com experiência na área de informática e engenharia.","1730082768859x185811524742764960","","","http://lattes.cnpq.br/3872869720430814","","Doutorado"
"","","Desculpe ,  mas você não forneceu um texto para que eu possa captar as categorias. Por favor ,  envie um trecho ou descrição ,  e eu poderei ajudar a identificar as 5 categorias correspondentes.","","","","Ensino Médio Incompleto"
"","","Desculpe ,  mas preciso que você forneça o trecho que deseja transformar antes que eu possa ajudar.","","","","Ensino Técnico"
"","","Desculpe ,  mas você não forneceu um texto para que eu possa identificar as categorias. Por favor ,  forneça um trecho que eu possa analisar.","","","","Ensino Médio Incompleto"
"","","Desculpe ,  mas não tenho um trecho de texto para analisar. Por favor ,  forneça o texto que você gostaria que eu transformasse nas categorias da lista.","","","","Ensino Médio Incompleto"
"Empreendedor, cientista da computação, especialista em tecnologia e inovação, minhas principais experiências são com consultoria de inovação para corporações, relacionamento com startups e ambientes de inovação, investimento e aceleração de startups e corporate venture capital. 

Colaborei em projetos com empresas como The Bakery Brasil, Hub Fucape, Ace Ventures, Bbutton Ventures, Moov Consultoria, Delivery Much, Fundo Soberano do Espirito Santo (Funses1), Bússola Hub, BNDES, ajudando e conectando startups e desenvolvendo projetos de inovação.

Tenho atuação como voluntário na organização de eventos de empreendedorismo e comunidades de inovação como Startups Weekend e Inovativa Brasil.","1736795365633x709699135568085000 , 1736795369562x620931672430346200 , 1736795373456x159659417710100480 , 1736795380401x891710962567217200 , 1736795385341x875201066467065900","[""Inovação"" ,  ""Consultoria"" ,  ""Aceleração"" ,  ""Gestão"" ,  ""Startups""]","","","","Graduação Completa"
"","1730082768857x400215584094076700 , 1730082768863x706758470528743600 , 1730082768863x847092725948758700 , 1730082768991x424537250716787500 , 1736795369562x620931672430346200 , 1736795380401x891710962567217200 , 1755629695937x551027376437190000","Desculpe ,  mas não recebi o trecho que você gostaria que eu analisasse para identificar as categorias. Por favor ,  forneça o texto e eu ficarei feliz em ajudar!","","","","Pós-graduação Lato Sensu (Especialização)"
"Professor do Departamento de Ciências do Consumo da Universidade Federal Rural de Pernambuco (DCC-UFRPE) e do Programa de Pós-Graduação em Saúde Única (PMPSU-UFRPE); Doutor em Sociologia (PPGS-UFPE); Bacharel em Ciências Econômicas - UFPE; Mestre em Administração e Desenvolvimento Rural (PADR-UFRPE); Coordenador do núcleo de pesquisa e inovação Hub Consumo; Coordenador da Incubatec | NEI - Instituto IPÊ | UFRPE (Fev/2021-Ago/2023); Substituto Eventual da Direção do Departamento de Ciências do Consumo (Outubro/2024 - atual). Diretor do Núcleo de Empreendedorismo e Inovação do Instituto IPÊ da UFRPE (Ago/2023-Abr/2024); Coordenador de Inteligência de Mercado e Sócio da startup FoodRec - Compare Delivery. ","","Educação ,  Gestão ,  Inovação Aberta ,  E-commerce ,  Saúde e Bem-estar","","http://lattes.cnpq.br/4434499456331867","","Doutorado"
"Sócia da start soluções para residuos, pesquisadora de tratamento de residuos sólidos de dificil reciclagem, ambientalista- educadora ambiental  e desenvolvedora de produtos sustentáveis para reforma e construção. 
Nosso principal solução é a reciclagem do isopor a frio e a seco transformando em uma massa plástica que batizamos de REPARô utilizada em reformas de imovéis pintando, restaurando e impermeabilizando ao mesmo tempo . Com esta mesma matéria prima desenvolvemos um painel sintético, lavável e impermeável , resistente para construção industrializada.","1730082768860x504990803755880770 , 1730082768863x897878002556551200 , 1730082768989x128134695403501860 , 1736795369562x620931672430346200","""Cleantech ,  Saúde e Bem-estar ,  Sociedade e Meio Ambiente ,  Construção e Imóveis ,  Inovação Aberta""","","http://lattes.cnpq.br/0470024470445074","","Graduação Incompleta"
"Segurança da Informação, Inteligência Artificial LLMs (RAG, Fine, Prompt), Programação de Embarcados, Visão Computacional e Realidade Aumentada (Java, JavaScript, Python, Shell Script)","","Segurança e Defesa ,  Tecnologia da Informação ,  Profissionais ,  Inovação Aberta ,  Deep Tech","","","","Graduação Incompleta"
"Profissional com mais de 18 anos de atuação estratégica na contabilidade, controladoria e liderança industrial, com forte foco em inovação e desenvolvimento regional. Doutora em Ciências Econômicas com ênfase em Contabilidade, alio conhecimento técnico, visão de negócios e experiência executiva para impulsionar startups e indústrias a partir de soluções eficientes e sustentáveis.

Atuei como presidente do SINDUSGESSO e da Câmara Setorial do Gesso de Pernambuco, liderando políticas públicas e ações de fortalecimento do setor. Também ocupei a Controladoria Geral do Município de Araripina, onde implementei melhorias em processos de auditoria e transparência.

Atualmente sou Diretora Adjunta da FIEPE (2024-2028), além de empreendedora à frente da Formalize.CA, Evalle, HAp Biohealth, Gesso Mineral PNZ e Valley Space — empresas com foco em transformação digital, sustentabilidade e inovação tecnológica.

Mentora da Abstartups e embaixadora em Pernambuco, ajudo a preparar empreendedores para crescerem com segurança jurídica, organização financeira e acesso a programas de fomento.

Minhas especialidades incluem: contabilidade para startups, projetos de inovação, auditoria, controladoria pública e privada, abertura e estruturação de empresas, captação de recursos e transformação de ideias em negócios escaláveis.","1730082768857x669866331904356400","FinTech ,  Inovação Aberta ,  Gestão e Consultoria ,  Saúde e Bem-estar ,  Tecnologia da Informação","","https://lattes.cnpq.br/6319313302065118","","Doutorado"
"Atuo como CEO e desenvolvedor de uma startup. Onde tenho projetos ERP","1730082768857x669866331904356400","Tecnologia da Informação ,  Gestão ,  Inovação Aberta ,  Software ,  ERP","","","","Graduação Incompleta"
"","1730082768857x669866331904356400 , 1730082768990x505532656251298500 , 1730082768991x713565040598437100 , 1733311014188x266854195088064500","Marketplace ,  FinTech ,  E-commerce ,  Saúde e Bem-estar ,  Gestão","","","","Graduação Incompleta"
"Farmacêutica formada pela Universidade Federal de Pernambuco (UFPE) em 2009, com habilitações em Bioquímica-Analista (2012) e Farmacêutico-Industrial (2013), ambas pela UFPE. Possui três especializações: Saúde Pública - Gestão de Sistemas e Ações de Saúde pela Faculdade de Enfermagem Nossa Senhora das Graças da Universidade de Pernambuco (FENSG/UPE, 2014); Gestão de Prescrição Farmacêutica e Farmácia Clínica (ICSH-CESB, 2016); e Preceptoria em Saúde (UFRN, 2020). É Mestre em Gestão e Economia da Saúde pelo Programa de Pós-Graduação em Gestão e Economia da Saúde da UFPE (PPGES/UFPE, 2022). Iniciou sua trajetória profissional no Laboratório do Hospital Universitário da Universidade Federal de Sergipe, onde atuou como Farmacêutica Bioquímica, responsável pelo setor de Bioquímica. Posteriormente, exerceu a função de Farmacêutica Clínica Hospitalar na Unidade de Terapia Intensiva Geral-Adulto do Hospital das Clínicas da UFPE.Atualmente, é Chefe da Unidade de Gestão da Inovação Tecnológica em Saúde (UGITS) do Hospital das Clínicas da UFPE, além de coordenar o Núcleo de Avaliação de Tecnologias em Saúde (NATS) e integrar a Comissão de Farmácia e Terapêutica da mesma instituição. ","","Saúde e Bem-estar ,  Biotech ,  Gestão ,  Inovação Aberta ,  Tecnologia da Informação","","http://lattes.cnpq.br/9566327659359667","","Pós-graduação Stricto Sensu (Mestrado)"
"Operador atualmente, mas quero realizar meu sonho de ser empresário com a minha ideia de negócio!","1730082768863x847092725948758700","Empreendedorismo ,  Gestão ,  Inovação Aberta ,  Negócio Social ,  Aceleração.","","","","Ensino Médio Completo"
"","1730082768858x771044980153256200 , 1730082768859x185811524742764960 , 1730082768860x173399710463204580 , 1730082768862x285775044042257280 , 1730082768990x378157449021326660","Por favor ,  forneça o trecho que você gostaria que eu analisasse para identificar as categorias.","","http://lattes.cnpq.br/8897202884963325","","Pós-Doutorado"
"","","Por favor ,  forneça o trecho que deseja que eu analise e de onde você gostaria que eu identifiesse as categorias.","","","","Graduação Completa"
"Trabalho atualmente no desenvolvimentos de softwares como autônomo","1730082768991x946267658914432100","Tecnologia da Informação ,  Desenvolvimento de Software ,  Inovação Aberta ,  Gestão ,  Aceleração","","","","Graduação Incompleta"
"","1730082768857x308766884499381400 , 1730082768857x400215584094076700 , 1730082768857x669866331904356400 , 1730082768860x504990803755880770 , 1730082768990x505532656251298500 , 1730082768990x730019343677022300 , 1736795369562x620931672430346200 , 1736795373456x159659417710100480 , 1736795380401x891710962567217200","Desculpe ,  mas você não forneceu o texto para que eu possa identificar as categorias. Por favor ,  forneça o trecho que deseja que eu analise.","","","","Ensino Médio Completo"
"Administradora formada pela UESB, com MBA em Gerenciamento de Projetos pela FGV, Especialista em Responsabilidade Social - PUC, Especializão em Gestão de Iniciativas Sociais - UFRG. Possui mais de 15 anos de experiência na gestão de projetos sociais e culturais. É fundadora e gestora de organização da sociedade civil com atuação consolidada na inclusão socioprodutiva de jovens em vulnerabilidade, com foco em cultura, tecnologia e cidadania.","1730082768992x108489993766593740","""Educação ,  Social Impact ,  Inovação Aberta ,  Gestão e Consultoria ,  ONG""","","","","Pós-graduação Lato Sensu (Especialização)"
"Founder & CEO Braço Forte Concierge

Desenvolvedor de Aplicativos

ex-jogador profissional de e-Sports
","","E-commerce ,  Gaming & Esports ,  Tecnologia da Informação ,  Gestão ,  Inovação Aberta","","","","Ensino Médio Completo"
"Sócio fundador e diretor executivo da OPTIMATECH. Representante legal e responsável pelo relacionamento institucional da empresa, buscando desafios e criando oportunidades para fomentar a transformação digital na indústria de processos.

Atua, principalmente, por meio da inovação aberta, desenvolvendo protótipos e realizando provas de conceito para a oferta de soluções tecnológicas personalizadas para a operação e manutenção industrial, como gêmeo digital, manutenção preditiva e programação da produção.

Possui doutorado em engenharia química e capacitação nas áreas de modelagem (fenomenológica e baseada em dados) e simulação de processos, controle avançado, otimização em tempo real, ciência de dados e inteligência artificial.","1730082768990x908344605474233200","Desculpe ,  mas não recebi o trecho para ser transformado. Por favor ,  forneça o texto ,  e eu poderei identificar as categorias correspondentes.","","http://lattes.cnpq.br/1554875953516112","",""
"Profissional brasileira com 30 anos de idade, graduada em Comércio Exterior e Negócios Internacionais, com trajetória consolidada em operações logísticas, despacho aduaneiro, importação e exportação. Atua em empresas nacionais de diversos setores, agro, alimenticio, industrial e afins com experiência prática em projetos voltados à eficiência operacional, conformidade regulatória e integração de sistemas. 
Atualmente desenvolve estudos voltados à análise de dados aplicados ao comércio exterior, com o objetivo de modernizar processos, melhorar a experiência do usuário e gerar soluções mais competitivas para o mercado. 
Cursa especialização (não finalizada) em Tecnologia, Inteligência e Inovação recentemente finalizou o curso Governo Aberto, promovido pela Delft University of Technology (TU Delft) e ENAP.

Possuo interesse ativo em iniciativas de governo aberto, dados abertos e desenvolvimento econômico e social, com foco na promoção da transparência, inovação pública e uso ético de dados para qualificação de políticas públicas. 
Busco ampliar sua atuação estratégica contribuindo com abordagens analíticas e tecnológicas para o fortalecimento da gestão pública, do setor produtivo e da competitividade brasileira no cenário global","1730082768860x173399710463204580 , 1730082768862x199306699983268240 , 1730082768863x303458719044837880 , 1730082768989x128134695403501860 , 1736795385341x875201066467065900","[""LogTech"" ,  ""Comércio Eletrônico"" ,  ""Governo e Poder Público"" ,  ""Inovação Aberta"" ,  ""Educação""]","","https://lattes.cnpq.br/1433391940463910","","Pós-graduação Lato Sensu (Especialização)"
"","","Desculpe ,  mas você não forneceu um texto para que eu possa identificar as categorias correspondentes. Por favor ,  insira o texto que você gostaria que eu analisasse.","","","","Pós-graduação Stricto Sensu (Mestrado)"
"Sou um graduando em Engenharia Agrícola e Ambiental na UNIVASF, com uma paixão especial pela gestão de grupos e empresas. Desde os 10 anos, tenho experiência empreendedora, ja fui bolsista pela FACEPE, atualmente sou bolsista IC na FAPESB e sou coordenador geral do NESA3TEC (Núcleo de estudos aplicados em ambiência animal e inovações tecnológicas). Ao longo do meu percurso acadêmico, tenho desenvolvido habilidades na área de gestão e liderança, buscando constantemente agregar valor e alcançar resultados significativos. Sou comprometido, proativo e estou sempre em busca de novos desafios e oportunidades para crescimento e desenvolvimento.","","Desculpe ,  mas não vejo um texto ou um trecho fornecido para que eu possa identificar as categorias. Por favor ,  forneça o texto ou descrição para que eu possa ajudar.","","https://lattes.cnpq.br/6966763843204354","","Graduação Incompleta"
"Orientadora Educacional em uma Graduação ","","Educação ,  Gestão ,  Universidade ,  Inovação Aberta ,  Mentoria","","","","Pós-graduação Lato Sensu (Especialização)"
"Mestre em Ciência da Computação pela Universidade Federal de Pernambuco (2010). Pós-graduado em Adm. de redes em Linux pela Universidade Federal de Lavras -MG(2005). Graduação em Ciências pela Faculdade de Formação de Professores de Belo Jardim (2000). Docente efetivo desde 2006 do IFPE, campus Belo Jardim, onde atualmente é professor e coordenador no curso de Engenharia de Software. Também atua como coordenador do Projeto Moura Tech, uma parceria entre Grupo Moura, IFPE e FADE para o desenvolvimento de capacitação e inovação. Tem interesse em atividades de pesquisa voltadas ao uso de Sistemas Operacionais, Internet da Coisas e Cybersegurança. Atuando no cenário regional desde 2000 com o uso de software livre, especialmente Linux, voltado para redes de computadores.","1730082768860x504990803755880770","Educação ,  Tecnologia da Informação ,  IoT ,  Cybersecurity ,  Inovação Aberta","","http://lattes.cnpq.br/2309933838171531","","Pós-graduação Stricto Sensu (Mestrado)"
"Sócio fundador e diretor executivo da Pegasus, formado em Estatística e com pós-graduação em Administração Financeira e especialização em programação e análise de sistemas. Ele trabalha na Pegasus há mais de 20 anos, onde tem atuado como gerente executivo e comercial, participando da criação, comercialização e implantação dos produtos.","","E-commerce ,  FinTech ,  Gestão ,  Tecnologia da Informação ,  Inovação Aberta","","Amaro Monteiro Barbosa Sobrinho","","Pós-graduação Lato Sensu (Especialização)"
"Gestor de Cooperativas e Vice-Presidente do Instituto Ecohos","1730082768991x537260870947078340","Gestão ,  ONG ,  Sociedade e Meio Ambiente ,  Negócio Social ,  Inovação Aberta","","","","Pós-graduação Lato Sensu (Especialização)"
"Sócio fundador e diretor executivo da Pegasus, formado em Estatística e com pós-graduação em Administração Financeira e especialização em programação e análise de sistemas. Ele trabalha na Pegasus há mais de 20 anos, onde tem atuado como gerente executivo e comercial, participando da criação, comercialização e implantação dos produtos.","","E-commerce ,  FinTech ,  Gestão ,  Tecnologia da Informação ,  Inovação Aberta","","Amaro Monteiro Barbosa Sobrinho","","Pós-graduação Lato Sensu (Especialização)"
"","1730082768857x308766884499381400 , 1730082768857x400215584094076700 , 1730082768857x962576373983530000","Desculpe ,  mas parece que você não forneceu o texto que gostaria que eu analisasse. Por favor ,  forneça o trecho que precisa ser classificado e ficarei feliz em ajudar!","","","",""
"","","","","","",""
"","","","","","",""
"","","","Recife","","",""
"","","","Recife","","",""
"","","","Recife ","","",""
"Co-founder e CEO da StartUp Deep Tech Imogen, Engenheiro de Controle e Automação (UPE). E mestre em Inteligência Computacional pelo departamento de engenharia da computação (UPE). +10 anos atuando em pesquisa e projetos que abrangem robótica, mecânica, IA, eletrônica, automação, sistemas embarcados e muita inovação. Atuou como projetista, desenvolvedor e líder técnico no NEAR (Núcleo de Engenharia em Automação e Robótica - UPE). Atuou como estagiário, líder técnico, product Owner e Coordenador de tecnologia na StartUp PickCells, onde no início era responsável por criar os robôs e liderando um time multidisciplinar. Maker desde que se conhece por gente. Idealizador de produtos voltados para a indústria de biotecnologia. ","1730082768858x771044980153256200 , 1730082768859x185811524742764960 , 1730082768860x137927508890474120 , 1730082768860x848691000265765800 , 1730082768862x285775044042257280 , 1730082768863x847092725948758700 , 1760035852827x723097366639411200","",""," http://lattes.cnpq.br/0522183397385251","","Pós-graduação Stricto Sensu (Mestrado)"
"","","","","","",""
"","","","","","","Doutorado"
"Possui graduação em Fisioterapia pelo Centro universitário Maurício de Nassau - Recife (2015). Atualmente é professor no Centro Universitário UNINOVO, atuando principalmente nos seguintes temas: Fisioterapia, Acidente Vascular Cerebral, Neurologia e funcionalidade. é membro da Associação Brasileira de Fisioterapia Neurofuncional (ABRAFIN).

","","","","http://lattes.cnpq.br/7505089862252221","","Pós-graduação Lato Sensu (Especialização)"
"","","","","","",""
"Sou estudante de Design pela Universidade Federal de Pernambuco (UFPE). Atua nas áreas de design gráfico, design de superfície e ilustração, com foco em projetos voltados à inclusão e ao desenvolvimento infantil. Desenvolve pesquisas sobre brinquedos e experiências lúdicas para crianças com Transtorno do Espectro Autista (TEA), com ênfase em segurança, usabilidade e design centrado no usuário.","1760035852827x723097366639411200","",""," http://lattes.cnpq.br/0730628289242856","","Graduação Incompleta"
"Professor universitário da UFRPE, campus Serra Talhada - PE","","","","http://lattes.cnpq.br/1413656441540635","","Doutorado"
"","","","","","",""
"","","","Serra Talhada","","",""
"","","","Recife","","",""
"","","","","","",""
"","","","Recife","","",""
"","","","","","",""
"","","","RECIFE","","",""
"","","","","","",""
"","","","","","",""
"","","","","","",""
"","","","","","",""
"Estudante ","1730082768857x308766884499381400","Educação ,  Universidade ,  Gestão ,  Inovação Aberta ,  Pesquisa","","","","Graduação Completa"
"","","","","","","Graduação Incompleta"
"","","","","","",""
"","","","","","","Graduação Completa"
"Sou formado em Análise e Desenvolvimento de Sistemas, já trabalhei na Stefanini como desenvolvedor e atualmente estou cursando sistemas da informação ","","","","","","Graduação Incompleta"
"Tesoureira ","","","","","","Graduação Completa"
"Estudante","1730082768863x303458719044837880","","","","","Ensino Técnico"
"","","","","","","Ensino Técnico"
"","","","","","",""
"","","Desculpe ,  mas não ensina o texto a ser transformado. Por favor ,  forneça o texto que você gostaria de classificar usando as categorias listadas.","","","","Graduação Incompleta"
"","1730082768863x303458719044837880","","","","","Ensino Médio Incompleto"
"","","","","","",""
"Jovem Aprendiz — Assistente Administrativo ","1730082768861x481774937098866900","","","","","Graduação Incompleta"
"","1730082768863x706758470528743600","","","","","Graduação Incompleta"
"","","","","","","Graduação Completa"
"Analista e Desenvolvedor dê sistemas","1730082768860x173399710463204580","","","","","Graduação Incompleta"
"","","","","","","Graduação Incompleta"
"","","","","","",""
"","","","","","","Ensino Médio Completo"
"","1730082768857x308766884499381400","","","","","Ensino Médio Completo"
"","1730082768863x437216750323275600","","","","","Ensino Médio Completo"
"","","","","","",""
"","","","","","","Graduação Incompleta"
"","1730082768857x400215584094076700","","","","","Graduação Incompleta"
"","","","","","",""
"","1730082768857x400215584094076700","","","","","Ensino Médio Completo"
"Cientista da Computação","1730082768857x669866331904356400 , 1730082768859x185811524742764960 , 1730082768863x303458719044837880 , 1730082768990x283104431848930850","","","","","Graduação Incompleta"
"","","","","","","Graduação Completa"
"Autônomo ","","","","","","Graduação Completa"
"","","","","","","Graduação Incompleta"
"","","","","","",""
"","1730082768860x504990803755880770","","","","","Ensino Médio Completo"
"","","","","","",""
"","","","","","",""
"","1730082768860x310558539223834800","","","","","Ensino Médio Completo"
"","1730082768859x185811524742764960","","","","","Ensino Médio Completo"
"","","","","","",""
"","","","","","",""
"","","","","","",""
"","","","","","",""
"","","","","","","Graduação Incompleta"
"Biologa","1730082768863x437216750323275600","","","","","Graduação Completa"
"","","","","","","Graduação Incompleta"
"Estudante ","","","","","","Ensino Técnico"
"","1730082768857x400215584094076700","","","","","Graduação Incompleta"
"","","","","","",""
"","","","","","","Graduação Completa"
"CEO - Motiron Tech","","","","","","Graduação Completa"
"Gestor Comercial e de Negócios com mais de 20 anos de experiência em comunicação, mídia e inovação. Fundador e CEO da Ummix Ads, startup que digitaliza a compra de mídia tradicional com dados e inteligência. Atuou na liderança de redes de rádio e projetos de grande porte, conectando veículos, agências e anunciantes em todo o Brasil. Participa ativamente do ecossistema de startups, tendo representado Goiás em eventos como o Web Summit Rio, HackTown e ESX Innovation Experience.","1730082768857x421405799046948000","","","","","Graduação Incompleta"
"","","","Recife","","",""
"Gestão do Conhecimento; Gestão de Processos; Análise de Dados","","","","https://lattes.cnpq.br/2618667528625268","","Pós-graduação Stricto Sensu (Mestrado)"
"","","","","","",""
"Pós-Doutor no Departamento de Digital Media Concepts, Academy for AI, Games Media pela BUas - Breda University of Applied Sciences (Holanda, 2024/25), Doutor em Engenharia de Produção pela Universidade Federal de Pernambuco (UFPE) com período Sanduíche na Universidade Técnica de Lisboa (UTL), em Portugal (2007), Mestre em Engenharia de Produção pela UFPE (2002), Especialista (Lato Sensu) em Ergonomia pela UFPE (2001), e Bacharel em Desenho Industrial com Habilitação em Projeto do Produto pela UFPE (1999). Professor Titular do Departamento de Design da UFPE | Campus Recife e Professor permanente no PPGDesign | Programa de Pós-graduação em Design - Mestrado e Doutorado na UFPE. Coordenador do LaCAI - Laboratório de Concepção e Análise de Artefatos Inteligentes desde 2009, com portaria de funcionamento pela UFPE. Bolsista de Produtividade em Pesquisa pelo CNPq desde 2011 (2011-2013 / 2014-2016 / 2017-2022) e atualmente Nível 1D (2022-2026). Atuou como: Diretor do CAC - Centro de Artes e Comunicação da UFPE por 2 quadriênios (2012-2016 / 2016-2020); Coordenador do PPGDesign - Programa de Pós-graduação em Design (2021-2023); Coordenador do PPGErgo - Programa de Pós-graduação em Ergonomia | Mestrado Profissional (2019-2020); Chefe do Departamento de Design da UFPE (2010-2012); Membro do CA - DI - Comitê de Assessoramento - Desenho Industrial do CNPq (10/2018 - 06/2021); Coordenador Local da Cooperação Internacional BRAFITEC (Brasil França) com Grenoble INP, UTBM, ENSGaSI (UL) (2015-2016 / 2017-2018); Membro da Câmara de Assessoramento e Avaliação de Inovação da FACEPE - Fundação de Amparo à Ciência e Tecnologia do Estado de Pernambuco (2015-2017 / 2017-2019); Membro titular do Conselho de Curadores da FADE - Fundação de Apoio ao Desenvolvimento da UFPE (2019-2020). Possui parceria com o FAB Lab Recife conveniado com o LaCAI, e atua como pesquisador no Grupo/Laboratório de Pesquisa Voxar Labs do CIn - Centro de Informática da UFPE. Desenvolve pesquisa junto ao PAP - Programa de Avaliação de Produtos do Inmetro-RJ onde possui convênio firmado (2019-2029). Possui ampla experiência atuando principalmente nas áreas de Design, com ênfase em: Concepção e Desenvolvimento de Artefatos, Avaliação de Usabilidade, Acessibilidade e Normatização, Técnicas Criativas, Segurança de Artefatos, Design Centrado no Usuário, HCI, UX/UI, Design para Realidade Aumentada e Virtual, Impressão 3D e Prototipagem Rápida.","1730082768863x303458719044837880 , 1730082768863x437216750323275600 , 1760035852827x723097366639411200","","Recife","http://lattes.cnpq.br/3252289006108114","","Pós-Doutorado"
"Administrador, gestor empresarial, consultor em gestão pública e privada, mentor de startups CEO da Cambuí Online empresa de tecnologia e realidade virtual. ","","","","","","Graduação Completa"
"","","","","","",""
"Analista de Soluções Educacionais Sênior no CESAR.","1730082768858x468276121764350300 , 1730082768860x504990803755880770 , 1730082768862x199306699983268240 , 1730082768989x128134695403501860 , 1730082768989x447754704179173200","","","http://lattes.cnpq.br/0113326674939174","","Pós-graduação Stricto Sensu (Mestrado)"
"","","","","","",""
"PMO | Projetos Ágeis em Tecnologia | Parcerias Estratégicas
","1730082768857x308766884499381400","","","","","Pós-graduação Lato Sensu (Especialização)"
"","","","Recife","","",""
"","","","","","",""
"","","","","","","Pós-graduação Lato Sensu (Especialização)"
"","","","","","",""
"","","","","","",""
"","1730082768857x308766884499381400 , 1730082768990x283104431848930850 , 1730082768991x946267658914432100","","","","","Doutorado"
"Direcionar o SEBRAE através do planejamento e mensuração de estratégias que promovam inovação, sustentabilidade e impacto no nosso território, baseado nos dados sobre mercado, clientes, futuros e performance. Atuação mais direta no monitoramento, análise e otimização da performance através do acompanhamento dos OKRs de todas as unidades do Sebrae Pernambuco.","","","","","","Pós-graduação Stricto Sensu (Mestrado)"
"","","","RECIFE","","",""
"","1730082768862x199306699983268240 , 1730082768863x847092725948758700 , 1730082768990x505532656251298500 , 1739304861418x988440115825868800","","Recife","","",""
"Vigilante e Motorista ","","","","","","Ensino Fundamental Completo"
"","","","teste","","",""
"","","","","","","Pós-graduação Stricto Sensu (Mestrado)"
"Engenheiro químico com sólida experiência na indústria de alimentos, atuando há mais de 17 anos em processos industriais, desenvolvimento de produtos, eficiência energética e consultoria técnico-comercial. Especialista em processos de sucos, polpas, laticínios, sorvetes, bebidas funcionais e derivados de frutas, com enfoque em sustentabilidade, automação e exportação.
Atua como consultor independente à frente da Elpídio Lunardelli Consultoria, prestando serviços técnicos e estratégicos para empresas como Delisucos, Agroindústria Chã Grande, Fazenda Campinas, Frisabor, Milet entre outras. Desenvolve projetos completos — do layout fabril à formulação e registro de produtos na Anvisa e MAPA, incluindo balanços de massa e energia, implantação de CIP, pasteurização, envase asséptico e automação industrial.
Coordena programas institucionais e setoriais, articulando ADAGRO, MAPA, APEVISA, ITEP, CEASA/PE, SENAR e Ministério Público em um modelo pioneiro de monitoramento e rastreabilidade das indústrias de polpas e sucos. Também atua na formação de políticas públicas e capacitação técnica voltadas à agroindústria, fruticultura e cooperativismo.
Desenvolve projetos de inovação como o Polpanet (plataforma digital de comercialização de polpas) e o Ozzy (tecnologia de sanitização e pasteurização não térmica por ozônio). Ambos os projetos estão sendo estruturados para incubação no ITEP/Incubatep.
Elpídio participa de feiras e missões internacionais, como a Agrinordeste, onde ministra palestras e coordena ações setoriais. 
Atua ainda como mentor e articulador institucional, conectando indústrias, cooperativas e órgãos públicos, e desenvolve planos de internacionalização e adequação a barreiras técnicas e certificações (Exporta PE, ApexBrasil, PEIEX).

","1730082768860x739993378960591200 , 1730082768862x199306699983268240 , 1730082768862x285775044042257280 , 1730082768863x656744204291835600 , 1730082768863x834359365231377700","","","http://lattes.cnpq.br/3278889665743329","","Pós-graduação Lato Sensu (Especialização)"
"","","","Recife","","",""
"Wesllen é PhD em Ciência da Computação e especialista em Data Science, com mais de 10 anos de experiência em machine learning, modelagem comportamental e analytics aplicada ao negócio. Na Wokibi, lidera o desenvolvimento de soluções de automação inteligente que convertem dados de comportamento em experiências pós-venda personalizadas e orientadas à fidelização. Foi Data Scientist na UME, onde desenvolveu modelos de risco de crédito ao longo de todo o ciclo do cliente e gerou insights estratégicos para análise de portfólio. Sua trajetória inclui projetos em detecção de anomalias, IoT, ambientes inteligentes e reconhecimento de atividades, com experiência internacional em pesquisa em Portugal e no Canadá.","1736795373456x159659417710100480 , 1736795385341x875201066467065900","","","http://lattes.cnpq.br/4666827294263489","","Doutorado"
"Gerente de Soluções Educacionais no CESAR.","1730082768858x468276121764350300 , 1730082768862x199306699983268240 , 1730082768989x128134695403501860 , 1730082768991x946267658914432100 , 1730082768992x211224114143456320","","Recife","http://lattes.cnpq.br/1363466421945826","","Pós-graduação Stricto Sensu (Mestrado)"
"Empresario","1730082768857x400215584094076700 , 1730082768991x214358686326057600 , 1733311014188x266854195088064500","FinTech , Serviços Profissionais , Gestão , Processos","","http://lattes.cnpq.br/8787930802792095","","Doutorado"
"","","","RECIFE","","",""
"","","","","","",""
"Gerente de Projetos e Tráfego Pago","","","","","","Ensino Médio Completo"
"","","","Recife","","",""
"","","","","","",""
"","1730082768862x199306699983268240 , 1730082768863x303458719044837880 , 1730082768863x847092725948758700 , 1730082768989x128134695403501860 , 1736795365633x709699135568085000","","","","","Ensino Técnico"
"","1730082768857x400215584094076700 , 1730082768857x421405799046948000 , 1730082768857x669866331904356400 , 1730082768857x805618473870865800 , 1730082768860x137927508890474120","","","","","Graduação Completa"
"","","","","","","Ensino Médio Completo"
"","","","Recife","","",""
"","","","","","","Graduação Incompleta"
"","","","Recife","","",""
"","","","","","",""
"","","","","","","Pós-graduação Lato Sensu (Especialização)"
"","1730082768857x308766884499381400 , 1730082768863x303458719044837880","","","","","Pós-graduação Lato Sensu (Especialização)"
"Doutoranda e mestra em Design formada pela Universidade Federal de Pernambuco, pesquisadora e professora de cursos na área como Produção de Moda e Styling, Personal Stylist e Figurino no Senac/PE. Em 2016 criou o tamboo.cc, comunidade criativa, estúdio de moda e imagem que atua no desenvolvimento de campanhas de moda das maiores empresas de confecção do estado e no desenvolvimento de figurino para comerciais publicitários, TV e cinema, e também desenvolve projetos na área de fashion branding e cursos livres de moda e comunicação. Fez parte da Coordenação de Projetos do Marco Pernambucano da Moda e foi Chefe do Setor de Design e Moda da Fundação de Cultura da Cidade do Recife onde desenvolve e gerenciou os projetos da área. Fez parte do Programa de Estímulo à Inovação na Moda do SEBRAE, onde atuou como pesquisadora no agreste do estado de Pernambuco, foi analista de inovação no Parque Tecnológico e Científico da UFPE e hoje está como Analista de Soluções Educacionais no CESAR.","1730082768857x421405799046948000 , 1730082768858x468276121764350300 , 1730082768860x137927508890474120 , 1730082768860x504990803755880770 , 1730082768860x581020234634739500 , 1730082768860x848691000265765800 , 1730082768861x338658230378535040 , 1730082768862x199306699983268240 , 1730082768862x344941916766838840 , 1730082768863x303458719044837880 , 1730082768863x437216750323275600","","","http://lattes.cnpq.br/9578879419368556","","Pós-graduação Stricto Sensu (Mestrado)"
"","","","Recife","","",""
"","","","","","",""
"","","","Recife","","",""
"","","","Recife","","",""
"","","","Recife","","",""
"","","","Recife","","",""
"Rodrigo Cursino é Gerente de Operações em Soluções Educacionais no CESAR, onde lidera estratégias que unem educação, inovação e tecnologia para gerar impacto positivo na vida das pessoas e das organizações. Com mais de 20 anos de experiência, no CESAR, atua no desenvolvimento de programas de educação corporativa, projetos educacionais e inovação aberta, conectando empresas, governos e ecossistemas de inovação. Engenheiro de formação, com pós-graduação em Gestão Estratégica de Negócios e mestrado em Engenharia de Software, Rodrigo é coautor de livro sobre transformação digital e vencedor de prêmios nacionais nas áreas de agilidade e qualidade de software. Movido por uma visão transformadora, acredita no poder da educação como motor de avanço social e da inovação como caminho para o futuro.","1736795385341x875201066467065900","","","http://lattes.cnpq.br/9820583599223849","","Pós-graduação Stricto Sensu (Mestrado)"
"","","","","http://lattes.cnpq.br/8089504613150907","","Doutorado"
"","","","","","",""
"Advocacia","1730082768858x468276121764350300 , 1730082768861x481774937098866900 , 1730082768862x199306699983268240 , 1730082768863x303458719044837880 , 1730082768863x559511243214976000 , 1730082768863x847092725948758700 , 1730082768989x447754704179173200 , 1736795365633x709699135568085000 , 1736795369562x620931672430346200 , 1736795373456x159659417710100480 , 1736795380401x891710962567217200 , 1757968886736x815699271015727100 , 1758214333566x532122293658189800 , 1758214383152x788300689779458000 , 1758214474182x778966631262191600","","","","","Pós-graduação Lato Sensu (Especialização)"
"","","","Recife","","",""
"","","","Recife","","",""
"","","","RECIFE","","",""
"Gerente de Operações de Soluções Educacionais no CESAR / CESAR School.","","","Recife","","","Pós-graduação Stricto Sensu (Mestrado)"
"","","","Teste","","",""
"","","","","","",""
"Estudante ","1730082768860x137927508890474120","","","","",""
"","","","Recife","","",""
"","1730082768857x400215584094076700 , 1730082768860x137927508890474120 , 1730082768862x617747877585492700 , 1730082768991x946267658914432100 , 1738177719210x663158686357651500 , 1758214333566x532122293658189800","","","","","Graduação Incompleta"
"","","","Recife","","",""
"","","","Recife","","",""
"Engenheiro Civil, natural de Recife/PE, graduado pela Universidade de Pernambuco (2008) e pós-graduado em MBA em Gerenciamento de Projetos pela Fundação Getúlio Vargas – FGV (2014).

Atua há mais de 20 anos na área de engenharia, com experiência em gerenciamento de projetos e obras, gestão de equipes multidisciplinares, CapEx Management e implantação de soluções de engenharia sustentáveis e tecnológicas de padrão internacional. 

CEO/Diretor Técnico da BCPE Consultoria, empresa com 10 anos de atuação nos segmentos de gestão de projetos e obras de engenharia, representações comerciais e tecnologia da informação.
Criador do Hawk App, a evolução digital para projetos e obras.

Entre os clientes atendidos destacam-se: Heineken Brasil, Grupo Saint-Gobain, Petrobras, Progen S/A, Planit Gerenciamento de Projetos, Prefeitura do Recife (Emlurb e CTTU), Shopping RioMar Recife, Shopping Camará, Shopping ETC, Grupo Nagem, Grupo Parvi, Grupo Ser Educacional, Construtoras, Instaladoras e Projetistas de grande porte, entre outros.","1730082768858x641659107180166300 , 1730082768860x137927508890474120 , 1730082768861x563743222902058940 , 1730082768862x617747877585492700 , 1730082768863x847092725948758700 , 1730082768863x872465040487125800 , 1730082768863x897878002556551200 , 1730082768863x909756603831522000 , 1730082768989x447754704179173200 , 1730082768990x460271474799141000 , 1730082768990x730019343677022300 , 1730082768990x908344605474233200 , 1730082768991x224364058070472670 , 1730082768991x946267658914432100 , 1733310990274x306545070781497340 , 1733310994799x496372949928640500 , 1733310998012x773522477359038500 , 1733311004753x898121452323340300 , 1733311010283x389969299370410000 , 1736795365633x709699135568085000 , 1736795369562x620931672430346200 , 1736795373456x159659417710100480 , 1736795380401x891710962567217200 , 1736795385341x875201066467065900 , 1757968886736x815699271015727100 , 1760038138623x665166632252342300 , 1760524239164x343706415807332350 , 1760524244935x475710018098561000","[""Construção e Imóveis"" ,  ""Gestão"" ,  ""Tecnologia da Informação"" ,  ""Inovação Aberta"" ,  ""Sustentabilidade""]","","MBA em Gerenciamento de Projetos","","Pós-graduação Lato Sensu (Especialização)"
"","","","Recife","","",""
"Inovação , saúde digital, educação 5.0, desenvolvimento de soluções tecnológicas, PI, ","1730082768857x669866331904356400","","","","","Doutorado"
"","","","Recife","","",""
"","","","Recife","","",""
"","","","Recife","","",""
"Sou formado em Administração de Empresas, com MBA em Auditoria e Controladoria e Gestão de Projeto, e atualmente curso Gestão em Tecnologia da Informação pela CESAR School. Minha trajetória profissional passou por cargos de liderança nas áreas financeira e comercial, com forte atuação em planejamento estratégico, análise de indicadores e gestão de equipes.

Nos últimos anos, mergulhei no universo da tecnologia, com foco em ciência de dados, programação e gestão de projetos. Já conclui certificações em Programação Web, Python Essentials, Git e GitHub, além de capacitação em Governança de Dados e SQL para Análise de Dados.

Atualmente, atuo como professor de Banco de Dados e mentor da Residência Tecnológica do Porto Digital, além de participar de iniciativas de pesquisa e eventos de inovação e tecnologia. Minha formação multidisciplinar me permite conectar a visão estratégica de negócios com a criação de soluções tecnológicas inovadoras e orientadas a dados. Estou sempre em busca de projetos que unam impacto social, inovação e aprendizado contínuo.","","","","","","Pós-graduação Lato Sensu (Especialização)"
"","","","Recife","","",""
"","","","RECIFE","","",""
"","","","Recife","","",""
" Sou formado em Fisioterapia e atualmente estou me reinventando na
 área de Tecnologia, cursando Análise e Desenvolvimento de Sistemas.
 Minha trajetória anterior me ensinou disciplina, empatia e dedicação, 
são competências que levo como diferencial para a área de TI.
 Durante minha formação em tecnologia, já tive contato com linguagens
 e ferramentas como Python, Java, PHP, JavaScript, HTML5, CSS, além
 de disciplinas como Estrutura de Dados, Engenharia de Software,
 Arquitetura de Computadores e Segurança da Informação.
 Estou em busca de uma oportunidade de estágio que me permita
 colocar esses conhecimentos em prática, aprender continuamente e
 contribuir de forma proativa. Minha motivação é crescer
 profissionalmente, unir minha experiência prévia à nova carreira e me
 tornar um desenvolvedor capaz de gerar impacto positivo nos projetos e
 nas pessoas ao meu redor.","1730082768991x291563448313602500 , 1730082768991x710639282001847400","","","file:///C:/Users/lucas/AppData/Local/Microsoft/Windows/INetCache/IE/U1P453LK/CV%20LUCAS%20HENRIQUE%20-%20SET%202025[1].pdf","","Graduação Completa"
"","","","","","","Doutorado"
"","","","Recife","","",""
"","","","Recife","","",""
"","","","Recife","","",""
"Professor de Eng. Biomédica na UFPE, pesquisador sênior no Núcleo de Gestão do Porto Digital","1730082768857x400215584094076700 , 1730082768857x669866331904356400 , 1730082768858x468276121764350300 , 1730082768859x185811524742764960 , 1730082768860x504990803755880770 , 1730082768862x199306699983268240 , 1730082768863x847092725948758700 , 1730082768990x505532656251298500 , 1760524306078x468297443488301060","","","http://lattes.cnpq.br/2763370548436903","","Doutorado"
"","","","RECIFE","","",""
"","","","Recife","","",""
"","","","Recife","","",""
"","","","RECIFE","","",""
"","","","","","",""
"","","","Recife","","",""
"Startup, na área de tecnologia do setor energético ","1730082768857x308766884499381400","Energia ,  Tecnologia da Informação ,  Inovação Aberta ,  Sustentabilidade ,  Cleantech","","Cedepe","","Pós-graduação Lato Sensu (Especialização)"
"","","","","","",""
"","","","","","",""
"","","","","","","Graduação Completa"
"","","","Recife","","",""
"","","","Recife","","",""
"","","","Recife","","",""
"","","","Recife","","",""
"","","","Recife ","","",""
"","","","","","",""
"","","","Recife","","",""
"","","","Recife","","",""
"","1730082768857x669866331904356400 , 1730082768858x771044980153256200 , 1730082768859x185811524742764960 , 1730082768860x848691000265765800 , 1730082768862x285775044042257280 , 1730082768990x505532656251298500 , 1730082768992x108489993766593740 , 1730082768992x211224114143456320 , 1730082768993x561406077271957800 , 1738177719210x663158686357651500 , 1760035852827x723097366639411200","","","http://lattes.cnpq.br/5102587046980043","","Pós-Doutorado"
"","","","recife","","",""
"","","","","","","Graduação Incompleta"
"","","","Recife","","",""
"","","","RECIFE","","",""
"Professora efetiva da Educação Profissional - Eixo Gestão e Negócios - da Secretaria de Educação do Governo do Estado de Pernambuco, atuando no curso técnico em Logística na Escola Técnica Estadual Professor Agamenon Magalhães (ETEPAM) no Recife - PE. Professora em Instituições de ensino superior privadas nos cursos de graduação e pós graduação na área de Administração, Gestão e Negócios. Doutoranda em Administração pela UFPE. Mestre em Administração pela Universidade Federal Rural de Pernambuco (UFRPE). Bacharel em Administração com especialização em Administração Pública. Vencedora do prêmio nacional de educação - Educador Transformador 2023 - na categoria Educação profissional. Desenvolve orientação de trabalhos de pesquisa, mentoria e gestão de equipes de desafios educacionais e projetos empreendedores. ","1730082768863x303458719044837880 , 1730082768863x437216750323275600 , 1730082768989x128134695403501860 , 1730082768989x447754704179173200 , 1730082768990x378157449021326660 , 1730082768991x214358686326057600 , 1730082768991x537260870947078340 , 1730082768991x713565040598437100 , 1730082768991x907049167776689000 , 1736795365633x709699135568085000 , 1736795369562x620931672430346200 , 1736795380401x891710962567217200 , 1760035852827x723097366639411200","","","http://lattes.cnpq.br/5550003705133405","","Pós-graduação Stricto Sensu (Mestrado)"
"","","","Recife","","",""
"","","","Recife","","",""
"","","","Recife","","",""
"Estudante de Análise e Desenvolvimento de Sistemas pela Estácio, com interesse e foco em desenvolvimento web. Possuo experiência prática em projetos envolvendo HTML, CSS, JavaScript, React, Angular e Node.js, além de noções de bancos de dados SQL e NoSQL.

Tenho familiaridade com versionamento de código utilizando Git e estou estudando metodologias ágeis, com ênfase em Scrum. Busco constantemente aprimorar minhas habilidades técnicas e interpessoais, aplicando boas práticas de programação e colaboração em equipe.

Tenho como objetivo atuar na área de desenvolvimento, contribuindo para soluções tecnológicas eficientes, seguras e de qualidade, enquanto continuo evoluindo profissionalmente","1730082768991x946267658914432100","",""," https://lattes.cnpq.br/9675840295905809","","Graduação Incompleta"
"","","","","","","Pós-graduação Stricto Sensu (Mestrado)"
"","","","","","","Pós-graduação Lato Sensu (Especialização)"
"","","","Recife","","",""
"","","","","","","Pós-graduação Stricto Sensu (Mestrado)"
"","","","Recife","","",""
"","","","","","",""
"","","","Recife","","",""
"","","","","","",""
"","","","","","",""
"","","","","","",""
"","","","Recife","","",""
"Administradora de empresas em transição para a área de tecnologia, cursando Sistemas para Internet, na Universidade Católica de Pernambuco, com grande interesse em design digital e interfaces. 
Tenho facilidade em comunicação, organização e liderança, unindo visão analítica com criatividade.
Minha paixão é transformar ideias em experiências visuais leves, funcionais e acessíveis, sempre buscando soluções que conectem pessoas e tecnologia de forma simples e inspiradora.","1730082768862x199306699983268240 , 1730082768862x344941916766838840 , 1741729563263x553500150657450000 , 1760524244935x475710018098561000","","","","","Graduação Incompleta"
"","1739305884977x895840766347706400 , 1741729568307x129489394287247360 , 1757968886736x815699271015727100 , 1760524244935x475710018098561000","","","","","Graduação Incompleta"
"","","","Recife","","",""
"","","","","http://lattes.cnpq.br/3653098961042501","","Graduação Incompleta"
"","","","Recife","","",""
"","","","","","",""
"Professor, Empreeendedor, Palestrante e Investidor Anjo. Fundador do Células Empreendedoras, empresa através da qual ganhou diversos prêmios nacionais em Educação Empreendedora e Inovação Aberta. Embaixador e Responsável pela Área de Educação Empreendedora da Campus Party, um dos maiores eventos de Tecnologia e inovação do Mundo. Além disso tenho Doutorado em Ciência da Computação pelo Cin/UFPE em grupo de pesquisa sobre tecnologias educacionais.  Sou Professor de Empreendedorismo da Universidade de Pernambuco, onde também idealizou e hoje coordena o INOVA REPE, uma jornada UPE/UFPE de Inovação Aberta GOVTECH com atuação em mais de 7 cidades do Estado. Mentor, Investidor/Sócio e Membro do Conselho da Polimex Bioplásticos. Startup de Fabricação de Plásticos Biodegradáveis, 1o Lugar Nacional do Catalisa ICT Sebrae 2024.","1730082768858x468276121764350300","","","http://lattes.cnpq.br/3025996227336148","","Doutorado"
"","","","","","",""
"","","","Recife","","",""
"","","","","","","Graduação Incompleta"
"","","","","","",""
"","","","Recife","","",""
"","","","Recife","","",""
"","","","Recife","","",""
"","","","Recife","","",""
"","","","Recife","","",""
"","","","","","",""
"","","","","","","Doutorado"
"","","","Recife","","",""
"","","","Abreu e Lima","","",""
"","","","","","","Graduação Incompleta"
"","","","Recife","","",""
"","","","Recife","","",""
"","","","Recife","","",""
"Prefeitura do Recife  
Gestor de Transformação Digital
Secretaria de Transformação Digital, Ciência e Tecnologia ","1733311010283x389969299370410000","","","","","Pós-graduação Lato Sensu (Especialização)"
"Atualmente sou gerente de projetos ágeis do time de Inteligência de Dados na Secretaria da Fazenda do estado de Pernambuco, além de founder de uma Startup, a Diná Treinamentos, uma edtech voltada para a capacitação profissional, com aprendizado prático e comportamental, que usa inteligência artificial e metodologias presenciais para transformar o que as pessoas já sabem fazer em microtreinamentos curtos, aplicáveis e compartilháveis.","1730082768858x468276121764350300 , 1730082768863x303458719044837880 , 1730082768863x847092725948758700 , 1730082768991x713565040598437100 , 1730082768991x946267658914432100 , 1736795373456x159659417710100480 , 1741729568307x129489394287247360 , 1741729582539x169399849681682430 , 1741729589960x110658567623147520 , 1741729595219x407630741248671740","","","","","Graduação Completa"
"","","","","","","Graduação Incompleta"
"","","","","https://lattes.cnpq.br/1244195230407619","","Pós-Doutorado"
"","","","","","","Ensino Médio Completo"
"","","","","","",""
"","","","","","",""
"Desenvolvedor de Software ","1730082768857x400215584094076700 , 1730082768857x421405799046948000 , 1730082768857x962576373983530000 , 1730082768859x185811524742764960","","","","","Graduação Completa"
"","","","","","","Ensino Médio Completo"
"","","","","","","Ensino Médio Completo"
"","","","","","","Ensino Técnico"
"","","","","","",""
"","","","","","",""
"Terapeuta Ocupacional ","1730082768857x669866331904356400","","","","","Pós-graduação Lato Sensu (Especialização)"
"","1730082768991x907049167776689000 , 1736795385341x875201066467065900 , 1739305884977x895840766347706400","","","","","Graduação Incompleta"
"Atuo como Analista de Vendas na Aicury, healthtech incubada no Parque Tecnológico do CIn/UFPE, onde sou responsável por identificar oportunidades e construir soluções personalizadas para hospitais e clínicas, com foco em otimização de processos e melhoria da experiência do paciente por meio da tecnologia.

Anteriormente, fui Gerente Comercial e Analista Comercial na Seed a Bit Tecnologia, empresa júnior da UFRPE, liderando estratégias de expansão, relacionamento com clientes e implementação de processos comerciais baseados em dados. Também atuei como Mentora de Negócios na Prefeitura do Recife, no projeto “Tá com Elas”, apoiando o desenvolvimento e a formalização de empreendimentos femininos.

Minha atuação une tecnologia, estratégia comercial e impacto social, com foco em resultados sustentáveis, inovação e conexões humanas.","1730082768857x669866331904356400 , 1730082768860x504990803755880770 , 1730082768990x505532656251298500 , 1730082768993x561406077271957800 , 1739305884977x895840766347706400","","","","","Graduação Incompleta"
"","1730082768860x173399710463204580 , 1730082768860x504990803755880770 , 1730082768863x303458719044837880 , 1730082768863x909756603831522000 , 1730082768990x378157449021326660 , 1730082768991x710639282001847400 , 1730082768991x946267658914432100","Desculpe ,  mas não há um trecho fornecido para análise. Por favor ,  forneça o texto que você gostaria que eu classificasse com base nas categorias listadas.","","Amaro Monteiro Barbosa Sobrinho ","","Pós-graduação Lato Sensu (Especialização)"
"","","","","","",""
"","","","","","","Pós-graduação Stricto Sensu (Mestrado)"
"","","","","","",""
"","","","","","",""
"","","","","","",""
"","1730082768862x344941916766838840 , 1730082768989x128134695403501860 , 1730082768990x378157449021326660 , 1730082768991x907049167776689000 , 1758214474182x778966631262191600 , 1760035852827x723097366639411200","","","","","Doutorado"
"CEO","1730082768857x669866331904356400 , 1730082768989x128134695403501860 , 1730082768989x447754704179173200","","","","","Graduação Incompleta"
"","","","","","","Graduação Incompleta"
"","","","","","",""
"Pesquisador
Consultor 
Professor ","","","","http://lattes.cnpq.br/3799421080505571","","Pós-graduação Lato Sensu (Especialização)"
"","","","","","","Graduação Incompleta"
"","","","","","",""
"Cofundador e CEO da Infomundi
Estagiário de Suprimentos da G.LUCENA","1730082768861x338658230378535040 , 1730082768862x199306699983268240 , 1730082768862x617747877585492700 , 1730082768863x437216750323275600 , 1730082768989x447754704179173200 , 1736795373456x159659417710100480 , 1736795380401x891710962567217200 , 1757968886736x815699271015727100 , 1760038138623x665166632252342300 , 1770297531672x117871169813348350 , 1770297544570x917625570088976400","MediaTech , Social Impact , Cybersecurity , Comunicação e Mídia , Gestão e Consultoria , Incubação , Aceleração , Parceira , Pré-Incubação , Inteligência Artificial e tecnologias emergentes , Ciência de dados","","","","Graduação Incompleta"
"","","","","","",""
"","","","","","",""
"","","","","","",""
"","","","","","",""
"","","","","","",""
"","","","","","",""
"","","","","","",""
"","","","","","",""
"","","","","","",""
"","","","","","",""
"","1730082768857x669866331904356400 , 1730082768989x128134695403501860 , 1730082768990x908344605474233200 , 1730082768991x713565040598437100 , 1730082768991x946267658914432100 , 1739303170869x764618135887151100 , 1760038138623x665166632252342300 , 1760524244935x475710018098561000","","","","","Pós-graduação Stricto Sensu (Mestrado)"
"","","","","","",""
"Montador e concertista. ","1730082768857x308766884499381400 , 1730082768857x400215584094076700 , 1730082768857x421405799046948000 , 1730082768857x669866331904356400 , 1730082768857x805618473870865800","","","","","Ensino Médio Completo"
"","","","","","",""
"","","","","","",""
"","","","","","",""
"","","","","","",""
"","","","","","",""
"","","","","","",""
"Educado esportivo ","1730082768863x559511243214976000","Desculpe ,  mas você não forneceu o texto necessário para que eu possa identificar as categorias a serem extraídas. Por favor ,  compartilhe o trecho que você gostaria que eu analisasse.","","","","Ensino Médio Completo"
"Auxiliar administrativo","","","","","","Ensino Médio Completo"
"","","","","","",""
"","1730082768858x468276121764350300 , 1730082768859x185811524742764960 , 1730082768862x199306699983268240 , 1730082768863x303458719044837880 , 1730082768991x907049167776689000 , 1730082768992x211224114143456320 , 1730082768993x561406077271957800 , 1736795369562x620931672430346200 , 1758214474182x778966631262191600 , 1760035852827x723097366639411200","","","","","Pós-graduação Lato Sensu (Especialização)"
"","","","","","",""
"","","","","","",""
"","","","","","",""
"","","","","","",""
"","1730082768863x437216750323275600","","","","","Pós-graduação Lato Sensu (Especialização)"
"Formado em rádio e tv .","1730082768863x437216750323275600","Desculpe ,  mas você não forneceu o trecho para que eu pudesse identificar as categorias. Por favor ,  insira o texto que deseja classificar.","","","","Ensino Técnico"
"","","","","","",""
"","","","","","",""
"","","","","","",""
"Sou Administradora de formação e uma agente de transformação apaixonada por pessoas, comunidades e impacto positivo. Mãe do Pablo e da Helena, mineira de alma e coração, movida por café, música, boas conversas e maratonas de séries — de preferência acompanhadas de pipoca e um bom vinho.

Atuo como Consultora e Mentora de carreira e negócios, com foco em empreendedorismo de impacto, inovação social e setor 2.5. Desde 2014, venho “hackeando” o ecossistema de inovação e empreendedorismo do DF, conectando pessoas, projetos e ideias para promover desenvolvimento sustentável e colaborativo.

Sou Multiplicadora do Sistema B desde 2021 e atuo voluntariamente em comunidades ligadas a negócios de impacto, ESG e Agenda 2030. Integro grupos como PyladiesDF, Calango Hacker Clube e Grupo Mulheres do Brasil, espaços onde encontrei propósito, aprendizado e conexões genuínas.

Fui colunista da Rádio Novabrasil FM no programa Mesa para Dois, trazendo temas sobre tecnologia, inovação e o futuro que queremos — sempre com um olhar humano e conectado à realidade do DF e do Brasil.

Também atuo como curadora de conteúdo e eventos, contribuindo com minha experiência em comunidades, diversidade e visão sistêmica. Já organizei e co-organizei eventos como Mentoring Walk, Café com Empreendedoras (RME DF), Social Meetup, Pint of Science, Django Girls, TICTAC, entre outros.

Sou palestrante e Coautora do livro Empreendedoras de Alta Performance de Brasília (Editora Leader).

Após duas passagens pelo serviço público, trago comigo uma trajetória pautada por respeito, objetividade e ação. Acredito na coerência entre discurso e prática e na tecnologia como ferramenta para a equidade, guiada pela diversidade e centrada nas pessoas.","","[""Gestão"" ,  ""Inovação Aberta"" ,  ""Empreendedorismo de impacto"" ,  ""ESG"" ,  ""Comunidade""]","","","","Pós-graduação Lato Sensu (Especialização)"
"","","","","","","Graduação Completa"
"","","","","","","Graduação Incompleta"
"","","","","","","Ensino Médio Completo"
"","","","","","",""
"","1730082768860x310558539223834800","","","","","Graduação Incompleta"
"","","","","","",""
"","","","","","",""
"","","","","","","Pós-graduação Stricto Sensu (Mestrado)"
"Recepcionista ufrpe","","","","","","Graduação Completa"
"","","","","","",""
"","","","","","",""
"","","","","","","Graduação Completa"
"Professor Universitário ","","","","6056533356349635","","Doutorado"
"","","","","","",""
"","","","","","",""
"","","","","","",""
"Coordenador de Inovação do Real Hospital Português","1730082768857x669866331904356400","","","","","Pós-graduação Lato Sensu (Especialização)"
"","","","","","",""
"","","","","","",""
"","","","","","",""
"","","","","","",""
"","","","","","",""
"","","","","","",""
"","","","","","",""
"Sou um Cirurgião Oncologista, Professor Universitário, tenho expertise em cirurgia robótica, cirurgia guiada por fluorescência, câncer de ovário. Estou desenvolvendo um aparelho portátil e sem fio para imageamento fluoroscopico chamado eLight. ","1730082768857x669866331904356400 , 1730082768990x730019343677022300 , 1736795365633x709699135568085000","","","http://lattes.cnpq.br/3722777921385788","","Doutorado"
"","","","","","",""
"","","","","","",""
"","","","","","",""
"","","","","","",""
"","","","","","",""
"","","","","","","Pós-graduação Lato Sensu (Especialização)"
"","","","","","",""
"","","","","","",""
"","","","","","",""
"Segurança Privada, Analista de dados, motorista particular, call-center híbrido, condutor de ambulância, Operador de Telemarketing, Supervisor de Segurança, empacotador de supermercado supermercado, Porteiro, manobrista. ","1730082768857x962576373983530000 , 1730082768993x731271800698891700 , 1758214333566x532122293658189800","","","","","Pós-graduação Lato Sensu (Especialização)"
"","","","","","",""
"","","","","","",""
"","","","","","",""
"","","","","","",""
"","","","","","",""
"","","","","","",""
"","","","","","","Graduação Incompleta"
"","","","","","",""
"","","","","","",""
"Administradora, servidora pública","1730082768991x907049167776689000","","","","","Pós-graduação Stricto Sensu (Mestrado)"
"","","","","","",""
"","","","","","",""
"","","","","","",""
"Assistente Administrativo ","","","","","","Graduação Completa"
"","","","","","",""
"","","","","","",""
"","","","","","",""
"","","","","","",""
"","","","","","",""
"","","","","","",""
"Engenheiro Químico ","","","","","","Graduação Completa"
"","","","","","",""
"","","","","","","Graduação Completa"
"Doutoranda em Política Científica e Tecnológica, atuação nos temas: relação universidade e sociedade, filantropia científica, ciência e impacto social.","","","","https://buscatextual.cnpq.br/buscatextual/visualizacv.do?id=K4384426Y8&tokenCaptchar=0cAFcWeA7G3gh_ctT4yhKWFefnZmnUOlHGTN1m11hjv9H_ZxVyWyxVkmRa4hkMFjPFmOvSZlB_3FEv5tggc2Fo-aMYTvJFPA975vFI0v0VHswlbKH_tLY64-hrhRuPdC3dc9ggAZg9VPhO7suBVtuQyvUq877b80vswgYO88z4OWJCG9gfM-ieMfZSoNLt26e9Ot5CU1rIoWCSFWYBNVimnz0jpS97IpZ2UGcBokiB3lm137gBg1pMea1ynOCSvqmftTu9C7KCb7pHSeJ2lU6OBVuhADvgzFywkq9m8wmGpsjtYA7tADQGpoHIwtfLARTSyUcGLTiMwE957y0DO9Dd0hwA5Q-zNh_bF8YXryyZXsb24y2JFvFfRvaVmk6dgu1IMbZyXg70tHZzRFO875g3FEMyVx6VzStgZMUQkPspSyeMqTOXLoSi2OkQF0K70MDAtePBK5fmiDO8Et8Xv9cacO4-I-fkcMianfP12UqMy_TF0aZePncjUYXAIk7WaOxZerB_ELZM8p1_E3eNM_y9WTyRNlpMBQSbD3oIaEb84Yyd36650hDC7NisTDvHeVETameXKOie0LRagTI_NhYBzSI0NqD9YCK7iK7p7BHzrTBKzhC0S4kCNRLFlT0bZCJnH8pryMOfmKrKwzNfxkOC5_3yPgZzrIm8gGBU7INRNLozOXgEF89-dktSE5yx4Rwc-cvYJpA9u92VlcovuG68ixSU7uLBriVFEXox_CbgaLxp9N6Z0ha7stOOoDFlWsvB2Y4s38xYPbnmRkO5qiXsCagLLo_edgKQqQTBctQAovV8pooUfMbSne7MjkjPP5jp7J8oDDrCii1Q8QFBFts4iLxXMgr6YDd07H98fEeZ1UIHoZz9dgNTDZE","","Pós-graduação Stricto Sensu (Mestrado)"
"","","","","","","Doutorado"
"","","","","","",""
"","","","","","",""
"","","","","","",""
"","","","","","",""
"","","","","","","Pós-graduação Stricto Sensu (Mestrado)"
"","","","","","",""
"Indústria de tintas
Colorimetria
Pesquisa & Desenvolvimento em Tintas","1730082768859x185811524742764960 , 1730082768990x908344605474233200","","","","","Pós-graduação Lato Sensu (Especialização)"
"","","","","","",""
"","","","","","",""
"","","","","","",""
"","","","","","",""
"","","","","","","Pós-graduação Stricto Sensu (Mestrado)"
"","","","","","",""
"","","","","","",""
"","","","","","",""
"","","","","","",""
"","","","","","",""
"","","","","","",""
"","","","","","",""
"","","","","","",""
"","","","","","",""
"","","","","","",""
"","","","","","",""
"Aposentado ","","","","","","Graduação Completa"
"","","","","","","Doutorado"
"","","","","","",""
"","","","","","",""
"","","","","","",""
"","","","","","",""
"","","","","","",""
"","","","","","","Doutorado"
"","","","","","",""
"","","","","","",""
"","","","","","",""
"","","","","","",""
"","","","","","",""
"","","","","","","Pós-graduação Lato Sensu (Especialização)"
"","","","","","",""
"","","","","","",""
"","","","","","",""
"","","","","","","Graduação Incompleta"
"","","","","","",""
"","","","","","",""
"","","","","","",""
"","1730082768859x185811524742764960","","","","","Pós-graduação Lato Sensu (Especialização)"
"","","","","","",""
"","","","","","",""
"","","","","","",""
"","","","","","",""
"","","","","","",""
"","","","","","",""
"","1736795369562x620931672430346200","","","","","Pós-graduação Stricto Sensu (Mestrado)"
"","","","","","",""
"","","","","","",""
"","","","","","",""
"","","","","","",""
"","","","","","",""
"","","","","","",""
"","","","","","",""
"","","","","","","Graduação Completa"
"","","","","","","Ensino Médio Completo"
"","","","","","","Pós-graduação Lato Sensu (Especialização)"
"","","","","","",""
"","","","","","",""
"Administradora com especialização em Inovação e Transformação Digital, mestranda em Propriedade Intelectual e Transferência de Tecnologia para inovação, além de MBA em Gerenciamento de Projetos. Com experiência em gestão da inovação e de negócios, atualmente, atua como Especialista em Inovação no Parque Tecnológico da Bahia e atua também como consultora e mentora de startups. Participa de forma ativa no ecossistema local e estadual de inovação, promovendo empreendedorismo, negócios de impacto e transformações tecnológicas e sociais.","","","","https://lattes.cnpq.br/9277275210947206 ","","Pós-graduação Stricto Sensu (Mestrado)"
"","","","","","",""
"","","","","","",""
"","","","","","",""
"","","","","","",""
"","","","","","",""
"","","","","","",""
"","","","","","",""
"","","","","","",""
"","","","","","",""
"","","","","","",""
"","","","","","","Ensino Médio Completo"
"","","","","","","Ensino Médio Completo"
"","","","","","",""
"","","","","","",""
"","","","","","",""
"","","","","","",""
"","","","","","","Ensino Médio Completo"
"","","","","","","Doutorado"
"","","","","","",""
"","","","","","",""
"","","","","","",""
"","","","","","",""
"","","","","","",""
"","","","","","",""
"","","","","","",""
"","","","","","",""
"","","","","","",""
"","","","","","","Graduação Completa"
"","","","","","",""
"","","","","","",""
"","","","","","",""
"","","","","","",""
"","","","","","",""
"","","","","","",""
"","","","","","",""
"","","","","","",""
"","","","","","",""
"","","","","","",""
"","","","","","",""
"","","","","","",""
"Sou estudante de ADS pela Faculdade do Senac ","","","","","","Graduação Incompleta"
"","","","","","","Ensino Técnico"
"","","","","","",""
"","","","","","",""
"","","","","","",""
"","","","","","","Graduação Completa"
"","","","","","",""
"","","","","","",""
"","","","","","",""
"","","","","","","Pós-graduação Lato Sensu (Especialização)"
"","","","","","",""
"","","","","","",""
"","","","","","","Graduação Completa"
"Professora polivalente no ensino fundamental 1 , Língua portuguesa, Literatura e Produção Textual no fundamental 2 e ensino médio.

Elaboração e produção de projetos socioculturais.","","","","","","Graduação Completa"
"","","","","","",""
"","","","","","","Graduação Completa"
"","","","","","","Pós-Doutorado"
"","","","","","","Pós-graduação Stricto Sensu (Mestrado)"
"","","","","","",""
"Contabilidade ","","","","","","Graduação Completa"
"","","","","","",""
"","","","","","","Ensino Médio Completo"
"","","","","","","Pós-graduação Lato Sensu (Especialização)"
"ASSISTENTE DE ATENDIMENTO NÍVEL 7","","","","","","Pós-graduação Lato Sensu (Especialização)"
"","","","","","",""
"","","","","","","Graduação Incompleta"
"Escrevente.","","Gestão ,  Serviços Profissionais ,  Sociedade e Meio Ambiente ,  Governo e Poder Público ,  Jurídico","","","","Ensino Médio Completo"
"","","","","","",""
"","","","","","",""
"","","","","","",""
"","","","","httpoplattes.cnpq.br/5228988239941044","","Ensino Médio Incompleto"
"","","","","","",""
"","1730082768863x303458719044837880","","","","","Graduação Incompleta"
"","","","","","",""
"","","","","","",""
"","","","","","",""
"","","","","","",""
"","","","","","",""
"","","","","","",""
"","","","","","",""
"","","","","","",""
"","","","","","",""
"","","","","","",""
"","","","","","","Graduação Completa"
"","","","","","",""
"","","","","","",""
"","","","","","",""
"","","","","","",""
"","","","","","",""
"","","","","","",""
"Cerviso gerais","1730082768863x303458719044837880 , 1730082768863x656744204291835600 , 1730082768863x706758470528743600 , 1730082768863x872465040487125800 , 1730082768991x713565040598437100 , 1736795385341x875201066467065900","Desculpe ,  mas não posso ajudar com isso.","","","","Ensino Médio Completo"
"","","","","","",""
"","","","","","","Doutorado"
"","","","","","",""
"","","","","","",""
"","","","","","",""
"","","","","","",""
"","","","","","",""
"","","","","","","Graduação Incompleta"
"","","","","","",""
"","","","","","",""
"","","","","","",""
"","","","","","",""
"","","","","","",""
"","","","","","",""
"","","","","","",""
"","","","","","",""
"","","","","","",""
"","","","","","",""
"","","","","","",""
"","","","","","",""
"","","","","","",""
"","","","","","",""
"","","","","","",""
"","","","","","",""
"","","","","","","Pós-graduação Lato Sensu (Especialização)"
"","","","","","",""
"","","","","","","Graduação Incompleta"
"Diretor de arte","","","","","","Pós-graduação Lato Sensu (Especialização)"
"","","","","","","Graduação Incompleta"
"","","","","","","Ensino Técnico"
"","","","","","",""
"","","","","","","Doutorado"
"","","","","","",""
"","","","","","",""
"","","","","","",""
"","","","","","",""
"","","","","","",""
"","","","","","",""
"","","","","","","Pós-Doutorado"
"","","","","","",""
"","","","","","","Pós-graduação Lato Sensu (Especialização)"
"","","","","","",""
"Assistente de relacionamento ","","","","","","Graduação Incompleta"
"","","","","","","Graduação Incompleta"
"","","","","","",""
"","","","","","",""
"","","","","","",""
"","","","","","","Doutorado"
"","","","","","","Graduação Incompleta"
"","","","","","","Graduação Incompleta"
"","","","","","",""
"","","","","","",""
"","","","","","","Graduação Incompleta"
"","","","","","",""
"","","","","","",""
"","","","","","",""
"","","","","","",""
"","","","","","",""
"","","","","","",""
"","","","","","",""
"","","","","","",""
"","","","","","","Graduação Incompleta"
"Médica do trabalho ","","","","","","Pós-graduação Lato Sensu (Especialização)"
"","","","","","",""
"","","","","","",""
"","","","","","","Ensino Médio Completo"
"","","","","","",""
"","","","","","",""
"","1730082768858x771044980153256200 , 1730082768862x285775044042257280 , 1730082768992x108489993766593740 , 1739305884977x895840766347706400","","","","","Graduação Incompleta"
"","","","","","",""
"","","","","","","Graduação Incompleta"
"","","","","","",""
"","","","","","","Graduação Completa"
"","","","","","",""
"","","","","","",""
"","","","","","",""
"","","","","","","Pós-graduação Lato Sensu (Especialização)"
"","","","","","",""
"","","","","","",""
"","","","","","",""
"","","","","","",""
"","","","","","",""
"","","","","","",""
"","","","","","",""
"Estagiário ","","","","","","Graduação Incompleta"
"","","","","","","Ensino Médio Incompleto"
"","","","","","",""
"","","","","","",""
"","","","","","","Pós-graduação Lato Sensu (Especialização)"
"Professor ","","","","","","Doutorado"
"","","","","","",""
"","","","","","",""
"","","","","","",""
"","","","","","",""
"","","","","","",""
"","","","","","",""
"","","","","","",""
"","","","","","",""
"","","","","","",""
"","","","","","",""
"Gestão Financeira ","","","","","","Graduação Completa"
"","","","","","",""
"","","","","","",""
"","","","","","","Pós-graduação Stricto Sensu (Mestrado)"
"","","","","","",""
"","","","","","",""
"","","","","","","Graduação Completa"
"Técnica segurança do trabalho ","","","","","","Ensino Médio Completo"
"","","","","","",""
"","","","","","","Pós-graduação Stricto Sensu (Mestrado)"
"Desenvolvedor experiente em VR, com forte foco em modelagem hard-surface. Hábil na criação de assets 3D de alta qualidade e na otimização para aplicações em tempo real. Apaixonado por resolver problemas e por inovação técnica, com experiência prática tanto em Unity quanto em Unreal Engine. Estou continuamente ampliando minha experiência em fluxos de trabalho procedurais, automação e desenvolvimento de shaders. Meu objetivo futuro é me tornar um technical artist, unindo arte e tecnologia para aprimorar pipelines de desenvolvimento de jogos.","","","","","","Graduação Completa"
"","","","","","","Graduação Incompleta"
"Sócio fundador da Startup Atropical","1730082768860x739993378960591200 , 1730082768863x834359365231377700 , 1730082768863x847092725948758700 , 1733310998012x773522477359038500 , 1733311004753x898121452323340300 , 1736795365633x709699135568085000 , 1736795369562x620931672430346200 , 1758214474182x778966631262191600","","","http://lattes.cnpq.br/3192009327852997","","Doutorado"
"","","","","","","Pós-graduação Stricto Sensu (Mestrado)"
"","","","","","","Graduação Incompleta"
"","","","","","",""
"","","","","","",""
"","","","","","","Graduação Incompleta"
"","","","","","",""
"","","","","","",""
"Sou George Modesto, (https://www.linkedin.com/in/georgemodesto/), formado em Medicina Veterinária (UFRPE), MBA em Gestão em Marketing e Vendas (UFPE), Especialista em Atividade Física e Qualidade de Vida (UPE), em Saúde Pública (FIOCRUZ), e MBA em Gestão de Organizações (UFPE). Trabalhei como Gestor de uma Autarquia Municipal de Educação Superior, no SESI PE e como Sanitarista no SUS. Atualmente faço parte da Equipe de Educação Ambiental da CPRH. Também faço parte do Hub de Inovação no Araripe (https://inovaararipe.org.br/) e estou em transição de carreira para a área Tech, atualmente cursando o FAST em Cibersegurança.","1730082768857x669866331904356400 , 1730082768858x468276121764350300 , 1730082768860x448743730273805600 , 1730082768860x504990803755880770 , 1730082768860x848691000265765800 , 1730082768862x617747877585492700 , 1730082768863x303458719044837880 , 1730082768990x505532656251298500 , 1730082768991x224364058070472670 , 1730082768991x537260870947078340 , 1730082768992x211224114143456320 , 1730082768993x561406077271957800 , 1733311010283x389969299370410000 , 1736795369562x620931672430346200 , 1736795373456x159659417710100480 , 1736795380401x891710962567217200 , 1736795385341x875201066467065900 , 1736799723388x639778431049400300 , 1760524239164x343706415807332350 , 1760524244935x475710018098561000","","","","","Pós-graduação Lato Sensu (Especialização)"
"","","","","","","Pós-graduação Lato Sensu (Especialização)"
"","","","","","",""
"","","","","","","Pós-graduação Lato Sensu (Especialização)"
"","","","","","",""
"","","","","","",""
"","","","","","",""
"","","","","","","Ensino Médio Completo"
"Vendedor","1730082768857x308766884499381400","","","","","Ensino Médio Completo"
"","","","","","",""
"","","","","","",""
"","","","","","",""
"","","","","","",""
"","","","","","","Pós-graduação Lato Sensu (Especialização)"
"Médico ","1730082768857x669866331904356400","","","","","Pós-graduação Lato Sensu (Especialização)"
"","1730082768860x448743730273805600","","","","","Pós-graduação Lato Sensu (Especialização)"
"","","","","","",""
"","","","","","","Graduação Incompleta"
"","","","","","",""
"","","","","","",""
"","","","","","",""
"","","","","","",""
"","","","","","",""
"","","","","","","Pós-graduação Stricto Sensu (Mestrado)"
"","","","","","","Doutorado"
"","","","","","","Pós-graduação Stricto Sensu (Mestrado)"
"","","","","","",""
"","","","","","",""
"","","","","","",""
"","","","","","","Pós-graduação Lato Sensu (Especialização)"
"","","","","","",""
"","","","","","",""
"","","","","","",""
"","","","","","",""
"","","","","","",""
"Analista de Sistemas","","","","","","Pós-graduação Lato Sensu (Especialização)"
"","","","","","",""
"","","","","","","Graduação Incompleta"
"Servidora Pública","1730082768863x303458719044837880","","","","","Pós-graduação Lato Sensu (Especialização)"
"","","","","","","Graduação Completa"
"","","","","","",""
"Pesquisador/Tutor no cesar school ","1730082768863x847092725948758700","","","","","Graduação Incompleta"
"","","","","","",""
"","","","","","","Graduação Completa"
"","","","","","",""
"","","","","","",""
"","","","","","",""
"Estrategista de Articulação da Prefeitura da Cidade do Recife ","","","","","","Graduação Incompleta"
"","","","","","",""
"","","","","","",""
"Analista de Sistemas (SAP - SD)","","","","","","Graduação Completa"
"Professora da Rede Estadual de Pernambuco ","","","","http://lattes.cnpq.br/6044252071976968","","Pós-graduação Stricto Sensu (Mestrado)"
"","","","","","",""
"INOVACAO","","","","","","Graduação Completa"
"","","","","","",""
"","","","","","",""
"","","","","","","Pós-graduação Lato Sensu (Especialização)"
"","1730082768863x303458719044837880","","","","","Graduação Completa"
"","","","","","",""
"","","","","","","Graduação Incompleta"
"","","","","","",""
"","","","","","",""
"","","","","","",""
"","","","","","",""
"","","","","","",""
"","","","","","",""
"","","","","","",""
"","","","","","",""
"Analista de Controle e Processos a Internos ","","","","","","Pós-graduação Lato Sensu (Especialização)"
"","","","","","",""
"","","","","","",""
"","","","","","","Pós-graduação Lato Sensu (Especialização)"
"","","","","","","Pós-graduação Lato Sensu (Especialização)"
"","","","","","",""
"","","","","","",""
"","","","","","",""
"","","","","","",""
"","","","","","","Graduação Completa"
"","","","","","",""
"ANALISTA CONTÁBIL","","","","","","Graduação Completa"
"Analista de Aquisições ","","","","","","Pós-graduação Lato Sensu (Especialização)"
"","","","","","","Graduação Completa"
"Gestora Executiva","1730082768857x308766884499381400 , 1730082768857x421405799046948000","","","","","Pós-graduação Stricto Sensu (Mestrado)"
"","","","","","",""
"","","","","","","Ensino Médio Completo"
"","","","","","","Graduação Completa"
"","","","","","",""
"TURISMO SOCIAL","","","","","","Graduação Completa"
"","","","","","",""
"","","","","","",""
"","","","","","",""
"Conselheiro de administração de empresas ","","","","","","Pós-graduação Lato Sensu (Especialização)"
"Atuo como desenvolver de software na Secretaria de Justiça, Direitos Humanos e Prevenção à Violência de Pernambuco
Instrutor Nível Pleno no Senac de Análise e Desenvolvimento de Sistemas | Especialização Front-end
CEO da Startup NOOK Corporation","1730082768857x962576373983530000","EdTech","","http://lattes.cnpq.br/0429997546128392","","Pós-graduação Lato Sensu (Especialização)"
"","","","","","",""
"","1741729563263x553500150657450000 , 1741729565566x666992707682172900 , 1741729568307x129489394287247360 , 1741729571018x163227123622084600 , 1741729573758x495091435518033900 , 1741729587015x336429890109702140 , 1741729595219x407630741248671740 , 1741729597501x880934313586589700 , 1741729600106x401352696155602940 , 1741729617752x996933132506890200 , 1757968886736x815699271015727100 , 1760035852827x723097366639411200 , 1760524239164x343706415807332350 , 1760524244935x475710018098561000","","","","","Pós-graduação Stricto Sensu (Mestrado)"
"","","","","","",""
"","","","","","",""
"","","","","","","Pós-graduação Lato Sensu (Especialização)"
"","","","","","","Graduação Completa"
"","","","","","","Pós-graduação Lato Sensu (Especialização)"
"","","","","","",""
"","","","","","","Graduação Completa"
"","","","","","",""
"","","","","","",""
"","","","","","",""
"","","","","","",""
"Aposentada ","1730082768863x303458719044837880","","","","","Ensino Técnico"
"","","","","","",""
"Arquitetura e Restauração em edificações culturais e históricas. ","","","","","","Doutorado"
"","","","","","",""
"","","","","","",""
"","","","","","",""
"","","","","","",""
"","","","","","","Ensino Médio Incompleto"
"","","","","","",""
"","","","","","",""
"","","","","","","Ensino Médio Completo"
"","","","","","",""
"","","","","","",""
"","","","","","",""
"","","","","","",""
"","","","","","",""
"","","","","","",""
"","","","","","",""
"","","","","","",""
"","","","","","",""
"","","","","","",""
"","","","","","",""
"","","","","","",""
"","","","","","",""
"","","","","","",""
"","","","","","",""
"","","","","","",""
"","","","","","",""
"","","","","","",""
"","","","","","",""
"Educação ","","","","","","Pós-graduação Lato Sensu (Especialização)"
"","","","","","",""
"","","","","","",""
"","","","","","",""
"","","","","","",""
"","","","","","",""
"","","","","","",""
"","","","","","",""
"","","","","","",""
"","","","","","",""
"","","","","","",""
"","","","","","",""
"","","","","","","Ensino Médio Incompleto"
"Do lar","1730082768863x559511243214976000","","","","","Ensino Médio Incompleto"
"","","","","","",""
"","","","","","",""
"","","","","","",""
"","","","","","",""
"","","","","","",""
"","","","","","",""
"","","","","","","Ensino Médio Incompleto"
"","","","","","",""
"","","","","","",""
"","","","","","",""
"","","","","","",""
"","","","","","",""
"","","","","","",""
"","","","","","",""
"","","","","","",""
"","1730082768857x400215584094076700 , 1730082768857x669866331904356400 , 1730082768857x805618473870865800 , 1730082768858x468276121764350300 , 1730082768860x137927508890474120 , 1730082768861x481774937098866900","","","","","Pós-graduação Stricto Sensu (Mestrado)"
"","","","","","",""
"","","","","","",""
"","","","","","",""
"","","","","","",""
"","","","","","",""
"","","","","","",""
"","","","","","",""
"","1730082768990x505532656251298500","","","","","Ensino Médio Completo"
"","","","","","",""
"","","","","","",""
"","","","","","",""
"","","","","","",""
"","","","","","",""
"","","","","","","Pós-graduação Lato Sensu (Especialização)"
"","","","","","",""
"","","","","","",""
"","","","","","",""
"","","","","","",""
"","","","","","","Graduação Completa"
"","","","","","",""
"","","","","","",""
"","","","","","",""
"","","","","","",""
"Professora/ Gestora","","","","","","Pós-graduação Lato Sensu (Especialização)"
"","","","","","",""
"","","","","","",""
"","","","","","","Pós-graduação Lato Sensu (Especialização)"
"","","","","","",""
"","","","","","",""
"","","","","","",""
"","","","","","",""
"","","","","","",""
"","","","","","",""
"Saúde Pública ","","","","","","Pós-graduação Lato Sensu (Especialização)"
"","","","","","",""
"","","","","","",""
"","","","","","",""
"","","","","","",""
"","","Claro! Por favor ,  forneça o trecho que você gostaria que eu analisasse para identificar as categorias.","","","","Ensino Médio Completo"
"Ontregando.  Compras mercado  e Faso frenti mundanas  nois bairro todos ","","","","","","Ensino Médio Incompleto"
"","","","","","",""
"","","","","","",""
"","","","","","","Ensino Médio Completo"
"","","","","","",""
"","","","","","",""
"","","","","","",""
"","","","","","",""
"","","","","","",""
"","","","","","",""
"","","","","","",""
"","","","","","",""
"","","","","","",""
"","","","","","",""
"","","","","","",""
"","","","","","",""
"","","","","","","Ensino Médio Incompleto"
"","","","","","",""
"","","","","","",""
"","","","","","",""
"","","","","","",""
"","","","","","",""
"","","","","","",""
"","","","","","",""
"","","","","","",""
"Tecnologia ","1730082768857x400215584094076700","","","","","Graduação Completa"
"","","","","","",""
"","","","","","",""
"","","","","","",""
"","","","","","",""
"","","","","","",""
"","","","","","",""
"","","","","","",""
"","","","","","",""
"Estudante de Direito.","","","","","","Graduação Incompleta"
"","","","","","",""
"","","","","","",""
"","","","","","",""
"Autônoma ","1730082768862x199306699983268240","","","","","Graduação Incompleta"
"","","","","","",""
"Presidente da ONG Dna Solidariedade","1730082768862x199306699983268240","ONG ,  Sociedade e Meio Ambiente ,  Solidão Social ,  Gestão ,  Inovação Aberta","","","","Graduação Completa"
"","","","","","",""
"","","","","","","Pós-graduação Stricto Sensu (Mestrado)"
"","","","","","","Pós-graduação Stricto Sensu (Mestrado)"
"","","","","","","Graduação Completa"
"","","","","","","Pós-graduação Lato Sensu (Especialização)"
"","","","","","",""
"","","","","","",""
"","","","","","",""
"","","","","","",""
"","","","","","",""
"","","","","","","Graduação Completa"
"","","","","","",""
"","","","","","",""
"","","","","","",""
"","","","","","","Pós-graduação Stricto Sensu (Mestrado)"
"","","","","","","Pós-graduação Lato Sensu (Especialização)"
"","","","","","",""
"","","","","","",""
"","","","","","",""
"","","","","","",""
"Professor associado do Departamento de Computação (DC) da Universidade Federal Rural de Pernambuco (UFRPE). Realizou Pós-doutorado no Lero - the Irish Software Research Centre da Universidade de Limerick, Irlanda, no qual desenvolveu pesquisa na área de Gerenciamento de Projetos em Times Globais de Software. Doutor e Mestre em Ciência da Computação (Conceito CAPES 7) pelo Centro de Informática (CIn) da Universidade Federal de Pernambuco (UFPE) na área de Engenharia de Software. Possui graduação em Ciência da Computação pela Universidade Católica de Pernambuco. Atua na área de Computação, com ênfase em Engenharia de Software e Sistemas de Informação, desenvolvendo pesquisas e projetos, principalmente, nas seguintes linhas: gestão de projetos de software, desenvolvimento de software global, métodos ágeis, inovação em projetos de software e processo de desenvolvimento de software","","","","http://lattes.cnpq.br/3362360567612060","","Doutorado"
"","","","","","","Pós-graduação Lato Sensu (Especialização)"
"","","","","","",""
"","","","","","",""
"","","","","","",""
"","","","","","",""
"","","","","","",""
"","","","","","","Ensino Fundamental Completo"
"","","","","","","Ensino Técnico"
"","","","","","",""
"","","","","","",""
"Investidor Anjo | Embaixador Recife – FCJ Venture Builder
Founder – JOINT Aceleradora de Negócios Inovadores
Mentor – InovAtiva Brasil & Mentores do Brasil

🧑‍💼 Sobre mim
Sou Flammarion Cysneiros, empreendedor, investidor anjo e articulador do ecossistema de inovação do Nordeste há mais de 20 anos. Atuo conectando startups, empresas e agentes públicos para gerar impacto, acelerar negócios e fortalecer comunidades de inovação.

Sou Embaixador da FCJ Venture Builder em Recife, integrando um movimento nacional que busca tornar a inovação mais acessível, colaborativa e viva, aproximando empresas, startups e investidores em jornadas práticas de desenvolvimento.

Sou também Founder da JOINT Aceleradora, localizada no Porto Digital – um dos maiores ambientes de inovação da América Latina. Na JOINT, atuo diretamente na construção de startups, no desenho de modelos de negócios, na estratégia go-to-market e no acesso a capital.

Como mentor, participo dos principais programas do Brasil, como InovAtiva Brasil, Mentores do Brasil, além de atuar em bancas, demodays e bootcamps nacionais, incluindo edições do Inova Cerrado e Inova Bahia.

Trago uma visão prática, sistêmica e estratégica sobre inovação, negócios e novos mercados — sempre com foco em resultados, geração de valor e desenvolvimento econômico regional.

🎯 Como ajudo startups
No primeiro contato com startups, compartilho:

Avaliação de modelo de negócios e proposta de valor

Estratégias de tração, vendas e validação de mercado

Mentorias em inovação, growth e construção de produto

Preparação para pitch e captação de investimentos

Conexões com investidores, hubs e programas nacionais

Meu papel é ajudar o empreendedor a ganhar clareza, reduzir riscos e acelerar caminhos.

🤝 Onde atuo hoje
FCJ Venture Builder – Embaixador Recife

JOINT Aceleradora – Founder

InovAtiva Brasil – Mentor

Mentores do Brasil – Mentor

Ecossistemas regionais – Conexões com PE, BA, CE, PI, MA, RN, PB

Programas de empreendedorismo e inovação – Acelerações, demodays e rodadas

📞 Contato para Startups
Aberto a conversar com founders de todo o Brasil que estejam em estágio de validação, tração ou captação.

Instagram: @Flamamriln.c link https://www.instagram.com/flammarion.c/ 

Linkedin: https://www.linkedin.com/in/flammac/","1730082768857x400215584094076700 , 1730082768857x421405799046948000 , 1730082768857x669866331904356400 , 1730082768857x805618473870865800 , 1730082768857x962576373983530000 , 1730082768858x468276121764350300 , 1730082768858x641659107180166300 , 1730082768858x690563895696032800 , 1730082768858x771044980153256200 , 1730082768859x185811524742764960 , 1730082768860x137927508890474120 , 1730082768860x173399710463204580 , 1730082768860x310558539223834800 , 1730082768860x428785909410840800 , 1730082768860x448743730273805600 , 1730082768860x504990803755880770 , 1730082768860x739993378960591200 , 1730082768860x848691000265765800 , 1730082768861x338658230378535040 , 1730082768862x199306699983268240 , 1730082768992x211224114143456320 , 1739303170869x764618135887151100 , 1758214333566x532122293658189800 , 1758214474182x778966631262191600","","","http://bit.ly/lattesFlammarion","","Pós-graduação Stricto Sensu (Mestrado)"
"","1730082768857x669866331904356400 , 1730082768862x344941916766838840 , 1730082768863x706758470528743600 , 1736795369562x620931672430346200 , 1736795385341x875201066467065900","","","","","Pós-graduação Stricto Sensu (Mestrado)"
"","","","","","","Pós-graduação Lato Sensu (Especialização)"
"","","","","","",""
"","","","","","","Pós-graduação Stricto Sensu (Mestrado)"
"","1736795369562x620931672430346200","","","","","Doutorado"
"","1730082768857x400215584094076700 , 1730082768857x962576373983530000 , 1730082768858x468276121764350300 , 1730082768858x641659107180166300 , 1730082768861x481774937098866900 , 1730082768862x199306699983268240 , 1730082768863x303458719044837880 , 1730082768863x559511243214976000 , 1730082768863x656744204291835600 , 1760524244935x475710018098561000","","","","","Graduação Incompleta"
"Administração ","","","","","","Graduação Completa"
"Pedagoga","1730082768858x468276121764350300 , 1730082768862x199306699983268240 , 1730082768863x303458719044837880 , 1733310990274x306545070781497340 , 1733310998012x773522477359038500 , 1736795369562x620931672430346200 , 1736795373456x159659417710100480 , 1741729568307x129489394287247360","","","https://wwws.cnpq.br/cvlattesweb/PKG_MENU.menu?f_cod=E5AE358918050C47E8B17A4EFE56549D","","Pós-graduação Stricto Sensu (Mestrado)"
"","","","","","",""
"Pesquisador de Inteligência Artificial ","","","","http://lattes.cnpq.br/5608028014613925","","Pós-graduação Stricto Sensu (Mestrado)"
"","","","","","",""
"","","","","","",""
"Empreendedor e Consultor em Empresas de Base Tecnológica com formação em Engenharia Elétrica com experiência de mais de 20 anos em Automação, Eficiência Energética, Telemática e desenvolvimento de sistemas ciber-físico. Adicionalmente, tem Especializaçãoem Comércio Exterior e Mestrado em Administração com vivência na elaboração e implementação de Planos Estratégicos e de Negócios, Modelagem de Negócios, Estudo de Mercado, Avaliação de Estratégias Comerciais, Orientação do desenvolvimento de Empresários de Micro e Pequenas Empresas, Formação de Redes e Associações Empresariais e Implantação de Estratégias de Desenvolvimento Local para Administrações Públicas Municipais e Estaduais.","1730082768857x400215584094076700 , 1730082768857x669866331904356400 , 1730082768858x468276121764350300 , 1730082768858x641659107180166300 , 1730082768860x137927508890474120 , 1730082768860x504990803755880770 , 1730082768860x848691000265765800 , 1730082768861x563743222902058940 , 1730082768862x617747877585492700 , 1730082768863x303458719044837880 , 1730082768863x847092725948758700 , 1730082768863x872465040487125800 , 1730082768989x128134695403501860 , 1730082768989x447754704179173200 , 1730082768990x505532656251298500 , 1730082768990x730019343677022300 , 1730082768990x908344605474233200 , 1730082768991x224364058070472670 , 1730082768991x946267658914432100 , 1736795369562x620931672430346200 , 1736795385341x875201066467065900 , 1755629695937x551027376437190000 , 1758214333566x532122293658189800 , 1760524239164x343706415807332350 , 1760524244935x475710018098561000 , 1760524306078x468297443488301060","","","http://lattes.cnpq.br/3330790255614952","","Pós-graduação Stricto Sensu (Mestrado)"
"","","","","","","Pós-graduação Stricto Sensu (Mestrado)"
"","","","","","",""
"nfraestrutura de Telecomunicações e RF: Sólida atuação em redes móveis (2G a 5G) e sistemas de comunicações Ar-Terra (VHF/UHF/HF). Expertise em projetos de radiofrequência, análise de radiações não ionizantes e implementação de sistemas de auxílio à navegação aérea.

Liderança e Gestão de Projetos: Vivência na coordenação de projetos técnicos para grandes players globais (Ericsson, Huawei, Alcatel, TIM) e órgãos de defesa (DECEA e FAB), garantindo conformidade normativa e eficiência operacional.

Segurança do Trabalho e Gestão de Riscos: Especialista na avaliação de insalubridade e periculosidade em ambientes tecnológicos e industriais, com foco na mitigação de riscos em infraestruturas críticas.

Educação e Autoria Técnica: Experiência na supervisão de polos presenciais e tutoria EAD (Moodle), com produção de conteúdo técnico para graduação em Engenharia, Telecomunicações e Segurança do Trabalho.

Foco em Inovação: Pesquisadora ativa em Cidades Inteligentes, IoT e Sustentabilidade, com foco na aplicação de tecnologias emergentes para a resolução de problemas urbanos e gestão de sistemas complexos.","1730082768858x641659107180166300","",""," http://lattes.cnpq.br/5560711072821074","","Pós-graduação Stricto Sensu (Mestrado)"
"","","","","","",""
"","","","","","",""
"","1730082768857x400215584094076700","","","","","Pós-graduação Lato Sensu (Especialização)"
"Banco do Nordeste - Hub de Inovação Hubine.","1730082768989x128134695403501860","","","https://lattes.cnpq.br/2226312107991038","","Pós-graduação Lato Sensu (Especialização)"
"","","","","","",""
"","","","","","","Graduação Completa"
"","","","","","",""
"Coordenador de Pesquisa e Extensão","1730082768863x303458719044837880 , 1730082768991x907049167776689000","","","","","Pós-graduação Stricto Sensu (Mestrado)"
"","","","","","",""
"","","","","","","Pós-graduação Stricto Sensu (Mestrado)"
"","","","","","","Graduação Completa"
"","","","","","","Graduação Incompleta"
"","","","","","","Pós-graduação Stricto Sensu (Mestrado)"
"Co-fundador da Future Ready Labs","1730082768857x308766884499381400 , 1730082768858x641659107180166300 , 1730082768861x563743222902058940","Marketplace , Blockchain & Cripto , Sociedade e Meio Ambiente","","","","Pós-graduação Stricto Sensu (Mestrado)"
"Administrador e Pesquisador","1730082768860x504990803755880770 , 1730082768860x848691000265765800 , 1730082768862x199306699983268240 , 1730082768862x285775044042257280 , 1730082768863x303458719044837880 , 1730082768863x847092725948758700 , 1730082768989x128134695403501860 , 1730082768989x447754704179173200","Marketplace , E-commerce , Deep Tech , Agronegócio , Educação , Capital e Investimentos","","lattes.cnpq.br/6593933884382566","","Graduação Incompleta"
"","","","","","",""
"","","","","","",""
"","","","","","",""
"","","","","","",""
"","","","","http://lattes.cnpq.br/2570060985727710","","Pós-graduação Lato Sensu (Especialização)"
"Professora Associada e Livre Docente da Universidade de Pernambuco. 
Cirurgiã Dentista, pesquisadora do Programa de Pós-Graduação em Odontologia. 
Linhas de Pesquisa: Biofotonica Laser, Células Tronco, neoformação e Regeneração de Tecidos e Nanotecnologia. 
Produtora de Patentes. ","1730082768857x669866331904356400","Deep Tech","","http://lattes.cnpq.br/2436908704358678","","Doutorado"
"","","","","","",""
"Doutorando em Engenharia de Computação pela UPE, Mestre em Engenharia de Produção pela UFPE, MBA em Logística Empresarial pela Faculdade Maurício de Nassau, Graduado em Administração pela UFPE e Graduando em Análise e Desenvolvimento de Sistemas pela UNINTER. Atualmente sou Docente dos Cursos de ADS, Logística, Gastronomia, Estética e Gestão Comercial da Faculdade SENAC PE e Coordenador da Incubadora i.de.i.a.S do SENAC PE. Com experiência profissional em Gestão nas áreas de Consultoria Empresarial, Logística Empresarial, Produção, Sistemas de Informações e Administração de Empresas, Finanças, . Além de mais de 15 anos de experiência como como Docente e Coordenador de cursos superior. E experiência de mais de trinta anos como Gestor, Coordenador e Supervisor nas diversas áreas de Administração, Logística e Sistemas de Informação.","","","","https://lattes.cnpq.br/4099112452537040","","Pós-graduação Stricto Sensu (Mestrado)"
"","","","","","",""
"Elvis Lima é jornalista, comunicador e idealizador do projeto Trombone Cidadão, uma iniciativa criada para fortalecer a participação popular e dar visibilidade às demandas da população. Com atuação voltada ao jornalismo comunitário e à fiscalização cidadã, Elvis se destaca por levar informação, cobrar transparência do poder público e acompanhar de perto os problemas enfrentados pela população.

À frente do Trombone Cidadão, ele atua como diretor-presidente e responsável pela linha editorial do projeto, utilizando ferramentas digitais e o jornalismo independente para registrar denúncias, acompanhar obras públicas e estimular o controle social.

Seu trabalho tem como principal objetivo aproximar a comunidade das decisões públicas, promover a transparência e contribuir para a construção de cidades mais justas, participativas e informadas. 📢✍️","1730082768862x199306699983268240 , 1730082768989x128134695403501860 , 1730082768991x946267658914432100","Governo e Poder Público , Inteligência Artificial e tecnologias emergentes","","","","Graduação Completa"
"","","","","","",""
"","","","","","",""
"","1736795373456x159659417710100480","Educação","","","","Graduação Completa"
"Estudante de economia e atuação em Estágio em Gestão de Investimentos numa Wealth Management/ Family Office. Ex-Diretor Comercial da maior empresa júnior do NE A.C.E. Consultoria. Responsável por organizar evento UFPE no Mercado - Proporcionando vagas de estágio com as maiores empresas do Brasil/ Mundo nos seus setores para jovens estudantes da região.","1730082768857x400215584094076700 , 1730082768858x771044980153256200 , 1730082768860x739993378960591200 , 1730082768862x199306699983268240 , 1730082768862x285775044042257280 , 1730082768863x303458719044837880 , 1730082768863x559511243214976000 , 1730082768863x872465040487125800 , 1730082768989x447754704179173200","FoodTech , Social Impact , Educação , Esportes e Lazer , Capital e Investimentos","","","","Ensino Médio Completo"
"PE - Pernambuco.
secretario de agricultura e meio ambiente de solidão ","","","Solidão","","",""
"","","","Carnaíba","","",""
"","","","","","",""
"","","","","","","Ensino Técnico"
"","1730082768989x447754704179173200 , 1730082768991x907049167776689000 , 1730082768991x946267658914432100 , 1736795385341x875201066467065900 , 1770297531672x117871169813348350 , 1770297544570x917625570088976400","","","","","Pós-graduação Stricto Sensu (Mestrado)"
"","","",""," http://lattes.cnpq.br/9401789648932789","","Graduação Completa"
"","","","","","",""
"","","","","","",""
"","","","","","",""
"Formado em Publicidade e Propaganda, trabalhando há 15 anos na área de Marketing e Comunicação, atuando em diferentes setores como Varejo de Moda, Marketing Digital, Eventos, Televisão e Varejo em Shopping Centers. Atualmente focado no Planejamento de Marketing e Gestão da Beebip.","1733311010283x389969299370410000 , 1733311014188x266854195088064500 , 1736795373456x159659417710100480","LogTech , Automotivo e Mobilidade","Recife","","","Pós-graduação Lato Sensu (Especialização)"
"","1730082768857x669866331904356400","HealthTech","Caruaru","","","Pós-graduação Lato Sensu (Especialização)"
"Profissional com mais de 10 anos de experiência em Inteligência Computacional aplicada à Robótica, além de atuação em desenvolvimento de projetos web utilizando frameworks e tecnologias Full Stack. Possui Doutorado em Ciência da Computação, Mestrado em Engenharia da Computação, Bacharelado em Sistemas de Informação, Licenciatura em Docência na Educação Profissional Técnica de Nível Médio, Especialização em Gestão e Qualidade em TIC e Especialização em Docência para a Educação Profissional e Tecnológica. Participou de mais de dez projetos no Instituto SENAI, CNPq e FACEPE, incluindo iniciativas de pesquisa, extensão e atividades voltadas à popularização da ciência na Semana Nacional de Ciência e Tecnologia. Atualmente, é Professor e Pesquisador em Sistemas Digitais na Cesar School, além de atuar como professor e coordenador de projetos na ETE Jurandir Bezerra Lins.","","Inteligência Artificial e tecnologias emergentes",""," http://lattes.cnpq.br/6917034238452426","","Doutorado"
"","","Cleantech , Social Impact , Inovação Aberta","Recife","","","Pós-graduação Stricto Sensu (Mestrado)"
"Biomédica por formação, trabalhei 8 anos na indústria farmacêutica, onde adquiri competências em gestão da qualidade, gestão de riscos e planejamento estratégico. Em 2020, segui meu desejo de empreender e fundei uma marca de roupas com estampas autorais, a Joli Lapin, onde vivenciei os desafios que muitas confecções enfrentam.

Dessa experiência nasceu o Patternarium: uma plataforma digital que conecta confecções a um acervo 100% online de estampas criadas por mais de 170 designers, prontas para uso. Nossa missão é simplificar o processo criativo, reduzir custos e tempo de desenvolvimento e tornar o acesso a estampas autorais algo rápido, descomplicado e acessível.

Hoje, estou à frente do Patternarium com foco em inovação e impacto para o setor têxtil. Se você busca soluções criativas para abastecer sua confecção de forma ágil, eficiente e sem burocracia, será um prazer te apresentar nossa plataforma.","1730082768857x308766884499381400","FashionTech","Recife","","","Pós-graduação Stricto Sensu (Mestrado)"
"","","","","","","Doutorado"
"","","","","http://lattes.cnpq.br/7956422758766547","","Graduação Completa"
"Sou arquiteto e urbanista com mais de 20 anos de experiência na liderança de projetos e contratos complexos, atuando na interface entre arquitetura, engenharia, planejamento urbano e gestão.

Minha trajetória é marcada pela atuação em programas estruturantes de urbanização, saneamento e infraestrutura, com forte presença no setor público e em projetos de alto impacto social. Ao longo da carreira, consolidei expertise em gerenciamento de projetos (PMP/PMI), planejamento estratégico, controle de custos e prazos, além da coordenação de equipes multidisciplinares em ambientes de alta complexidade.

Atualmente, atuo no Centro de Tecnologia de Edificações (CTE), no gerenciamento da obra do Galpão Frigorificado G04 – MM2, empreendimento logístico-industrial de grande porte voltado à armazenagem refrigerada e congelada. Sou responsável pela gestão técnica, contratual e de desempenho da obra, promovendo a integração entre planejamento, custos, contratos, produção e qualidade, com foco no alinhamento entre cronograma, orçamento e metas de execução.

Minha atuação envolve o controle físico-financeiro da obra, a gestão de múltiplos fornecedores especializados, a coordenação das etapas construtivas — desde fundações até sistemas industriais —, o tratamento de não conformidades, a gestão de riscos e a estruturação de governança e reporting para suporte à tomada de decisão.

Já liderei contratos de grande porte, como o desenvolvimento de Projetos de Saneamento Integrado em 47 comunidades do Recife, impactando diretamente mais de 50 mil pessoas, além de atuar no gerenciamento de obras industriais e na estruturação de processos estratégicos e organizacionais em empresas de engenharia e construção.

Tenho como foco a entrega de soluções integradas, eficientes e orientadas a resultado, conectando visão técnica, capacidade de gestão e entendimento do território para viabilizar projetos com impacto real nas cidades e na vida das pessoas.

Paralelamente, desenvolvo iniciativas voltadas à inovação em habitação e resiliência urbana, com foco em soluções replicáveis para contextos vulneráveis","1730082768862x199306699983268240 , 1730082768863x897878002556551200 , 1730082768989x128134695403501860 , 1730082768989x447754704179173200 , 1730082768991x537260870947078340 , 1730082768991x713565040598437100 , 1736795373456x159659417710100480","Negócio Social , Semente , Escala , Financiamento , Fomento , Incubação , Inteligência Artificial e tecnologias emergentes","Recife","","","Pós-graduação Lato Sensu (Especialização)"
"","","","","","",""
"","","","","","",""
"Atuo como Gerente de Projetos do time de Inteligência de Negócios da SEFAZ-PE","1730082768862x199306699983268240 , 1730082768863x303458719044837880 , 1741729568307x129489394287247360","EdTech , Educação , Acessibilidade , ODS 4","Recife","","","Graduação Completa"
"","","","","","","Graduação Incompleta"
"","","","","","",""
"Possui graduação em Engenharia Mecânica - La Universidad Del Zulia - LUZ (2001), mestrado em Engenharia Mecânica pela Universidade Federal de Pernambuco - UFPE (2010) na área de processos e sistemas térmicos e doutorado na área de Energia em Engenharia Mecânica na Universidade Federal de Pernambuco ? UFPE (2014). Pós-doutorado na área de engenharia mecânica pela Universitat Rovira i Virgili - URV - Espanha (2016). Possui especialização em Docência na Educação Profissional, Científica e Tecnológica pelo IFPE (2021). Atualmente é professor efetivo do Instituto Federal de Tecnologia de Pernambuco (IFPE) e professor colaborador permanente do programa de pós-graduação de engenharia mecânica da universidade federal de Pernambuco (PPGEM/UFPE), e atua coordenador e membro de vários projetos de pesquisa na área de refrigeração, poligeração de energia, energias renováveis, entre outros, (eólica, solar, Biocombustíveis, e energia das ondas). Tem experiência na área de Engenharia Mecânica, com ênfase em modelagem termodinâmica e simulação numérica, sistemas de poligeração, transferência de calor e massa, refrigeração por absorção e compressão mecânica, análise financeira e termoeconômica de sistemas energéticos, análise e desenvolvimento de modelos térmicos utilizando aprendizagem de máquinas (Machine Learning), inteligência artificial (IA), assim como análises de operação e detecção de falhas em aerogeradores. Pesquisador Colaborador Externo do Centro de Energias Renováveis da Universidade Federal de Pernambuco CER-UFPE (https://cer.ufpe.br)","1730082768863x303458719044837880 , 1730082768863x872465040487125800 , 1730082768990x505532656251298500","Energia","Recife","","","Pós-Doutorado"
"","1730082768863x303458719044837880","FinTech","Paudalho","","","Doutorado"
"Startup de inovação","1730082768860x848691000265765800","Universidade","Abreu e Lima","http://lattes.cnpq.br/1529585381436756","","Doutorado"
"Ingressando na Web3 em 2026, cursando Engenharia de Software, enganada em um projeto em fase de fomento no centelha.","1730082768861x563743222902058940 , 1733311014188x266854195088064500 , 1736795369562x620931672430346200 , 1760524239164x343706415807332350 , 1760524244935x475710018098561000","Social Impact","Belo Jardim","","","Graduação Incompleta"
"Mãe de 3, fundadora da Iupi Branding, empresa que atua há 9 anos no mercado que entrega design estratégico, branding e inovação. Estrategista de marca e inovação, integra impacto e resultado por meio do design, da estratégia e da consciência humana. Com passagem por ecossistemas de inovação e empreendedorismo, tem experiência prática na estruturação de negócios digitais, rebranding de empresas e posicionamento de líderes.  Mentora de startups na Wedwani Fundation e Multiplicadora do Sistema B Brasil. Foi líder do Comitê de Empreendedorismo do Grupo Mulheres do Brasil e destaque em 1º lugar no PIBEP da PUCPR, premiada jornada de inovação junto a HOTMILK. Graduada em Marketing (FASE), graduada em Administração (UFS) e pós-graduada em Docência Tecnológica (IFES) e Negócios Digitais: Empreendedorismo e Inovação (PUC-PR). Profissional certificada em Branding pela Brandster.","1730082768857x669866331904356400 , 1730082768862x199306699983268240 , 1730082768862x344941916766838840 , 1730082768863x437216750323275600 , 1730082768990x505532656251298500 , 1770297531672x117871169813348350","GovTech , Social Impact , FemTech , ESG , Inteligência Artificial e tecnologias emergentes","Recife","","","Pós-graduação Lato Sensu (Especialização)"
"Atualmente sou CEO da ReTech+ uma empresa de tecnologia de impacto social.","1730082768857x669866331904356400 , 1730082768858x468276121764350300 , 1730082768858x641659107180166300","Incubação , Inovação Aberta , eita","Jaboatão dos Guararapes","","","Pós-graduação Stricto Sensu (Mestrado)"
"","1730082768863x303458719044837880 , 1730082768863x847092725948758700 , 1730082768989x447754704179173200 , 1730082768993x561406077271957800 , 1733311010283x389969299370410000 , 1736795365633x709699135568085000 , 1736795369562x620931672430346200","Educação , Universidade , Gestão","","http://lattes.cnpq.br/9947477459066195","","Graduação Completa"
"","","","Abreu e Lima","","","Graduação Incompleta"
"","","","","","",""
"Analista - tecnologia financeira","1730082768990x505532656251298500","Deep Tech","Recife","","","Graduação Completa"
"Seis anos de experiência como analista de sistemas, meu foco principal é o desenvolvimento web e mobile. Tive a oportunidade de trabalhar em diversos setores do mercado, como logística, E-learning, Customer Experience, Contabilidade, Financeiro, Saúde, Automobilístico e varejo. Minha atuação abrange todas as etapas do desenvolvimento de aplicativos, desde a análise de requisitos até a implantação. Tenho um compromisso com a escrita de código limpo, pensando sempre no futuro e seguindo padrões de arquitetura e design. Além disso, priorizo a experiência do usuário final, buscando sempre interações e processos que melhorem a qualidade do trabalho de engenharia de software.","1730082768857x669866331904356400 , 1730082768858x468276121764350300 , 1730082768862x199306699983268240 , 1730082768863x303458719044837880 , 1730082768863x847092725948758700 , 1730082768991x713565040598437100 , 1730082768991x946267658914432100 , 1736795369562x620931672430346200 , 1760038138623x665166632252342300 , 1770297531672x117871169813348350","HealthTech , EdTech , Social Impact , Educação , Tecnologia da Informação , Fomento , Parque Tecnológico , Pré-Incubação , Inteligência Artificial e tecnologias emergentes","","","","Graduação Incompleta"
"","","","Abreu e Lima","","","Graduação Incompleta"
"João Henrique é pesquisador e desenvolvedor na área de tecnologia e inovação, com atuação voltada à criação de soluções digitais e metodologias formativas que promovam transformação social, educacional e institucional. Atualmente cursa Sistemas para Internet, desenvolvendo projetos que integram tecnologia, comportamento humano e inovação aplicada.
Possui experiência no desenvolvimento de aplicações digitais, plataformas educacionais e soluções tecnológicas voltadas para gestão pública, saúde e educação, atuando desde a concepção da ideia até a implementação e validação de produtos digitais. Seu trabalho combina desenvolvimento full-stack, design de soluções digitais e metodologias de inovação, com foco em resolver problemas reais por meio da tecnologia.
Tem especial interesse na compreensão dos fatores que estimulam ou impedem a inovação, investigando aspectos psicológicos, culturais e organizacionais que influenciam a adoção de novas tecnologias. Nesse contexto, participa da criação de metodologias de didatização da inovação, inspiradas em abordagens da pedagogia crítica, psicologia comportamental e metodologias ativas, com o objetivo de reduzir resistências à inovação em diferentes contextos sociais.","","","Igarassu","","","Graduação Incompleta"
"","","","","","",""
"","","","","","",""
"","","","asdfasdfasdfasdf","","",""
"","","","","","",""
"","","","","","",""
"","","","","","",""
"","","","","","",""
"Atua como bolsista no Grupo de Pesquisa em Dosimetria Numérica (GDN), em que participa do desenvolvimento de modelos computacionais para dosimetria numérica. Trabalha com simulação de transporte de partículas através do código EGSnrc (Método de Monte Carlo), sendo responsável pela construção de catálogos energéticos para emissores de radiação beta. Paralelamente, é coordenadora do IIDVLab no Instituto Internacional Despertando Vocações, onde atua em projetos de Manufatura Aditiva aplicada à saúde. Integrou projetos de pesquisa e extensão no Grupo de Estudos, Extensão e Pesquisa em Administração e Redes de Cooperação (GEPARC) por meio de projetos voltados a inovação, com habilidade em prototipagem e Impressão, abrangendo a aplicação na saúde desde a reconstrução de imagens DICOM até o controle de qualidade dos modelos impressos. Busca aprofundar seus conhecimentos e contribuir para o desenvolvimento científico e tecnológico do setor nuclear brasileiro.","1730082768990x505532656251298500 , 1730082768991x907049167776689000 , 1730082768991x946267658914432100 , 1730082768992x211224114143456320","Saúde e Bem-estar , Tecnologia da Informação","","http://lattes.cnpq.br/0473567036185092","","Graduação Incompleta"
"Sou fundador da Okylla, uma startup que conecta viajantes a moradores locais para experiências autênticas e personalizadas durante viagens. Tenho formação em Marketing e experiência no desenvolvimento de negócios, atuando na criação de estratégias, validação de modelos de negócio e desenvolvimento de produtos digitais. Minha atuação combina visão empreendedora, inovação e foco em mercado, buscando transformar ideias em soluções escaláveis que gerem valor para usuários e parceiros.","1730082768863x437216750323275600 , 1730082768991x537260870947078340 , 1730082768991x946267658914432100 , 1770297531672x117871169813348350","Marketplace , TravelTech , Social Impact , Hotelaria e Turismo , Tecnologia da Informação , Aceleração","Recife","","","Pós-graduação Lato Sensu (Especialização)"
"","","","São Paulo","","","Graduação Completa"
"","","","","","",""
"","","","","","",""
"","","","","","",""
"","1730082768857x669866331904356400 , 1730082768859x185811524742764960","Pesquisador , Financiamento , Aceleração , Pesquisa","Macaparana","","","Pós-graduação Stricto Sensu (Mestrado)"
"","","","","","",""
"","","","","","",""
"","","","","","",""
"","","","","","",""
"","","","","","",""
"","","","","","",""
"","1730082768857x400215584094076700 , 1730082768857x669866331904356400 , 1730082768860x504990803755880770 , 1730082768860x739993378960591200 , 1730082768861x338658230378535040 , 1730082768991x946267658914432100","Tecnologia da Informação","","Ciência da Computação","","Graduação Completa"
"","1758214333566x532122293658189800 , 1760038138623x665166632252342300 , 1770297531672x117871169813348350 , 1770297544570x917625570088976400","Parque Tecnológico , Pré-Incubação , Inteligência Artificial e tecnologias emergentes , Ciência de dados","","","","Graduação Incompleta"
"","","","","","",""
"","","","","","",""
"","","","","","","Pós-graduação Stricto Sensu (Mestrado)"
"Fundador e CEO da Objtvo Digital LTDA, software house sediada em Camaragibe-PE especializada em IA aplicada, automação comercial e SaaS B2B. Vitriine (portais SaaS para clínicas médicas), Copilot (automação de vendas via WhatsApp), PostFlow (automação de conteúdo) e Hub (BI/dashboard administrativo). Atuo como engenheiro full-stack solo usando Next.js, Fastify, Supabase, Evolution API e LLMs para entregar soluções de classe enterprise com estrutura enxuta. Mais de 4 anos construindo produtos digitais com foco em PMEs.","1730082768857x308766884499381400 , 1730082768857x400215584094076700 , 1730082768857x962576373983530000 , 1730082768858x468276121764350300 , 1730082768860x137927508890474120 , 1730082768860x739993378960591200 , 1730082768990x378157449021326660 , 1730082768990x908344605474233200 , 1730082768991x424537250716787500 , 1736795365633x709699135568085000 , 1758214383152x788300689779458000 , 1770297531672x117871169813348350 , 1770297544570x917625570088976400","Inteligência Artificial e tecnologias emergentes","","","","Ensino Médio Completo"
"","","","","","",""
"","","","","","",""
"Estou na gestão do HUAP-UFF, liderando a Unidade de Especialidades Clínicas do HU. Atuo em gestão e cuidados críticos.  Realizou pesquisas com tema em dor e terapias não farmacológicas. ","1730082768857x669866331904356400 , 1730082768863x303458719044837880 , 1760035852827x723097366639411200","Saúde e Bem-estar","","http://lattes.cnpq.br/3713366828657092","","Doutorado"
"","","",""," http://lattes.cnpq.br/3921383510510531","","Pós-graduação Lato Sensu (Especialização)"
"","","","","","","Graduação Incompleta"
"","1730082768863x847092725948758700 , 1730082768863x909756603831522000 , 1730082768991x946267658914432100 , 1730082768992x211224114143456320","Automotivo e Mobilidade , Tecnologia da Informação , Inteligência Artificial e tecnologias emergentes","","http://lattes.cnpq.br/6234713813030047","","Graduação Incompleta"
"","","","","","",""
"","","","","","","Graduação Incompleta"
"","","","","","",""
"","","","","","",""
"","","","","","",""
"","","","","","",""
"","","","","","",""
"Tecnólogo em desenvolvimento de sistema","1730082768857x400215584094076700","FinTech","","","","Graduação Incompleta"
"","","","","","",""
"","","","","","",""
"CEO e fundadora da FloxHub Tecnologia, possui 14 anos de experiência em gestão de negócios, gestão comercial, vendas, relacionamento institucional e estruturação de soluções aplicadas à melhoria de processos organizacionais. Sua trajetória é voltada à área de negócios, com atuação na análise de operações, identificação de oportunidades, desenvolvimento de estratégias comerciais e condução de projetos orientados à eficiência, inovação e viabilidade prática. Possui certificações complementares em metodologias ágeis, análise de negócios, inteligência artificial generativa, governança em IA e fundamentos de aprendizado de máquina, incluindo: Scrum Fundamentals Certified, Business Analysis Fundamentals with AI, Introdução à IA Generativa, Planejamento de Projetos com IA Generativa, Segurança, Compliance e Governança em IA, Fundamentos de Aprendizado de Máquina, AWS Educate. ","","","","","","Graduação Completa"
"","","","","","","Doutorado"
"","","","","","",""
"","","","","","",""
"CEO e fundador da Lyrio ESG – Sustentabilidade, consultor, professor e palestrante nas áreas de ESG, sustentabilidade, inovação e inteligência artificial. Atua no desenvolvimento de estratégias ESG, diagnósticos organizacionais, gestão de riscos, inventários de emissões de gases de efeito estufa, economia circular, governança, compliance e transformação digital. Possui mais de 20 anos de experiência em comunicação, publicidade, design, computação gráfica, produção audiovisual, educação e gestão de projetos. É mestrando em Desenvolvimento Sustentável pelo SENAI CIMATEC e desenvolve a plataforma Align ESG, que integra inteligência artificial, IoT e análise de dados para apoiar empresas e instituições públicas na tomada de decisões sustentáveis.","1730082768857x669866331904356400 , 1730082768860x137927508890474120 , 1730082768860x504990803755880770 , 1730082768860x848691000265765800 , 1730082768863x303458719044837880 , 1730082768863x437216750323275600 , 1730082768989x447754704179173200 , 1730082768990x730019343677022300 , 1760524239164x343706415807332350 , 1760524244935x475710018098561000 , 1770297531672x117871169813348350","Gestão e Consultoria , Aceleração , Inovação Aberta , Computação Quântica , ESG , Sustentabilidade , Inteligência Artificial e tecnologias emergentes","","http://lattes.cnpq.br/1861207679475348","","Pós-graduação Stricto Sensu (Mestrado)"
"","","","","","",""
"Ocupo o cargo de gerente de operações em uma empresa de tecnologia educacional, onde lidero equipes e gerencio projetos de ensino online.

Também atuo como YouTube Manager, ajudando empresas a utilizarem o YouTube como uma ferramenta de promoção e venda, buscando novas maneiras de maximizar o potencial do canal para atingir metas de negócios.","1730082768862x199306699983268240","","","","","Graduação Incompleta"
"Atuo como Analista de Inovação na WEG, aplicando mais de seis anos de experiência em pesquisa e desenvolvimento na área de Sistemas de Energia. Minha expertise inclui digitalização e Indústria 4.0, com foco em Inteligência Artificial, processamento de sinais e imagens, plataforma de e dispositivos IIoT.  

Na WEG, trabalho no desenvolvimento de soluções inovadoras que otimizam a eficiência e a produtividade industrial. Estou engajado em projetos de Gêmeos Digitais, aplicação de Drones e IA Física, sempre motivado pela aplicação de tecnologias avançadas para transformar processos industriais e impulsionar a inovação.","1730082768860x137927508890474120 , 1730082768860x173399710463204580 , 1730082768860x848691000265765800 , 1730082768861x563743222902058940 , 1730082768861x899153522517850400 , 1730082768862x617747877585492700 , 1730082768863x872465040487125800 , 1730082768863x909756603831522000 , 1730082768990x908344605474233200 , 1730082768991x907049167776689000 , 1730082768991x946267658914432100 , 1733310994799x496372949928640500 , 1736795369562x620931672430346200 , 1736795380401x891710962567217200 , 1736795385341x875201066467065900 , 1755629695937x551027376437190000 , 1758214333566x532122293658189800 , 1760035852827x723097366639411200 , 1770297531672x117871169813348350 , 1770297544570x917625570088976400","IoT , Deep Tech , Indústria e Transformação","","http://lattes.cnpq.br/7807398553188127","","Doutorado"
"Atualmente é mestrando em administração pública na Universidade de Brasília (UnB). É especialista em Gestão Publica pelo Gran Centro Universitário, assessor na Frente Parlamentar Mista pelos Centros Urbanos, sob presidência da Deputada Federal Tabata Amaral (PSB/SP). Concluiu a graduação como bacharel em Gestão de Políticas Públicas pela Universidade de Brasília (UnB) em 2023. Foi coordenador da implementação da Sala de Gestão e Governança da Educação Básica, da Secretaria de Educação Básica do Ministério da Educação, em parceria com o Laboratório de Inovação em Governança, da Gestão de Riscos, do Controle e da Auditoria do Setor Público (LabGOVER), vinculado ao Departamento de Ciências Contábeis e Atuariais (CCA) da Faculdade de Administração, Contabilidade, Economia e Gestão de Políticas Públicas (FACE) da Universidade de Brasília (UnB). É integrante do Grupo de Pesquisa sobre Estado, Regulação, Internet e Sociedade (GERIS). Foi residente de políticas públicas na Subsecretaria de Planejamento, Acompanhamento e Avaliação (SUPLAV) da Secretaria de Estado de Educação do Distrito Federal (SEE/DF). Foi pesquisador do Laboratório de Inteligência Pública (PILab/UnB) entre 2020 e 2022. Em 2022 formou-se Técnico em Serviços Públicos pelo Instituto Federal de Brasília (IFB) - Campus Brasília e foi eleito Diretor de Gestão de Políticas Públicas no Observatório Social de Brasília (OSB - Brasília/DF). Foi Assessor Parlamentar na Câmara Municipal de Goiânia, onde foi Jovem Aprendiz, em 2020, e estagiário em telecomunicações no Gabinete 07 em 2019, integrando o Banco de Aceleradores do Legisla Brasil (Programa O2 - Oxigenando a Política Brasileira). É alumni da Strategos Consultoria Política Junior, maior empresa júnior de consultoria política do Brasil. Formado em Técnico em Telecomunicações, CFT/CRT n. 07393185199, pelo Instituto Federal de Educação, Ciência e Tecnologia de Goiás (IFG) - Câmpus Goiânia, modalidade integrada ao ensino médio. Foi Presidente (2018) da miniempresa Jaguard S.A/E do programa da ONG Junior Achievement, participante do Parlamento Jovem Brasileiro (2018), como Deputado Federal Jovem pelo Estado de Goiás e do Projeto de Extensão da Universidade Federal de Goiás (UFG) Politizar GYN (2019) como Vereador pelo IFG e 1 Vice-Presidente da Mesa Diretora da Câmara Municipal de Goiânia. Formado no curso Renova Cidades 2020, em dezembro de 2019, pelo RenovaBR. ","1730082768860x448743730273805600 , 1730082768860x504990803755880770 , 1730082768989x128134695403501860 , 1730082768989x447754704179173200 , 1730082768991x713565040598437100 , 1730082768991x907049167776689000 , 1730082768991x946267658914432100 , 1730082768992x211224114143456320 , 1730082768993x561406077271957800 , 1730082768993x731271800698891700 , 1733311010283x389969299370410000 , 1738177719210x663158686357651500 , 1757968886736x815699271015727100 , 1758214333566x532122293658189800 , 1758214383152x788300689779458000 , 1758214474182x778966631262191600 , 1760035852827x723097366639411200 , 1760524239164x343706415807332350 , 1770297531672x117871169813348350 , 1770297544570x917625570088976400","GovTech , Governo e Poder Público , Gestão e Consultoria , ICT , Universidade , Instituição , Aceleração , Inovação Aberta , NIT , Parceira , Parque Tecnológico , OS , Fundação de Apoio , Pesquisa , ESG , Inteligência Artificial e tecnologias emergentes , Ciência de dados","","https://www.linkedin.com/in/antonioordones/","","Pós-graduação Stricto Sensu (Mestrado)"
"","","","","","",""
"","","","","","",""
"","","","","","",""
"Vendas.","","","","","","Graduação Completa"
"","","","","","",""
"","1730082768991x713565040598437100 , 1730082768991x946267658914432100 , 1736795380401x891710962567217200 , 1741719497340x160665757597302800","","","","","Pós-graduação Lato Sensu (Especialização)"
"A VEZZ Mobilidade Urbana atua no desenvolvimento de soluções tecnológicas inclusivas para transporte urbano, com foco em acessibilidade plena para pessoas com deficiência, idosos, autistas e não alfabetizados. Nossa plataforma proprietária, construída em nuvem e patenteada em 197 países, integra comandos de voz e texto, reduzindo custos operacionais e tempo de embarque. A equipe multidisciplinar combina experiência em TI, marketing, gestão financeira, jurídica e operacional, garantindo inovação, sustentabilidade e capacidade de escalar para diferentes regiões e setores.","1730082768860x173399710463204580","LogTech","","","","Graduação Completa"
"","","","","","",""
"","","","","","",""
"","1730082768862x344941916766838840 , 1736795373456x159659417710100480 , 1736795380401x891710962567217200 , 1760038138623x665166632252342300 , 1760524239164x343706415807332350","","","","","Graduação Completa"
"","","","","","","Graduação Incompleta"
"","","","","","",""
"","","","","","",""
"","1730082768857x400215584094076700 , 1730082768858x641659107180166300 , 1730082768860x848691000265765800 , 1730082768863x847092725948758700 , 1730082768863x872465040487125800","","","","","Graduação Incompleta"
"","","","","","","Pós-graduação Lato Sensu (Especialização)"
"Administradora de Empresas, empreendedora e gestora de projetos com atuação em inovação organizacional, desenvolvimento sustentável, inclusão produtiva feminina e impacto social. Fundadora do Recomeço Circular Intelligence, iniciativa voltada à economia circular, inteligência territorial, cidades sustentáveis e inovação regenerativa. Desenvolve projetos interdisciplinares integrando gestão, tecnologia, inteligência artificial e soluções GovTech para desafios sociais e urbanos.","1730082768860x504990803755880770 , 1730082768860x848691000265765800 , 1730082768989x128134695403501860","GovTech , Deep Tech , Governo e Poder Público","","http://lattes.cnpq.br/2882095195059025","","Pós-graduação Lato Sensu (Especialização)"
"","","","","","",""
"","","","","","","Pós-graduação Lato Sensu (Especialização)"
"","","","","","",""
"","","","","","",""
"","1730082768860x137927508890474120 , 1730082768860x173399710463204580 , 1730082768860x310558539223834800 , 1730082768863x303458719044837880 , 1744310009216x189851405012172800 , 1758214333566x532122293658189800 , 1758214474182x778966631262191600 , 1760035852827x723097366639411200 , 1760038138623x665166632252342300 , 1760524244935x475710018098561000","","","","",""
"","","Energia","","","","Graduação Completa"
"","","","","","",""
"","","","","","",""
"","","","","","",""
"","","","","","",""
"","","","","","",""
"","","","","","",""
"","","","","","",""
"","","","","","","Pós-graduação Stricto Sensu (Mestrado)"
"","","","","","",""
"","","","","","",""
"","","","","","",""
"","","","","","",""
"Bióloga e gestora ambiental em transição de carreira para a área de Tecnologia da Informação. Atualmente curso Análise e Desenvolvimento de Sistemas (ADS), com foco no desenvolvimento de competências em programação, desenvolvimento de software e soluções digitais.

Minha trajetória profissional foi construída em ambientes que exigem organização, análise de dados, gestão de processos, comunicação com diferentes públicos e resolução de problemas. Essas experiências desenvolveram habilidades que considero essenciais também na área de tecnologia, como pensamento analítico, aprendizado contínuo, trabalho em equipe e visão sistêmica.

Tenho interesse em desenvolvimento de software, gestão de projetos, análise de sistemas e soluções que unam tecnologia, sustentabilidade e impacto social. Busco oportunidades para aplicar meus conhecimentos técnicos, ampliar minha experiência prática e contribuir em equipes colaborativas e inovadoras.","1730082768858x468276121764350300 , 1730082768858x641659107180166300 , 1730082768858x771044980153256200 , 1730082768859x185811524742764960 , 1730082768860x137927508890474120 , 1730082768860x504990803755880770 , 1730082768860x848691000265765800 , 1730082768861x894967204934831200 , 1730082768862x199306699983268240 , 1730082768991x946267658914432100 , 1733310998012x773522477359038500 , 1733311004753x898121452323340300 , 1736795365633x709699135568085000 , 1736795369562x620931672430346200 , 1736795373456x159659417710100480 , 1736795380401x891710962567217200 , 1736795385341x875201066467065900 , 1760038138623x665166632252342300 , 1770297531672x117871169813348350 , 1770297544570x917625570088976400","EdTech , Cleantech , GovTech , Social Impact , Educação , Hotelaria e Turismo , Sociedade e Meio Ambiente , Comunidade , Tecnologia da Informação , ICT , Universidade , Gestão , Processos , Inovação Aberta , ODS 4 , ODS 8 , ODS 9 , ODS 10 , ODS 11 , ODS 12 , ODS 13 , ODS 17 , Pesquisa , ESG , Sustentabilidade , Inteligência Artificial e tecnologias emergentes , Ciência de dados","","http://lattes.cnpq.br/1229004640979856","","Pós-graduação Stricto Sensu (Mestrado)"
"","","","","","",""
"","","","","","",""
"","","","","","",""
"","","","","","",""
"","","","","","",""
"","","","","","",""
"","","","","","",""
"","","","","","",""
"Profissional com mais de 30 anos de experiência em inovação, empreendedorismo tecnológico, transformação
digital e desenvolvimento de negócios. Doutor em Design pela UFPE, com mestrado em Design de Artefatos
Digitais e MBA em Finanças Corporativas. Fundou uma das primeiras produtoras de jogos digitais do Brasil e foi
responsável por operações de até 60 pessoas em grandes agências. Exerceu a liderança de programas de
aceleração e inovação aberta no Porto Digital, apoiando mais de 200 startups. Atualmente atua como
empreendedor, pesquisador e consultor estratégico, com projetos em execução financiados por FACEPE e
Softex Recife, e atuação junto a grandes grupos industriais e ao ecossistema de inovação pernambucano.","","","","","","Doutorado"
"","","","","","",""
"","","","","","",""
"","","","","","",""
"","","","","","",""
"","","","","","",""
"","","","","","",""
"","","","","","",""
"","","","","","",""
"","","","","","",""
"","","","","","","Pós-graduação Lato Sensu (Especialização)"
"","","","","","","Graduação Incompleta"
"","","","","","",""
"Consultoria social e gestão de projetos ágeis ","1730082768857x421405799046948000 , 1730082768860x504990803755880770 , 1730082768863x303458719044837880 , 1730082768991x214358686326057600","","","","","Pós-graduação Lato Sensu (Especialização)"
"","","","","","",""
"","","","","","",""
"","","","","","","Graduação Incompleta"
"Profissional com mais de 20 anos de experiência em tecnologia e saúde digital, atuando na liderança de equipes, arquitetura de soluções e desenvolvimento de produtos para os setores público e privado. Ao longo da minha trajetória, participei da construção de soluções estratégicas para operadoras de planos de saúde, processos assistenciais, faturamento SUS, interoperabilidade e transformação digital, evoluindo de posições técnicas para funções de Tech Lead, Arquiteto de Soluções e, atualmente, Coordenador de Tecnologia.

Na Liberty Health, liderei a construção de um sistema de Faturamento SUS desde sua concepção, além de atuar na arquitetura de plataformas de telemedicina, aplicativos de saúde para o cidadão e soluções digitais voltadas para secretarias municipais e estaduais de saúde. Tenho especial interesse por inovação, produtos digitais e pelo uso da tecnologia para ampliar o acesso, a eficiência e a qualidade do cuidado em saúde pública, suplementar, hospitais e clínicas.
","1730082768857x669866331904356400 , 1730082768860x581020234634739500 , 1730082768863x847092725948758700","HealthTech , GovTech","","","","Pós-graduação Lato Sensu (Especialização)"
"","","","","","",""
"","","","","","",""
"","","","","","",""
"","","","","","",""
"","","","","","",""
"","","","","","",""
"","","","","","",""
"","","","","","",""
"","","","","","",""
"","","","","","",""
"Executivo de contas de SaaS e Analista de CRM, formação em andamento em Engenharia de Go To Market, viso criar uma startup com  imapcto positivo na sociedade, prioritariamente por meio da educação.","1730082768858x468276121764350300","EdTech","Recife","","","Graduação Incompleta"
"","","","","","",""
"","","","","","",""
"","","","","","",""
"Atuação em desenvolvimento web FullStack com Python ,Java Script, Html e Css.","1730082768989x128134695403501860","FinTech , AdTech , HealthTech , E-commerce , EdTech , PropTech , AgTech , IoT , GovTech , Gaming & Esports","","","","Graduação Completa"
"","","","","","",""
"","","","","","",""
"","","","","","",""
"","","","","","",""
"","","","","","",""
"","","","","","",""
