"activeProfile","CPF","current","isAdmin","name","profile","tmppass","email"
"","","","sim","Fernando Duarte","//2eb0cd16e008139946c2510a2de49dd6.cdn.bubble.io/f1729622425355x172331622437178700/WhatsApp%20Image%202024-09-24%20at%2023.02.42%20%281%29.jpeg","","fernando.duarte@recife.pe.gov.br"
"Talento , Resolvedor","01420529498","Resolvedor","sim","Rafael Toscano","//2eb0cd16e008139946c2510a2de49dd6.cdn.bubble.io/f1730737786797x894964870986982700/WhatsApp%20Image%202024-10-22%20at%2011.32.43.jpeg","5Hl?[0kG","rafael.toscano@recife.pe.gov.br"
"","11017688435","","sim","Yan Victor Borba Araújo","//2eb0cd16e008139946c2510a2de49dd6.cdn.bubble.io/f1730729844772x351810638965688060/banner.jpeg","","yan.borba@recife.pe.gov.br"
"Talento , Organizador , Resolvedor","09385447483","Resolvedor","sim","Gabriel Chamie ","//2eb0cd16e008139946c2510a2de49dd6.cdn.bubble.io/f1733310735664x362762079388483400/CD%202022%20-%20MIN.%20SA%C3%9ADE%20-%20S%C3%81BADO%2002-64.jpg","7YLz;/j9","gabrielchamie@gmail.com"
"Talento , Resolvedor , Organizador","08144520432","Resolvedor","sim","RAFAEL","","8+e>qXL7","rafael.cunha@recife.pe.gov.br"
"Resolvedor","","Resolvedor","não","Jakob Neild","","","jakeneilddj@gmail.com"
"Resolvedor","","Resolvedor","não","ANDRESSA XIMENES","","","andressalximenes@gmail.com"
"Resolvedor","","Resolvedor","não","Munganga","","","munganga.pe@gmail.com"
"","06285778698","","não","Selma","","","selma.alves@congonhas.mg.gov.br"
"","","","não","Everton Bernardo ","","","evertonbeernardo@gmail.com"
"","","","não","Francisco Mozar","","","mozarjunior.dev@gmail.com"
"","04947735457","","não","Éder Lira de Souza Leão ","","","eder.leao@ufrpe.br"
"","","","não","Henrique Carvalho ","","","hcfac1@gmail.com"
"","","","não","Augusto César Siqueira de Andrade ","","","augusto.andrade@yapiambiental.com.br"
"","","","não","Eletrobras ","","","innovationgrid@eletrobras.com"
"","","","não","Onlife","","","servicesonlife@gmail.com"
"","08842691402","","não","Wictor Mannuel Domingos de Melo","//2eb0cd16e008139946c2510a2de49dd6.cdn.bubble.io/f1731294106569x209700028388493100/WictorMelo%20%281%29%20%281%29.png","","wictormannuel@gmail.com"
"","08617401494","","não","Itallo Augusto ","","","italoaugustop@gmail.com"
"","07841708351","","não","Débora Moura","","","deboramouraj@gmail.com"
"","09719451440","","não","Natalie Chaves ","","","natalie.chaves@outlook.com"
"","","","não","Nicolas Andrade de Albuquerque ","","","nicolas.secad@gmail.com"
"","","","não","Joíbson Ramon da Silva","","","dsilvaramon9@gmail.com"
"","","","não","Paulo Roberto","","","pauloneto2001@gmail.com"
"","11698569424","","não","Lucas José Duarte Cavalcanti","","","lucasduartecti@gmail.com"
"","","","não","Pedro Henrique","","","pedro.phaf20@gmail.com"
"","","","não","Elvis Marques Rocha","","","elvismarques4@gmail.com"
"","13458367403","","não","Edson Guilherme Feitosa da Silva ","//2eb0cd16e008139946c2510a2de49dd6.cdn.bubble.io/f1731437832702x316666017401099800/17314378145217643786454369995808.jpg","","edsonguilherme000@gmail.com"
"","","","não","Matheus Vieira Possídio ","","","matheuspossidio@gmail.com"
"","13788621478","","não","Juliana Moreira","","","juliana.moreiras@ufpe.br"
"","","","não","Victor","","","victor@ambulis.io"
"Talento , Organizador","04975339447","Organizador","não","Shirley Cruz","//2eb0cd16e008139946c2510a2de49dd6.cdn.bubble.io/f1731960525664x724810226226728600/IMG_3384.jpeg","!z2V1{sF","shirley.ocruz@ufpe.br"
"","","","não","Eduardo Andrade Bemfica ","","","edubemfica@gmail.com"
"","","","não","Rafaela Monteiro ","","","rafaelasfmonteiro@gmail.com"
"","","","não","Incubadora Polotec","","","polotec@ufpe.br"
"","86986902468","","não","José Mário Ribeiro de Souza Filho ","//2eb0cd16e008139946c2510a2de49dd6.cdn.bubble.io/f1731960572661x410604754099844100/1000244372.jpg","","sistemasinformacao.rec@uninassau.edu.br"
"","","","não","Anthony Lins","","","anthony.lins@unicap.br"
"","","","não","Julyenne Moura","","","julyenetmoura@gmail.com"
"Talento , Resolvedor","11027618421","Resolvedor","não","Vinicius Torres de Macedo","","<d2}Fm7D","vt.macedo@hotmail.com"
"","09734569490","","não","CARLOS REVOREDO","","","revoredo@outlook.com.br"
"Talento , Resolvedor","02592192409","Resolvedor","sim","Breno Alencar","//2eb0cd16e008139946c2510a2de49dd6.cdn.bubble.io/f1744401785705x782282726621854800/Breno-Alencar.png","7Eqa;~L2","brenoalencar@recife.pe.gov.br"
"Talento","08144520432","Talento","não","RAFAEL CUNHA ALVES MOREIRA","","pG7~O!v9","rafaelcunham@gmail.com"
"","04767807484","","não","JULIANA LEAL DA CRUZ","","","juliana.leal.cruz@gmail.com"
"Talento , Resolvedor","41544668449","Talento","não","SIMONE MARIA SOARES DOMINGUES","","m~Oj+5N5","brumarukaa@gmail.com"
"Talento , Resolvedor","08723695447","Resolvedor","não","Jeniffer Marie","//2eb0cd16e008139946c2510a2de49dd6.cdn.bubble.io/f1733492673688x415762374642484540/Design%20sem%20nome%20%2823%29.png","}k9Gd5J@","jeniffermml@gmail.com"
"","01459940407","","não","JÉSSICA FERREIRA LIMA DE SENA","//2eb0cd16e008139946c2510a2de49dd6.cdn.bubble.io/f1733492691280x128553784208740300/perfil.jpg","E5[rv8P/","28jessica@gmail.com"
"","04663530494","","não","GEYSA KARLA ALVES GALVÃO","//2eb0cd16e008139946c2510a2de49dd6.cdn.bubble.io/f1733497457566x780481381761959300/geysaa.jpg","","geysakarlagalvao@gmail.com"
"Talento , Resolvedor","07381082438","Resolvedor","não","ERIKA MICHELLE DO NASCIMENTO  FACUNDES BARBOSA","//2eb0cd16e008139946c2510a2de49dd6.cdn.bubble.io/f1742987389914x174056211707441570/Imagem%20do%20WhatsApp%20de%202024-09-24%20%C3%A0%28s%29%2007.41.35_62068623%20%281%29.jpg","R/W43p]f","erika.facundes@gmail.com"
"Talento , Resolvedor","01423676483","Resolvedor","não","JAILTON RANIERE DO NASCIMENTO MELO","//2eb0cd16e008139946c2510a2de49dd6.cdn.bubble.io/f1735562291472x476640012288596740/WhatsApp%20Image%202024-09-30%20at%2010.00.46%20%281%29.jpeg","9D[8Rg}a","jailtonraniere@recife.pe.gov.br"
"","06419072492","","não","TIAGO CESAR PEQUENO PAES","//2eb0cd16e008139946c2510a2de49dd6.cdn.bubble.io/f1733524168508x905466961630330400/IMG-20240301-WA0040.jpg","","tiago100h_sk8@hotmail.com"
"","55690386472","","não","MARCELLO Ramalho de MELLO","//2eb0cd16e008139946c2510a2de49dd6.cdn.bubble.io/f1733524447262x615653723560571300/1000111099.jpg","","cello.mello.recife@gmail.com"
"","02723027406","","não","MARCOS SANTOS ARAÚJO","//2eb0cd16e008139946c2510a2de49dd6.cdn.bubble.io/f1733526474822x661982893235551400/1000001886.jpg","","projetpemarcos@gmail.com"
"Talento , Resolvedor","09054129409","Resolvedor","não","AMANDA VITÓRIA SILVA DE FREITAS ","//2eb0cd16e008139946c2510a2de49dd6.cdn.bubble.io/f1733568303997x386177367108992500/WhatsApp%20Image%202024-09-30%20at%2015.54.27.jpeg","T!e4f2/H","avsdfreitas@gmail.com"
"","04156505421","","não","LUCIANA EMANUELLE LIMA ALMEIDA","","","luciana_emanuelle@hotmail.com"
"Talento , Organizador , Resolvedor , Admin","08342157482","Resolvedor","sim","DIEGO COSTA ARRUDA","","9[AW3y+b","arrudadiego2000@hotmail.com"
"Talento , Resolvedor","09633443407","Resolvedor","não","CESAR ARAUJO EVANGELISTA","","sZ+N5v3/","cesararaujo569@gmail.com"
"Talento , Resolvedor","06262807454","Resolvedor","não","RAFAEL FIGUEIREDO BEZERRA","",";1RJ3fr]","rafael.figueiredo@recife.pe.gov.br"
"","05406107470","","não","JAMILLY DE LUCENA RODRIGUES","//2eb0cd16e008139946c2510a2de49dd6.cdn.bubble.io/f1734109288640x469536529267468700/WhatsApp%20Image%202024-11-06%20at%2010.32.01.jpeg","","jamillylr28@gmail.com"
"","05659695442","","não","PAULO CARVALHO","//2eb0cd16e008139946c2510a2de49dd6.cdn.bubble.io/f1734740648787x360725147652957200/26112024-_09A3289.jpg","39vXT?j{","pauloantonioacarvalho@gmail.com"
"Talento","69041008500","Talento","não","ALAN QUEIROZ DA COSTA","","","alanqcosta@gmail.com"
"Talento , Resolvedor","01420529498","Resolvedor","sim","RAFAEL DINIZ TOSCANO DE LIMA","//2eb0cd16e008139946c2510a2de49dd6.cdn.bubble.io/f1741699097179x105976018270826930/Foto%203x4%20%281%29.jpg","{Qu#g1B9","rafaeltoscano.cbtu@gmail.com"
"Talento , Organizador , Resolvedor","04852051496","Resolvedor","sim","Pedro Augusto Casé da Silva Filho","//2eb0cd16e008139946c2510a2de49dd6.cdn.bubble.io/f1759437376684x582904805174086100/WhatsApp%20Image%202025-08-27%20at%2016.02.47.jpeg","4ZW!4r<p","pedrocasefilho2208@gmail.com"
"Talento , Resolvedor , Admin , Organizador","11856902471","Resolvedor","sim","CECÍLIA OLIVEIRA DE AZEVEDO","","!lq8EM{6","ceciliaodeazevedo2@gmail.com"
"Talento , Resolvedor , Admin","06053242470","Resolvedor","sim","Ithalo Rannieri Araujo Soares","","!0w[X2Ub","araujoithalo@gmail.com"
"Talento , Resolvedor , Organizador","03358548422","Resolvedor","não","RAFAEL HENRIQUES PIMENTEL DE PAULA","","93[E:dwH","rafael.paula@recife.pe.gov.br"
"Talento","11705315470","Talento","não","ALEF SILVA","",":oK4W?7v","estampaarte10@gmail.com"
"Talento","09812778454","Talento","não","LILIAN ELLEN DE SOUZA SANTIAGO","","","lilian.souza.ellen@gmail.com"
"Talento , Resolvedor","02229907409","Resolvedor","não","ALESSANDRO RODRIGO ALVES","","fOj3U]}2","alessandro.alves@educ.rec.br"
"Talento , Resolvedor","02935117484","Resolvedor","não","IRINA FERREIRA TEREZO","","7ogIT{#0","irina.terezo@recife.pe.gov.br"
"Talento , Resolvedor","11017688435","Resolvedor","não","YAN VICTOR BORBA ARAÚJO","","[1Q8Ey{l","yanvba@gmail.com"
"Talento , Admin , Resolvedor","04996239409","Resolvedor","sim","EVISSON FERNANDES DE LUCENA","//2eb0cd16e008139946c2510a2de49dd6.cdn.bubble.io/f1737378398679x745112234190291600/IMG-20240523-WA0056-Cortada.jpg","E/6+7zPh","evisson.lucena@recife.pe.gov.br"
"Talento","04566323447","Talento","não","MAURUS HENRIQUES LIMA SANTOS","","/3_Sz8Qv","maurus@recife.pe.gov.br"
"Talento , Governo , Organizador , Resolvedor","09477893404","Organizador","sim","PEDRO DE MELO DHALIA","","9N0qCm#!","pedro.dhalia@gmail.com"
"Talento , Organizador , Admin , Resolvedor","99922894300","Organizador","sim","SARA CRISTINA RODRIGUES FERREIRA","","","sf.saraferreira.sf@gmail.com"
"Talento , Organizador , Resolvedor","14652941803","Organizador","sim","ALESSANDRA SILVA BARBOSA","","","alessandra.barbosa@abdi.com.br"
"Talento , Organizador , Resolvedor","72205474120","Resolvedor","sim","ISABELA MENDES GAYA LOPES DOS SANTOS","","8>LtB1]c","isabelagaya@hotmail.com"
"Talento","14041605407","Talento","não","SOPHIA LATACHE UCHÔA SANTA CRUZ","//2eb0cd16e008139946c2510a2de49dd6.cdn.bubble.io/f1738682195343x785045606982246900/Foto%20Sophia%20pr%C3%AAmio%20FEJEPE.png","","sophialatache@gmail.com"
"Talento","11282251406","Talento","não","MAYARA LEAL PINTO MARVAO","","5_W7<oIo","mayaraleal95@gmail.com"
"Talento , Resolvedor","12022904427","Resolvedor","sim","GUILHERME ANDRADE DE AGUIAR","","Gu}1#L4t","guilhermeada81@gmail.com"
"Talento","11913774406","Talento","não","FERNANDO JOSÉ PEQUENO AURELIANO DA SILVA  NULL","","","nandoaureliano@gmail.com"
"Talento , Resolvedor , Organizador","08740749401","Talento","não","JORGE ALEXANDRE SALVADOR DE ALCANTARA FILHO","//2eb0cd16e008139946c2510a2de49dd6.cdn.bubble.io/f1739820365852x703205990700308500/IMG_6760_quente.JPG","r1JEa}8]","jorgesalvador.arqdev@gmail.com"
"Talento","06579375418","Talento","não","DANILO CARLOS CARNEIRO NOVELINO","","Zg4sB5~?","danilonovelino@gmail.com"
"Talento","09762951484","Talento","não","LUCAS GLASNER PESSOA","","","lucasgpessoa11@hotmail.com"
"","","","não","Gabriel Chamie","","","contato@beg.app.br"
"Resolvedor","","Resolvedor","não","BCA","","","bca@ecomp.poli.br"
"Resolvedor","","Resolvedor","não","GCASF","","","gcasf@ecomp.poli.br"
"Resolvedor","","Resolvedor","não","Francisco Soares da Silva ","","","cafefaustina2022@gmail.com"
"Talento","11081743450","Talento","não","PEDRO HENRIQUE CORREIA DE ARAUJO SOUTO LEAL","","","pedro.hrzs@hotmail.com"
"Resolvedor","","Resolvedor","não","Daniel Martins Ribeiro ","","","lahorrytakashi@gmail.com"
"Talento","26743132420","Talento","não","FERNANDO ANTONIO LINS DUARTE","","","flinsduarte@gmail.com"
"Talento , Organizador , Resolvedor","02645731457","Resolvedor","não","SIMONE DE LIRA ALMEIDA","//2eb0cd16e008139946c2510a2de49dd6.cdn.bubble.io/f1740085054201x281385031392232350/WhatsApp%20Image%202025-02-20%20at%2017.53.56.jpg","eT5:k4C<","simoneufpe.almeida@gmail.com"
"Talento","05572966410","Talento","não","EDERSON RODRIGUES DE MELO  ","//2eb0cd16e008139946c2510a2de49dd6.cdn.bubble.io/f1740422818940x439982328127090240/foto.jpg",";0R7Mi!e","edersonmelo@hotmail.com"
"Talento","66664667487","Talento","não","SANTULLA LEIDE BERNARDES VASCONCELOS CARVALHO","//2eb0cd16e008139946c2510a2de49dd6.cdn.bubble.io/f1740426024432x876036146074550700/PERFIL%20SANTULLA.jpeg","0r{<BUe2","santulla.carvalho@gmail.com"
"Talento","01417934492","Talento","não","JOSÉ ROBERTO FERREIRA GUERRA","","","j.roberto.guerra@gmail.com"
"Talento","08283452444","Talento","não","PAULO HENRIQUE PESSOA MARTINS","//2eb0cd16e008139946c2510a2de49dd6.cdn.bubble.io/f1740433037575x147414002736158340/Instagram%20Iris%20Biotec%20%281%29.png","{Q3t8uC]","plpl1296@gmail.com"
"Talento","06110781711","Talento","não","JEAN BAPTISTE JOSEPH NULL","","","jeanjbluxe@gmail.com"
"Talento , Resolvedor","08147178450","Resolvedor","não","PÂMMELA ROBERTA GONÇALVES DOS SANTOS NULL","","K{]4Ne2h","pammelasantos@hotmail.com"
"Talento , Resolvedor","05822277470","Resolvedor","não","ANTÔNIO CARLOS DE MORAES PEDROSA FILHO","","Bn;1q@F8","antonio@souv.tech"
"Resolvedor","","Resolvedor","não","Edlaine Ferreira ","","","souzaedlaine328@gmail.com"
"Resolvedor","","Resolvedor","não","Roberta","","","r.2019uk@gmail.com"
"Talento , Resolvedor","09823688443","Resolvedor","não","MAIARA DA SILVA LIRA","","Pr1j<V@4","liraifpe@gmail.com"
"Talento , Resolvedor , Organizador","03060051402","Resolvedor","não","OTO BUREGIO DE LIMA","","9~3lw@OI","oburegio@gmail.com"
"Talento","05846771971","Talento","não","EDUARDO CHEROBIN MARTINS","","","educherobin@gmail.com"
"Talento","05942416427","Talento","não","GABRIEL AZEVEDO DE SOUSA","","","gazvd@icloud.com"
"Talento , Resolvedor","05165448452","Talento","não","FELIPE PESSOA ALENCAR MENDES","","6D@4r_Pr","felipe.alencar@recife.pe.gov.br"
"Talento , Resolvedor","48415190840","Resolvedor","não","GUSTAVO VANNUCCHI UNGARI","","g91B~F/e","gustavo.vannucchi.ungari@gmail.com"
"Talento , Resolvedor","06741620486","Resolvedor","não","BERNARDO FONSECA REIS DE SOUZA","","j<[nI87R","nadodk@gmail.com"
"Talento","06148241412","Talento","não","BRUNO DE SOUZA JERONIMO","","","bsj@cin.ufpe.br"
"Talento , Resolvedor , Organizador","93694415220","Talento","não","RUDA FERNANDES BRANDAO SANTOS","","V48:<xWn","ruda_fernandes@hotmail.com"
"Talento","05476630481","Talento","não","VINICIUS MIRANDA CESAR","","","viniciusmcesar@gmail.com"
"Talento , Organizador , Resolvedor","11804271730","Organizador","não","JULIANA RIBEIRO CARDOSO","","v!54Js?E","jrcardosoadv@gmail.com"
"Talento","13675135454","Talento","não","JOÃO VITOR RAMOS DA SILVA","","M4z]@y3G","joao64059@gmail.com"
"Talento , Resolvedor","09631793494","Resolvedor","não","EDOARDO IACHINI COSTA","","G/x1]D6a","edoardoicosta@gmail.com"
"Talento","15263333412","Talento","não","LUCAS MATHEUS RIBEIRO DA SILVA MENDES","","","lucasmatheusrsm@gmail.com"
"Talento , Resolvedor , Organizador","10167103482","Resolvedor","não","STÉFANE SILVEIRA","","w_}0Ri0F","stefane.silveira.92@gmail.com"
"Talento , Resolvedor","04818099457","Resolvedor","não","SILVIO MIGLIORINI JUNIOR","//2eb0cd16e008139946c2510a2de49dd6.cdn.bubble.io/f1741893250758x338886336691474750/IMG_6131.jpeg","Ez6{eZ9[","silvio@uplivemkt.com.br"
"Talento","10866936475","Talento","não","LUIS EDUARDO DE MELO PEIXOTO","","","eduardopeixoto45@outlook.com"
"Talento , Resolvedor","06865173422","Resolvedor","não","Manuella Gama de Souza","//2eb0cd16e008139946c2510a2de49dd6.cdn.bubble.io/f1741953585619x539004135927515500/Manu%20pequena.jpg","7<xRN@c4","manu.gs16@gmail.com"
"Talento , Resolvedor","11959792407","Resolvedor","não","KELVIN ALVES HARNESS","//2eb0cd16e008139946c2510a2de49dd6.cdn.bubble.io/f1741973662631x546300196366737540/Design%20sem%20nome%20%283%29.png","p{1d}8MD","kelvin.alves.harness@gmail.com"
"Talento , Resolvedor","06477322463","Resolvedor","não","LUIZ HENRIQUE DE ALBUQUERQUE UGIETTE","","~11+MGuv","luizugiette@icloud.com"
"Talento","12265881406","Talento","não","LUANA CHAVES FREIRE","","","luanachavesfreire2006@gmail.com"
"Talento , Resolvedor","08181992458","Resolvedor","não","PEDRO NOVAES","",";6iXi{5X","laureanopedro432@gmail.com"
"Talento","06485339485","Talento","não","RICARDO PAES","","","dadopaes1.0@hotmail.com"
"Talento","91983460915","Talento","não","ADEMILSON MENDES","","","ademilsonmendes1307@gmail.com"
"Talento","70190655461","Talento","não","JOAO PEDRO PEREIRA DA SILVA","","","pedrinho10077@gmail.com"
"Talento , Resolvedor","14326430451","Resolvedor","não","MATHEUS EDUARDO DORES DA SILVA","","Q36?yx}S","matheuszicatop523@gmail.com"
"Talento","13655146418","Talento","não","CAIO HENRIQUE MONTEIRO SOUZA","","","caio66312@gmail.com"
"Talento , Resolvedor","04219370412","Resolvedor","não","RICHARDSON JOSE TIBURCIO BEZERRA NULL","//2eb0cd16e008139946c2510a2de49dd6.cdn.bubble.io/f1745762143895x973751432881631500/1000306969.png","0]#Wo6lT","consultorescriativos1@gmail.com"
"Talento , Resolvedor","40620945842","Resolvedor","não","MIZAEL CORREIA DE LIRA FILHO","//2eb0cd16e008139946c2510a2de49dd6.cdn.bubble.io/f1745443833888x720661479822010400/321574538_8726207887420313_3735678994028085629_n.jpg","x5+T2r_Z","mizael.correia@gmail.com"
"Talento","07359838444","Talento","não","JOAO VICTOR AZEVEDO DE SENA","","","jvasryjg@gmail.com"
"Talento","10195490410","Talento","não","NATTHAN GONCALVES DE ANDRADE","","","goncalvesnatthan@gmail.com"
"Talento , Resolvedor , Organizador","13687338401","Resolvedor","não","LUCAS RODRIGUES ARAUJO COELHO","//2eb0cd16e008139946c2510a2de49dd6.cdn.bubble.io/f1747576831732x396895593849182700/imagem_2025-05-18_011057798.png","#4E!E9eg","exlucas2@gmail.com"
"Talento","05118819407","Talento","não","JULIANO SEVERINO DA SILVA","","","juliano.051@hotmail.com"
"Talento","10792665422","Talento","não","RELDSON BANDEIRA","//2eb0cd16e008139946c2510a2de49dd6.cdn.bubble.io/f1742326830362x841020545361366100/osoriu.jpg","[ZK2v@i7","reldjnbb@gmail.com"
"Talento","08517422465","Talento","não","ANTÔNIO CARLOS MARANHÃO NETO","","","antoniomaranhaon@gmail.com"
"Talento , Resolvedor","71535746467","Resolvedor","não","PEDRO VINICIUS CURVELO DE ARAUJO","","@N+2o4Yi","pedrokan14@gmail.com"
"Talento","02856965482","Talento","não","RILDO","","","rildoduarte@gmail.com"
"Talento , Resolvedor","11935330403","Resolvedor","não","ARTHUR JOSE FRANCA TAVARES RODRIGUES","//2eb0cd16e008139946c2510a2de49dd6.cdn.bubble.io/f1742393925567x547902605708617150/20250217_090759.jpg","3A#g]0yJ","janetefranca30@hotmail.com"
"Talento , Resolvedor","71538930404","Talento","não","BRUNO ROMELSON DO AMARAL VALOIS","//2eb0cd16e008139946c2510a2de49dd6.cdn.bubble.io/f1742394284726x823082506614645300/IMG_3188.jpeg","u+t0P;7R","bruno.romelson@gmail.com"
"","","","não","Katiane Lucas","","","katianeestagio@gmail.com"
"Talento","13639254406","Talento","não","LUCAS RAFAEL GOMES","","","lrgomes2004@gmail.com"
"Talento , Resolvedor , Organizador","12688582429","Talento","não","JEFERSON DO NASCIMENTO PEREIRA","//2eb0cd16e008139946c2510a2de49dd6.cdn.bubble.io/f1742484854644x766000826905675300/20211221_092451-removebg-preview.png","{8}5kIkB","jefersonjs42@gmail.com"
"Talento","12168051488","Talento","não","FRANSIELY KARLA DE MELO ROCHA","//2eb0cd16e008139946c2510a2de49dd6.cdn.bubble.io/f1742486252425x684928692225455900/5DD9D6A3-740A-45EC-9EE8-793BA49B9136.jpeg","","fransielykarla@gmail.com"
"Talento","71026125405","Talento","não","WESLEY SILVEIRA LIMA CORREIA","","","lima.correia@ufpe.br"
"Talento , Resolvedor","37327992472","Resolvedor","não","VERONICA PESSOA DE QUEIROZ DA COSTA BARROS","","74t/Ht!L","veronica.barros@uol.com.br"
"Talento","30340523832","Talento","não","BRUNO ASP","","","comprasbrunoasp@gmail.com"
"Resolvedor","","Resolvedor","não","Vinnie de Oliveira","","","info@gobeesiness.com"
"Talento","04151751432","Talento","não","RODRIGO ARRUDA PINHO","","","rodrigo.arruda@recife.pe.gov.br"
"Resolvedor","","Resolvedor","não","Jamesson Romão da Silva ","","","jamessonromao@gmail.com"
"Resolvedor","","Resolvedor","não","Larissa Agostini ","","","contatolariagostini@gmail.com"
"Talento , Resolvedor","10935121480","Resolvedor","não","PAULO VINÍCIUS VIANA ALVES","","{46:RzNb","180903paulo@gmail.com"
"Talento","09962815762","Talento","não","DAVID WAGNER SOARES DE ALMEIDA","//2eb0cd16e008139946c2510a2de49dd6.cdn.bubble.io/f1742564862754x656548480037460400/004-David-Almeida%20%281%29.png","","davidwsalmeida@gmail.com"
"Talento , Resolvedor","70443206430","Resolvedor","não","ALVARO GABRIEL SOUZA DE ANDRADE","","7k9?CB]z","agsa0108@gmail.com"
"Talento","10803096402","Talento","não","MARIA LUISA CASE GUEDES DA SILVA","","","gabiguedes@gmail.com"
"Talento , Resolvedor","12272844464","Resolvedor","não","KEVEN WILLIAM DE SOUZA RODRIGUES","//2eb0cd16e008139946c2510a2de49dd6.cdn.bubble.io/f1742567243186x437047098031204860/1740406928498.jpg","Q4>wB}r0","kevenwilliam2304@gmail.com"
"Talento , Resolvedor , Organizador","04125386790","Resolvedor","não","MONICA DE ALMEIDA VALENTE PRADO","//2eb0cd16e008139946c2510a2de49dd6.cdn.bubble.io/f1748451200497x376457825855068160/foto%20brics.jpg","3Ds#y@G6","mnc176@gmail.com"
"Talento , Resolvedor","66980178415","Resolvedor","não","WOLNEY ALEXANDRE PEREIRA DA SILVA","//2eb0cd16e008139946c2510a2de49dd6.cdn.bubble.io/f1742595004454x903264933816514200/1000533742.jpg","08{wWF{e","wolneynet@gmail.com"
"Talento","11087216486","Talento","não","RUBEM PEREIRA DE LIMA JUNIOR","","","juniorplimacc@gmail.com"
"Talento","04718155436","Talento","não","BARTOLOMEU JOSE DOS SANTOS JUNIOR","//2eb0cd16e008139946c2510a2de49dd6.cdn.bubble.io/f1742649500312x457576894744512450/IMG_0502.jpeg","","bartomtc@gmail.com"
"Talento , Resolvedor , Organizador","06048620403","Talento","não","RENATA MARIA OLIVEIRA BEZERRA RAU","","}njDH13/","renataoliveirarau@gmail.com"
"Talento , Resolvedor","02743459433","Resolvedor","não","MARCELA VENTURA NOGUEIRA","","y]k1}3FX","marcela@ovb.adv.br"
"Talento , Resolvedor , Organizador","07188309469","Resolvedor","não","DENAIS HELOISA CONCEIÇÃO DA SILVA","//2eb0cd16e008139946c2510a2de49dd6.cdn.bubble.io/f1742652175422x454630563197089900/IMG_20250322_093915_787_LL.jpg","ztV8+<7F","denaisheloisa2020@gmail.com"
"Talento , Resolvedor , Organizador","08840168460","Resolvedor","não","JAMES WILLIAM COSTA E SILVA","//2eb0cd16e008139946c2510a2de49dd6.cdn.bubble.io/f1761179100245x123934226099175380/PhotoRoom_20240118_233516.jpg","u3!:3PIq","jameswilliamfenix@gmail.com"
"","","","não","katiane Lucas Francisco","","","katianelucas147@gmail.com"
"Talento , Resolvedor","11483686477","Resolvedor","não","MATHEUS LIMA ANDRADE","//2eb0cd16e008139946c2510a2de49dd6.cdn.bubble.io/f1744680881712x492033191842277570/Screenshot_31.png","g?4Lo+7K","mla2f04@gmail.com"
"Talento , Resolvedor","08215559441","Resolvedor","não","BRUNO ROBERTO MAGALHÃES AVELINO","","[oLo0Z]9","mgbavelino@hotmail.com"
"Resolvedor","04818099457","Resolvedor","não","Silvio Migliorini Migliorini","","","silvio.migliorini@gmail.com"
"Talento","08414261477","Talento","não","THIAGO CESAR DA SILVA RAMOS","","","thiagocspe@gmail.com"
"Talento , Resolvedor","13482508445","Resolvedor","não","IVISSON PEREIRA DO NASCIMENTO ALVES","//2eb0cd16e008139946c2510a2de49dd6.cdn.bubble.io/f1743728771227x160268043345851650/FOTO%20PROFISSIONAL.jpg","cOn6I>]1","ivipnascimento@hotmail.com"
"Talento","13312660416","Talento","não","PEDRO GUTEMBERG DE LIMA SILVA","","","pedro.gutembergok@gmail.com"
"","","","não","Cyro Hernandez Calixto","","","cyro@hakabio.com"
"Resolvedor","","Resolvedor","não","MAURICIO RECK","","","mauricio@frescolabs.com.br"
"Talento","03294615400","Talento","não","EDNA MARIA DA SILVA","","","ednasilva1217@gmail.com"
"Talento , Resolvedor","31684824800","Resolvedor","não","LUIZ GUSTAVO FRANCISCHINELLI RITTL","//2eb0cd16e008139946c2510a2de49dd6.cdn.bubble.io/f1742941073904x293371259203718100/Eu.jpeg",":Mk07K?l","gustavorittl@gmail.com"
"Talento","13622988401","Talento","não","GUILHERME HENRIQUE SOARES DA SILVA","//2eb0cd16e008139946c2510a2de49dd6.cdn.bubble.io/f1742987550257x623392334468444000/Imagem%20do%20WhatsApp%20de%202024-06-20%20%C3%A0%28s%29%2014.03.50_c9411f5e.jpg","","guilherme34956@gmail.com"
"Talento , Resolvedor","70278947425","Resolvedor","não","LUCAS LEONIDES RODRIGUES DA SILVA  NULL","","qg##2SX1","lucas_leonides@hotmail.com"
"Talento","10096472456","Talento","não","BRUNO HENRIQUE DA GAMA SANTOS","","8<Fa7:Tq","bruno@datavig.com"
"Resolvedor","","Resolvedor","não","Nayara","","","nay@retailvision.com.br"
"Talento","17000021470","Talento","não","LEVY SILVA CARVALHO SANTIAGO","","","levygoleiro12@gmail.com"
"Resolvedor , Talento","10022273484","Resolvedor","não","Pietro Masur ","","s8<Wq7+S","pietromasur@hotmail.com"
"Resolvedor","","Resolvedor","não","Aurelio Jose Ribeiro da Silva","","","aurelio74123@gmail.com"
"Talento , Resolvedor","13952209481","Resolvedor","não","VICTOR GABRIEL DE MORAIS ALBUQUERQUE DA SILVA","//2eb0cd16e008139946c2510a2de49dd6.cdn.bubble.io/f1745459639812x339495824364128840/1676994200654%5B14%5D.jpg","6#8kBmB;","victormorais314@gmail.com"
"Talento","00827455364","Talento","não","LUIZ HENRIQUE DE OLIVEIRA MARTINS","//2eb0cd16e008139946c2510a2de49dd6.cdn.bubble.io/f1743113442105x234825525180526500/WhatsApp%20Image%202025-03-27%20at%2018.18.47.jpeg","","professorlhmartins@gmail.com"
"Talento , Resolvedor","07234950419","Talento","não","SUZANNA SANDES DANTAS","","l0}Al[5S","suzysandes@gmail.com"
"Talento , Resolvedor","07654701365","Resolvedor","não","NAYARA DA SILVA RAMALHO","","6M/0]jzW","nayararmlh@gmail.com"
"Talento , Resolvedor","32457127823","Resolvedor","não","DIOGO LEONARDO PASSARELI","","v?8h5M{T","diogo.passarelli@gmail.com"
"Talento","70280235402","Talento","não","ALESSANDRA MARIA SANTIAGO DE SOUSA","","","alesandramaria91@gmail.com"
"","","","não","Marcone Guilherme da Silva","","","marconegui235@gmail.com"
"Talento","11189270447","Talento","não","FELIPE DA SILVA COIMBRA PATRIOTA","","","feh.patriota@outlook.com"
"Talento","10189078405","Talento","não","DIOGO CIPRIANO","","","diogo-ti@outlook.com"
"","","","não","Levy Silva Carvalho Santiago ","","","levys7366@gmail.com"
"Talento , Resolvedor , Organizador","70750547405","Resolvedor","não","KEVIN SOUZA FIRMINO DE OLIVEIRA","","83QekW}<","kevinsouza.pe@gmail.com"
"Talento , Resolvedor , Organizador","98966812449","Talento","sim","Adeildo José de Barros Filho","","Y6][yC1t","adeildo.barros@recife.pe.gov.br"
"Talento , Resolvedor , Organizador","70245861416","Resolvedor","não","Heloísa Isabela Leão Carvalho","//2eb0cd16e008139946c2510a2de49dd6.cdn.bubble.io/f1758060362156x978770624537043300/IMG_0310%202.HEIC","V>27Wh:p","heloisaleao1183@gmail.com"
"Talento , Resolvedor","08508774400","Resolvedor","não","Gabriel Alves de Lima","//2eb0cd16e008139946c2510a2de49dd6.cdn.bubble.io/f1743529293295x428376308506963840/DA2F6E7A-03C7-47AE-AB96-89A25B851B64-Photoroom.png","U}d6j{5M","lima.a.gabriel@icloud.com"
"Talento","15286349420","Talento","não","LUIZ GUSTAVO LOPES BARBOSA","","","contapremiada364@gmail.com"
"Talento","16623628460","Talento","não","JEFFERSON CARNEIRO DA SILVA","","","jeffersoncarneirodasilva20@gmail.com"
"Talento","14084884421","Talento","não","PEDRO VICTOR DA SILVA TAVARES","","","pedrotavaresbol20@gmail.com"
"Talento","02927337128","Talento","não","RENATO BEZERRA SILVA","","","renatos725@gmail.com"
"Talento","71020649429","Talento","não","LUIZ FELIPE DA SILVA","","","az3578744@gmail.com"
"Talento","70425294480","Talento","não","GLAYDON GABRIEL FRANCISCO BIZARRIAS DE LIMA","","","glaydon123@hotmail.com"
"Talento","11888338474","Talento","não","ABRIVALDO RODRIGUES DE MOURA NETO","","","abrivaldomoura01@gmail.com"
"Talento","12312818477","Talento","não","EVERTON JOSÉ RUFINO DA SILVA","//2eb0cd16e008139946c2510a2de49dd6.cdn.bubble.io/f1743612869094x515460148426335040/foto.jpeg","","everton7ej@gmail.com"
"Talento","06647163697","Talento","não","BRENO GREIVE VEIGA","","","br.greive@gmail.com"
"Talento , Resolvedor","12914873441","Resolvedor","não","LAYLA CATHARINA GOMES LIMA","","We0}I?1b","laylagomess@outlook.com"
"","","","não","ALEXANDRE GUEDES RIBEIRO","","","projetosmicrocontrolados@gmail.com"
"Talento","05322582401","Talento","não","JÔULDES MATOS DUARTE","","","jouldes@yahoo.com.br"
"Talento","70167161474","Talento","não","DANIELLE FERREIRA DA SILVA","","","danielleferreirasilva@hotmail.com"
"Talento , Resolvedor","01456516493","Resolvedor","não","RHAFAELLA KARLLA COSTA SANTANA DA SILVA","","+t6r6:MP","rhafaellak@gmail.com"
"Talento , Resolvedor , Organizador","10096472456","Resolvedor","não","BRUNO HENRIQUE DA GAMA SANTOS","//2eb0cd16e008139946c2510a2de49dd6.cdn.bubble.io/f1750461000168x563707553789720900/IMG_20221023_080254_805.jpg","8HvhL5];","bruno.gama@recife.pe.gov.br"
"Talento , Resolvedor","10776252437","Resolvedor","não","LUIZA SOUZA","","/4{iyV0J","grazielly.araujo@outlook.com"
"","","","não","Luiz Penna","//2eb0cd16e008139946c2510a2de49dd6.cdn.bubble.io/f1743719164109x597386651055180800/Captura%20de%20tela%202024-08-16%20094452.png","","luiz@penna.tec.br"
"Talento","08797408417","Talento","não","JESSICA DA SILVA LEITE","","","jessica.sleite@gmail.com"
"Talento , Resolvedor","12100826409","Resolvedor","não","WILLAMS MATHEUS VIANA DO CARMO","//2eb0cd16e008139946c2510a2de49dd6.cdn.bubble.io/f1743811120489x348209347653823040/IMG_20250331_195823.jpg","N4T1jf>]","will7viana@gmail.com"
"Talento , Resolvedor","71675503451","Resolvedor","não","ANDREY LUCAS MARTINIANO DE ARAUJO","","!W9b6W:e","jake-line1983@hotmail.com"
"Talento , Resolvedor","66626595415","Resolvedor","não","MIRELLA REBELLO BEZERRA","","9+hMg@L1","mirebello@outlook.com"
"Talento , Resolvedor","11130877655","Resolvedor","não","IGOR MORAES MARIANO","","f8k6WZ}{","igormmariano@gmail.com"
"Talento","03906291979","Talento","não","ANDRE ROGERIO DO NASCIMENTO","","","andre_r_nascimento@yahoo.com.br"
"Talento","08149559167","Talento","não","FABIO ALBERTO CHIPANA HERRERA","","","fabio.chipanaherrera.clases@gmail.com"
"Talento , Resolvedor","86642545400","Resolvedor","não","CAROLINE PEREIRA BONA","","/8g6Nd>V","caroline.bona@ufpe.br"
"Talento","71177910470","Talento","não","VINICIUS GOMES","","","vogomesoliveira@gmail.com"
"Talento , Resolvedor , Organizador","04240136490","Resolvedor","não","DIOGO LUIZ ALVES VENTURA","//2eb0cd16e008139946c2510a2de49dd6.cdn.bubble.io/f1744313118408x449275183719476000/ANPAD.jpeg","9;FkdT+5","vdiogo225@gmail.com"
"Talento","10515036471","Talento","não","EMANUELLY KALINE GOMES DA SILVA","","","emanuellykaline95@gmail.com"
"","","","não","luiz Martins Pereira Neto","","","luiz.mneto@estacio.br"
"Talento , Resolvedor","10128414480","Resolvedor","não","KEROLAYNE GOMES TATO COTA","","_Kds1?U6","kerolaynetato@gmail.com"
"","","","não","KARINA ORGANA DA PAZ","","","karina_organa@pe.unit.br"
"","","","não","Felipe Ribeiro Barbosa","","","felipe@liderancatech.com"
"Talento , Resolvedor","10583677738","Resolvedor","não","MICHEL ALVES FRANCA DOS SANTOS","","!P3vv3Q+","michelfranca86@gmail.com"
"Talento","71219390453","Talento","não","RAUL RANAURO JAVALES JUNIOR","//2eb0cd16e008139946c2510a2de49dd6.cdn.bubble.io/f1744388500503x729623997947456800/WhatsApp%20Image%202025-04-08%20at%2015.56.25.jpeg","","rjavales@tnvg.com.br"
"Talento","13859873407","Talento","não","BARBARA MENEZES NOLE","","","barbarababinole@hotmail.com"
"Talento , Resolvedor","08938523411","Resolvedor","não","JOÃO FERNANDO CORREIA DA SILVA","","t{M4Aj1;","almo_fernando@hotmail.com"
"Talento , Resolvedor","38109239404","Resolvedor","não","Moisés Leal","//2eb0cd16e008139946c2510a2de49dd6.cdn.bubble.io/f1744400699881x327387582737926000/Moises-Batista.png","[}Jv6Qx7","moisesb@recife.pe.gov.br"
"Talento , Resolvedor","08126563427","Resolvedor","não","Viviane Kawashima","","s4;GoG_3","viviane.kawashima@recife.pe.gov.br"
"Talento , Resolvedor , Organizador","46248781400","Organizador","não","Homero Cavalcanti","//2eb0cd16e008139946c2510a2de49dd6.cdn.bubble.io/f1744407016875x910504298404138000/homero-sampaio-scaled.jpg","1W}!4hvQ","homero@recife.pe.gov.br"
"Talento","","Resolvedor","não","Ben-Hur Queiroz","//2eb0cd16e008139946c2510a2de49dd6.cdn.bubble.io/f1744407207646x819017860207018000/Ben-Hur.jpg","","benhur@recife.pe.gov.br"
"Talento","","Resolvedor","não","Fernando Calábria","","","fernando.calabria@recife.pe.gov.br"
"Talento","","Resolvedor","não","Igor Lins","//2eb0cd16e008139946c2510a2de49dd6.cdn.bubble.io/f1744407447280x523104827279901700/igor-lins.jpg","","igor.lins@recife.pe.gov.br"
"Talento , Resolvedor , Organizador","11162334444","Talento","não","THAIS CAROLINE CORREIA SILVA","//2eb0cd16e008139946c2510a2de49dd6.cdn.bubble.io/f1756126784894x389700918686910700/1000083450.png","H5Cj_]4m","thaiscarcorreia@gmail.com"
"Talento","04467125400","Talento","não","NILSON RODRIGUES DE MENDONCA FILHO","","","nrmendf@msn.com"
"Talento , Resolvedor","","Resolvedor","não","","","","tarcykatter@gmail.com"
"Talento","06433460402","Talento","não","PAULO FERNANDO DE LIMA OLIVEIRA","","","paulofloliveira.adv@gmail.com"
"Talento , Resolvedor","10813678498","Resolvedor","sim","HELLEN DA SILVA ALVES","","}1u/7vJE","hellen-ssilva@hotmail.com"
"Talento","13269298447","Talento","não","ATHOS MATHEUS PUGLIESE DA SILVA","","","athospu@gmail.com"
"Talento","07026727427","Talento","não","ELDER MARANHAO RODRIGUES DA SILVA","//2eb0cd16e008139946c2510a2de49dd6.cdn.bubble.io/f1744659868918x784671155088847000/Perfil%20Elder.png","","eldermaranhaoeng@gmail.com"
"Talento , Resolvedor","71476077401","Resolvedor","não","GUILHERME RUAN DE AZEVEDO BARCELOS","","m0Fv;4I>","guilhermeruan3012@gmail.com"
"Talento","03866867425","Talento","não","PAULO HENRIQUE DE BARROS","","","barrosp335@gmail.com"
"Talento","12171455403","Talento","não","JOÃO PEDRO PRYSTHON PAIVA DA FONSECA OLIVEIRA","","","joaopedroprysthon@gmail.com"
"Talento","14976261450","Talento","não","DANILO COSTA FREITAS","//2eb0cd16e008139946c2510a2de49dd6.cdn.bubble.io/f1744689876094x129095601596018960/Imagem%20do%20WhatsApp%20de%202025-03-22%20%C3%A0%28s%29%2023.28.57_d4b683d1.jpg","","danilocfreitass77@gmail.com"
"","","","não","","","","brenoag@gmail.com"
"","","","não","","","","contato@begs.app.br"
"","","","não","","","","kleberson.bezerra@hotmail.com"
"Talento , Resolvedor","15294887452","Resolvedor","não","SILAS MANOEL FREITAS DA SILVA","","U6l_u{4X","silasmanoel445@gmail.com"
"Talento , Resolvedor","13590727489","Resolvedor","não","","","i?5:LwV6","perluizhenrique@gmail.com"
"Talento , Resolvedor , Organizador","71000538460","Talento","não","HUGO VICTOR DA SILVA MONTEIRO","","g#10w;WG","hugoben4321@gmail.com"
"","","","não","","","","davifelipeempregos@gmail.com"
"Talento","06803396479","Talento","não","TIAGO SEVERINO ANTONIO JUNIOR","//2eb0cd16e008139946c2510a2de49dd6.cdn.bubble.io/f1744724490647x352371402286934850/IMG4.jpg","","tiagojr159@hotmail.com"
"","","","não","","","","aguiarltda03@gmail.com"
"","","","não","","","","mirella.rebello@gmail.com"
"","","","não","","","","adriel_leite12@outlook.com"
"","","","não","","","","kylviakarla@gmail.com"
"","","","não","","","","fcsantos2201@gmail.com"
"Talento , Resolvedor","71571898441","Resolvedor","não","","","T_o47]Za","vitoriagabriellygsilva@gmail.com"
"","","","não","","","","jorge.guilherme784@gmail.com"
"","","","não","","","","vfs2@cin.ufpe.br"
"Talento","09339055489","Talento","não","CAMILA VALENCA DE FRANCA FELIX","","","milavfelix@gmail.com"
"","","","não","","","","hugo.victorsilva@ufrpe.br"
"Talento","13469435405","Talento","não","MARIA MERCIA DUARTE COSTA","","","mariamerciaaz@gmail.com"
"","","","não","","","","felipesansoliv01@gmail.com"
"","","","não","","","","ssamuelkaka548@gmail.com"
"","","","não","RICARDO LUIS ALVES DA SILVA","","","ricardoalves@recife.ifpe.edu.br"
"","","","não","","","","kevenwilliam23042011@gmail.com"
"","","","não","","","","damarisgomes243@gmail.comp"
"Talento","10678928428","Talento","não","ARTUR ALBUQUERQUE MACHADO","","","glauco.am@hotmail.com"
"Talento , Resolvedor","10337215499","Resolvedor","não","Lana sofia alcântara da silva azevedo","//2eb0cd16e008139946c2510a2de49dd6.cdn.bubble.io/f1746471994828x980377879562462500/eu%20jpeg.jpg","D/aj[86E","lanasofia25@yahoo.com.br"
"","","","não","","","","wilkerfs11@gmail.com"
"","","","não","","","","eumanoelacoelho@gmail.com"
"","","","não","","","","allanreymond@proton.me"
"","","","não","","","","danilovitoriastf@gmail.com"
"","","","não","","","","brunosdar1@gmail.com"
"","","","não","","","","luisguilhermesantosdev@gmail.com"
"","","","não","","","","amorimrodrigo071@gmail.com"
"Talento , Resolvedor","11804810460","Resolvedor","não","Leandro De Souza Freire","","52_XyeT>","leandro_souza_1995@hotmail.com"
"","","","não","","","","gleybson1920@gmail.com"
"","","","não","","","","ascb@cesar.school"
"Talento","70457217499","Talento","não","VINICIUS GABRIEL DOS SANTOS BRAZ","","","gvinicius105@gmail.com"
"","","","não","","","","mp123g@gmail.com"
"","","","não","","","","alexkrypto.ti@gmail.com"
"","","","não","","","","hugocoelho2002@gmail.com"
"Talento , Resolvedor , Organizador","71654829463","Talento","não","","","6]Ur]Xy3","marialuizapd23@gmail.com"
"","","","não","","","","mateusmenezes8997@gmail.com"
"Talento , Resolvedor","14848672465","Resolvedor","não","","","t2B{iV1<","estudando202f@gmail.com"
"","","","não","","","","jcs3@cesar.school"
"Talento","71209558459","Talento","não","HEITOR SETTE COUTO DE MELO","","","heitorsette3@gmail.com"
"Talento","06734143961","Talento","não","IGOR PUFF FLORIANO DOS SANTOS","","","igorpuff@gmail.com"
"","","","não","","","","valbergabrieldesigner@gmail.com"
"","","","não","","","","felipelohan03052006@gmail.com"
"Talento","12869260415","Talento","não","YARA MARIA DOS SANTOS GADELHA","","","ylsonqueiroz9@gmail.com"
"Talento , Resolvedor","10980467497","Talento","não","Ylson dos Santos Queiroz Filho","//2eb0cd16e008139946c2510a2de49dd6.cdn.bubble.io/f1744907249683x327589223201749640/Minha%20foto.jpeg","}?6RUh7i","ylson.santos@hotmail.com"
"Talento , Resolvedor","71251267408","Resolvedor","não","MARIA LUIZA LEITE DA SILVA","//2eb0cd16e008139946c2510a2de49dd6.cdn.bubble.io/f1744912028484x477867524128273300/pessoa_71251267408.jpg","3]j3zV!N","contato.maluleite@gmail.com"
"","","","não","","","","gbarachomaia47@gmail.com"
"Talento","43825772845","Talento","não","WALKLIS VICTOR LIMA DA PENHA","","","walklis.lima@gmail.com"
"","","","não","","","","igoreds1999@gmail.com"
"","","","não","","","","contato.vini0dev@gmail.com"
"Talento , Resolvedor","09941368708","Resolvedor","não","LUIZ ALBERTO PENNA DE BARROS","//2eb0cd16e008139946c2510a2de49dd6.cdn.bubble.io/f1744942982866x372884221321865000/Captura%20de%20tela%202024-08-16%20094452.png","#@m2Ma5P","luizeba@yahoo.com.br"
"","","","não","","","","mcamileparaujo@gmail.com"
"Talento , Resolvedor","06378189544","Resolvedor","não","Ayan Messias Liger Coelho","//2eb0cd16e008139946c2510a2de49dd6.cdn.bubble.io/f1744987217882x638083884607885300/PSX_20250407_231049%20-%20Copy.jpg","Ju/21o?O","ayanliger@gmail.com"
"Talento , Resolvedor","10230473490","Resolvedor","não","","","5]L5k{gM","matheusjosesantosalmeida@gmail.com"
"Talento , Resolvedor","07944732450","Resolvedor","não","Danilo José Silvestre Linhares ","","!9UI@g5r","danilosilvestrelinhares@hotmail.com"
"","","","não","","","","joelysomalcantaradasilva@gmail.com"
"","","","não","","","","guilhermeviniciuspj@gmail.com"
"","","","não","","","","lucittor0@gmail.com"
"Talento , Resolvedor","66646065420","Resolvedor","não","MARIA DE LARA MOUTTA CALADO DE OLIVEIRA","","/6whX6~V","mlara.calado@gmail.com"
"","","","não","","","","maarillusz1@gmail.com"
"","","","não","","","","vitorparaizo1007@gmail.com"
"","","","não","","","","sgsf2@cesar.school"
"","","","não","","","","pih_braz@hotmail.com"
"Talento","10751646482","Talento","não","VICTOR LIMA DANTAS","","","victorlimadantas@gmail.com"
"","","","não","Tailson Mariano","","","tailson.mariano@unicap.br"
"Talento , Resolvedor , Organizador","66573041453","Talento","não","Marleny Elizabeth Márquez de Martínez Gerbi","","8F+F;8qb","marleny.gerbi@upe.br"
"Talento , Resolvedor","71578367425","Resolvedor","não","LUÍS GUILHERME SANTOS DE OLIVEIRA NULL","","Wm38_Bu}","luisguiguilherme1203@gmail.com"
"Talento","05852022497","Talento","não","LAIS SANTOS NULL","","k@SU9w8+","lais.lima.gui@hotmail.com"
"Talento , Resolvedor , Organizador","02802464396","Resolvedor","não","Paul McCartney Silva Pessoa","//2eb0cd16e008139946c2510a2de49dd6.cdn.bubble.io/f1763392715865x285470303005573860/1751904669753.png","paW4H[{2","paulmspessoa@gmail.com"
"","","","não","","","","juliocesarqueiroz20060@gmail.ocm"
"Talento","13153400466","Talento","não","CAUÃ DA CUNHA LIRA","","","ccunhalira8760@gmail.com"
"Talento , Resolvedor","70404098444","Resolvedor","não","","","MMgf3]0/","rodriguesdayanni@gmail.com"
"Talento , Resolvedor","09829983412","Resolvedor","não","LUIZ","","0z]r2}BA","luizmpn2@gmail.com"
"","","","não","Helda Barros","","","hob@cesar.org.br"
"","","","não","","","","annadsilva087@gmail.com"
"Talento","13131839708","Talento","não","GUILHERME BAIRRAL BRAGANCA","","","guilhermebairral@gmail.com"
"Talento , Resolvedor","13422682457","Resolvedor","não","ANTONIO DE PADUA BARRETO LOPES FILHO","","]f31f>ET","antonyejoao@gmail.com"
"Talento","12178538479","Talento","não","JULIANA GABRIELA DIAS DA SILVA FELIX","","","felixjuliana890@gmail.com"
"Talento","10969549407","Talento","não","LARISSA DE SOUZA PINTO","","","lilylari@hotmail.com"
"Talento , Resolvedor","04947735457","Resolvedor","não","EDER LIRA DE SOUZA LEAO","","g~85nK}B","prof.eder.leao@gmail.com"
"Talento , Resolvedor","07555427460","Resolvedor","não","CAIO SCHEIDEGGER","","8z@mK5[E","cscheidegger@gmail.com"
"","","","não","","","","matheuslisbonweb@gmail.com"
"","","","não","","","","amandaellem44@gmail.com"
"Talento , Resolvedor","11946093416","Resolvedor","não","ANALIA EIZMENDI CAMELO","","p9iI<3:J","analia.camelo@yahoo.com.br"
"","","","não","","","","andersonmarinhoprofissional@gmail.com"
"","","","não","","","","myrellagomes832@gmail.com"
"Talento , Resolvedor","14721730403","Resolvedor","não","MATHEUS CHAVES LEÔNCIO DE LIRA","","#R7X/3jg","mcldhy@gmail.com"
"","","","não","","","","jhay.dev@outlook.com"
"Talento","06726618450","Talento","não","DANILO CAVALCANTI AZEVEDO","","","recife.resemble721@passmail.net"
"","","","não","","","","fguerra127@gmail.com"
"","","","não","","","","carlosfcpinheiro82@gmail.com"
"","","","não","","","","cauagnp13@gmail.com"
"","","","não","","","","jhon.araujo2488@gmail.com"
"Talento","03178872469","Talento","não","GLEYSON","","","pedrosa2090@gmail.com"
"","","","não","","","","kleber.bol20@gmail.com"
"Talento","71419073435","Talento","não","TALISON VITOR BEZERRA DA SILVA","","]:mmLG39","vitortalisonoficial@gmail.com"
"Talento , Resolvedor","08831376403","Resolvedor","não","","","b3:gIC7[","felipeliberato0@gmail.com"
"Talento , Resolvedor","03105879218","Resolvedor","não","MATHEUS STEPPLE GOMES","","7#5qHEe@","matheus.tails@hotmail.com"
"Talento","11005515492","Talento","não","JOSICLEIDE CÉLIA PEREIRA","","","josyoliiveiraa@gmail.com"
"Talento , Resolvedor","08921116400","Resolvedor","não","REBECA BORGES FIGUEIROA FLOR","//2eb0cd16e008139946c2510a2de49dd6.cdn.bubble.io/f1745425427425x604042230992949900/1000570772.webp","p9M0/gA>","florrebeca22222@gmail.com"
"","","","não","","","","mateus.programcaojl@gmail.com"
"Talento","10964162474","Talento","não","MATHEUS PEIXOTO LANGONE","","","matheuzinho2_langone@hotmail.com.br"
"Talento","68671598420","Talento","não","ALEXANDRE BOULITREAU","","","boulitreau@gmail.com"
"Talento , Resolvedor , Organizador","11395297495","Resolvedor","não","Gabriella Graciano de Souza","//2eb0cd16e008139946c2510a2de49dd6.cdn.bubble.io/f1747341129502x901395992739254900/e7efe24b-ff2c-428b-b803-5faafb4d23b8.jpeg","+_8nE7Nb","gabifc_graciano@hotmail.com"
"Talento , Resolvedor","13146143470","Resolvedor","não","LUAN VENTURA FERREIRA DE MOURA","//2eb0cd16e008139946c2510a2de49dd6.cdn.bubble.io/f1745467122780x387879655135412030/Imagem%20Profissional%20cortada.JPG","M1mp}9}M","luanventurafm29@gmail.com"
"","","","não","","","","sofiakaren992@gmail.com"
"","","","não","","","","larathaylanne@gmail.com"
"Talento","71401127460","Talento","não","DANIELA DOS ANJOS MENEZES","","","danimenezes636@gmail.com"
"Talento , Resolvedor","13457034494","Talento","não","HAILTON DE MELO LIMA NETO","//2eb0cd16e008139946c2510a2de49dd6.cdn.bubble.io/f1745456325002x748961427767030900/neto%20cracha.jpg","{[0pa5RI","hmln@discente.ifpe.edu.br"
"","","","não","","","","danielgerminioaguiarcode@gmail.com"
"Talento , Resolvedor","71422809480","Resolvedor","não","Jéssica Vitória Gonçalves Ferreira ","","[x8[JdP9","vitoriajessica02255@gmail.com"
"","","","não","","","","norwalsouza@gmail.com"
"","","","não","","","","viniciuscontato2024@gmail.com"
"","","","não","","","","bkcordeirodasilva@gmail.com"
"","","","não","","","","aliciaestefany1213@gmail.com"
"","","","não","","","","ma.robertanascimento@gmail.com"
"Talento","12005180475","Talento","não","LUIZ GUILHERME PEREIRA DA SILVA","","","guilhermepereiras.951@gmail.com"
"Talento , Resolvedor , Organizador","06321037443","Talento","não","BARBARA HELENA DE BRITO ANGELO","","6aiZ1}K[","enfabarbarabrito@hotmail.com"
"Talento","12937362443","Talento","não","MARILIA GABRIELLA MARINHO DA SILVA","","","gabriellasilva012@gmail.com"
"Talento , Resolvedor","71097565483","Resolvedor","não","LUCAS DANIEL COSTA DA SILVA","","]Jl<k1N2","lucass.dcss75@gmail.com"
"Talento","01540943402","Talento","não","VITORIA BELTRAO WENCESLAU DO O","","","vitoria0207@hotmail.com"
"Talento , Resolvedor","12307339493","Resolvedor","não","ALEXSANDRO CAVALCANTI CHAVES FILHO","","4J6Oq#a}","sandrochavesfilho@gmail.com"
"Talento","11178119483","Talento","não","VINICIUS CAVALCANTI VILELA LINS","","","viniciuscavalcanti.dev@gmail.com"
"","","","não","","","","pp_malta@live.com"
"","","","não","","","","thaynara.mbatista@gmail.com"
"","","","não","","","","mariaeduardapfjs@gmail.com"
"Talento , Resolvedor , Organizador","10230131425","Resolvedor","não","Luiz Eduardo Diniz","","<4aZ1d;S","l-eduardo96@hotmail.com"
"Talento , Resolvedor","02117971547","Resolvedor","não","ELIABE VITORIA NASCIMENTO","","uD?3@1Tm","eliabenascimento@gmail.com"
"Talento , Resolvedor","11675082464","Resolvedor","não","KAIKI NATTAN DOS SANTOS GUEDES","","5r+1Wy>N","kaikinattansg@gmail.com"
"Talento , Resolvedor , Organizador","46419870410","Talento","não","Lígia Bezerra Coelho","//2eb0cd16e008139946c2510a2de49dd6.cdn.bubble.io/f1779181906957x432658344443021000/WhatsApp%20Image%202026-02-25%20at%2016.03.50%20%282%29.jpeg",":SJw9v8_","projetovertioficial@gmail.com"
"Talento","04959770120","Talento","não","LORENA DOS SANTOS FRANCA","","","lorenafrk@gmail.com"
"Talento , Resolvedor","14382787483","Resolvedor","não","Fábio Araújo Silva ","",">D1]3lMm","binho.araujx@icloud.com"
"Talento , Resolvedor","71474681476","Resolvedor","não","CLEBER DE ALMEIDA FALCAO FELIX SANTA ROSA","","48gyS};U","cleberdealmeida23@gmail.com"
"","09137200380","","não","Maria Luisa Silva Matos","//2eb0cd16e008139946c2510a2de49dd6.cdn.bubble.io/f1745622277913x441014342314922900/file%281%29.enc","","luisamatosisa@gmail.com"
"Talento","71271060450","Talento","não","KEVIN LUCAS DE ASSIS FERREIRA","//2eb0cd16e008139946c2510a2de49dd6.cdn.bubble.io/f1745620341589x103554876428748380/1000005724.jpg","","lucasdbr69@gmail.com"
"Talento , Resolvedor","71280533447","Resolvedor","não","Silvio Vinícius reis ","","2B<4T]br","s.vinicius.costa19@gmail.com"
"","","","não","Maria Antônia Monteiro da Silva","","","mams5@cin.ufpe.br"
"","","","não","Pedro Henrique Nunes da Silveira Bezerra","","","pedronunesufpe@gmail.com"
"","","","não","LUANA DE ANDRADE NASCIMENTO","","","luana.pr.consultoria@gmail.com"
"Talento , Resolvedor","09688795518","Resolvedor","não","HEBERT HENRIQUE BARBOZA DE BRITO","","6b_#3IcP","hebert.games.com@gmail.com"
"","","","não","Luís Felipe Oliveira Costa","","","lfoc@cin.ufpe.br"
"","","","não","Eduardo Henrique Albuquerque","","","eduardohnrque@gmail.com"
"Talento , Resolvedor , Organizador","11395276498","Talento","não","Manuelle Graciano Ferreira","//2eb0cd16e008139946c2510a2de49dd6.cdn.bubble.io/f1780411770190x829054914911489000/foto%20de%20manu.jpeg","u}~c1EM2","manuellegraciano@gmail.com"
"Talento","02156410437","Talento","não","ANTÔNIO MARCOS DOS SANTOS","","4AdL+@9s","marcos1976santos@gmail.com"
"","","","não","Letícia Uchôa Santos de Albuquerque Almeida ","","","leticiaualmeida06@gmail.com"
"","","","não","Lorena Cavalcanti Castello Branco","","","lccb2@cin.ufpe.br"
"","","","não","Maria Eduarda Carvalho Braga","","","mecb@cin.ufpe.br"
"","","","não","Matheus Lima Andrade","","","matheusla2f04@gmail.com"
"Talento , Resolvedor","05216695966","Resolvedor","não","Thiago Guerra","","","guerrathiago@gmail.com"
"Talento","12315279780","Talento","não","MIRELLA RIBEIRO","","","iajob@iajob.com.br"
"Talento","10137657706","Talento","não","NATASHA HIMELFARB","","","natasha.himelfarb@recife.pe.gov.br"
"Talento , Resolvedor","64756548334","Resolvedor","não","THIAGO ALVES COSTA DE ARAUJO","//2eb0cd16e008139946c2510a2de49dd6.cdn.bubble.io/f1745847534076x965626276792870300/perfil_thiago_150_150.jpg","tL:9@Qe4","thiago.ac.araujo@gmail.com"
"Talento , Resolvedor","70456392440","Resolvedor","não","PEDRO GABRIEL ARAUJO SVEDSE","//2eb0cd16e008139946c2510a2de49dd6.cdn.bubble.io/f1745850816461x250231207400959400/232C0FF1-C6C9-4D20-97F1-D891EE5A7B55.jpeg","D6{6;aoQ","pg520444@gmail.com"
"Talento","11842930400","Talento","não","JOAO VITOR LIMA BRAGA GRACILIANO DE MELO","","","joaovitorlbgm@gmail.com"
"Talento , Resolvedor","71416910492","Resolvedor","não","Allana Sílvia Gadêlha de Carvalho Souza ","","i_<R2Ih8","allanagadelha@gmail.com"
"","","","não","Luiz Felipe Ferreira dos Santos ","","","luizfelipe2014506@gmail.com"
"","","","não","Vinícius Spósito Antonino Nogueira","","","viniciussposito3103@gmail.com"
"","","","não","Pedro Lucas Silva de Andrade","","","pedrolsandrade0@gmail.com"
"","","","não","Maria Emilia dos Santos Silva ","","","emilia83500014@gmail.com"
"Talento , Resolvedor","70951053400","Resolvedor","não","GILBERTO LUIZ DA SILVA","","KEf4s4]/","gilberto.lsilva@recife.pe.gov.br"
"Talento , Resolvedor","63231166691","Resolvedor","não","Marco Frade","","","marco.frade@mapaooh.com.br"
"Talento , Resolvedor","87013754749","Resolvedor","não","Gilmar Pinbejro Gama","","","gilmargama@anneassistente.com.br"
"Talento","12251921451","Talento","não","ALEX GABRIEL BEZERRA DA SILVA","","","alexgabriel1998_@hotmail.com"
"Talento , Resolvedor","10694999431","Resolvedor","não","VITOR GABRIEL SILVA DE LIMA","//2eb0cd16e008139946c2510a2de49dd6.cdn.bubble.io/f1746155695673x802261706013731300/foto-profissional.jpg_resized.jpg","?wX1_2iY","vitorgabriel181004@gmail.com"
"","","","não","Grazielle Vitorya Maciel de Medeiros","","","vitoryamedeiros05@gmail.com"
"Talento","08086765474","Talento","não","THIAGO ARAGÃO","","","thiagoaragao081@gmail.com"
"Talento , Resolvedor","25375920425","Resolvedor","não","EMANUEL DA MOTA PASSOS","","0jr8J{{C","empassos@hotmail.com"
"Talento , Resolvedor","70914403400","Resolvedor","não","Maria Clara Albuquerque Moura","","~9qMZx8[","mariaclara302004@gmail.com"
"","","","não","Suelen Costa da Silva ","","","costtasuellen@gmail.com"
"Talento","10324904460","Talento","não","JESSICA MAYARA DA SILVA AMANCIO","","","jessicas.a@hotmail.com"
"Talento","14529725405","Talento","não","ELYNNE SILVA DE LIMA","","","elynnelima@gmail.com"
"Talento , Resolvedor , Organizador","02067564374","Resolvedor","não","Rogerio","","kG8~J0g}","geriofilho@gmail.com"
"Talento","14214971744","Talento","não","BERNARDO FIGUEIREDO DE CASTRO AINBINDER","","","b.fca91@gmail.com"
"Talento","11856869407","Talento","não","GUSTAVO HENRIQUE LIMA MENDES DE ALMEIDA NULL","","","gustavohlma8@gmail.com"
"Talento , Resolvedor","13896825445","Resolvedor","não","MARIANA MATOS OLIVEIRA","//2eb0cd16e008139946c2510a2de49dd6.cdn.bubble.io/f1745977435426x580367180584581100/BackgroundEraser_20250429_224631762.jpg","wTnJ@7_7","marianamatos5000@gmail.com"
"Talento","01421400405","Talento","não","PAULO JOSE DA SILVA","","","paulojs.dev@gmail.com"
"Talento , Resolvedor","70308449479","Resolvedor","não","Yan Victor de Vasconcelos Cunha ","","87B;Fe<k","yan015victor@gmail.com"
"","","","não","Lucas Filipe de Lima Segundo ","","","lucasfilipelimasegundo@gmail.com"
"","70268546401","","não","Camila Maria Teixeira Alcântara","","","camilamta275@gmail.com"
"","","","não","Carlos Henrique Gonçalves da Silva ","","","carlos.henriquegds79@gmail.com"
"","","","não","Rebeca Borges Figueirôa Flor","","","estudosdabecaa@gmail.com"
"","","","não","João Guilherme da Fonte Grimaldi ","","","jggrimaldi12@gmail.com"
"Talento","11812253451","Talento","não","JOÃO PEDRO OLIVEIRA DA SILVA","","","joaopedro.oliveirads@gmail.com"
"","","","não","Leandro Langlois","","","leandrocmlanglois@gmail.com"
"Talento , Resolvedor","11574196405","Resolvedor","não","MARIA AUGUSTA KLEY AGUIAR FIALHO","","?>R7E9yy","aguiar.maria22@gmail.com"
"Talento","14505882470","Talento","não","GABRIEL MONTEIRO DE ANDRADE FONSECA","//2eb0cd16e008139946c2510a2de49dd6.cdn.bubble.io/f1746032647272x517160462592826100/WhatsApp%20Image%202025-04-30%20at%2014.03.21.jpeg","","gm08022003@gmail.com"
"","","","não","João Mateus Gonçalves da Silva","","","mateusgoncalvesautor@gmail.com"
"","","","não","Ana Carolyne Alves Costa","","","anacarolalvescosta@gmail.com"
"","","","não","João Vitor Lima Mergulhão","","","jvitormergulho@gmail.com"
"Talento","06516218447","Talento","não","ANTONIO VICENTE LOURENCO DAMASO","//2eb0cd16e008139946c2510a2de49dd6.cdn.bubble.io/f1746034241831x225847689303813280/eu.jpeg","","antoniovldamaso@gmail.com"
"Talento , Resolvedor","06674517577","Resolvedor","não","LETICIA ANDRADE DE OLIVEIRA BARROS","",";PI<5l8e","andradeleticia456@gmail.com"
"","","","não","Gabriel Gleydson Lima Dos Santos","//2eb0cd16e008139946c2510a2de49dd6.cdn.bubble.io/f1746041698464x483414122889798160/1F6C9E93-C274-4FF7-B6DD-CB4889450FDE.jpeg","","gabresantts@gmail.com"
"Talento","71347467475","Talento","não","ANA PAULA SA BARRETO PAIVA DA CUNHA","","","anapaulasapaiva@gmail.com"
"","","","não","Gabriel Cássio Gomes Cileiro","","","gabriel.cgc.contato@gmail.com"
"Talento , Resolvedor","09920087432","Resolvedor","não","Mariana Cristina Rodrigues de Oliveira ","//2eb0cd16e008139946c2510a2de49dd6.cdn.bubble.io/f1746037361003x499840163721318600/Screenshot_20250317_210101_CapCut.jpg","","lectio93@gmail.com"
"Talento , Resolvedor","13959666489","Resolvedor","não","PEDRO AILTON ALVES DA CUNHA","",":}3UsA1z","pedroailton630@gmail.com"
"Talento","24710582807","Talento","não","FERNANDO NOVAIS","","","fernandonovais.silva@gmail.com"
"Talento , Resolvedor","16402591475","Resolvedor","não","MURIEL BEZERRA DA SILVA","","/1cs2A#D","bezerramuriel8@gmail.com"
"Talento","10295271485","Talento","não","JONAS FERREIRA SILVA","","","jonas-ferreirasilva@hotmail.com"
"","","","não","Marília Luz dos Santos","","","marilia.luz@ufpe.br"
"","","","não","Marina Costa dos Santos ","","","mcs12@academy.cin.ufpe.br"
"","","","não","Bruna Veiga","","","brunaveigachalegre2@gmail.com"
"","","","não","Lucas Dantas de Moura Carvalho","","","lucasddmc@outlook.com"
"","","","não","Rebeca Vitória Alves Guimarães ","","","rebecaalves308@gmail.com"
"","","","não","Paulo José da Silva ","","","megapaulo@gmail.com"
"","","","não","Marcos batista da silva junior","","","mbsj2007@hotmail.com"
"Talento , Resolvedor","15144813402","Resolvedor","não","LIVIA CLARISSA GONCALVES ALEXANDRINO","","","livia.clarissa37@gmail.com"
"Talento","06443368975","Talento","não","LAIS PERINI","","","lais.fisica@gmail.com"
"Talento","03457684421","Talento","não","ANGELA DE OLIVEIRA CARDOSO SOUSA","","","angelacardososousa@yahoo.com.br"
"","","","não","Jennifer Vitória Da Silva ","","","jennifervitoria0426@gmail.com"
"","","","não","Silas José Gomes","","","silasgomes1694@gmail.com"
"Talento , Resolvedor , Organizador","10220637741","Organizador","não","LEONARDO J MELO","","+HbW2@6m","leojmelo@gmail.com"
"","","","não","Fernando Vinycius Santos Moreira ","","","fernandovinyciusdev@gmail.com"
"Talento","17739348724","Talento","não","DAVI VIEIRA DA SILVA","","","ddragmeon3@gmail.com"
"Talento , Resolvedor","13842844433","Resolvedor","não","REBECA VITORIA TENORIO DA COSTA","","qR}t_8K5","rebeca.vitoria9124@gmail.com"
"Talento","12199815404","Talento","não","LIVIA MARIA REIS SOUZA DA SILVA","","","liviamreis.10@gmail.com"
"","","","não","Lucas Gabriel Carvalho dos Ramos ","","","gabriellucas201665@gmail.com"
"Resolvedor","13310028429","Resolvedor","não","Luiz Eduardo Ferreira","","","luiz.eduardoferreira@ufrpe.br"
"","","","não","Luis filipe Oliveira Santos ","","","luis.filipeoliveira@ufrpe.br"
"Talento","13489807456","Talento","não","EDVAN DA SILVA ARAUJO","","","edvandearaujo2@hotmail.com"
"Talento , Resolvedor","03387899440","Talento","não","Danielle Mendonça Gomes ","","6B3a#[Jk","daniellefabricadeideias@gmail.com"
"Talento","11294838431","Talento","não","MESSIAS DANIEL FERREIRA DA SILVA FILHO","//2eb0cd16e008139946c2510a2de49dd6.cdn.bubble.io/f1746122813981x994873337015936100/20250325_142119.jpg","","messiasdaniel1999@gmail.com"
"Talento","09919205460","Talento","não","HENRIQUE SILVA DE LIMA","","","henriqesl16@gmail.com"
"","","","não","Joao Victor Oliveira Da Silva","","","profissionaljsilva@gmail.com"
"Talento","13246217459","Talento","não","JOÃO FILIPE REIS JUSTO DA SILVA","","G#0f9n/I","reislipe@protonmail.com"
"Talento","70448547457","Talento","não","LUCAS CHAVES SAMPAIO FERRER","","","chaves.lucas.ferrer@gmail.com"
"Resolvedor , Talento","711.798.824-07","Resolvedor","não","Wectornanime Nascimento Felipe","","","wectornanime@gmail.com"
"Talento","14174334420","Talento","não","THYAGO OLIVEIRA MACHADO BRANDAO","","","thyaagooliveir4@gmail.com"
"","","","não","João Victor Mota Cavalcante ","","","victormotaccontato@gmail.com"
"Talento , Resolvedor","11638626499","Resolvedor","não","HUGO VINÍCIUS DE LIMA MENDONÇA","","PT+;01rz","nvinicius118@gmail.com"
"Talento , Resolvedor , Organizador","70155299476","Talento","não","GISELLY LUIZA ROCHA DE LIMA ","//2eb0cd16e008139946c2510a2de49dd6.cdn.bubble.io/f1749766326424x323662800670614360/WhatsApp%20Image%202025-06-12%20at%2019.11.55.jpeg","Y1>L/7fr","oreodemorango.contato@gmail.com"
"","","","não","Luiz Carlos Belém de Oliveira Neto","","","lulinhabelem@outlook.com"
"","","","não","SAULO ADONES GABRIEL GUIMARÃES DA SILVEIRA","","","sauloadonesg@gmail.com"
"Resolvedor , Talento , Organizador","13617002463","Talento","não","Rebeca Lyra da Silva","","gX<9V6<g","rebecalyrasilva@gmail.com"
"Talento , Resolvedor","12227746408","Resolvedor","não","MAYCON ROMARIO DOS SANTOS PEREIRA","","5}xL6Lq;","sromario577@gmail.com"
"","","","não","Adrielly santos farias da cunha ","","","adri.cunha505@gmail.com"
"Talento , Resolvedor","13222402485","Resolvedor","não","PABLO VINICIUS NASCIMENTO","","n;;5R4wD","pablo13012001@gmail.com"
"","","","não","Andressa Girlany Dias da Silva","","","andressagds@hotmail.com"
"Talento","09082721465","Talento","não","RAFAELA FERNANDA LEITE SALES","//2eb0cd16e008139946c2510a2de49dd6.cdn.bubble.io/f1746187315721x535922896403395300/IMG_0759.jpeg","","rafaela.fernanda.tata@gmail.com"
"","","","não","Luís Caetano do Nascimento Júnior","","","caetanoengenharia@yahoo.com.br"
"Talento","70344694402","Talento","não","CLARA OLIVEIRA COSTA","","","claracosta_porto@yahoo.com.br"
"","","","não","Sophia Albuquerque Melo de Alencar","","","sophiamalencar@gmail.com"
"","","","não","João Vitor Lima Braga Graciliano de Melo","","","vitoreclara4@gmail.com"
"","","","não","Gisele Maria Teodosio Marques ","","","marrquesgisele@gmail.com"
"Talento , Resolvedor","06621604521","Resolvedor","não","Pedro Miranda Marinho","","e95]c?CW","pedromarinho243@hotmail.com"
"Talento , Resolvedor , Organizador","02691576035","Organizador","não","EDUARDA BRITO SAWAYA","//2eb0cd16e008139946c2510a2de49dd6.cdn.bubble.io/f1746198324784x287091390018238140/WhatsApp%20Image%202024-11-13%20at%2013.38.41.jpeg","","eduarda.sawaya@pucrs.br"
"","","","não","Alanna Beatriz Bezerra dos Santos ","","","alannaabeatriz@hotmail.com"
"","","","não","Ítalo Miguel Braz Goiana","","","italoo.braz@gmail.com"
"","","","não","João Cesar da Silva","","","joaocezroficial@gmail.com"
"Talento , Resolvedor","07986421576","Talento","não","Pedro Henrique de Brito Matias","","z4W[S5v[","pedromatias0047@gmail.com"
"","","","não","Morgana Barbosa Da Silva","","","morg.barb12121@gmail.com"
"","","","não","Maria Clara de Morais Silva ","","","maria.silva0020016006@edu.pe.senac.br"
"","","","não","joelli Vieira de Oliveira ","","","jo540267@gmail.com"
"Talento , Resolvedor","70910088470","Resolvedor","não","Danrley Arthur Braga Ferraz","","2@sOt{C0","danrleyarthur26@outlook.com"
"Talento","62294389336","Talento","não","JOÃO VICTOR DA SILVA","","","joaovictortwrp@gmail.com"
"","","","não","Erick Fernando de Lima Monteiro","","","erickpxd@gmail.com"
"","","","não","Luis Augusto Silva de Sá","","","luisaugustosilvade@gmail.com"
"","","","não","Arthur Alves Marsaro","","","aam4@cin.ufpe.br"
"Talento , Resolvedor , Organizador","71375841440","Organizador","não","Luiz Guilherme Santos de Almeida ","","tNW<6[i2","guilhermedane01@gmail.com"
"","","","não","Matheus Henrique Goes Soares","","","matheushgss29@gmail.com"
"Talento , Resolvedor","09794059471","Resolvedor","não","TIAGO RODRIGUES DE LIMA","//2eb0cd16e008139946c2510a2de49dd6.cdn.bubble.io/f1746215215775x349362798979391300/1000045849.jpg","_#6x0QIm","agohelp@gmail.com"
"","","","não","Milene Alexandre Melo","","","milenealexandre03@gmail.com"
"","","","não","eduardo nascimento do monte","","","eduardo.nstm@gmail.com"
"","","","não","Ariel Rodrigues de Sousa","","","contatoarieldzn@gmail.com"
"Talento","13272862463","Talento","não","AKYSSA EDUARDA DA SILVA","","","akyssaeduardaa@gmail.com"
"Talento","05596490458","Talento","não","ROSANGELA A F DE SANTANA","","","roaureliana@gmail.com"
"Talento","05549052482","Talento","não","JHONATA VINICIUS DA SILVA ARAUJO","","","jhonyaraujo2488@gmail.com"
"Talento , Resolvedor","45574347890","Resolvedor","não","Bruno Fouz Valente","","e~yN1]A0","brunofouz@hotmail.com"
"Talento , Resolvedor , Organizador","46419870410","Resolvedor","não","LIGIA BEZERRA COELHO","//2eb0cd16e008139946c2510a2de49dd6.cdn.bubble.io/f1762293898676x403432860478114300/LIGIA%20CEO%20BRANCO.jpg","9!Wj7Ad{","ligia37_1@hotmail.com"
"","","","não","Marcelly Arcanjo Soares da Siva","","","marcellyarcanjo7@gmail.com"
"Talento","08789655486","Talento","não","CAMILA","","","camismonique8@gmail.com"
"","","","não","Ruth Camile Ferreira de Souza Anastácio ","","","ruthanastacio0@gmail.com"
"","","","não","Paloma Mirelly Freitas de Lucena ","","","palomamirellyfreitas@gmail.com"
"Talento","15157681470","Talento","não","STELLA ALBERTINA FERNANDES DE CARVALHO","","","stellacarvalho1994@icloud.com"
"Talento","14941865430","Talento","não","HENRIQUE GARCIA LEITE","","","gov@henriquegarcialeite.com"
"Talento","12863229443","Talento","não","JAILSON SANTOS SILVA","","","jailson-56@hotmail.com"
"Talento , Resolvedor","07709356567","Resolvedor","não","Lucas dos Reis Silva","","y94?qTE<","lucaspook12@gmail.com"
"Talento , Resolvedor","13852081475","Resolvedor","não","MATEUS SANTIAGO SOBRAL","//2eb0cd16e008139946c2510a2de49dd6.cdn.bubble.io/f1746296402948x310762338267104500/mateus.webp","8S{s8#fH","mateussantiagomm@gmail.com"
"Talento","06288487490","Talento","não","PAUL ANDERSON DE QUEIROZ PINTO","","","paulandersonqueiroz@gmail.com"
"","","","não","Arthur Vieira Arruda De Oliveira ","","","arthurv.o.2507@gmail.com"
"","","","não","Marcelo Victor Batista da Silva","","","marcelobs.victor@gmail.com"
"","","","não","João Victor Dos Santos Neves","","","joaovneves28@gmail.com"
"","","","não","Priscila Fernanda da Silva","","","priscilaf.silvaweb@gmail.com"
"Talento","12815339471","Talento","não","CAIO GABRIEL TAVARES FERREIRA","","","caiogabrieltf@gmail.com"
"Talento","70583233481","Talento","não","VITORIA IORHANA CAVALCANTE DE SOUZA","","","vitoriayorhana223@gmail.com"
"","","","não","Aline Vitoriano Araujo ","","","alinevitorianoa@gmail.com"
"","","","não","Wanderson Phillype Felix Pereira ","","","wandersonphillype@hotmail.com"
"","","","não","Vinícius Rosa de Lima ","","","viniciusrosalima14@gmail.com"
"","71651011443","","não","Gabriel Cardoso Sales","","","gabriel.sales@dcx.ufpb.br"
"","","","não","Ester Vitória Tavares da Silva ","","","estervitavares@gmail.com"
"Talento","06423478406","Talento","não","DIOGO SEVERINO ANTONIO DOS SANTOS","//2eb0cd16e008139946c2510a2de49dd6.cdn.bubble.io/f1746405253145x667291979834047100/Picsart_24-03-13_01-45-03-834.jpg","","euamofisica2006@hotmail.com"
"","","","não","Karolina ","","","vitoriakarolina969@gmail.com"
"","","","não","Mayara Cristina Roseno dos Santos ","","","mayararoseno60@gmail.com"
"","","","não","Clara Oliveira Costa","","","claracosta790@gmail.com"
"","","","não","Ana Luisa Feitosa Guimarães ","","","analuisafguimaraes@hotmail.com"
"","","","não","Emanoel Thyago Cordeiro dos Santos","","","etcs@cin.ufpe.br"
"","","","não","Fabriely Santos","","","fabrielyluana@gmail.com"
"","","","não","Vitória Rocha de Oliveira Silva","","","vtr.pe@hotmail.com"
"","","","não","Péricles Ferreira Sardinha ","","","pfs@cin.ufpe.br"
"","","","não","Luiza Mendonça Cavalcante","","","cavalcanteluiza13@gmail.com"
"","","","não","Yuri Kauan Santos barbosa ","","","yurrikauan188392@gmail.com"
"","","","não","Amanda Priscila Alves dos Santos ","","","amanda.priscilaa10@gmail.com"
"","","","não","Paulo Vinicius ","","","devvine75@gmail.com"
"Talento","13102393470","Talento","não","RUTH CRISLAYNE ARAÚJO DOS SANTOS BARBOSA DE SOUZA","","","ruthcrislayne@gmail.com"
"Talento","70355937484","Talento","não","MARIA CLARA CARVALHO SOARES","","","claracsoares10@gmail.com"
"Talento","70589462482","Talento","não","MIGUEL LUIS VIEIRA DE MELO BOA VIAGEM","","","miguel.boaviagem@gmail.com"
"","","","não","Thayanne Stella Barros Rodrigues","","","thayanne.stella15@gmail.com"
"","","","não","Arthur Vieira Arruda de Oliveira ","","","adarrum10@gmail.com"
"","","","não","Paula Gomez","","","paula.gomez@epistemic.com.br"
"","","","não","Vivian Gomes de Brito ","","","vivian.brito@edu.pe.senac.br"
"","","","não","Marina Meirelles Paixão","","","marinameirelles2012@hotmail.com"
"","71648237401","","não","Mateus Felipe Carneiro de Menezes ","","","shingekisnk854@gmail.com"
"","","","não","Eraldo Alves Pereira Filho ","","","eraldoalves715@gmail.com"
"Talento","81880308487","Talento","não","RUTH BRITTO DA SILVA","","","brittoruth@gmail.com"
"Talento","06235593406","Talento","não","ADILSON SOARES DA SILVA","","","adilson.silvapacto@gmail.com"
"","","","não","Frederico Andrade","","","fred@indigohive.com.br"
"","","","não","Joel de Oliveira Jr","","","joel.oliveira@luckietech.com"
"","","","não","João Emanuel Veríssimo Lopes Bernardino","","","joaoemanuelverissimo@gmail.com"
"","","","não","Giselly Luiza Rocha de Lima ","","","gisellylrochal@gmail.com"
"Talento , Resolvedor","09112801461","Resolvedor","não","FELIPE DURANT FREIRE","//2eb0cd16e008139946c2510a2de49dd6.cdn.bubble.io/f1746472368990x197623184537852900/Profile%20pic.jpg","H[57wT[z","felipedurant35@gmail.com"
"","","","não","Talita Maria Tabosa da Silva ","","","talita.tabosa@ufrpe.br"
"","","","não","Medley Alves Bezerra ","","","medleyalves2309@gmail.com"
"Talento","06547209407","Talento","não","JOAO VICTOR MELO VIEIRA DA SILVA","","","jvictormelo22@gmail.com"
"Talento","10402488458","Talento","não","JOAO GUILHERME DA FONTE GRIMALDI","","","jggrimaldi0@gmail.com"
"","","","não","Wesley Oliveira Amorim Filho","","","wesleyfilho221204@gmail.com"
"","","","não","Lucas Bueno Pereira ","","","lucas.bueno@unesp.br"
"","","","não","Mayara Roberta Pereira do Nascimento ","","","zuranmrs2@gmail.com"
"","","","não","Wanderson Phillype Felix Pereira","","","wanderson.pereira@edu.pe.senac.br"
"","","","não","Gabriel Felipe Machado de Lemos","","","gabrielfelipe.lemos@gmail.com"
"Talento","06529537430","Talento","não","YGOR FELLIPE MACÊDO NOGUEIRA","","","ygornogueiramacedo@gmail.com"
"","","","não","Lucas da Silveira Absalão ","","","lucasabsalao@gmail.com"
"","","","não","Eduardo Henrique da Silva Santana","","","ehss@cin.ufpe.br"
"","","","não","Luan Thiers de Oliveira Pires","","","luanthiers3@gmail.com"
"Talento","71310342407","Talento","não","DANILO RICARDO DA SILVA TAVARES","","","danilovitoriast@gmail.com"
"","","","não","Ana Lívia da Costa Pessoa","","","analivia.pessoa73@gmail.com"
"","","","não","matheus ayres dos santos","","","mas11@cin.ufpe.br"
"Talento","12771882469","Talento","não","FERNANDA MARQUES NEVES","","","fernanda@neves.eti.br"
"","","","não","Isack Otavio Vasconcelos Souza","","","isackvasconcelos@hotmail.com"
"","","","não","Tales Machado Bandeira","","","talesmachadob6@gmail.com"
"Talento , Resolvedor","12023613400","Resolvedor","não","GABRIEL VANDERLEI DE OLIVEIRA","","?Go1z{8P","gabrielvanderlei10@hotmail.com"
"","","","não","Deyvid Diogo Marques de Oliveira","","","ddmdoliveira@gmail.com"
"","","","não","Stella Albertina Fernandes de Carvalho","","","stella.carvalho0206@gmail.com"
"","","","não","Isadora Francisca da silva","","","isadora.nizi@gmail.com"
"Talento , Resolvedor","70778505448","Resolvedor","não","TALITA MARIA TABOSA DA SILVA","//2eb0cd16e008139946c2510a2de49dd6.cdn.bubble.io/f1746494098536x844739030954208900/Imagem%20do%20WhatsApp%20de%202024-11-01%20%C3%A0%28s%29%2020.31.14_a1ea0442.jpg","R+3xa8~D","talitatabosa397@gmail.com"
"","","","não","Williams ferreira ","","","dev.williamsfs@gmail.com"
"Talento","71507158424","Talento","não","IGOR JOSE DE ALCANTARA SOARES","//2eb0cd16e008139946c2510a2de49dd6.cdn.bubble.io/f1746536361035x769213077914090600/imagem_quadrada.jpg","","nobresoares20@gmail.com"
"","","","não","Rafael Andrade knecht ","","","rafa.knecht26@gmail.com"
"Talento , Resolvedor","85886398589","Resolvedor","não","REINALDO ANDRADE PACHECO","//2eb0cd16e008139946c2510a2de49dd6.cdn.bubble.io/f1746974418814x785786853453185800/Foto%20perfil.jpeg","hN1#b_B4","rei.andradep@gmail.com"
"","","","não","Ana Laura Albuquerque Santos","","","analaura.alb.santos@gmail.com"
"Talento","14215342406","Talento","não","VICTOR HUGO JOSE SALES DA SILVA","","","vh9325862@gmail.com"
"Talento , Resolvedor , Organizador","71051935490","Talento","não","VITÓRIA RÉGIA DA SILVA","","}_3HhgG6","vitoriasilva8316@gmail.com"
"","","","não","Thaís Neves de Souza","","","tns2@cin.ufpe.br"
"Talento","06716034420","Talento","não","AURY BARBOSA VERAS NULL","","","aury_barbosa@hotmail.com"
"Talento","06655064902","Talento","não","MARCELO TOLEDO DUARTE","","","marcelotoledoduarte@gmail.com"
"","","","não","Evellyn Carolyne Gomes Da Silva","","","evellyncarolyne12@gmail.com"
"Talento , Resolvedor","13447676485","Resolvedor","não","DÁCIO DA SILVA MELO JÚNIOR","//2eb0cd16e008139946c2510a2de49dd6.cdn.bubble.io/f1746542300230x503101950594169150/1000097338.jpg","9yxU}@9A","daciosmelojr@gmail.com"
"","","","não","Tarsila Amado Alves de Brito ","","","tarsilaamadoab@gmail.com"
"","","","não","Pedro alves dos santos","","","pedroza1315@hotmail.com"
"","","","não","Pablo Felipe dos Santos","","","pabloletiane@gmail.com"
"","71590899440","","não","Mattheaus Hoffman Franco","","","mattheaus.hoffman@gmail.com"
"Talento , Resolvedor","08370175139","Resolvedor","não","GUILHERME MOURÃO VIEIRA COELHO","//2eb0cd16e008139946c2510a2de49dd6.cdn.bubble.io/f1746547673369x123184953891644740/0691448B-7A94-403E-B5A8-1492B53BBB28.jpeg","Mw15K<<c","gmourao2373@gmail.com"
"Talento , Resolvedor , Organizador","60394607333","Resolvedor","não","GABRIELA VERAS LIMA MIRANDA","","e0JvW]?2","biavlm@hotmail.com"
"","","","não","Lucas Santana Lemos","","","lslucaslemos@gmail.com"
"Talento","10680468480","Talento","não","ITALO JOCEMAR FERNANDES DE LIRA","","","italolira30@gmail.com"
"Talento","13315566437","Talento","não","RENATO AUGUSTO SOARES DA SILVA","","","mregueira2006@gmail.com"
"","","","não","Ana Beatriz Gomes da Silva","","","abgsilva1@gmail.com"
"","","","não","Ada Alcislei de Menezes","","","adaamenezes@outlook.com"
"Talento , Resolvedor","10792883411","Resolvedor","não","MARLUCE RIBEIRO CAVALCANTI","","l3cXG@}1","marlucepik@hotmail.com"
"","","","não","José Edberto Santos de França ","","","edbertosantos62@gmail.com"
"","09076511438","","não","Nunno Wakiyama Diniz Carvalho","","","nunnowdcarvalho@gmail.com"
"","","","não","Juliana Jardim de Paula","","","juliana.paula0020016069@edu.pe.senac.br"
"Talento","12264373466","Talento","não","RAYRIS KELLY DA SILVA SOUZA","","","rayris.sh@gmail.com"
"","","","não","Vinícius Mergulhão Teti","","","vinimteti@gmail.com"
"","","","não","Jonas Ferreira Silva","","","jsf6@cin.ufpe.br"
"","","","não","Ingrid Isabelle Rosendo ","","","ingridisabelll3@gmail.com"
"Talento , Resolvedor","12104505429","Resolvedor","não","Marina Mendes Durand ","","#2XyT>3m","mendesdurandmarina@gmail.com"
"","","","não","Jai Santos Silva","","","jai.silva0020016283@edu.pe.senac.br"
"","","","não","Rafael Vasconcelos Alves de Souza","","","rafaelvas2011@hotmail.com"
"","","","não","Anna Alice Oliveira da Silva ","","","annaalice2810@gmail.com"
"","","","não","Heyde Leão de Souza","","","heydeleao@gmail.com"
"","","","não","Pedro Azevedo Abrantes de Oliveira","","","paao@cin.ufpe.br"
"","","","não","João Victor Ferreira de Lima","","","jvferreira8746@gmail.com"
"Talento , Resolvedor","12514526477","Resolvedor","não","THAÍS NEVES DE SOUZA","","+}5V9zBy","nees.thais@hotmail.com"
"Talento","13445997454","Talento","não","GIOVANNA GABRIELA SOARES DE OLIVEIRA","","","hrksoares40@gmail.com"
"","","","não","Leonardo Silvino Brito","","","lsb5@cin.ufpe.br"
"Talento , Resolvedor","11430598409","Resolvedor","não","DAVID MOURA GONÇALVES","","9mZZ]@k7","diogenesgjr@hotmail.com"
"","","","não","Yan Victor de Vasconcelos Cunha ","","","yan13victor@gmail.com"
"","","","não","Vinicius Nunes Ananias Helcias Rodrigues ","","","viniciusnuneshelcias@gmail.com"
"Talento","14577813440","Talento","não","MATHEUS BRENO COUTINHO CABRAL","","","eutheuscoutinhocabral@gmail.com"
"","","","não","Matheus Guilherme da Silva Lins","","","zmatheusguilherme2@gmail.com"
"","","","não","Vinicius Andrade","","","vinciuscarmo95@gmail.com"
"","","","não","Samuel Locatel Pininga Duque","","","samuellocatel@gmail.com"
"","","","não","Maria Fernanda Hiarita Silveira ","","","nandahiarita.15@gmail.com"
"Talento","14926421429","Talento","não","YGOR SAMPAIO ESTEVES","","","ygorsampaio.edu@gmail.com"
"Talento , Resolvedor","10905515412","Resolvedor","não","VICTOR HORA TENÓRIO","","h}3G>aM3","victorhorten@hotmail.com"
"Talento","71719543402","Talento","não","CAROLLINE BARBOSA FERREIRA","//2eb0cd16e008139946c2510a2de49dd6.cdn.bubble.io/f1746635443049x423607966068427970/IMG_7031.jpeg","","carollinebarbosa225@gmail.com"
"Talento","14511549761","Talento","não","TATIANE TORRES CASTRO DA SILVA","//2eb0cd16e008139946c2510a2de49dd6.cdn.bubble.io/f1746639488837x338440928254700900/Tatiane%20Torres.jpeg","","tatianetorrescs@gmail.com"
"Talento , Resolvedor","70452329426","Resolvedor","não","GIULLIANO SANDE MONTEIRO","//2eb0cd16e008139946c2510a2de49dd6.cdn.bubble.io/f1746636408278x315127618753678000/IMG-20241028-WA0054.jpg","[!QDd73e","giulianno0013@gmail.com"
"Talento , Resolvedor","01388015412","Talento","não","GUSTAVO HENRIQUE DE SOUZA SILVA","","IC7?@6lt","gustavotinho@gmail.com"
"Talento","06894772444","Talento","não","JOÃO VICTOR ROCHA FERNANDES","","","joao.vr.fernandes@gmail.com"
"Talento","10489498426","Talento","não","DACIO SALVADOR DE MELO SEGUNDO","","","dacio_salvador14@hotmail.com"
"Talento","09817943437","Talento","não","LETICIA SOARES DA SILVA","","","leticiasoaresadv@hotmail.com"
"Talento","70989828492","Talento","não","LUIZ CARLOS BELEM DE OLIVEIRA NETO","","","claudiafernandazloccowick@gmail.com"
"Talento , Resolvedor","13063654493","Resolvedor","não","ROBSON BARRETO GOUVEIA CAVALCANTE","//2eb0cd16e008139946c2510a2de49dd6.cdn.bubble.io/f1746657572267x294418757024672100/1000000217.jpg",":e~KG47y","robson.barreto.cav@gmail.com"
"Talento","13846321400","Talento","não","ARTHUR CEZAR FELIX DA CUNHA","","","theriz6355@gmail.com"
"Talento","10048213446","Talento","não","DANIEL GERMINIO AGUIAR","//2eb0cd16e008139946c2510a2de49dd6.cdn.bubble.io/f1746702365264x644155814633553500/1000017587.png","","danielaguard@gmail.com"
"Talento , Resolvedor","12582945404","Resolvedor","não","MURILO AUGUSTO LOBO DA SILVA","","S]_4T3jy","murilolinno16@gmail.com"
"Talento , Resolvedor","07562135410","Resolvedor","não","JACIARA LUZ COELHO BANDEIRA","//2eb0cd16e008139946c2510a2de49dd6.cdn.bubble.io/f1746703878771x902837541164407800/foto%202.jpeg","E@m0{8Ep","jacilc@hotmail.com"
"Talento","05908064408","Talento","não","PEDRO HENRIQUES ANGELO ANDRADE BARROS","","","pedro.henriques10@hotmail.com"
"","","","não","Felipe Muller","","","feelipemuller@gmail.com"
"","","","não","Charlles Phillip de Albuquerque Pinon","","","charllespinon@gmail.com"
"Talento , Resolvedor","70199100411","Resolvedor","não","LORENA CAVALCANTI CASTELLO BRANCO","","g~U}7vE0","loreecavalcantii@gmail.com"
"Talento","09150874489","Talento","não","ADRYAN FELIPE NASCIMENTO DE ALBUQUERQUE","","","adryanfelipe17@hotmail.com"
"Talento , Resolvedor","11822972426","Resolvedor","não","VITOR MATHEUS DE MENDONÇA MORAIS","","G<ya6Q2[","vitormmmorais@fac.pe.senac.br"
"","","","não","jose glebson alecrim silva de souza","","","moscabrancatec@gmail.com"
"Talento","16517672460","Talento","não","YURI KAUAN SANTOS BARBOSA","","","yurrikauan@gmail.com"
"Talento","01255838426","Talento","não","RIDISON ELIAS DE LIMA","","","rieldelima@gmail.com"
"Talento , Resolvedor","05264408483","Resolvedor","não","JULIANA FERREIRA ROZAL","//2eb0cd16e008139946c2510a2de49dd6.cdn.bubble.io/f1746889773941x698163248352555800/download.png","MaZ:1w5~","juliana.rozal@recife.pe.gov.br"
"Talento , Resolvedor , Organizador","39580123888","Talento","não","Salvador Iglesias Ramalho","//2eb0cd16e008139946c2510a2de49dd6.cdn.bubble.io/f1752571096454x825322748122789400/1000161419.jpg",":fVo;2Q6","salvador@saveadd.com.br"
"","","","não","Diogo Francisco Bora Rodrigues","","","diogofbrodrigues@icloud.com"
"Talento , Resolvedor","00883362392","Resolvedor","não","Yanna Nádja César Menêses de Carvalho","","Dq#3m}6E","danielcesarpi@gmail.com"
"","","","não","Breno Veiga","","","breno@ekonavil.com"
"Talento , Resolvedor","31325330841","Resolvedor","não","Rafaela de Abreu Archangelo","","!q1#OWb4","rafaela.archangelo@gmail.com"
"Talento , Resolvedor","08249001702","Resolvedor","não","NEDINALVA DE ARAUJO SELLIN","//2eb0cd16e008139946c2510a2de49dd6.cdn.bubble.io/f1747077680698x700741597517486200/IMG_05592.jpg","FM65/:os","neide@vixsystem.com.br"
"","","","não","Fernando Kuteken","","","fernando@indigohive.com.br"
"","","","não","Arthur Yasbek Muss Schmitz","","","ayms@cesar.school"
"Talento , Resolvedor","08274502493","Resolvedor","não","DIOGO CAVALCANTI OLIVEIRA","","3A9:H!na","diiogoco@gmail.com"
"","","","não","Edleusom Saraiva da Silva","","","edleusom.silva@ifpb.edu.br"
"Talento","07958680490","Talento","não","EDLEUSOM SARAIVA DA SILVA","","","edleusom.silva@gmail.com"
"","","","não","Luiz Penna","","","luizeba@gmail.com"
"Talento , Resolvedor , Organizador","03328998535","Resolvedor","não","ROSEANE VIEIRA MOREIRA","","","moreira.rosev@gmail.com"
"Talento , Resolvedor","08212974901","Resolvedor","não","Lorenzo Mesadri","","4s7I:?Ch","lorenzo@eva-au.com"
"","","","não","Aida Araújo Ferreira","","","aidaferreira@recife.ifpe.edu.br"
"","","","não","Alexandre Araújo da Cunha","","","alex.cunha1978@me.com"
"Talento , Resolvedor , Organizador","56741944915","Resolvedor","não","Maria Lúcia Leite Ribeiro Okimoto","","Jk3V8+>c","marialuciaokimoto@gmail.com"
"","","","não","Jacson Luiz Fressatto","","","jac@laura.technology"
"Talento","07666666462","Talento","não","KENNEDY BEZERRA DA SILVA LINS","","","kennedy.lins@gmail.com"
"Talento , Resolvedor , Organizador","01442927933","Resolvedor","não","AMAURY DUDCOSCHI JUNIOR","","Z4{6+tvK","amaurydudcoschijunior@gmail.com"
"Talento","12910182045","Talento","não","TESTE TESTE","","","tokekec819@bamsrad.com"
"","","","não","João Luis ","","","joaoluizvilar@n0.pt"
"Talento , Resolvedor , Organizador","06659134433","Resolvedor","não","JOAO HENRIQUE DA SILVA SANTOS","","LsMy4+6/","jh7842058@gmail.com"
"Talento , Resolvedor , Organizador","23193530387","Talento","não","MARIA CELESTE LIMA GAMA","","79kI?!bO","celestelimagama@gmail.com"
"Talento","07393287781","Talento","não","LEONARDO BARBOSA SOARES","","","soares.leo@gmail.com"
"","","","não","Arthur Sendas Felix Almeida","","","asfa@ic.ufal.br"
"","","","não","Michael Gomes Rogana","","","michael@tcsindustrial.com.br"
"","","","não","Ricardo Chaves Lima Filho","","","clinitech.saude@gmail.com"
"Talento , Resolvedor , Organizador","32010230515","Resolvedor","não","GILMAR GONCALVES DE BRITO","","","gilmarbrito10@gmail.com"
"","","","não","Luiz Penna","","","mail@icomlurb.rio"
"Talento","28460893880","Talento","não","FRANKLIN THIAGO RIBEIRO YAMACAKE","","","klinbr@gmail.com"
"Talento , Resolvedor , Organizador","04365653407","Talento","sim","NATASHA MAGALHÃES","","p/{69VFo","natashamagalhaes27@gmail.com"
"Talento , Resolvedor , Organizador","25569374833","Organizador","não","ANGELICA DEMARCHI MUNHOZ","","A4]y@M9q","admunhoz@gmail.com"
"Talento , Resolvedor , Organizador","01596027185","Talento","não","LUCAS ESTEFANO CYRILLO LEARDINI","//2eb0cd16e008139946c2510a2de49dd6.cdn.bubble.io/f1747744937449x650950278587512100/Untitled%20design%20%2829%29.png","","lucascyrillo12@gmail.com"
"Talento , Resolvedor , Organizador","09258757408","Resolvedor","não","GABRIEL MEDEIROS BRAZ","","OM}8s1;j","gabodobrasil123@gmail.com"
"","","","não","Luís Guilherme Santos de Oliveira","","","luisguilhermesantos.dev@gmail.com"
"Talento , Resolvedor","72914610149","Resolvedor","não","JOAO CARLOS COSTA","","J7~n1o_T","joaocarloscosta@recife.pe.gov.br"
"Talento , Resolvedor , Organizador","35211356837","Talento","não","ISAQUE TEIXEIRA DINIZ","","","isaquetkz@gmail.com"
"Talento , Resolvedor , Organizador","71315735407","Talento","não","DANIEL TAVARES DE LIMA MARCELINO","//2eb0cd16e008139946c2510a2de49dd6.cdn.bubble.io/f1747963078240x547891265208135550/perfil.png","","toys.tokio@gmail.com"
"Talento , Resolvedor , Organizador","10201398460","Resolvedor","não","JOÃO PEDRO CAVALCANTI TOMPSON","","9E;aW?8q","joaotompson@gmail.com"
"","","","não","Emilio Ernesto Machado Junior","","","emilio.machado@emmitec.com"
"Talento","09445758463","Talento","não","PEDRO HENRIQUE VERAS MARQUES FERREIRA","","","peumarques25@gmail.com"
"Talento , Resolvedor , Organizador","39580019800","Resolvedor","não","LEONARDO DOS SANTOS RODRIGUES","","S5~b?Ma4","leosantosr@gmail.com"
"Talento","06308756423","Talento","não","RENATA TELES JAMIL","","","renata.jamil@recife.pe.gov.br"
"Talento , Resolvedor , Organizador","40599261838","Talento","não","GUSTAVO GOMES CAVALHEIRO","","","gustavo.g.cavalheiro@gmail.com"
"Talento","06508921940","Talento","não","GABRIELLE K. CANALLE","","","gabriellekcanalle@gmail.com"
"Talento , Resolvedor","58648070449","Resolvedor","não","Antônio Medeiros Leal","//2eb0cd16e008139946c2510a2de49dd6.cdn.bubble.io/f1748526622988x547447886766059700/IMG_4656.jpeg","","antonio.leal@gpcgestao.com.br"
"Talento , Resolvedor","09064187479","Resolvedor","não","jaquelyne da paz bezerra","//2eb0cd16e008139946c2510a2de49dd6.cdn.bubble.io/f1748639444215x928277696010908900/profile%20jaque.png","","jaquepaz.arq@gmail.com"
"Talento , Resolvedor , Organizador","07276111431","Resolvedor","não","Camila Viegas","","","camilaviegas@viverdecasa.com"
"Talento , Resolvedor , Organizador","32462727272","Talento","não","LINDOMAR GOES FERREIRA","","","lindomargoes@gmail.com"
"Talento , Resolvedor","08852535403","Resolvedor","não","Ana Uriarte ","","","ana@escolahappen.com.br"
"Talento , Resolvedor , Organizador","12230400460","Talento","não","FERNANDO VINYCIUS SANTOS MOREIRA","//2eb0cd16e008139946c2510a2de49dd6.cdn.bubble.io/f1748904881166x483982042740452700/Design%20sem%20nome%20%2811%29.png","","fernandex.viny@gmail.com"
"Talento , Resolvedor , Organizador","11870153774","Resolvedor","não","NATHANNE SIQUEIRA DA SILVA","","0}3~FOgl","hellonathanne@gmail.com"
"Talento , Resolvedor","11337127620","Resolvedor","não","Izabela Santos Mendes","","","contato@metagen.com.br"
"Talento , Resolvedor , Organizador","10228352975","Talento","não","JESSICA FIDELIS BARBOZA","","","jessicafidelis42@gmail.com"
"Talento","45318251870","Talento","não","LETICIA PAVANATTE GASPARINO","","","lpavanatte@gmail.com"
"","","","não","EDOARDO COSTA","","","comercial@qualiport.com.br"
"Talento","16795658422","Talento","não","MARIA GRAZIELLE CARACOL DE MELO","","","54sindicatosanharo@gmail.com"
"Talento , Resolvedor , Organizador","11226746438","Resolvedor","não","CARLOS ADERALDO CABRAL FERREIRA","","AL2t{e7_","carlosxcf21@gmail.com"
"Talento","22062956878","Talento","não","GISELLE SAKAMOTO SOUZA VIANNA","","","giselle.vianna@gmail.com"
"Talento , Resolvedor , Organizador","33260925805","Talento","não","MARILIA GABRIELA PAULO DOS ANJOS","","","pauloecris26@gmail.com"
"Talento , Resolvedor , Organizador","27676957818","Talento","não","LINCOLN FRANCO","","","comunicacao.adjunto@indaiatuba.sp.gov.br"
"Talento","24635635830","Talento","não","ISAIAS DO NASCIMENTO","","","isaias@pridegh.com.br"
"Talento , Resolvedor , Organizador","06600725800","Resolvedor","não","MARCOS LEITE DA SILVA","","4;3abXF<","escreventemarcos@hotmail.com"
"Talento , Resolvedor , Organizador","07809815539","Resolvedor","não","DIEGO FREIRE ABADE","","X7!~T5ug","diego@cabratech.com"
"Talento , Resolvedor , Organizador","11767079494","Talento","não","JEFERSON FERREIRA TAVARES LOPES","","","jefersonlopes16@hotmail.com"
"Talento , Resolvedor , Organizador","35530040888","Resolvedor","não","RAYSSA PEREIRA DO NASCIMENTO MENDES","//2eb0cd16e008139946c2510a2de49dd6.cdn.bubble.io/f1750003931498x273503354427705900/IMG_1616.heic","Z1c4s?E/","rayssamendes2611@gmail.com"
"Talento , Resolvedor , Organizador","02367517436","Resolvedor","não","VINICIUS DE OLIVEIRA ARAUJO","//2eb0cd16e008139946c2510a2de49dd6.cdn.bubble.io/f1750023661395x263492867577714180/avatar-vinnie-2024.jpg","8S9A;[eh","vinniedeoliveira@gmail.com"
"Talento","04779904528","Talento","não","THALLES LUAN CARVALHO MATOS","","","thallescarvalhocm@gmail.com"
"Talento , Resolvedor , Organizador","67240232387","Talento","não","PATRICK FIRMINO DE NEIVA COSTA","//2eb0cd16e008139946c2510a2de49dd6.cdn.bubble.io/f1750091808338x925043988715947600/WhatsApp%20Image%202025-05-19%20at%2018.30.18.jpeg","","patrickfirmino@hotmail.com"
"Talento , Resolvedor , Organizador","01444234480","Resolvedor","não","PHILIPPE MAGNO DE ALBUQUERQUE FIGUEIREDO","","H2s!B]4b","philippemagno00@gmail.com"
"Talento","09883695675","Talento","não","MATHEUS ALVARENGA MARTINS","","","matheusalvarenga@gmail.com"
"Talento , Resolvedor , Organizador","22981125842","Talento","não","DOUGLAS PEREIRA DA SILVA","","","douglas.pereira1196@gmail.com"
"Talento , Resolvedor , Organizador","91283361949","Resolvedor","não","GILSONI LUNARDI ALBINO","//2eb0cd16e008139946c2510a2de49dd6.cdn.bubble.io/f1750211281608x486714695929783230/GilsoniLunardiAlbino%20%283%29.jpg","}Yi47Qz{","gilsonilunardi@gmail.com"
"Talento , Resolvedor , Organizador","06249846565","Talento","não","CLAUDNEY DE JESUS SANTOS","","","claudneyufs65@outlook.com"
"Talento","97035300015","Talento","não","KEILA MARA DOS REIS","","","keila.reis@gmail.com"
"","","","não","MARCOS LEITE DA SILVA","","","mleitedasilva553@gmail.com"
"","","","não","Jeferson Lopes","","","jeferson.lopes@enkode.tech"
"","","","não","Pamella Faustina Campos","","","pamella@tcsindustrial.com.br"
"","","","não","Arthur Yasbek Muss Schmitz","","","arthur.ayms@gmail.com"
"Talento , Resolvedor , Organizador","12475102713","Talento","não","MELINA MITSUMI ENOKIBARA GUELMAN","","","melinaguelman@gmail.com"
"Talento , Resolvedor , Organizador","44564517856","Resolvedor","não","MARCELO SANTANA NOGUEIRA","//2eb0cd16e008139946c2510a2de49dd6.cdn.bubble.io/f1750382256792x787470345254475400/Foto%20padrao.jpg","R<L12u?n","marcosnnog@gmail.com"
"","","","não","Pedro","","","pedrohmvalenca@gmail.com"
"Talento , Resolvedor , Organizador","01142647404","Resolvedor","não","BARBARA MUNIZ DA SILVEIRA MENDONCA","//2eb0cd16e008139946c2510a2de49dd6.cdn.bubble.io/f1750381764654x895132388123212900/Foto%20nova%20neri.jpg","G!>Xi30k","muniz.barbara@hotmail.com"
"","","","não","Rodolfo Aragão de Lira","","","rodolfolira5@gmail.com"
"Talento , Resolvedor , Organizador","03192060506","Resolvedor","não","RAFAEL ANDRADE DA SILVA","","t4jZW@0!","rafael.rattata@gmail.com"
"","","","não","Dayse Maria de Souza Oliveira","","","souzadayse710@gmail.com"
"","","","não","Isaac Holanda Martins","","","isaacholandamartins@gmail.com"
"","","","não","VINICIUS DE OLIVEIRA ARAUJO","","","vinnie@gobeesiness.com"
"","","","não","Ricardo Chaves Lima Filho","","","nicbroedel@gmail.com"
"","","","não","Sérgio Assis Rodrigues","","","sergio@lemobs.com.br"
"","","","não","Pedro Miranda Marinho","","","amongusinreallife243@hotmail.com"
"","","","não","Wladimilson Bernardino Nascimento","","","wladimilsonb@gmail.com"
"","","","não","Kessia Christine Fidelis Paiva","","","kessiakali@gmail.com"
"Talento , Resolvedor , Organizador","61515744353","Talento","não","ALLYNE AGOSTINHO DE LACERDA","","","aallyne@hotmail.com"
"","","","não","DANIEL CESAR MENESES DE CARVALHO","","","danielcesar@frn.uespi.br"
"Talento , Resolvedor","14498361431","Resolvedor","não","Marina Costa dos Santos","","w7+F?5pO","marinacsantos2@gmail.com"
"","","","não","ALEX MIQUEIAS BARBOSA DE SOUZA","","","kattumaram.td@gmail.com"
"Talento , Resolvedor , Organizador","03532376474","Resolvedor","não","FERNANDO ANTONIO NUNES DE SOUZA","","sd_84A_C","fernandosouza@recife.pe.gov.br"
"Talento , Resolvedor , Organizador","04042807496","Resolvedor","não","GUSTAVO SÉRGIO DE GODOY MAGALHÃES","//2eb0cd16e008139946c2510a2de49dd6.cdn.bubble.io/f1750859714128x974722474165174300/IMG_20240822_163137586_HDR~2.jpg","1~6XZd:j","gustavo.godoy@recife.pe.gov.br"
"Talento , Resolvedor , Organizador","05637193460","Resolvedor","não","JOAO HENRIQUE DE LIMA LOBO","","5:xWSv+7","joao.lobo@recife.pe.gov.br"
"Talento , Resolvedor , Organizador","24693766453","Resolvedor","não","ADRIANA BARATA DOS SANTOS FIGUEIRA","","Ad+2A>k1","adriana.figueira@recife.pe.gov.br"
"Talento , Resolvedor , Organizador","02704475474","Resolvedor","não","RODRIGO BEZERRA","//2eb0cd16e008139946c2510a2de49dd6.cdn.bubble.io/f1750874468410x345371506469986940/ALIS2358.JPG","t4RQf7?}","rodrigobzrra@gmail.com"
"Talento , Resolvedor , Organizador","48725765434","Resolvedor","não","ANA CAROLINA ALVES BREDA","//2eb0cd16e008139946c2510a2de49dd6.cdn.bubble.io/f1751122101342x324042572804673660/IMG_2836.jpeg","{uGJ68m;","ana.breda@recife.pe.gov.br"
"Talento","01222205602","Talento","não","ALANNI DE LACERDA BARBOSA DE CASTRO","","","alanni.barbosa@gmail.com"
"Talento , Resolvedor","36806609449","Resolvedor","não","MARIA CLÁUDIA DO PASSO","","8?Q{pkL6","claudiapasso63@gmail.com"
"Talento , Resolvedor , Organizador","07296522461","Talento","não","ANDRÉ LUIZ GALINDO DE BRITO","","Q6xNn_?2","algdb@hotmail.com"
"Talento , Resolvedor , Organizador","04789947459","Talento","não","KLÉCIA FARIAS PAIVA DE LIMA","","","kleciafarias0@gmail.com"
"Talento","10409889466","Talento","não","ROMMEL SOARES DE ARAUJO","","","a.rommelsoares@gmail.com"
"Talento , Resolvedor , Organizador","70381261484","Resolvedor","não","LAURA CALDAS MIGUEL","","Uq41xU<~","lauracaldasm@gmail.com"
"Talento , Resolvedor , Organizador","06638052446","Resolvedor","não","ANA INES DE JESUS VIEIRA","","~ZL}y24o","vieira.anaines@gmail.com"
"Talento , Resolvedor , Organizador","09303516494","Resolvedor","não","DALMÁRIO JOSÉ LIMA DE BARROS SILVA NETO","","aD4v;6N]","dalmario.telecom@gmail.com"
"Resolvedor , Talento","","Resolvedor","não","Meline Lopes","","","admin@sandora.me"
"Resolvedor , Talento","","Resolvedor","não","José Inácio Ferreira de Souza","","","diretor@grupoadapta.com.br"
"Resolvedor , Talento","","Resolvedor","não","Lucas de Lima Nogueira","","","lucasdelima96@gmail.com"
"Talento","12770315765","Talento","não","DANIEL SCHRAMM VALDETARO","","","dan.schramm21@gmail.com"
"Talento","71178410447","Talento","não","ALYSSON NUNES FERREIRA","","","alyssonss153@gmail.com"
"Talento , Resolvedor , Organizador","06930267406","Resolvedor","não","Tiago dos Santos Mendes","","]uE/J44x","tmendes00@gmail.com"
"Talento , Resolvedor , Organizador","92734294168","Talento","não","HEBERT PAES FALCAO","//2eb0cd16e008139946c2510a2de49dd6.cdn.bubble.io/f1751471637697x522495420914558300/238c5841-0fb0-43dd-92e6-1c61df66eb6a.jpeg","","ciencia@msn.com"
"Talento","00026580705","Talento","não","ALEXANDRE COELHO FRANCO","","","coelhofranco@gmail.com"
"Talento , Resolvedor , Organizador","04528595494","Resolvedor","não","TIAGO MACEDO BEZERRA MAIA","","","maia.tito.professor@gmail.com"
"Talento , Resolvedor , Organizador","71406895474","Talento","não","JONIS VITOR FERREIRA SILVA","","","narutoandroid.ja@gmail.com"
"Talento , Resolvedor","09312837443","Resolvedor","não","DIOGO HENRIQUE FERNANDES DA PAZ","","T4n1Yj:#","diogo.henriquepaz@gmail.com"
"Talento","04768039421","Talento","não","AMANDA AIRES VIEIRA","","","amandaires@gmail.com"
"Talento , Resolvedor","03490060407","Resolvedor","não","ANA PAULA FERNANDES DE MELO SANTOS  NULL","","~8Fcx/5D","anaejrfernandes@hotmail.com"
"Talento","05892854167","Talento","não","RODRIGO DE BARROS LIMA TENÓRIO","","","rodrigobl.tenorio@gmail.com"
"Talento , Resolvedor , Organizador","13194903446","Talento","não","ALEX MIQUEIAS BARBOSA DE SOUZA","","","alexmiqueias@gmail.com"
"Talento","05162621498","Talento","não","RICARDO CHAVES LIMA FILHO","","","rlp1f22@protonmail.com"
"Talento","07932504716","Talento","não","SERGIO ASSIS RODRIGUES","","","sergio.rar@gmail.com"
"Talento","04502615900","Talento","não","MAURICIO RECK","","","mauricio.reck@gmail.com"
"Talento , Resolvedor , Organizador","35423187877","Organizador","não","FRANCISCA MIQUELLE SIQUEIRA CARDOSO","//2eb0cd16e008139946c2510a2de49dd6.cdn.bubble.io/f1752182155362x485215338585501100/Avatar.JPG","","miquellescardoso@gmail.com"
"Talento","01296044459","Talento","não","MARCELO JARDIM","","","mjardim@gmail.com"
"Talento","07646342408","Talento","não","SAULO PEREIRA DO NASCIMENTO","","","saulo.nascimentto@gmail.com"
"Talento , Resolvedor , Organizador","07765175700","Talento","não","JULIANA BINDA FERRARI","","6oRNl+5;","bindajuliana@gmail.com"
"Talento","09419642488","Talento","não","JOÃO MARCELO DE SOUZA MOTTA","","","jms2004.motta@gmail.com"
"Talento , Resolvedor","09472539475","Resolvedor","não","JESSICA DA SILVA PEREIRA","","Rx+dC7_2","pereira.s.jessica@gmail.com"
"Talento , Resolvedor , Organizador","15336357499","Talento","não","ALISSON CALASANS MARINHO","//2eb0cd16e008139946c2510a2de49dd6.cdn.bubble.io/f1752762937230x795961199801377500/Imagem%20do%20WhatsApp%20de%202025-05-02%20%C3%A0%28s%29%2012.31.19_028b5623.jpg","","alissonprofessionalwork@gmail.com"
"Resolvedor , Talento","","Resolvedor","não","Lucas Miguel Barbosa da Silva","","","lucasmiguelbsilva@gmail.com"
"Talento , Resolvedor , Organizador","22970387808","Talento","não","DANIEL MARIGLIANO","","","iam@danielmarigliano.com"
"Resolvedor , Talento","","Resolvedor","não","Jairo Marinho","","","marinho.tecnologias@gmail.com"
"Resolvedor , Talento","","Resolvedor","não","Vinícius Fernandes","","","criticlevelstartup@gmail.com"
"Resolvedor , Talento","","Resolvedor","não","Ana Paula Cavalcante Luna de Andrade ","","","analuna@asces.edu.br"
"Talento , Resolvedor","08623245482","Resolvedor","não","DOMINGOS SEVERINO SANTIAGO","","bAG?88[c","dmgssantiago@gmail.com"
"Resolvedor , Talento","","Resolvedor","não","Queila Rafaela Bezerra dos Santos","","","rafaela.edelweiss@gmail.com"
"Resolvedor , Talento","","Resolvedor","não","Murilo Salgado","","","murilo@loomi.com.br"
"Talento","10582505402","Talento","não","VICTOR THOMÁS PINHEIRO DE SOUZA","","","pinheirosouza.victor@gmail.com"
"Resolvedor , Talento","","Resolvedor","não","Catarina Martins Alecrim","","","catarina.alecrim@soueduca.com"
"Resolvedor , Talento","","Resolvedor","não","Haylla Rebeka de Albuquerque Lins Leonardo ","","","moverdesoficial@gmail.com"
"Resolvedor , Talento","","Resolvedor","não","Ana Paula Fernandes de Melo Santos","","","anafernandes@voltzx.com.br"
"Talento , Resolvedor , Organizador","10791890414","Talento","não","LUIZ EDUARDO NASCIMENTO SOUZA","","","luiznascimento954@gmail.com"
"Resolvedor , Talento","","Resolvedor","não","Hélio Peixoto","","","contato@stepps.com.br"
"Talento , Resolvedor , Organizador","06847540451","Resolvedor","não","MARIANA DANTAS GUEIROS","//2eb0cd16e008139946c2510a2de49dd6.cdn.bubble.io/f1753047680874x916450920676147100/FB_IMG_1575113113728.jpg","P#ey2+5Y","gueiros18@hotmail.com"
"Resolvedor , Talento","","Resolvedor","não","DEIVID SOUSA DE FIGUEIROA","","","deividfigueiroa@gmail.com"
"Resolvedor , Talento","","Resolvedor","não","Geovanny Lino Coutinho","","","geovanny@gstack.com.br"
"Resolvedor , Talento","","Resolvedor","não","Rudã Fernandes Brandão Santos","","","biofabricadecorais@gmail.com"
"Resolvedor , Talento","","Resolvedor","não","Jéssica Maria Vasconcelos de Morais","","","germini.sementes@gmail.com"
"Resolvedor , Talento","","Resolvedor","não","André Luiz Jucá Costa","","","andre_juca@hotmail.com"
"Talento , Resolvedor","06245837405","Resolvedor","não","THIAGO DANTAS","","zs;1+N9Q","dantasthi@gmail.com"
"Talento","07298332406","Talento","não","MARIANA CARNAUBA DUQUE","","","mariana.duque@recife.pe.gov.br"
"Talento","79726410568","Talento","não","IGOR OLIVEIRA TAKENAMI","","","itakenami@gmail.com"
"Talento","11826109439","Talento","não","HENRIQUE NASCIMENTO VASCO ALVES","","","henriquevasco2007@gmail.com"
"Resolvedor , Talento","","Resolvedor","não","Santulla Leide Bernardes Vasconcelos Carvalho","","","biotecinovacoes@gmail.com"
"Talento","01339080460","Talento","não","EDMILSON RODRIGUES DO NASCIMENTO JUNIOR","","","hi@lovecrypto.net"
"Talento , Resolvedor","02691576035","Resolvedor","não","EDUARDA BRITO SAWAYA","","}T5hlV0~","duda.b.sawaya@hotmail.com"
"Talento , Resolvedor , Organizador","01681495406","Talento","não","Vágner de Brito Tôrres","","","vagnerbritot@gmail.com"
"Talento","94016364353","Talento","não","JANAINA MARTINS NÓBREGA","","","janainamnster@gmail.com"
"Talento , Resolvedor","21506982859","Resolvedor","não","WILLIAM RODRIGO DE ALMEIDA","","K5e~5@Qy","contato@imovelpanoramico.com.br"
"Talento , Resolvedor , Organizador","13975576480","Talento","não","RAFAEL DE SENA","","","senaw42r@gmail.com"
"Talento , Resolvedor , Organizador","99254786268","Talento","não","RENAN LIMA E SILVA FRAYHA","","","renanfraya@gmail.com"
"Talento","02084947405","Talento","não","MARIA LUIZA DOS ANJOS PONTUAL","","","mlpontual@gmail.com"
"Talento , Resolvedor , Organizador","10778597407","Talento","não","LANDSON FERRER DE ALBUQUERQUE","","","landson3@gmail.com"
"Talento , Resolvedor , Organizador","08852535403","Resolvedor","não","ANA PAULA URIARTE ","","}cbZ84X/","4anauriarte@gmail.com"
"Talento , Resolvedor","01308517440","Resolvedor","não","LEANDRO RIO LIMA FRAGOSO","","]84g[JVz","leandrorio@recife.pe.gov.br"
"Talento , Resolvedor , Organizador","03432673493","Talento","não","ANDERSON BALBINO NICODEMOS BISPO","","","anderson.bispo@gmail.com"
"Talento , Resolvedor , Organizador","01851960988","Organizador","não","GIOVANI BERNARDO","","","bernardo.giovani@gmail.com"
"Talento , Resolvedor , Organizador","07425151413","Organizador","não","DANIELA DOS SANTOS BATISTA","","]YBt/s58","danielabatistajornalismo@hotmail.com"
"Talento , Resolvedor","18400369408","Resolvedor","não","dante vinicius ferreira lopes","","","dantelopes29mai@gmail.com"
"Talento","04585737448","Talento","não","HUMBERTO FELIPE DE SIQUEIRA SILVA","","","humberto_felipe@outlook.com"
"Talento , Resolvedor","04365653407","Resolvedor","não","Natasha Magalhães ","","","natashazanardi@gmail.com"
"Talento , Resolvedor","0677569400","Resolvedor","não","Danielle Salustiano Mendes","","","danielle171286@gmail.com"
"Talento , Resolvedor","08147773412","Resolvedor","não","Ana Rita Moura Correia","","","ana.rcorreia@hotmail.com"
"Talento , Resolvedor","07424433458","Resolvedor","não","Andressa Cavalcanti ","","","andressa.dt@gmail.com"
"Talento , Resolvedor","04707261485","Resolvedor","não","Rodrigo Cesar Rocha de Vasconcelos","","","didossbb@yahoo.com.br"
"Talento , Resolvedor","07913622482","Resolvedor","não","Empresa Júnior UNICAP ","","","institucional@ejunicap.com.br"
"Talento , Resolvedor","70466601409","Resolvedor","não","Daniele Gomes Coutinho","","","daniele.coutinho@sistemafiepe.org.br"
"Talento , Resolvedor","10826345492","Resolvedor","não","Gabriel Sabino Pinho Leite","","","gabrielsabinopinho@gmail.com"
"Talento , Resolvedor","40160260833","Resolvedor","não","Cristiano Sacramento","","","cristiano.sacramento@peoplefy.com.br"
"Talento , Resolvedor , Organizador","09500793679","Talento","não","Eloízio Neves","","","eloizio.neves@agnet.com.br"
"Talento , Resolvedor","09935331407","Resolvedor","não","Gian de Albuquerque Silva Santos","","","giansantos.dev@gmail.com"
"Talento , Resolvedor","71069184403","Resolvedor","não","Vinícius Fernandes Lima Rezende","","","limarezendev1@gmail.com"
"Talento , Resolvedor","09935331407","Resolvedor","não","GIAN DE ALBUQUERQUE SILVA SANTOS","","kB[L99i@","gdass8000@gmail.com"
"Talento , Resolvedor","08095553441","Resolvedor","não","Magdalena Silva Farias Leal Cipriano ","","Lf6{{f3M","ma00leal@gmail.com"
"Talento , Resolvedor","70950129461","Resolvedor","não","Alessandra Barbosa de Santana","","","alessandrabarbosa9419@gmail.com"
"Talento , Resolvedor","16616678482","Resolvedor","não","Victor Brito de andrade","","","victorbr34original@gmail.com"
"Talento , Resolvedor , Organizador","70950129461","Talento","não","ALESSANDRA BARBOSA DE SANTANA","","","barbosaale19@gmail.com"
"Talento , Resolvedor","86908324400","Resolvedor","não","DANIELA DE OLIVEIRA BATISTA MODESTO MACEDO","","","pradanielamodesto@icloud.com"
"Talento , Resolvedor","71375115464","Resolvedor","não","Maria de Souza Leão guerra","","","mariaslguerra70@gmail.com"
"Talento , Resolvedor","02298239479","Resolvedor","não","Marcpni Aurelio e Silva","","","amarconi77@hotmail.com"
"Talento , Resolvedor","05158854440","Resolvedor","não","Monick Pimenta Guimarães","","","monick.guimaraes18@gmail.com"
"Talento , Resolvedor","12415087637","Resolvedor","não","Angelo Henrique da Silva Santos","","","angelo.santos@bbutton.com.br"
"Talento , Resolvedor","71680384430","Resolvedor","não","Daniel Waechter","","","daniel.waechter@polijuniorengenharia.com.bra"
"Talento , Resolvedor","05583990457","Resolvedor","não","Eudes Cavalcanti","","","eudes@databizz.com.br"
"Talento , Resolvedor","09458957478","Resolvedor","não","Isack Otávio Vasconcelos  Souza","","","isackotavio26@gmail.com"
"Talento , Resolvedor , Organizador","12429237482","Resolvedor","não","Mariana Freitas de Azevedo","","5cM[}e1X","azevedomarianafreitas@gmail.com"
"Talento , Resolvedor","10636908461","Resolvedor","não","Thiago Medina Duarte ","","","tmd@cesar.school"
"Talento , Resolvedor","10788435469","Resolvedor","não","Lucas Leite","","","lucas.feitosaleite@gmail.com"
"Talento , Resolvedor","71248540409","Resolvedor","não","Erivelton Richard","","","erisouza174@gmail.com"
"Talento , Resolvedor","70506927431","Resolvedor","não","vitor maciel da silva","","","vitormadava@gmail.com"
"Talento , Resolvedor","06803396479","Resolvedor","não","Tiago Severino ","","","tiagojuniorig@gmail.com"
"Talento , Resolvedor","11007690488","Resolvedor","não","Elton da Costa Oliveira","","q1bDL[3@","eltoncosta00614@gmail.com"
"Talento , Resolvedor","05216614478","Resolvedor","não","Thiago Cavalcanti Azevedo","","","thiagoazevedo@educ.rec.br"
"Talento , Resolvedor","08337883456","Resolvedor","não","Joíbson Ramon da Silva","//2eb0cd16e008139946c2510a2de49dd6.cdn.bubble.io/f1754681015147x216834912934661400/IMG_3730.png","","jo.bsonramon@hotmail.com"
"Talento , Resolvedor","09178992451","Resolvedor","não","Debora Natalia Oliveira de Almeida","","","debora.noalmeida@ufpe.br"
"Talento , Resolvedor","13879360421","Resolvedor","não","Stéphanie Maria Cândido dos Santos","","","stephanie.maria@seedabit.org"
"Talento , Resolvedor , Organizador","13958686460","Resolvedor","não","Maria Eduarda Haluli","","","dudahaluli@gmail.com"
"Talento , Resolvedor , Organizador","09760922479","Resolvedor","não","José Roberto Oliveira de Araújo Filho ","","a9;9bQ/I","zeroberto1506@hotmail.com"
"Talento , Resolvedor","13671780452","Resolvedor","não","Bruna Evelyn Lira Araújo Campos","//2eb0cd16e008139946c2510a2de49dd6.cdn.bubble.io/f1754681736184x773399437285339000/1000176377.jpg","","brucampsdev@gmail.com"
"Talento , Resolvedor","71818929406","Resolvedor","não","Luiz Vinicius de Lima Santos ","//2eb0cd16e008139946c2510a2de49dd6.cdn.bubble.io/f1754681784932x951081058931006600/1000105887.jpg","","luiz.santos@seedabit.org.br"
"Talento , Resolvedor","19436564015","Resolvedor","não","Lucas Araújo Baptista Cabral","","","lucassantos@gmail.com"
"Talento , Resolvedor","11217236406","Resolvedor","não","Willian Deivson da Silva Oliveira","//2eb0cd16e008139946c2510a2de49dd6.cdn.bubble.io/f1754682258153x624137189018887600/1000069559.jpg","","williandeivson1234@gmail.com"
"Talento , Resolvedor","70330118498","Talento","não","Thiago José falcão de Freitas","","","thiago_falcao29@hotmail.com"
"Talento , Resolvedor","12591493405","Resolvedor","não","Júlia Trevisan Rocha","","","julia.trevisan257@gmail.com"
"Talento , Resolvedor , Organizador","71201669480","Resolvedor","não","JOSE ANTONIO PEREIRA CAMELO BARATA","","","barataskrrr@gmail.com"
"Talento , Resolvedor","16865767497","Resolvedor","não","Nayra Maria de Souza Xavier Santana ","","","naysouzaaah@gmail.com"
"Talento , Resolvedor","70661221431","Resolvedor","não","Gabriela Correia de Carvalho Ribeiro Lins ","","","gabrielaccrlins@gmail.com"
"Talento , Resolvedor","10955789443","Resolvedor","não","Maria Luiza de Carvalho Costa Menezes","//2eb0cd16e008139946c2510a2de49dd6.cdn.bubble.io/f1754683812826x779157724702961300/FullSizeRender.jpeg","","maluizacostamenezes@gmail.com"
"Talento","15582581405","Talento","não","BRUNO MAGNO DE LIRA GOMES","","","bmagnoserver@gmail.com"
"Talento , Resolvedor , Organizador","71000419452","Talento","não","CAUE HENRIQUE COUTINHO SANTOS","","","caue.hcs@nave.org.br"
"Talento , Resolvedor , Organizador","87446111453","Resolvedor","não","CAROLINA NÓBREGA CANDEIA PEREIRA","","2[uu}1KO","carolinanobregacandeia@gmail.com"
"Talento , Resolvedor , Organizador","00216460409","Resolvedor","não","AECIO DE SOUZA CAMPOS JUNIOR","//2eb0cd16e008139946c2510a2de49dd6.cdn.bubble.io/f1754950341115x863274279675333600/LidaMA.png","Y/@2k8Fu","aecioscj@gmail.com"
"Talento , Resolvedor , Organizador","15329415446","Talento","não","VICTOR GABRIEL CABRAL DA SILVA","//2eb0cd16e008139946c2510a2de49dd6.cdn.bubble.io/f1754951309843x684240932961626100/20250415_170033.jpg","","vicgabri75@gmail.com"
"Talento , Resolvedor , Organizador","75487420459","Talento","não","CLÁUDIA ESTEVÃO DE OLIVEIRA ROCHA","","","claudiaestevao03@gmail.com"
"Talento , Resolvedor , Organizador","32773841875","Talento","não","PAULO REFOSCO","","","paulorefosco@gmail.com"
"Talento , Resolvedor , Organizador","10897041437","Resolvedor","não","JOSÉ FRANKLIN ALENCAR DANTAS","","rN0[3Zn/","jfranklin.a.d@gmail.com"
"Talento , Resolvedor , Organizador","14539236407","Resolvedor","não","JOÃO VICTOR DO AMARAL REIS CAVALCANTI","","M+7Ca!y7","joaoamaral051@gmail.com"
"Talento , Resolvedor , Organizador","13555831445","Talento","não","SOPHIA TABOSA ROCHA LAMARTINE NULL","//2eb0cd16e008139946c2510a2de49dd6.cdn.bubble.io/f1755204286468x145244646464273150/WhatsApp%20Image%202025-08-14%20at%2017.41.12.jpeg","","sophiarocha535@gmail.com"
"Talento , Resolvedor , Organizador","04662875420","Resolvedor","não","TARCÍSIO FERNANDES DOMINGOS DA SILVA","//2eb0cd16e008139946c2510a2de49dd6.cdn.bubble.io/f1755263453334x969912836945844100/terno.jpg","]L63dT#o","fernandes.ceasape@gmail.com"
"Talento , Resolvedor , Organizador","99577178391","Talento","não","MARCELA DA SILVA MELO","","","marcelamelo@ifce.edu.br"
"Talento , Resolvedor , Organizador","04219370412","Resolvedor","não","RICHARDSON José TIBURCIO Bezerra","//2eb0cd16e008139946c2510a2de49dd6.cdn.bubble.io/f1755523664472x561685820581402200/IMG_20230813_155406~2.jpg","1oqE{O}8","richardsontiburcio@gmail.com"
"Talento , Resolvedor","80946399468","Resolvedor","não","CÍCERA MARIA DA SILVA","","Z:4s4wT#","sistemaspnet@gmail.com"
"Talento , Resolvedor","25977044836","Resolvedor","não","PAULA RENATA CERDEIRA GOMEZ","","D~kj4J}4","paula.r.c.gomez@gmail.com"
"Talento","07425175860","Talento","não","JOSE PEREIRA EMILIANO","","","jpemiliano@gmail.com"
"Talento , Resolvedor , Organizador","27861906817","Talento","não","ANDRÉ TIAGO DE OLIVEIRA CANUTO","","","canutoandre@hotmail.com"
"Talento , Resolvedor , Organizador","03440422437","Resolvedor","não","ROBERTO FERNANDO SILVEIRA MOREIRA JR","//2eb0cd16e008139946c2510a2de49dd6.cdn.bubble.io/f1755789094783x711809435345893900/WhatsApp%20Image%202025-08-04%20at%2017.45.19.jpeg","N:r2@5uH","robertmoreirajr@gmail.com"
"Talento , Resolvedor , Organizador","12216397490","Resolvedor","não","DIEGO MONTEIRO DE BRITO  NULL","","m?1{6VIx","dimonteirobrito@gmail.com"
"Talento , Resolvedor , Organizador","76141020453","Resolvedor","não","LUIZ NAZARENO DE SOUZA","//2eb0cd16e008139946c2510a2de49dd6.cdn.bubble.io/f1770561223414x735915238018571400/202512080619481.jpg","F0<Nh1k@","luiznazareno@yahoo.com.br"
"Talento , Resolvedor , Organizador","09649326448","Talento","não","Angelo Antonio Germano Rodrigues Rodrigues","//2eb0cd16e008139946c2510a2de49dd6.cdn.bubble.io/f1755875012305x488504652766718300/logo%281%29.png","","angeloagrodrigues@gmail.com"
"Talento , Resolvedor , Organizador","05600136471","Talento","não","PAULO CORREIA DA SILVA NETO","","","paulo.cdsn@gmail.com"
"","","","não","","","","kamillabitencourt18@gmail.com"
"Talento , Resolvedor","09493664473","Resolvedor","não","","","_OqU6b/7","fabiofernandesjesus@hotmail.com"
"","","","não","","","","andre@m2d1.com"
"","","","não","","","","contato@atesteme.com"
"","","","","Silvio Migliorini Junior","","","silvio@tech3br.com"
"Talento , Resolvedor","","Resolvedor","","Felipe Cadena","","","felipecmuniz@gmail.com"
"","","","não","","","","andre.galilndo@recife.pe.gov.br"
"Resolvedor , Talento , Organizador","12797554400","Talento","não","Marcos Vinicius Carvalho de Medeiros ","//2eb0cd16e008139946c2510a2de49dd6.cdn.bubble.io/f1757028886766x286375199207800960/Screenshot_20250904_203421_Gallery.jpg","","acvinicius01@gmail.com"
"Resolvedor , Talento , Organizador","48492463899","Talento","não","João Felipe Fernandes Carvalho ","//2eb0cd16e008139946c2510a2de49dd6.cdn.bubble.io/f1757028452000x111655086179898830/1000036765.jpg","","joaoffc08@gmail.com"
"Resolvedor , Talento , Organizador","13391610441","Talento","não","Ketson Matheus Saldanha dos Santos ","//2eb0cd16e008139946c2510a2de49dd6.cdn.bubble.io/f1757028730260x140541299612425570/1000256930.jpg","","ketson.saldanha1@gmail.com"
"","","","não","","","","genilsoncarvalho1977@gmail.com"
"Resolvedor , Talento , Organizador","","Talento","não","Manoel Luiz da Silva Neto","//2eb0cd16e008139946c2510a2de49dd6.cdn.bubble.io/f1757028664983x754872355471583000/IMG_20250808_223458_235.webp","","silvadcliente@gmail.com"
"","","","não","","","","homero.cavalcanti@gmail.com"
"","","","não","","","","oto.buregio@recife.pe.gov.br"
"","","","não","","","","adrianafigueira@hotmail.com"
"Resolvedor , Talento , Organizador","05127799618","Resolvedor","não","Jacson Tiola da Silva","//2eb0cd16e008139946c2510a2de49dd6.cdn.bubble.io/f1757079251345x201393379592915700/Jacson%20Tiola%20-%20Esp%C3%ADrito%20Santo%20jpg.jpeg","","jacsontiola@gmail.com"
"","","","não","","","","francilaniafontesbarbosa@gmail.com"
"","","","não","","","","mdmathies@gmail.com"
"Resolvedor , Talento , Organizador","32773841875","Talento","não","Paulo Refosco","//2eb0cd16e008139946c2510a2de49dd6.cdn.bubble.io/f1757082745325x807038588712882600/basic-bg-file.jpg","","paulo.refosco@creditoai.com"
"","","","não","","","","sergio.sampaio@recife.pe.gov.br"
"","","","não","","","","tmendes@recife.pe.gov.br"
"","","","não","","","","celiosathler@gmail.com"
"Resolvedor , Talento , Organizador","04947735457","Talento","não","Eder Lira de Souza Leão","//2eb0cd16e008139946c2510a2de49dd6.cdn.bubble.io/f1757286398453x315279997246751300/eder.jpg","","prof.eder.leao@gmai.com"
"Resolvedor , Talento , Organizador","51411377591","Talento","não","Luciana Santos Luz","//2eb0cd16e008139946c2510a2de49dd6.cdn.bubble.io/f1757333314889x330553502433648600/LoGO%20Start%20nova.jpeg","","startsolidarium@gmail.com"
"","","","não","","","","editais@tcxcreative.com"
"","","","não","","","","cfitedicoes@gmail.com"
"","","","não","","","","suporte@vivendocfit.com.br"
"","","","não","","","","bruno@preveni.com.br"
"","","","não","","","","vinicius@operai.com.br"
"","","","não","","","","danilo@inovahu.com"
"","","","não","","","","gabrielcaualealvieira@gmail.com"
"Resolvedor , Talento , Organizador","10791863441","Resolvedor","não","Allan Igor Leite Ribeiro","//2eb0cd16e008139946c2510a2de49dd6.cdn.bubble.io/f1757369652873x850749837320108300/Snapinsta.app_132605272_152591859637086_8460545164454443013_n_1080.jpg","","immersana@outlook.com"
"","","","não","","","","mlr3@discente.ifpe.edu.br"
"","","","não","","","","pedrojoselima1618@gmail.com"
"","","","não","","","","patriciamarinhoandrade@gmail.com"
"","","","não","","","","rbbernardino@gmail.com"
"Resolvedor , Talento , Organizador","03543376454","Talento","não","Francisca Maria da Conceição Campos Costa","//2eb0cd16e008139946c2510a2de49dd6.cdn.bubble.io/f1757424275101x530181419486092540/1481D937-2C25-4796-8990-CAF54B1D2395-10086-00000442CDF59D4C.jpeg","","ceissacontabeis@gmail.com"
"","","","não","","","","persiljessica@gmail.com"
"Resolvedor , Talento , Organizador","17141178473","Talento","não","Matheus José Silva de Albuquerque ","//2eb0cd16e008139946c2510a2de49dd6.cdn.bubble.io/f1757459198276x828355794806842500/IMG_1815.jpeg","","mj898926@gmail.com"
"","","","não","","","","alvahubert@gmail.com"
"","","","não","","","","oguizsantos@gmail.com"
"","","","não","","","","joao.carneiro@beyondcompany.com.br"
"","","","não","","","","babi@neri.care"
"","","","não","","","","barbara.mendonca@neri.care"
"","","","não","","","","gabi@neri.care"
"Resolvedor , Talento , Organizador","07381082438","Talento","não","ERIKA MICHELLE DO NASCIMENTO FACUNDES BARBOSA","//2eb0cd16e008139946c2510a2de49dd6.cdn.bubble.io/f1757699980034x203035552817869800/shared%20image%20%281%29.jpg","","erika.facundes@ebserh.gov.br"
"Talento , Resolvedor , Organizador","01339080460","Talento","não","Edmilson Rodrigues do Nascimento Junior ","//2eb0cd16e008139946c2510a2de49dd6.cdn.bubble.io/f1769789424166x530169718901603000/Ed_Business.png","L!8bv:U1","ernj@cin.ufpe.br"
"","","","não","","","","moalmeidaribeiro@gmail.com"
"Resolvedor , Talento , Organizador","37119759874","Talento","não","Monica de Almeida Ribeiro","//2eb0cd16e008139946c2510a2de49dd6.cdn.bubble.io/f1757694099023x695576959615362700/Imagem%20do%20WhatsApp%20de%202025-09-11%20%C3%A0%28s%29%2009.11.20_d8cd80a9.jpg","","monica@neri.care"
"Resolvedor , Talento , Organizador","07374415427","Talento","não","Fabrício de Araújo Freitas ","","","briciobrzinn@gmail.com"
"","","","não","","","","ola@aceleracaodigitalbr.com"
"Resolvedor , Talento , Organizador","02627247581","Talento","não","Edmo Henrique Martins Cavalcante","//2eb0cd16e008139946c2510a2de49dd6.cdn.bubble.io/f1757942052216x524542676533239300/7.jpg","","edmocavalcante@outlook.com"
"","","","não","","","","hellen.teixeira@recife.pe.gov.br"
"","","","não","","","","contato@inovagrojr.com.br"
"","","","não","","","","maria.cecilia@inovagrojr.com.br"
"","","","não","","","","sectiestagiarios@gmail.com"
"Resolvedor , Talento , Organizador","","Talento","não","Lara Santos","","","larapirajasantos@gmail.com"
"Resolvedor , Talento , Organizador","05489316667","Talento","não","Luciano Ribeiro","","","lucianofloripa@outlook.com"
"Resolvedor , Talento , Organizador","61420583301","Talento","não","Maria Karolaine Costa Silva","","","maria.karolaine@tcmeng.com.br"
"Talento , Resolvedor , Organizador","41196937400","Resolvedor","não","George Wilson Ferreira Modesto","//2eb0cd16e008139946c2510a2de49dd6.cdn.bubble.io/f1763402751451x165826364203871330/WhatsApp%20Image%202025-04-11%20at%2012.13.23.jpeg","9~#t1VCm","gwfmodesto@gmail.com"
"Resolvedor","01411882784","Resolvedor","não","José Alexandre Soares de Oliveira Lima","","","alexandre.lima@retechmais.com.br"
"","","","não","","","","renata@speortle.com"
"Resolvedor , Talento , Organizador","63602628515","Talento","não","Aline Mendes Vieira","","","institutobemmaker@gmail.com"
"Resolvedor , Talento , Organizador","70591332400","Resolvedor","não"," Lucas Vinicius De Melo Lima","","4w4TR#a>","lucasalfaromeu10@gmail.com"
"","","","não","","","","diego.souto@guardiao.ai"
"","","","não","","","","paula.callado@upe.br"
"Resolvedor , Talento , Organizador","","Resolvedor","não","Thiago de Sá Feital","","","thiago.feital@optimatech.com.br"
"Resolvedor , Talento , Organizador","10322017467","Talento","não","Alice Morgana Rodrigues Gomes","//2eb0cd16e008139946c2510a2de49dd6.cdn.bubble.io/f1758336448585x265896062050513760/image.png","","aliceemrg@gmail.com"
"Resolvedor , Talento , Organizador","06298029559","Talento","não","Fábio Ricardo de Oliveira Silva Filho","","","fabiofilho1802@gmail.com"
"Resolvedor , Talento , Organizador","90555066487","Resolvedor","não","Ricardo Alexandre Irmão","","","ricardo.irmao@recife.pe.gov.br"
"Resolvedor , Talento , Organizador","60999899350","Talento","não","Waldenira Rabelo pinheiro","","","walldenyra.rpinheiro@gmail.com"
"","","","não","","","","raffaela.zandomenego@navarratech.com"
"","","","não","","","","fernandoramos.ffi@hotmail.com"
"Resolvedor , Talento , Organizador","59144263434","Talento","não","João Almeida e Silva","","","joao.almeida@belojardim.ifpe.edu.br"
"","","","não","","","","sergioaguiar.pdca@gmail.com"
"","","","não","","","","hello@patternarium.com.br"
"Resolvedor , Talento , Organizador","29358493453","Talento","não","Amaro Monteiro Barbosa Sobrinho","//2eb0cd16e008139946c2510a2de49dd6.cdn.bubble.io/f1758808520245x291841199761662600/IMG_20241205_221812.jpg","","amonteiro@pegasustec.com.br"
"","","","não","","","","breno.carvalho@unicap.br"
"","","","não","","","","luiz.ugiette@recife.pe.gov.br"
"Resolvedor , Talento , Organizador","90373944772","Talento","não","Marcelo Queiroz Coutinho","","","mqcboaspraticas@hotmail.com"
"","","","não","","","","neurodevjf@gmail.com"
"","","","não","","","","irinaterezo@gmail.com"
"","","","não","","","","jfnaconsultoria@gmail.com"
"","","","não","","","","contato@acqengenharia.com"
"","","","não","","","","jpgaa@cesar.org.br"
"Resolvedor , Talento , Organizador","70572894481","Talento","não","Micaell Wouglle Cabral de Paiva","","","micaell.wouglle@brasiljunior.org.br"
"","","","não","","","","narrativacmx@gmail.com"
"","","","não","","","","contato@nagaia.com.br"
"Talento , Resolvedor","70387555447","Resolvedor","não","MATHEUS JOHANN ARAÚJO","","w/8vA2N<","matheusjohannaraujo+secti@gmail.com"
"Talento , Resolvedor , Organizador","13062864419","Talento","não","MARIA ANTÔNIA MONTEIRO DA SILVA","","","antoniagy22@gmail.com"
"","","","não","Pedro","","","pedro.case@recife.pe.gov.br"
"","","","não","Pedro","","","psncase@gmail.com"
"","","","não","Pettrus Nascimento ","","","pettrus@proleduca.com.br"
"Talento , Resolvedor , Organizador","11283566435","Resolvedor","não","KEWIN LIMA DA SILVA NULL","","W30f:Z!i","kewinlimaeng@gmail.com"
"Talento , Resolvedor , Organizador","10601758439","Resolvedor","não","JOÃO GABRIEL CARNEIRO DE OLIVEIRA ","","G]b6_xE0","jgoliveira202@gmail.com"
"Talento , Resolvedor , Organizador","02177754461","Talento","não","FREDERICO TOSCANO BARRETO NOGUEIRA","","","frederico.toscano@gmail.com"
"Talento , Resolvedor , Organizador","05607031470","Resolvedor","não","PAULO HENRIQUE DE MELO","","X:Vi2<2f","pauldmelo@gmail.com"
"Talento","03319360388","Talento","não","JACIMARA PEREIRA DE SOUZA","","","jacimarapsouza@gmail.com"
"Talento , Resolvedor , Organizador","12226230483","Resolvedor","não","ARYELLY DA SILVA SERAFIM","","0mV>l0N#","aryellysserafim@gmail.com"
"Talento , Resolvedor , Organizador","02317223463","Talento","não","MARCOS ALEXANDRE BEZERRA DE MELO","//2eb0cd16e008139946c2510a2de49dd6.cdn.bubble.io/f1760534294593x310896676520630000/3x4.jpg","","marcosmelo.uast@gmail.com"
"Talento","11162037407","Talento","não","WILIANA MARIA DA SILVA","","","wiliana_maria@hotmail.com"
"","","","não","Marcos Alexandre Bezerra de Melo","","","marcos.abmelo@ufrpe.br"
"","","","não","Ana Bárbara Emídia Gomes","","","anabarbara@grupobci.rec.br"
"Talento","05878777401","Talento","não","WYCILENE LIRA","","","lennyoliveira161@gmail.com"
"","","","não","PAULO HENRIQUE MACIEL CORREIA","","","clinicaneuropolo@gmail.com"
"","","","não","Walter Franklin Marques Correia","","","walter.franklin@ufpe.br"
"Talento","74516477491","Talento","não","ISAURA MUNIZ COSTA","","","isaurinhamuniz@gmail.com"
"Talento","13060663440","Talento","não","RACKEL VICTORIA COELHO DE GOIS LEAL GONZAGA","","","gonzagarackel@gmail.com"
"Talento , Resolvedor , Organizador","71402443404","Talento","não","JAMILLI VITORIA CAVALCANTE DA SILVA","","","jamillivcavalcante@gmail.com"
"Talento , Resolvedor , Organizador","12507908408","Talento","não","JOÃO GUILHERME GOMES E SILVA","","","danyela_mary@hotmail.com"
"Talento , Resolvedor , Organizador","15397794406","Talento","não","CAIO HENRIQUE DA SILVA","","","caioodanadao@gmail.com"
"Talento , Resolvedor , Organizador","13318959448","Talento","não","RICARDO HENRICKE LIMA FEITOZA","","","ricardohenrickee@gmail.com"
"Talento , Resolvedor , Organizador","12916902473","Talento","não","TARSILA AMADO ALVES DE BRITO","","","tarsilaamadojob@gmail.com"
"Talento","71384661450","Talento","não","MARIA VITÓRIA MOURA PAIVA","","","maria_vitoria74@hotmail.com"
"Talento , Resolvedor , Organizador","70780311485","Talento","não","Daniel Barbosa Caldeira ","","T6t{S{6k","danielbcaldeira@gmail.com"
"Talento , Resolvedor , Organizador","13810446467","Talento","não","DEBORA MOURA FERREIRA SANTANA","","","deboraferreirasantana12@gmail.com"
"Talento , Resolvedor , Organizador","08999267466","Talento","não","JONATHAS SILVA DE MELO","","","jonathas.melo1990@gmail.com"
"Talento , Resolvedor , Organizador","10059060417","Talento","não","REBEKA SANTOS SOARES","","","margaretecarneirosantos@gmail.com"
"Talento","71432168444","Talento","não","GABRIEL REIS BATISTA","","","bielreis1402@gmail.com"
"Talento , Resolvedor , Organizador","13973407460","Resolvedor","não","ANA KAROLINA CORDEIRO DA SILVA","","_69zf]CB","ana0kcs@gmail.com"
"Talento , Resolvedor , Organizador","70943159458","Talento","não","ELLEN PEREIRA PEDROZA","","","ellenpedjsp@gmail.com"
"Talento , Resolvedor , Organizador","14162711470","Talento","não","ANA MARIA SOUZA DA SILVA","//2eb0cd16e008139946c2510a2de49dd6.cdn.bubble.io/f1760641389594x959041766265315200/7AA36750-064A-47D2-955C-093D4D7B8870.jpeg","","imhannaah@gmail.com"
"Talento , Resolvedor , Organizador","12963237499","Talento","não","NÊDSON SUELYTON LOPES VIEIRA FILHO","","","nedsonvieiraf@gmail.com"
"Talento , Resolvedor , Organizador","09913518431","Talento","não","JULIO CESAR SILVA DE LIMA","","","csarjulio227@gmail.com"
"Talento , Resolvedor , Organizador","71085989496","Talento","não","MARCELO SILVESTRE","","[OD9c/p1","celoartdigital@gmail.com"
"Talento , Resolvedor , Organizador","71490281444","Talento","não","LUIZ EDUARDO DOS SANTOS SILVA","","","luiz.eduardodss24@gmail.com"
"Talento , Resolvedor , Organizador","10727220462","Talento","não","GUILHERME NASCIMENTO FERNANDES DE BARROS MORAES","","","guilhermenfbm@gmail.com"
"Talento , Resolvedor , Organizador","70947675442","Talento","não","HELLOYZA MORAIS RODRIGUES DA SILVA","","","morais.helloysa.9@gmail.com"
"Talento , Resolvedor , Organizador","15851415428","Talento","não","NICOLE MONTENEGRO MARQUES DA SILVA","","","nicolemontenegro798@gmail.com"
"Talento , Resolvedor , Organizador","12878327411","Talento","não","RODRIGO CESAR BARROS DA SILVA","","","rodrigocesar12309@gmail.com"
"Talento , Resolvedor , Organizador","10673360440","Talento","não","LUCAS FIDELIS TIMÓTEO","","","lucasfidelis2003@gmail.com"
"Talento , Resolvedor , Organizador","17407003416","Talento","não","MANUELA DA SILVA GOMES","","","manueladasilva186@gmail.com"
"Talento , Resolvedor , Organizador","10769163416","Talento","não","RITA DE CASSIA DA SILVA","//2eb0cd16e008139946c2510a2de49dd6.cdn.bubble.io/f1760642573002x377945147919086100/IMG_6383_Original.jpeg","","dixxrita31@gmail.com"
"Talento , Resolvedor , Organizador","71135981450","Talento","não","RENNAN GOMES","","","rennanantoniogg@gmail.com"
"Talento , Resolvedor , Organizador","13864591430","Talento","não","GIOVANNA CARVALHO BATISTA DA SILVA  NULL","","","giovannacbs.flo@gmail.com"
"Talento , Resolvedor , Organizador","14513895403","Talento","não","GEYDSON FELIPE DOS SANTOS SILVA BATISTA","","","geydsonfelipe807@gmail.com"
"Talento , Resolvedor , Organizador","13154115471","Talento","não","MATHEUS GOMES DE ANDRADE","","","mgandrade2004@gmail.com"
"Talento , Resolvedor , Organizador","09512111454","Talento","não","PAULO VINICIOS DE ARAUJO MENDES","","","contato.paulovinicios@gmail.com"
"Talento , Resolvedor , Organizador","03906381455","Talento","não","ISIS CAVALCANTI PESSOA DE CARVALHO","","","isis26cavalcanti@yahoo.com.br"
"Talento , Resolvedor , Organizador","07959627460","Talento","não","WILMA PEREIRA DOS SANTOS","","","wilma_santos.ws@hotmail.com"
"Talento","70786485442","Talento","não","MIGUEL VICTOR LUSSAC BARBOZA","","","miguelimportante07@gmail.com"
"Talento , Resolvedor , Organizador","12873175451","Talento","não","XAIANE KETINY BARBOSA DE SANTANA","","","xayanebarbosa80@gmail.com"
"Talento , Resolvedor , Organizador","71869781422","Talento","não","DOMINICKY","","","dcharlottam@gmail.com"
"Talento , Resolvedor , Organizador","17081542484","Talento","não","MATEUS COSTA PEREIRA","","","paoqueijopaoqueijo@gmail.com"
"Talento , Resolvedor , Organizador","09928869456","Talento","não","MICAELY DE OLIVEIRA AGUIAR","","","arnaldoeaguiar@gmail.com"
"Talento , Resolvedor , Organizador","15287417497","Talento","não","LUIZ FERNANDO LIMA DE ANDRADE ALVES","","","tekaandrade42@gmail.com"
"Talento","60312360444","Talento","não","LEONARDO DE ABREU CAROLINO","","","leonardo.acarolino@hotmail.com"
"Talento , Resolvedor","14397422435","Resolvedor","não","ANDRÉ LUCAS DA COSTA PEREIRA","","8V<x{t1N","temosquepegarcharizard@gmail.com"
"Talento , Resolvedor , Organizador","13265241432","Talento","não","MARIA HELENA FIRMO DE LIMA SILVA","","","marialenafirmo@outlook.com"
"Talento , Resolvedor , Organizador","11448876400","Talento","não","JULIA ROBERTA FERREIRA DO NASCIMENTO LOURENCO E SILVA","","","jrfnls07@gmail.com"
"Talento , Resolvedor , Organizador","10959881409","Talento","não","CLARA MOURA BRITO","","","claramourabrito@gmail.com"
"Talento , Resolvedor , Organizador","14853306455","Talento","não","CASSIANO MARLUS PAES DOS ANJOS","","","cassimarlus@gmail.com"
"Talento , Resolvedor , Organizador","09025699456","Resolvedor","não","ALCIR JOSE DA SILVA JUNIOR","","pjY@@7B7","alcirsilvatoic@gmail.com"
"Talento , Resolvedor , Organizador","16353512430","Talento","não","MIKAIAS MARINHO DOS SANTOS","","","micaias08deus@gmail.com"
"Talento , Resolvedor , Organizador","09004213554","Talento","não","FELIPE MOREIRA RIOS","","","feliperioscross.br@gmail.com"
"Talento , Resolvedor , Organizador","70690967470","Talento","não","DIOGENES DE OLIVEIRA SOUZA E SILVA","","","diogenesoliveiraa@gmail.com"
"Talento , Resolvedor , Organizador","11594105421","Resolvedor","não","MATEUS PEREIRA DIZEU","","Jx]k@3C9","dizeumateus@gmail.com"
"","","","não","ADIHÉLEN SANTOS DE MELO","","","adihelen.melo@ufpe.br"
"Talento , Resolvedor , Organizador","01628800143","Talento","não","EDLEYDSON DE SOUSA MEDRADO","//2eb0cd16e008139946c2510a2de49dd6.cdn.bubble.io/f1760798876978x978327135181461100/Edy%20Medrado.JPG","","direcaoexecutiva@ummix.com.br"
"Talento , Resolvedor , Organizador","00781551420","Resolvedor","não","ADIHELEN SANTOS DE MELO","","UQ{rb8[4","adihelen@gmail.com"
"Talento , Resolvedor","36817210410","Resolvedor","não","FERNANDO JOSÉ MOREIRA COELHO NULL","","Vk2_@Au5","coelhocc.fernando@gmail.com"
"Talento , Resolvedor , Organizador","02809993483","Talento","não","Walter Franklin Marques Correia","","Hc#zN9{6","wfmc10@gmail.com"
"Talento , Resolvedor , Organizador","78700906549","Talento","não","NATANAEL DOS SANTOS","","","og1producoes@gmail.com"
"Talento","32592573810","Talento","não","MARCOS ANTONIO DE OLIVEIRA TORRES","","","marcostorres06@gmail.com"
"Talento , Resolvedor , Organizador","57832935472","Resolvedor","não","CRISTIANA LEAL DE LACERDA PIRES","","4<T<iPr8","crislacerda@gmail.com"
"Talento , Resolvedor","04533144497","Resolvedor","não","HISLANDIA MARIA MARQUES DE LIMA MOURA","","SC3!s2~b","hislandiamaria@gmail.com"
"Talento , Resolvedor , Organizador","07329579408","Talento","não","GABRIELA SANDRELI TORRES MACIEL DA SILVA","","","gabrielasandreli@gmail.com"
"","","","não","Hislandia Maria Marques de Lima","","","hislandia.maria@redecidada.org.br"
"Talento , Resolvedor","05852620475","Resolvedor","não","VALÉRIA NUNES DE SOUZA","","g#7KDp1]","valeriansouza@hotmail.com"
"Talento , Resolvedor , Organizador","11317885406","Resolvedor","não","JOANA D’ARC DE ALBUQUERQUE MARANHÃO OLIVEIRA","","Ha5_mK1<","joana.albuquerque.97@live.com"
"Talento","71526240467","Talento","não","LUCAS GABRIEL CARDOSO SOUZA","","","lucasgabrielcs68@gmail.com"
"Talento","06773456312","Talento","não","ALDA VIANA DUARTE","","","aldavianad@gmail.com"
"Talento , Resolvedor , Organizador","05774875407","Resolvedor","não","VLADIMIR BARROS DE SOUZA","","!I]9wuV3","vladimirbsouza@hotmail.com"
"Talento , Resolvedor , Organizador","09804205475","Resolvedor","não","DANIELLE AGUIAR CRISTOVAO DE OLIVEIRA","","<jB5+9lD","dani_aguiar_@hotmail.com"
"Resolvedor , Talento , Organizador","07786630430","Talento","não","Juliana Barbosa de lima","","","aconchegoprojeto23@gmail.com"
"","","","não","VLADIMIR BARROS DE SOUZA","","","vbs@cesar.school"
"Talento , Resolvedor , Organizador","70726035491","Talento","não","SANDRO JOSÉ ALVES","","","sandroalves721@hotmail.com"
"","","","não","teste","","","rodrigo.w.oliveira@hotmail.com"
"Talento , Resolvedor , Organizador","00992162483","Resolvedor","não","DAVI DE BARROS FERNANDES CAMARA","","V]?Usy10","davibarros2@gmail.com"
"Talento , Resolvedor , Organizador","71934243949","Talento","não","ELPIDIO LUNARDELLI JUNIOR","","","elpidiolunardelli@gmail.com"
"","","","não","Bárbara Helena de Brito Ângelo","","","barbara.angelo@ebserh.gov.br"
"Talento , Resolvedor , Organizador","95396039272","Resolvedor","não","WESLLEN SOUSA LIMA","","hCH0@5#o","wesllen.wsl@gmail.com"
"","","","não","LEONIE ASFORA SARUBBO","","","leonie.sarubbo@iati.org.br"
"Resolvedor , Talento , Organizador","05416530405","Talento","não","Janaína Campos Branco","","","jcb@cesar.org.br"
"Talento , Resolvedor , Organizador","04245146486","Resolvedor","não","HENRIQUE SANTOS FERREIRA","","!29UvuA_","riqueferreira@gmail.com"
"","","","não","Renata Oliveira","","","renata@flagrdd.com.br"
"Talento , Resolvedor , Organizador","70572894481","Talento","não","MICAELL WOUGLLE CABRAL DE PAIVA","","","mwouglle@gmail.com"
"Talento , Resolvedor , Organizador","12634906463","Talento","não","GABRIEL BRITO FERREIRA DIAS","","","gabrielbritooo05@gmail.com"
"Talento","94714789520","Talento","não","CARLOS GUILHERME CARVALHO DE SOUZA","","","guilherme.designer@gmail.com"
"Talento , Resolvedor , Organizador","70897382480","Resolvedor","não","LUANA MARIA DA LUZ BARBOSA","","G#C[zq31","luanamariadaluzbarbosa@gmail.com"
"Talento , Resolvedor , Organizador","85109320420","Talento","não","ANA KALINA SILVA GOES TEIXEIRA","","","kalinagoes@yahoo.com.br"
"Talento , Resolvedor , Organizador","01004880480","Talento","não","ELLEN EMÍLIA ANDRADE FAYE MUNIZ","//2eb0cd16e008139946c2510a2de49dd6.cdn.bubble.io/f1761179785355x663974494133116000/Screenshot_20250911-173810_Instagram.jpg","T{1n>U2a","ellenfaye8@gmail.com"
"","","","não","James William Costa e Silva","","","decodebytestartup@gmail.com"
"Talento , Resolvedor , Organizador","14203792401","Talento","não","KATHYLLIN DE OLIVEIRA BANDEIRA","","","kathyllinbandeira83@gmail.com"
"","","","não","Janaina de Holanda Costa Calazans","","","jhcc@cesar.org.br"
"","","","não","MARCELO BRITO CARNEIRO LEÃO","","","direcao@cetene.gov.br"
"Talento","07213599496","Talento","não","RAFAEL DE BRITO SIQUEIRA","","","rafaeldebritosiqueira@hotmail.com"
"Talento , Resolvedor , Organizador","22342826400","Talento","não","GUTTENBERG GAYAO DE SENNA","","","ggsenna@gmail.com"
"Talento , Resolvedor , Organizador","05603744456","Talento","não","FILIPE DURANDO PIRES DE MOURA","//2eb0cd16e008139946c2510a2de49dd6.cdn.bubble.io/f1775659470569x444883750721837950/Captura%20de%20Tela%202026-04-08%20a%CC%80s%2011.44.21.png","T0Z~:mn5","durandofilipe@gmail.com"
"Talento , Resolvedor , Organizador","06290013408","Resolvedor","não","JACQUELINE DE SIQUEIRA BEZERRA","//2eb0cd16e008139946c2510a2de49dd6.cdn.bubble.io/f1761320972180x802688537332881500/WhatsApp%20Image%202025-10-23%20at%2016.02.24.jpeg","Rd<1Ov2/","jacquetamboo@gmail.com"
"","","","não","Sérgio Pires Galvão ","","","sergiopiresgalvao11@gmail.com"
"","","","não","Mariana Rabêlo Valença","","","mariana.valenca@upe.br"
"","","","não","Danielle Aguiar Cristovão de Oliveira","","","daniellea@pe.sebrae.com.br"
"","","","não","Yonara Mirelly Araújo da Silva","","","yonara.araujo@aicury.com.br"
"Talento","06557354450","Talento","não","MARIANA RABÊLO VALENÇA NULL","","","mariana_valenca@hotmail.com"
"","","","não","Paulo Alexandre da Silva Filho","","","paulo.filho@ogrupoberlim.com.br"
"","","","não","Haylla Rebeka de Alburquerque Lins Leonardo","","","haylla.rebeka@ufpe.br"
"Talento , Resolvedor , Organizador","03910564410","Resolvedor","não","RODRIGO BOTELHO CURSINO","//2eb0cd16e008139946c2510a2de49dd6.cdn.bubble.io/f1761310874001x576231875750006200/Cesar%20dia%202%20-%20001%20%28199%29.JPG","~y{a99QL","rcursino@gmail.com"
"Resolvedor","12345678900","Resolvedor","não","Teste","","","teste@teste.com"
"Talento , Resolvedor , Organizador","10068754418","Organizador","sim","ANDERSON DE OLIVEIRA VASCONCELOS","",">!j6iKR7","andersonv_vasconcelos@outlook.com"
"Talento , Resolvedor , Organizador","70407499474","Resolvedor","não","Guilherme Cavalcante","","~#yL8nI1","guicesar66@gmail.com"
"Talento , Resolvedor , Organizador","07116664408","Resolvedor","não","RENAN BASTOS NUNES","//2eb0cd16e008139946c2510a2de49dd6.cdn.bubble.io/f1761315762481x102722954617574980/WhatsApp%20Image%202018-07-27%20at%2014.05.54.jpeg","s0I2#_sD","rbn3001@hotmail.com"
"","","","não","Renan Bastos Nunes","","","nonstopplayin.eventos@gmail.com"
"","","","não","Francisco Rogerio Pereira Alencar Filho","","","rogerio.alencar@keycore.com.br"
"","","","não","Fabiana Carneiro Silva de Holanda","","","fabiana@matech-solution.com.br"
"Resolvedor , Talento , Organizador","03910564410","Resolvedor","não","Rodrigo Botelho Cursino","","","rbc@cesar.org.br"
"","","","não","Alda Viana Duarte","","","alda.viana@ufpe.br"
"","","","não","Telma Muniz","","","telmamuniz.backup2@ciee-pe.org.br"
"Talento , Resolvedor , Organizador","01631024493","Resolvedor","não","NÁVILA TEIXEIRA ALENCASTRO","","{56OBkq_","navilateixeira@gmail.com"
"Talento , Resolvedor , Organizador","13349754422","Resolvedor","não","LUIZ FELIPE CORDEIRO REIS DA SILVA","//2eb0cd16e008139946c2510a2de49dd6.cdn.bubble.io/f1761333025798x290342056315656450/IMG_20250725_081342.jpg","_k?9yVO9","digi17994@gmail.com"
"","","","não","José Roberto Ferreira Guerra","","","parquetec@ufpe.br"
"","","","não","Kewin Lima da silva","","","kewin.lima@imogen.com.br"
"Talento , Resolvedor , Organizador","12002921466","Resolvedor","não","SAMUEL SANTOS DE LIMA","//2eb0cd16e008139946c2510a2de49dd6.cdn.bubble.io/f1761335751906x665769848603768700/%40carlossouzaphoto-45.jpg","/bH0!4Ox","samueldelima340@gmail.com"
"","","","não","Raphael de França e Silva","","","raphael.franca@upe.br"
"","","","não","Wladimilson Bernardino Nascimento ","","","contato@gymtime.com.br"
"","","","não","Pierre Lucena Raboni","","","captacao@portodigital.org"
"Talento , Resolvedor , Organizador","00921480423","Resolvedor","não","Renato Martins Ribeiro Pessoa de Melo","//2eb0cd16e008139946c2510a2de49dd6.cdn.bubble.io/f1761338210264x351145241770421950/Foto%20Perfil%20nova%202025%20%28Branca%20Zoom%29%20-%20Renato%203.jpg","@+gGv2Y8","bcpeconsultoria@gmail.com"
"Talento , Resolvedor , Organizador","40815137400","Resolvedor","não","MARIA REGINA ALMEIDA DE MENEZES","",";_bPk7U4","regina.menezes@upe.br"
"","","","não","PEDRO HENRIQUE DE LIMA COSTA","","","pedro@somosverda.com.br"
"Talento , Resolvedor , Organizador","07377647400","Resolvedor","não","RAFAEL RODRIGUES FERREIRA DA SILVA NULL","//2eb0cd16e008139946c2510a2de49dd6.cdn.bubble.io/f1761349080432x955504491565964700/Rafael_Rodrigues.jpeg","!7PQ2;mo","rrodriguesfs@hotmail.com"
"","","","não","Rafael Rodrigues Ferreira da Silva","","","rrodriguesfs@gmail.com"
"Talento , Resolvedor , Organizador","08969365460","Resolvedor","não","LUCAS HENRIQUE COSTA DE MELO","","21kiOY<@","lucashenriquecosta1273@gmail.com"
"Talento , Resolvedor , Organizador","03108001450","Talento","não","ROBSON WAGNER ALBUQUERQUE DE MEDEIROS","","","robson.medeiros@gmail.com"
"","","","não","Fabiana Márcia de Oliveira Andrade","","","fmoa@cesar.org.br"
"","","","não","Diego Henrique Moraes Maciel","","","diego.maciel@ufpe.br"
"Talento , Resolvedor , Organizador","04103652462","Talento","não","FERNANDO JOSE RIBIERO SALES","","","fernando.sales@gmail.com"
"","","","não","GIOVANNA MACHADO","","","giovanna.machado@cetene.gov.br"
"","","","não","Renato Martins Ribeiro Pessoa de Melo","","","bcpeconsultoria@gmai.com"
"","","","não","Francisco de Melo Granata","","","franciscigranata@recife.ifpe.edu.br"
"","","","não","Fábio Henrique Alves da Silva","","","fabio.silva@redemudamundo.com.br"
"","","","não","NÁVILA ALENCASTRO","","","navila.alencastro@redemudamundo.com"
"Talento , Resolvedor , Organizador","93404620410","Talento","não","FABIO HENRIQUE ALVES DA SILVA","","","fabio.silva@redemudamundo.com"
"","","","não","Robson Wagner Albuquerque de Medeiros","","","ipe@ufrpe.br"
"Talento , Resolvedor , Organizador","36088382368","Talento","não","EUGÊNIO HILTON GRANGEIRO PIMENTEL  NULL","//2eb0cd16e008139946c2510a2de49dd6.cdn.bubble.io/f1761487704536x521070042561091900/1000098794.jpg","","eugenio.grangeiro.01@gmail.com"
"Talento , Resolvedor , Organizador","08381924405","Talento","não","MONICK TRAJANO DOS SANTOS","","#pBl[O95","monick_trajano@yahoo.com.br"
"Talento","71160790418","Talento","não","ARTHUR VICTOR SILVA BEZERRA","","","arthurvictor20061@gmail.com"
"Talento , Resolvedor , Organizador","01389024458","Resolvedor","não","ANA CAROLINA TORRES DE OLIVEIRA","",";7LaY?v2","carolina_voir@hotmail.com"
"","","","não","MARIA DO SOCORRO MACEDO DE BARROS","","","lefil@lefil.com.br"
"","","","não","Paula Karolina Mesquita Sabino","","","paula.sabino@estacio.br"
"","","","não","André Luiz Gomes da Silva","","","andre.silva@pe.senac.br"
"","","","não","Erick Carrasco Oliveira","","","erick.carrasco.oliver@gmail.com"
"","","","não","Maria da Gloria Conceição da Silva","","","contato@biosurfatech.com.br"
"Resolvedor , Talento , Organizador","","Talento","não","danilo silva dos santos","//2eb0cd16e008139946c2510a2de49dd6.cdn.bubble.io/f1761528840230x553228505501519170/logogogogo.png","","passouencontrou@edu.pe.senac.br"
"Talento","08506351952","Talento","não","ALISON HIDEO JOLO SILVA","","","alisonhjs13@msn.com"
"Resolvedor , Talento , Organizador","","Talento","não","FLAVIANNE FERNANDA BITENCOURT NÓBREGA","","","flavianne.nobrega@ufpe.br"
"","","","não","Heloísa Isabela Leão","","","heloisa.leao@ufpe.br"
"","","","não","Henrique Cesar Carvalho","","","hcesarcarvalho@fhdataanalysis.com"
"Talento , Resolvedor , Organizador","09987221467","Resolvedor","não","AMANDA RODRIGUES DOS SANTOS MAGNABOSCO","","?4}uNuK2","bio.amandarodrigues@gmail.com"
"Talento , Resolvedor , Organizador","13881111441","Talento","não","GUSTAVO HENRIQUE CUSTÓDIO DE LIMA NULL","","","guustavo.henrique.c.l12@gmail.com"
"","","","não","José Roberto Oliveira de Araújo Filho","","","roberto.araujo@seedabit.org.br"
"Talento , Resolvedor , Organizador","09160184400","Talento","não","EUKENNYA DE ARAÚJO E SILVA PEREIRA BARBOSA","","RM>4lz1[","eukennya@gmail.com"
"","","","não","Fernando José Pequeno Aureliano da Silva","","","fernando.aureliano@fhdataanalysis.com"
"","","","não","Éder Gomes de Sá Carvalho","","","eder.carvalho@ufpe.br"
"Talento , Resolvedor , Organizador","13669472401","Talento","não","PEDRO RIBEIRO BATISTA NUNES","//2eb0cd16e008139946c2510a2de49dd6.cdn.bubble.io/f1761575464639x731928904782630500/pedro_foto.jpg","","pedrodinoribeiro@gmail.com"
"Talento , Resolvedor , Organizador","00990114414","Talento","não","ADELIA KARLA FALCAO SOARES","//2eb0cd16e008139946c2510a2de49dd6.cdn.bubble.io/f1761583042856x865956700991636000/1000097344.jpg","","adelia.falcao@ufpe.br"
"Talento , Resolvedor , Organizador","05794990490","Talento","não","FELIPE GUEDES PEREIRA DE CARVALHO","","r3B3:M@j","felipe@studiodaus.com"
"","","","não","Pâmmela Roberta Gonçalves dos Santos","","","pammelasantos@movesbrasil.com"
"Talento , Resolvedor , Organizador","06206420418","Resolvedor","não","DAVI FERRO PRADINES DE MENDONÇA","//2eb0cd16e008139946c2510a2de49dd6.cdn.bubble.io/f1761589147014x634994386694497200/IMG_5257.heic","~1YeVl~4","daviferro@gmail.com"
"","","","não","Davi Ferro Pradines de Mendonça","","","dfpm@cesar.org.br"
"Talento , Resolvedor , Organizador","35804883844","Talento","não","LUCAS ZACARIAS DE SOUSA DUARTE","","","lucas.zacariassd@gmail.com"
"","","","não","João Tompson","","","tompson@escolahappen.com.br"
"Talento","07398187408","Talento","não","FERNANDO ARAUJO COSTA DOS SANTOS  NULL","","","fernandoacs1988@gmail.com"
"Talento","94363625449","Talento","não","JOSE ANSELMO ALVES DE SOUSA","","","anselmofeitosa400@gmail.com"
"Talento","09552735440","Talento","não","HIGOR HENRIQUE SANTANA","","","higorsantana643@gmail.com"
"","","","não","Catarine Vicente Bento da Paz","","","catarinevpaz@gmail.com"
"Talento , Resolvedor , Organizador","09837777486","Talento","não","ISABELLA MARTINS HIGINO DA SILVA","//2eb0cd16e008139946c2510a2de49dd6.cdn.bubble.io/f1761667302790x918524888831198100/1664150845569.jpg","","bella.2630@hotmail.com"
"Talento , Resolvedor , Organizador","05735013513","Talento","não","VINÍCIUS JOSÉ BARBOSA DE ARAÚJO  ","","","araujovinicius677@gmail.com"
"","","","não","Isabella Martins Higino da SIlva","","","isabella.00000860564@unicap.br"
"","","","não","Thaís Miranda de Barros","","","atendimento@vet4all.com.br"
"Talento , Resolvedor , Organizador","70901462438","Talento","não","LUIZ ROBERTO BEZERRA FERREIRA","","","lrbf@cin.ufpe.br"
"Talento","62278258400","Talento","não","ARLINDO BATISTA CORREIA","","","arlindocorreia@gmail.com"
"Talento , Resolvedor , Organizador","77057694415","Resolvedor","não","GENESIO GOMES DA CRUZ NETO","","4Cn2i/V~","professorgenesio@gmail.com"
"Talento","08803362428","Talento","não","RINALDO SANTANA DA SILVA","","","rinaldore2009@hotmail.com"
"","","","não","Pedro Henrique Formiga de Oliveira ","","","iprotechsos@gmail.com"
"","","","não","Pierre Lucena Raboni","","","doca@portodigital.org"
"Talento , Resolvedor , Organizador","13466891485","Resolvedor","não","MARIA EDUARDA DE MOURA SILVA ALBUQUERQUE  NULL","","6FT;?3mh","mariaeduardamsa2@gmail.com"
"Talento","08063029410","Talento","não","BRUNARA","","","br2435905@gmail.com"
"","","","não","Paulo Rodrigues do Souto Serra Neto","","","paulo@colegionucleo.com.br"
"","","","não","Marleny Elizabeth Márquez de Martinez Gerbi","","","artigosmarlenygerbi@upe.br"
"","","","não","Marleny Elizabeth Márquez de Martinez Gerbi","","","artigosmarlenygerbi@gmail.com"
"","","","não","Francisco Aristofanes Coelho Sarmento Neto","","","francisco.sarmento@navismart.com.br"
"Talento , Resolvedor , Organizador","06813617435","Talento","não","ANDREA GOMES DOS SANTOS","","","andrea.g.santos@gmail.com"
"Talento , Resolvedor , Organizador","03845851406","Talento","não","MARCOS JOSÉ DE MENEZES CARDOSO JUNIOR","//2eb0cd16e008139946c2510a2de49dd6.cdn.bubble.io/f1761699541680x478332302797928100/eu-milesima-vez.png","","marcos.cardoso@ufrpe.br"
"","","","não","Andréa Gomes dos Santos","","","captacao@institutomemaker.org.br"
"","","","não","Denais Heloisa Conceição da Silva ","","","dhcs1@discente.ifpe.edu.br"
"","","","não","Nathália Souza Lira","","","nathalialira@nagaia.com.br"
"Talento , Resolvedor , Organizador","70157376478","Talento","não","HELLEN GOUVEIA RODRIGUES DE MELO","","","hellengrmelo@gmail.com"
"","","","não","Vinícius José Barbosa de Araújo","","","vinicius.araujo@inovagrojr.com.br"
"","","","não","Hellen Gouveia Rodrigues de Melo","","","hellen.gouveia@fejepe.org.br"
"Talento , Resolvedor , Organizador","09408931424","Resolvedor","não","TIAGO GAYOSO TEIXEIRA","","dA~x32P@","tiago.teixeira@recife.pe.gov.br"
"Talento , Resolvedor , Organizador","33726445811","Resolvedor","não","MICHAEL ROBERTO ATHAYDE PEREIRA GAVIAO","","3i/6VlY#","michaelgaviao@hotmail.com"
"Talento , Resolvedor , Organizador","17409904470","Talento","não","ALANA CAMPOS MACHADO","//2eb0cd16e008139946c2510a2de49dd6.cdn.bubble.io/f1761778080323x588584547929818400/1000014660.jpg","","alanana_13@hotmail.com"
"Talento , Resolvedor , Organizador","00551448962","Talento","não","CLEBER ZANCHETTIN","","","zanche@gmail.com"
"Talento , Resolvedor , Organizador","14398876405","Talento","não","GUSTAVO DA SILVA GUIMARAES","","","gustavoguguchan@gmail.com"
"Talento","70622042424","Talento","não","ELISSON RODRIGO DA SILVA ARAUJO","","","elisson.araujo04@gmail.com"
"Talento","10375755470","Talento","não","LARISSA GOMES DE GOUVEIA PEREIRA","","","lariiegomees@gmail.com"
"Talento , Resolvedor , Organizador","15233607476","Talento","não","GABRIEL MATIAS NUNES DA SILVA","","","gm4037003@gmail.com"
"Talento , Resolvedor , Organizador","13781298493","Talento","não","GABRIEL BORGES DA SILVA CRUZ","//2eb0cd16e008139946c2510a2de49dd6.cdn.bubble.io/f1762179542723x732767504357988600/1000047203.webp","","luizgabrielelara@outlook.com"
"Talento , Resolvedor , Organizador","13785295456","Talento","não","GUILHERME PERICLES DE ANDRADE FERREIRA","","","periclesg59@gmail.com"
"Talento , Resolvedor , Organizador","12457801400","Talento","não","GEORGE GABRYEL SANTANA SANTOS","","","georgexcaua@gmail.com"
"Talento","97507210472","Talento","não","FABIANA MARCIA DE OLIVEIRA ANDRADE","","","fabiana.andrade@gmail.com"
"Talento , Resolvedor","07389077409","Resolvedor","não","DANILO SILVA DOS SANTOS","","d;r7C4E}","danilo352519@gmail.com"
"Talento , Resolvedor , Organizador","06005669435","Resolvedor","não","JULIANA PATRICIA DE ARAUJO SILVA","","49B!dA~f","julianaaraujo.to@gmail.com"
"Talento , Resolvedor","","Resolvedor","não","Edmilson Rodrigues","","","edmilson.rodrigues@futurereadylabs.com.br"
"Talento , Resolvedor , Organizador","14478738408","Talento","não","JOHN LUCAS PESSOA DE ARAUJO","","","pessoa_52@hotmail.com"
"Talento , Resolvedor , Organizador","16243336484","Talento","não","YONARA MIRELLY ARAUJO DA SILVA","//2eb0cd16e008139946c2510a2de49dd6.cdn.bubble.io/f1762300112676x663026824023131800/fotinha_bonitinha.jpg","D5;k}i0N","yonaanara@gmail.com"
"Resolvedor , Talento","","Resolvedor","não","Daniel Costa de Almeida","","","daniel.almeida@stepps.com.br"
"Talento , Resolvedor , Organizador","29358493453","Talento","não","AMARO MONTEIRO BARBOSA SOBRINHO NULL","",":V1a4<Gz","amaromonteiro@msn.com"
"Talento","98356194415","Talento","não","JOANA FRANÇA BELARMINO","","","jofranca11@hotmail.com"
"Talento , Resolvedor , Organizador","06562289467","Talento","não","TACIANA MIRELLY DE MELO SILVA","","t90qRU>+","tacianamirellymelo@gmail.com"
"Talento","08461385497","Talento","não","IVISON DE LIMA","","","ivison_lima@hotmail.com"
"Talento","70771871449","Talento","não","CARLA ANDREA MORAES DE ALMEIDA  NULL","","","carlam@pe.sebrae.com.br"
"Talento","13314668490","Talento","não","LARISSA VITÓRIA SILVA DE OLIVEIRA","","","lvoliveira210412@gmail.com"
"Talento , Resolvedor , Organizador","01427413452","Resolvedor","não","LIVIA VILAR LEMOS","","#fl#V03J","lemos.lvl19@gmail.com"
"Talento , Resolvedor , Organizador","06788293490","Talento","não","ANDRÉ VINÍCIUS CAMPOS LUCENA","","","andrecamposlu@gmail.com"
"Talento , Resolvedor , Organizador","12583885456","Talento","não","THIAGO HENRIQUE RODRIGUES COUCEIRO","","","jcgcouceiro@gmail.com"
"Talento , Resolvedor , Organizador","70458356476","Talento","não","GABRIEL PEREIRA DA SILVA","","","gabriel.script@gmail.com"
"Talento , Resolvedor , Organizador","19354177468","Resolvedor","não","JOSÉ HORÁCIO DE SIQUEIRA PASSOS","//2eb0cd16e008139946c2510a2de49dd6.cdn.bubble.io/f1762464843930x398912191436013630/IMG_4739.jpeg","qa[2P0~W","horaciosiqueira@gmail.com"
"Talento , Resolvedor , Organizador","11967603499","Talento","não","GABRIEL GONCALVES DE OLIVEIRA","//2eb0cd16e008139946c2510a2de49dd6.cdn.bubble.io/f1762461126838x497112976205021700/1000059090.jpg","","gabriel212001goncalves@gmail.com"
"Talento , Resolvedor , Organizador","65343123449","Talento","não","ADRIANA CRUZ DE GOIS BARBOSA","","","adrianagois@gmail.com"
"Talento , Resolvedor , Organizador","70938238400","Resolvedor","não","DIOGO CRISTOVÃO DE BARROS CAVALCANTI ","//2eb0cd16e008139946c2510a2de49dd6.cdn.bubble.io/f1762547987594x270234867380010560/Screenshot_67.png","3<Fi4!sL","abcavalcanti@outlook.com.br"
"Talento","09493665445","Talento","não","CATARINE VICENTE BENTO DA PAZ","","","catarine.vicente@gmail.com"
"Talento","12933776430","Talento","não","LUARA FIDELIS CORREIA LIMA","","","luaracflima@gmail.com"
"Talento , Resolvedor , Organizador","31682743802","Talento","não","Luiz Salmeron","//2eb0cd16e008139946c2510a2de49dd6.cdn.bubble.io/f1762872929859x416621285278314000/WhatsApp%20Image%202025-10-21%20at%2020.19.29.jpeg","NGd59@d+","luizsalmeron@gmail.com"
"Talento","45949662415","Talento","não","SÔNIA MARIA GONÇALVES DA SILVA","","","soniamaroagoncalvesdasilvamari@gmail.com"
"Talento , Resolvedor , Organizador","11121735444","Talento","não","LUAN MULLER DOS ANJOS","","","luanmuller.anjos@yahoo.com.br"
"Talento , Resolvedor , Organizador","83843140715","Talento","não","MARCELO RIBEIRO GARCIA","","","marcelogarciarj@hotmail.com"
"Talento","01864826479","Talento","não","BÁRBARA JIMENA ACIOLI LINS FILIZOLA","","","babifilizola2@gmail.com"
"Talento , Resolvedor , Organizador","02372063588","Resolvedor","não","Juliana Cerqueira Melo","//2eb0cd16e008139946c2510a2de49dd6.cdn.bubble.io/f1762906393627x456693393522855700/Foto%20de%20Perfil%20Gamer%20Neon%20Amarelo%20%284%29.png","2:8UiLg;","juliana.melo@aeptecba.org.br"
"","","Talento","não","Mayara Costa","","S3ct12025!","mayara@risnegocioseprojetos.com.br"
"Talento , Resolvedor , Organizador","38140099830","Talento","não","Ricardo Queiroz","","U]l1@0Jd","qrzricardo@gmail.com"
"","","Talento","não","Justino Paulo ","","S3ct12025!","justino@fcjventurebuilder.com"
"Talento , Resolvedor , Organizador","02251265082","Talento","não","Djenifer Walczak","","i3#+0BBc","djenifer.macedo@southsummitbrazil.com"
"Talento","71552126447","Talento","não","MARIA CLARA MARQUES DO NASCIMENTO","","","claraclaramarques@gmail.com"
"Talento , Resolvedor , Organizador","04547749663","Resolvedor","não","Daniela Estevam","//2eb0cd16e008139946c2510a2de49dd6.cdn.bubble.io/f1762805985734x787494110130229200/Foto%20de%20Dani%20Estevam%20%282%29%20-%20Copia.jpg","Hw1e9:_G","daniela.estevam@gmail.com"
"Talento","01064848427","Talento","não","FLÁVIA ROBERTA FIDELIS PEREIRA","","","flavia.pereira@hotmail.com"
"Talento , Resolvedor , Organizador","14163307710","Resolvedor","não","Fabio Marciano de Moraes","","b5Z1<?Gj","fabio.moraes@ufabc.edu.br"
"Talento , Resolvedor , Organizador","33583857879","Talento","não","Fabiana Angélica","","86o;WmD_","fabiana.a.pereira@rfb.gov.br"
"Talento , Resolvedor , Organizador","88534723168","Resolvedor","não","Rossana Choze","","U@D2?0ut","rossana.choze@ucb.br"
"Talento , Resolvedor , Organizador","36814473810","Resolvedor","não","Izadora Mattiello","//2eb0cd16e008139946c2510a2de49dd6.cdn.bubble.io/f1762862067702x371819427701891600/izadora%20linkedin.jpeg","5}2+KmzF","izadora.mattiello@wylinka.org.br"
"Talento , Resolvedor , Organizador","07932546982","Resolvedor","não","Juliana de Souza","","a5#]r1UX","julianadesouzacorrea@gmail.com"
"Talento","04502514462","Talento","não","ALEXSANDRA FELIX DE SOUZA SILVA","","","alexandrafelix2013@hotmail.com"
"Talento , Resolvedor , Organizador","09284571413","Resolvedor","não","MAYARA AMANDA DA COSTA LIMA","","c3+B!2Zg","lima.mayaracosta@gmail.com"
"Talento , Resolvedor , Organizador","05300335347","Talento","não","THALITA DE SOUSA LUCENA","//2eb0cd16e008139946c2510a2de49dd6.cdn.bubble.io/f1762800299520x826505829130177700/Tezza-4346.JPG","1C]a2d#Q","thalitalucen@gmail.com"
"Talento","02560218488","Talento","não","RILDOBERTO BARBOSA REIS","","","rildor664@gmail.com"
"Talento , Resolvedor , Organizador","04834558495","Talento","não","ENIO HENRIQUE DO MONTE SAMPAIO","//2eb0cd16e008139946c2510a2de49dd6.cdn.bubble.io/f1762800234704x785909995463752100/71689_6c6b2fd9caae991a14e70d569ed323c1_01_10_2025__17_26_19_20251108_081933_0007.png","","henryenio@gmail.com"
"Talento","06955403435","Talento","não","SUELAINE DE OLIVEIRA LIMA","","","suelainedeoliveira803@gmail.com"
"Talento","35895063420","Talento","não","EDNEIDE BURITY MACEDO","","","ednburity@gmail.com"
"Talento","17879019472","Talento","não","ARNON HAMILTON LUCENA DE ARAÚJO","","","ccim.arnonfilho@gmail.com"
"Talento","77349210434","Talento","não","ROSEMERE PEREIRA DA SILVA","","","rosemerepereira502@gmail.com"
"Talento","03245941439","Talento","não","CAROLLINE DE ARAUJO MARIZ","","","carollinedearaujo@gmail.com"
"Talento","00228223482","Talento","não","CRISTIANE GOMES DA SILVA","","","cristianegomesdasilvagomes072@gmail.com"
"Talento , Resolvedor , Organizador","02347089480","Talento","não","EDNALDO JOSÉ DOS SANTOS NULL","//2eb0cd16e008139946c2510a2de49dd6.cdn.bubble.io/f1763736282055x449246170093438900/1000164686.jpg","14K{wlD}","ednal22222222@gmail.com"
"Talento , Resolvedor , Organizador","46026363491","Talento","não","ROMILDO MOREIRA DE CARVALHO FILHO","","","romildomcfilho@gmail.com.com"
"Talento","32689691434","Talento","não","JOSÉ CARNEIRO LEÃO FILHO NULL","","","joseleaof@gmail.com"
"Talento , Resolvedor , Organizador","14326744472","Talento","não","MARIA DE FATIMA TENORIO CAVALCANTI","","","fatimatenorio@gmail.com"
"Talento","06161989492","Talento","não","TALLES RAUL COLATINO DE BARROS","","","talles.colatino@ufpe.br"
"Talento","05061514416","Talento","não","LADY LIGIA HENRIQUE DE MENEZES","","","lady.ligia@gmail.com"
"Talento","78014956400","Talento","não","ANA PATRICIA DE OLIVEIRA GOMES","","","anapatricia.ciee@gmail.com"
"Talento , Resolvedor , Organizador","03454685460","Talento","não","GILBERTO FELICIANO DE ARAUJO JUNIOR","","","gilbas_jr@hotmail.com"
"Talento , Resolvedor , Organizador","05660799418","Talento","não","EDUARDO JOÃO DOS SANTOS NULL","//2eb0cd16e008139946c2510a2de49dd6.cdn.bubble.io/f1762804791097x885897662149727500/IMG-20251109-WA0074.jpeg","","familia.santos101@outlook.com"
"Talento , Resolvedor , Organizador","13358059405","Talento","não","LIVIA MARIA FARIAS JOTA FERRAZ","","3cPA4u<]","jelailejota@gmail.com"
"Talento","05204926410","Talento","não","CAROLINE RAFAEL NOVAES","","","carolinenovaes@yahoo.com.br"
"Talento , Resolvedor , Organizador","05664049405","Talento","não","DEBORA LEAL SOARES DE CASTRO","","","debora_lealsoares@hotmail.com"
"Talento , Resolvedor , Organizador","07204598423","Talento","não","MARILIA FRAZAO CASTRO MENELAU DE ALMEIDA","","","marilia@castroengenharia.com"
"Talento , Resolvedor , Organizador","60348729367","Talento","não","FRANCISCA SAMILA DE PAIVA LINHARES NULL","","","samilaplinhares@gmail.com"
"Talento , Resolvedor , Organizador","79419763404","Talento","não","ANDRÉ LUÍS GOMES DE FARIAS","","","andrefariasaf02@gmail.com"
"Talento","07585712405","Talento","não","FRANCISCO ARISTOFANES COELHO SARMENTO NETO","","","sarmentofrancisco@hotmail.com"
"Talento , Resolvedor , Organizador","11941354475","Talento","não","EMILY GABRIELE ARAUJO DA SILVA","","","emilygabrielepimentello@gmail.com"
"Talento , Resolvedor , Organizador","03453686497","Talento","não","ARISTOTELES FERRAZ DE ARAUJO","","","aryzynho@hotmail.com"
"Talento","98776509400","Talento","não","SWEET GALLEGHER CAETANO COSTA","","","sgallegher@hotmail.com"
"Talento , Resolvedor , Organizador","11069816426","Talento","não","JOSE WILLIAM ARAUJO DO NASCIMENTO","","u/G7:J0t","jwanb4321@gmail.com"
"Talento , Resolvedor , Organizador","27317056472","Talento","não","ANTONIO AUGUSTO FREIRE DE LIMA","","","antonioaugusto86@hotmail.com"
"Talento","04938359464","Talento","não","KECIA DA SILVEIRA GALVAO","","","keciagalvao@gmail.com"
"Talento","03581951444","Talento","não","JULLYANA SANTANA GUIMARAES PERNAMBUCO","","","jusaguim@yahoo.com.br"
"Talento , Resolvedor , Organizador","09367419708","Resolvedor","não","JOAO MARCIO LIMA DA SILVEIRA","//2eb0cd16e008139946c2510a2de49dd6.cdn.bubble.io/f1762810542274x588589189230890400/IMG_5436.jpeg",">1NNb1b+","joaomarciolimadasilveira@gmail.com"
"Talento , Resolvedor , Organizador","49729934053","Talento","não","GILNEI LUIZ DE MOURA","","","mr.gmoura.ufsm@gmail.com"
"Talento","09509782483","Talento","não","PALOMA RAYANNE SILVA BEZERRA","","","adm.pbezerra@gmail.com"
"Talento , Resolvedor , Organizador","03161287401","Talento","não","EDUARDO BAZANTE DE ANDRADE E SILVA","","","bazante1980@hotmail.com"
"Talento","82374643468","Talento","não","RANGEL MESSIAS DA CRUZ","","","rangel606@gmail.com"
"Talento , Resolvedor , Organizador","03448685402","Talento","não","JOÃO AUGUSTO QUEIROGA DA SILVEIRA","","4Ay7u/R?","joaoqueiroga@gmail.com"
"Talento","06391510431","Talento","não","ISABELLA MACARIO FERRO CAVALCANTI","","","isabella.cavalcanti@ufpe.br"
"Talento","06470574416","Talento","não","MARIANA RUSSELL GUEDES","","","mari_guedes_@hotmail.com"
"Talento","06048613466","Talento","não","NATÁLIA MARIA OLIVEIRA BEZERRA  NULL","","","natalia_mob@hotmail.com"
"Talento","48900060449","Talento","não","MARCELO RICARDO FERRAZ DE CARVALHO","","","mrferraz68@gmail.com"
"Talento","01007985437","Talento","não","MARIA BARRETTO PARMERA","","","mariaparmera@hotmail.com"
"Talento","21310238472","Talento","não","SERGIO LUIZ DE MELO BARBOSA","","","sergio.luiz@recife.pe.gov.br"
"Talento","18715109453","Talento","não","ADIEL TABOSA DE MELO","","","luciahsmelo@hotmail.com"
"Talento , Resolvedor , Organizador","03269580452","Talento","não","THALES PAULO BATISTA","//2eb0cd16e008139946c2510a2de49dd6.cdn.bubble.io/f1762815817753x770314005946418400/batistatp_2020.jpeg","#0zc5[XH","t.paulo@outlook.com"
"Talento","07388832475","Talento","não","RUY LYRA DA SILVA NETO","","","ruy_lyra@hotmail.com"
"Talento","19644175468","Talento","não","MARGARIDA MARIA CORREA DE ARAUJO COLLIER","","","guidacollier@gmail.com"
"Talento , Resolvedor , Organizador","07162277462","Talento","não","WILMA OLEGARIO PEREIRA DA COSTA","","","wilmaufpe@gmail.com"
"Talento , Resolvedor , Organizador","08405106405","Talento","não","LUCIANA PESSOA DE MELO CORREA GONDIM","","","luciana.gondim@hotmail.com"
"Talento , Resolvedor , Organizador","05046906473","Talento","não","NERLUCYTON GOMES DOS SANTOS","","","nerlucyton@gmail.com"
"Talento , Resolvedor","18742742404","Resolvedor","não","JARSON MACIEL DE ARAÚJO NULL","",";h>0CD8w","jarsonmaciel@yahoo.com.br"
"Talento","47080680778","Talento","não","VÂNIA MARIA MEIRA MAROSTICA","","","vaniamarostica4@yahoo.com.br"
"Talento , Resolvedor , Organizador","05728335470","Resolvedor","não","THIAGO DA SILVA BRAGA","//2eb0cd16e008139946c2510a2de49dd6.cdn.bubble.io/f1762819104070x983476220123525600/marujo.jpg","LqI;6k[5","thiagobraga220@gmail.com"
"Talento","28456769487","Talento","não","MARIA FERNANDA COUTINHO CORDEIRO","","","cordeirofernanda@hotmail.com"
"Talento","43404014472","Talento","não","ALDENICE FELIX PATRICIO","","","aldenicefp@gmail.com"
"Talento","68511078487","Talento","não","REGILENE CAVALCANTI DA SILVA","","i+4DGq2[","regilenecavalcanti@gmail.com"
"Talento , Resolvedor","17509530482","Resolvedor","não","MARIA ÂNGELA DA SILVA","","9+aZ:2Jc","mangelakaki@gmail.com"
"Talento","09694386489","Talento","não","JOSELAINE LINS DE ALMEIDA","","","elainelins772@gmail.com"
"Talento , Resolvedor , Organizador","71412717400","Talento","não","ANDRIELE LETICIA DE LIMA QUINTILIANO","","","andrieleleticia11@gmail.com"
"Talento","16670922434","Talento","não","NEWSON MOTTA DA COSTA JUNIOR","","","newsonmottajr@hotmail.com"
"Talento","37224395404","Talento","não","CLÁUDIA RODRIGUES DE GOES","","","claudiagoes579@gmail.com"
"Talento , Resolvedor , Organizador","89030567449","Talento","não","JAMINE BRUNO DE OLIVEIRA","","","jamine.oliveira@ufpe.br"
"Talento","49081411420","Talento","não","RINALDO JOSÉ DOS SANTOS","","","rinaldosantos2024@gmail.com"
"Talento , Resolvedor , Organizador","02681524709","Talento","não","ABIMAEL MELLO","","","abimaelj@gmail.com"
"Talento , Resolvedor , Organizador","04363854499","Talento","não","CARLOS GUSTAVO PAIVA RODRIGUES","","","ten.gustavo.paiva@gmail.com"
"Talento , Resolvedor , Organizador","10255013493","Talento","não","LUCAS FELIPE NASCIMENTO DOS SANTOS","","","lucasfelipeehh@hotmail.com"
"Talento , Resolvedor , Organizador","36122452874","Talento","não","MARIA EDUARDA MARTINS RIBEIRO SARMENTO","","","dudasarmento@live.com"
"Talento","23270780400","Talento","não","GEANETT OJAIME","","","geanett@hotmail.com"
"Talento","04880699470","Talento","não","WENNA SANTOS OLIVEIRA","","","dudalice2024@gmail.com"
"Talento","06871793437","Talento","não","DEYVISON CAVALCANTE BELTRÃO","","","beltraoo@gmail.com"
"Talento , Resolvedor","05968466499","Resolvedor","não","JOSILENE SEVERINA ACIOLY SANTOS","","8<A1ccS}","josileneealysson@gmail.com"
"Talento","05888720402","Talento","não","JOSICLEIDE FELIX DOS SANTOS","","","josyfelix88110@gmail.com"
"Talento , Resolvedor , Organizador","02022569440","Talento","não","SERGIO ALEXANDRE LIMA DA SILVA","","","sergio.alexandre@bol.com.br"
"Talento","02157156402","Talento","não","CHARLEU TENORIO DA SILVA","","","charleujj@gmail.com"
"Talento , Resolvedor , Organizador","08256221402","Talento","não","THIAGO DE MORAIS MARTINS","","","thiagomartins12363@gmail.com"
"Talento , Resolvedor , Organizador","17600430797","Talento","não","ALEXANDRE RICARDO PEREIRA SCHULER","","QrD<8/2h","schulerufpe@gmail.com"
"Talento","44927339491","Talento","não","ASTROGILDO VELOSO DOS SANTOS","","","astro.veloso@bol.com.br"
"Talento","06112290480","Talento","não","MILENA LIRA DE CARVALHO  NULL","","","milenalirac@hotmail.com"
"Talento","03112270401","Talento","não","MARIA BIANCA SOARES PIRES NULL","","","mariabiancasoaresp@gmail.com"
"Talento , Resolvedor","36658731420","Resolvedor","não","HENRIQUE BEZERRA DE ALBUQUERQUE FILHO","","5Yg<Gp7#","representante.artplan@gmail.com"
"Talento , Resolvedor , Organizador","07299185482","Talento","não","VANESSA MARINHO DOS SANTOS","","","nessa.marinho@hotmail.com"
"Talento","40527930482","Talento","não","ROSANY LAURENTINA SANTOS CARVALHO","","","rosanycarvalho@hotmail.com"
"Talento , Resolvedor , Organizador","08793315422","Talento","não","AYRTON DE SOUZA WANDERLEY","","","ayrtonwander@gmail.com"
"Talento , Resolvedor , Organizador","11442198419","Talento","não","GUILHERME GOUVEIA CRISTOVAM","","","janagouveia@hotmail.com"
"Talento","29353602491","Talento","não","TEREZA CRISTINA DE SOUZA LARANJEIRAS","","","terezalaranjeiras@hotmail.com"
"Talento","69433542487","Talento","não","FABIANA SANTOS ALVES NULL","","","fabiana2005alves@gmail.com"
"Talento","09229512419","Talento","não","RAFAEL SANTANA LEITE","","","rafael.santana.leite@gmail.com"
"Talento","62154346472","Talento","não","SEBASTIAO LEOBINO DA SILVA NETO","","","leobinosilva259@gmail.com"
"Talento , Resolvedor","39761398404","Resolvedor","não","MARIA AUXILIADORA MARTINS RIBEIRO SARMENTO  NULL","","3q/<V7yS","bandinelli2000@hotmail.com"
"Talento , Resolvedor , Organizador","71388939495","Talento","não","JANAILSON DE LIMA SILVA","","","janlima57@gmail.com"
"Talento","78433959468","Talento","não","GENILDO RODRIGUES DE ANDRADE","","","genildomotor@gmail.com"
"Talento","59319011400","Talento","não","AURECI SILVA NUNES","","","aureci2008@hotmail.com"
"Talento","03524873480","Talento","não","MARIA DO CARMO GOMES DO NASCIMENTO","","","lilicarminha40@gmail.com"
"Talento","75506971400","Talento","não","SHIRLEY XAVIER DA SILVA","","","shirleyxv@hotmail.com"
"Talento","17089643476","Talento","não","LARA BEATRYZ DE SOUZA MAGALHAES","","","lb.souza@icloud.com"
"Talento , Resolvedor , Organizador","70612672409","Talento","não","CYNTIA NUNES DA SILVA","","","cyntianunes@outlook.com.br"
"Talento","71536853402","Talento","não","JULIA OLIVEIRA RIBEIRO DA SILVA","","","jo462888@gmail.com"
"Talento , Resolvedor , Organizador","43939619434","Resolvedor","não","DARLAN EPIFANIO PESSOA LEAO","","5wT[8n}J","darlan.epifanio@uol.com.br"
"Talento , Resolvedor , Organizador","09325164400","Talento","não","LEYDIANA DE SOUSA PEREIRA","","","leydiana.adm@gmail.com"
"Talento","18707177836","Talento","não","CARLA OTTONI PEREIRA DA SILVA","","","carla.ottoni@redecidada.org.br"
"Talento , Resolvedor , Organizador","12151034410","Talento","não","MICHAEL DOUGLAS DA SILVA PIMENTEL","","","michaelpimentel98@outlook.com"
"Talento , Resolvedor , Organizador","08339574493","Talento","não","IZABELLA MARIA LEAL CABRAL DE MELLO","","","bellaleal_cabral@hotmail.com"
"Talento","08927360460","Talento","não","INGRID BARBOSA BRITO DOS SANTOS","","","ingridbbs.ib@gmail.com"
"Talento , Resolvedor , Organizador","01336463430","Talento","não","ANA CLARA SANTOS COSTA","","","anasantosc97@gmail.com"
"Talento , Resolvedor , Organizador","10045912416","Talento","não","LÍLIA VIEIRA GALDINO","","","liliavieiragaldino@gmail.com"
"Talento , Resolvedor , Organizador","22491678420","Talento","não","ANNA CHRISTINE PINHEIRO SADY","","","annasady@gmail.com"
"Talento","07367710427","Talento","não","SHIRLEY FIGUEIROA DOS SANTOS","","","shirleyfigueiroa@hotmail.com"
"Talento , Resolvedor , Organizador","70391119427","Talento","não","MARIA JULIA OLIVEIRA DE MELO FRANÇA","","","majuolivv@gmail.com"
"Talento","99977966400","Talento","não","LUCIANA FERREIRA","","","ferreira25lu@gmail.com"
"Talento","03027979477","Talento","não","TEREZA CRISTINA PESSOA DE ALBUQUERQUE","","","tereza.albuquerque@gmail.com"
"Talento , Resolvedor , Organizador","08588690470","Talento","não","PAULO VINICIUS CANDIDO DOS SANTOS","","","viniciuscandido2004@hotmail.com"
"Talento , Resolvedor","04138221417","Resolvedor","não","DANIEL LUIZ RODRIGUES DE ANDRADE","","8nWAk9@~","dlrandrade@gmail.com"
"Talento","02733383400","Talento","não","MARIA DIANA ANDRADE CALADO CARNEIRO","","","mdcalado@hotmail.com"
"Talento , Resolvedor","91070694487","Resolvedor","não","MARIA DAS GRACAS BIBIANO DE ARAÚJO LUIZ","","3K5/a}kD","irmamariadasgracabibiano@gmail.com"
"Talento , Resolvedor , Organizador","05829850486","Talento","não","HELDER DE SANTANA","","","heldercomcelta@hotmail.com"
"Talento , Resolvedor , Organizador","06944684446","Talento","não","TACIANA RAMOS DA SILVA","","","tacianaramos1@gmail.com"
"Talento , Resolvedor , Organizador","34930590434","Resolvedor","não","FLAVIA HELENA DE CASTRO MILET MORAIS","","}B_Tn3c9","flaviamilet@hotmail.com"
"Talento , Resolvedor , Organizador","08414251404","Talento","não","YULLE GUSTAVO SIQUEIRA DE LIMA","","","yulleguga@gmail.com"
"Talento , Resolvedor , Organizador","52018660187","Talento","não","IRANA LUCIA SILVA DE ALMEIDA","","","irana@recife.pe.gov.br"
"Talento","29093970410","Talento","não","VERA LUCIA DE ANDRADE","","","andresaandrade00@gmail.com"
"Talento","11252463405","Talento","não","CARLA GABRIELA ALVES DE LIMA FREIRE","","","cgfreire26@gmail.com"
"Talento","70420585427","Talento","não","LARISSA BARBOSA DA SILVA","","","larissabarbosan@gmail.com"
"Talento","08953661420","Talento","não","DAYANE ÁGUIDA MENDES DE FARIAS","","","dayanedmf229@gmail.com"
"Talento","05736476401","Talento","não","DOUGLAS CARVALHO FRANCISCO VIANA NULL","","","douglas.viana@ufpe.br"
"Talento , Resolvedor , Organizador","09178992451","Talento","não","DEBORA NATALIA OLIVEIRA DE ALMEIDA","","mR6J@g{2","debora.nathalia21@gmail.com"
"Talento","97507113434","Talento","não","KELMA LUCIO DE OLIVEIRA BARROS QUEIROZ","","","kelmadebarros@yahoo.com.br"
"Talento","88275876400","Talento","não","MARIA INEZ DA SILVA","","","inezm427@gmail.com"
"Talento , Resolvedor , Organizador","66821169420","Talento","não","SYLVANA MELO DOS SANTOS","","2GjYi#]5","sylvana.ufpe@gmail.com"
"Talento","37281038453","Talento","não","JOSÉ PEREIRA DA SILVA","","","djuanpereira@gmail.com"
"Talento","07188437467","Talento","não","MÁRCIO MANUEL DUARTE GOMES","","","marciomanuel@hotmail.com"
"Talento","92198031434","Talento","não","ANA LUCIA GADELHA DA SILVA","","","algadelha2017@gmail.com"
"Talento","04802613423","Talento","não","FABIANA LICIA ARAUJO DOS SANTOS","","","fabiana_licia@yahoo.com.br"
"Talento , Resolvedor , Organizador","11227635494","Talento","não","ADILSON DE OLIVEIRA GONÇALVES DO NASCIMENTO","","","o.adilson97@gmail.com"
"Talento , Resolvedor , Organizador","10376181494","Talento","não","KELLYANE LIDIA ALVES DA SILVA","","","kellyanelidiaalves@hotmail.com"
"Talento , Resolvedor , Organizador","88664848491","Talento","não","DEISE CLECIA LEÃO DE MELO","","","deiseclecia@gmail.com"
"Talento","51943689415","Talento","não","MONICA MARIA DE ARAUJO BATISTA SOUZA","","","monicamaria_abs@hotmail.com"
"Talento","06775538464","Talento","não","YGOR GILBERTO DE FRANÇA MACEDO","","","ygorgilberto@hotmail.com"
"Talento","21473277434","Talento","não","CARLOS CIPRIANO DA SILVA","","","carlosmahe100@hotmail.com"
"Talento , Resolvedor , Organizador","04706309492","Talento","não","MARCUS VINICIUS ROCHA SILVEIRA","","","marcus1984rs@gmail.com"
"Talento , Resolvedor , Organizador","10179465406","Talento","não","NATHALIA KEILA LEITE DE SOUSA","","","nathaliakls1@gmail.com"
"Talento , Resolvedor , Organizador","12160599425","Talento","não","MARIA EDUARDA DE OLIVEIRA GONCALVES","","","meog410@gmail.com"
"Talento","13043992490","Talento","não","ADRIEL DA SILVA ANDRADE","","","sasukemilgrau89@gmail.com"
"Talento , Resolvedor , Organizador","13003295489","Talento","não","HIGOR LEANDRO DA SILVA NUNES","","","higorleandro6@gmail.com"
"Talento","10823215407","Talento","não","ANA CAROLINA AMARAL PINTO","","","maralanacarolina20@gmail.com"
"Talento","13671148454","Talento","não","VITÓRIA BEATRIZ LEÃO","","","leaovitoria557@gmail.com"
"Talento","71517605407","Talento","não","MIRELLI RODRIGUES PEREIRA","","","gabrielnascimento8363@gmail.com"
"Talento","04166599429","Talento","não","LUCIANA MARTINS DOS SANTOS","","","lucianamartins66@hotmail.com"
"Talento , Resolvedor , Organizador","70641055439","Talento","não","ANA PAULA DA CONCEICAO BARBOSA","","","aninhaconceicaobarbosa@gmail.com"
"Talento , Resolvedor , Organizador","04235182404","Talento","não","ROSEMARY SANTIAGO LISBOA","","pr/P57;J","rosysantiagolisboa79@gmail.com"
"Talento , Resolvedor , Organizador","70206485417","Talento","não","WYRLEY DJAVAN LIRA DE SOUSA","","8#qN!I7j","wyrley.djavan@gmail.com"
"Talento","01320536409","Talento","não","TELMA MARIA SALES LEMOS","","","avelinotelma@gmail.com"
"Talento","03686806495","Talento","não","JOSÉ FELIPE ANDRÉ GOMES WAVRIK FILHO","","","feliperecife@hotmail.com"
"Talento , Resolvedor , Organizador","11411493460","Talento","não","EMMERSON TENORIO XAVIER  NULL","","","emmerson.mecinho@gmail.com"
"Talento , Resolvedor , Organizador","01382700407","Talento","não","ANA PAULA DA SILVA","","0nF7zZ><","anasilva231985@gmail.com"
"Talento , Resolvedor , Organizador","10444017453","Talento","não","JOSE FELIPE ANDRE GOMES WAVRIK","","Ie>hK#93","felipe.chesf@hotmail.com"
"Talento","11046535404","Talento","não","ESTER SANTOS DE LIMA","","","ester-santosl@hotmail.com"
"Talento","08294586463","Talento","não","KERMANY THAIS PEREIRA DA SILVA NULL","","","kermanyt93@gmail.com"
"Talento","71281261475","Talento","não","ARTHUR DA SILVA","","","arthursilvaa269@gmail.com"
"Talento","93573340415","Talento","não","ADRIANA CASSIMIRO SANTOS PEREIRA","","","adriana1974cassimiro@gmail.com"
"Talento","58745742472","Talento","não","SINARA MARIA DE ARAÚJO LIMA","","","sinaraaraujo085@gmail.com"
"Talento , Resolvedor , Organizador","11899693432","Talento","não","ELUA MARIANA BARBOSA JOAQUIM","","","marianaelua@gmail.com"
"Talento","03868454411","Talento","não","VALQUIRIA DA CONCEIÇÃO OLIVEIRA NASCIMENTO","","","valquiriacolin@gmail.com"
"Talento , Resolvedor , Organizador","05892814459","Talento","não","EDUARDO HENRIQUE CAMARA DE CARVALHO","","","eduardotgb@outlook.com"
"Talento , Resolvedor , Organizador","03395505464","Talento","não","LUCIANA DA CONCEIÇÃO OLIVEIRA","","","semprerecursos@gmail.com"
"Talento , Resolvedor , Organizador","09426236490","Talento","não","ANDERSON SALES PINHEIRO","","x2}Qm!Q1","asalesp@hotmail.com"
"Talento , Resolvedor","64187977449","Resolvedor","não","REGINA CELIA","","n6;KoR}6","reginac144@gmsil.com"
"Talento","27597385404","Talento","não","MÔNICA CRISTINA SANTOS DE MEDEIROS","","","tiamonicadoceria@gmail.com"
"Talento , Resolvedor","06484459410","Resolvedor","não","PRISCILA HERCULANO E SILVA","","]63jC:aM","priscilaherculanoarq.urb@gmail.com"
"Talento","02219578470","Talento","não","ANTONIO LUIZ CESAR DE CARVALHO JUNIOR","","","junioralccjr@gmail.com"
"Talento , Resolvedor , Organizador","61040568491","Talento","não","MARIA GRACIETE DA SILVA","","","sempregracebarbosa@gmail.com"
"Talento","13657290443","Talento","não","BRUNO FELICIANO DE OMENA","","","brunoomena007@gmail.com"
"Talento , Resolvedor","01411882784","Resolvedor","não","JOSE ALEXANDRE SOARES DE OLIVEIRA LIMA","","2ba+_XJ1","alexandrelima1x@hotmail.com"
"Talento","04216485464","Talento","não","SANDRA  DE JESUS AGUIAR DOS SANTOS","","","sandra.amadadejesusxd@gmail.com"
"Talento , Resolvedor , Organizador","04089048443","Talento","não","OSIEL BARBOSA DA SILVA","","","osielemaria@gmail.com"
"Talento","78351103420","Talento","não","DJANIRA LUISA RIBEIRO","","","djaniraluiza06@gmail.com"
"Talento , Resolvedor , Organizador","78351847453","Talento","não","MARIA IZABEL GOMES MENDONÇA ","","","mariaizabelgomes69@gmail.com"
"Talento","08055104433","Talento","não","ADRIANA LÚCIA DE MESQUITA RODRIGUES","","","adrimesquita013@gmail.com"
"Talento , Resolvedor , Organizador","10725267437","Talento","não","JEAN GREGÓRIO DE SANTANA","","","santana.pbraz@gmail.com"
"Talento , Resolvedor , Organizador","04725601403","Talento","não","IARA DA SILVA BARROS","","","iarabarros24@hotmail.com"
"Talento","09312620460","Talento","não","BRUNO SILVA SOUZA DE LIMA","","","brunosilvasouza01@gmail.com"
"Talento , Resolvedor , Organizador","04653818479","Talento","não","SILAS LYNS FALCAO DE ATAIDE","","","silasataide@hotmail.com"
"Talento , Resolvedor , Organizador","10262060493","Talento","não","ALLANA QUEREN CORREIA DE LIMA DA SILVA","","","allanasantos1988@gmail.com"
"Talento , Resolvedor , Organizador","49791290482","Talento","não","DJACIR MACIEL DOS SANTOS  NULL","","","santos.maciel@gmail.com"
"Talento","09443834405","Talento","não","JULIANA DE SOUZA APOS CASSIMIRO","","","juli-lima-luca@hotmail.com"
"Talento , Resolvedor , Organizador","12466950499","Talento","não","LUAN VITOR DOS SANTOS NASCIMENTO","","","luanvdsn@gmail.com"
"Talento","11493441485","Talento","não","ISABELLE MARIA DE FONTES PATRIOTA","","","isabelledefontes2@gmail.com"
"Talento","05748596407","Talento","não","JOAO DOUGLAS CALADO DE MOURA SILVA","","","douglascalado121200@gmail.com"
"Talento , Resolvedor , Organizador","07401674483","Resolvedor","não","HEDER FELIPE TAVARES LOPES","","]dL~6S2d","hedfel@outlook.com"
"Talento , Resolvedor , Organizador","03458606408","Talento","não","FABIANA PASINI LIRA","","","fabianapasini@yahoo.com.br"
"Talento , Resolvedor , Organizador","08697963486","Talento","não","NATALIA PINTO NULL","","","natalialuciapinto@gmail.com"
"Talento , Resolvedor , Organizador","77187679491","Talento","não","CATARINA VIEIRA GONÇALVES DE SOUZA NULL","//2eb0cd16e008139946c2510a2de49dd6.cdn.bubble.io/f1762956560560x558543834897966340/Screenshot_20251002-174357.png","","catsouza42@gmail.com"
"Talento , Resolvedor , Organizador","06707563424","Talento","não","BÁRBARA DE OLIVEIRA SILVA  NULL","","","barbaraoliveirabiomol@gmail.com"
"Talento , Resolvedor , Organizador","06101481417","Talento","não","JOSE WILLINGTON DA SILVA","","","jwds2006@outlook.com"
"Talento , Resolvedor , Organizador","07345209482","Talento","não","MARIA EDUARDA DE OLIVEIRA SANTOS","","","oliveiraseduarda.29@gmail.com"
"Talento , Resolvedor , Organizador","52209261449","Talento","não","CLAUDIO ROBERTO CRISPIM","","","clrocri@hotmail.com"
"Talento","11313098477","Talento","não","CRISTIANE RAFAELA PEREIRA DA SILVA","","","rafaela2605silva@gmail.com"
"Talento , Resolvedor , Organizador","87958996420","Resolvedor","não","RITA DE CÁSSIA LIMA DE FONTES NULL","","U3<B8ok}","cassia.1976.3@gmail.com"
"Talento , Resolvedor , Organizador","07175903480","Talento","não","AYLDSON SOARES DE ALMEIDA","","","ayldson@gmail.com"
"Talento , Resolvedor , Organizador","08649638406","Talento","não","BRENDA VIRGINIA GOMES BORGES LELIS DE SOUZA","","","bvgborges@gmail.com"
"Talento","15420572486","Talento","não","CAIO EMMANUEL PEREIRA DA SILVA","","","caioemmanuel12@gmail.com"
"Talento , Resolvedor , Organizador","71013910443","Talento","não","CAIO GABRIEL GOMES MEDEIROS","","","caiogabr777@gmail.com"
"Talento , Resolvedor , Organizador","27697819449","Resolvedor","não","EDNEIDE JOSÉ VICENTE SILVA","","c1uO<1<B","edneidevic@gmail.com"
"Talento","08932125805","Talento","não","RITA DE CASSIA ORTEGA BORGES","","","ritacoborges@gmail.com"
"Talento","35664240482","Talento","não","MARINICE OLIVEIRA DA COSTA","","","marinice.costa04@gmail.com"
"Talento , Resolvedor , Organizador","14984919442","Talento","não","JOSÉ CAUÃ DA SILVA RAMOS","","","bellanicollyy@gmail.com"
"Talento , Resolvedor , Organizador","07276538575","Talento","não","YANNY HELLEN FAUSTINA DOS SANTOS","","","yannyssant20@gmail.com"
"Talento","36055492415","Talento","não","CLAUDIO ANTONIO TYRRASCH","","","tyrrasch@hotmail.com"
"Talento , Resolvedor , Organizador","11705932401","Talento","não","KAROLINY ARLIS DE OLIVEIRA BELIZARIO","//2eb0cd16e008139946c2510a2de49dd6.cdn.bubble.io/f1762964187226x382827430494308500/IMG_2703.jpeg","","karolarlis13@gmail.com"
"Talento , Resolvedor , Organizador","53638840468","Talento","não","ARTUR STAMFORD DA SILVA","","","arturstamford@gmail.com"
"Talento","35289180478","Talento","não","MARIA IRENE DOS SANTOS IRENE DOS SANTOS","","","irenesantos4.7@hotmail.com"
"Talento","10787407470","Talento","não","EDUARDO DE FREITAS MATIAS","","","e.freitasmatias@gmail.com"
"Talento","92117341420","Talento","não","VALDENIR D. DE SOUSA","","","denisedoflau@hotmail.com"
"Talento , Resolvedor","62145738487","Resolvedor","não","PIERRE LUCENA RABONI","","78:Wtc;B","pierrelucena@gmail.com"
"Talento","11118417488","Talento","não","ANTONIO CARLOS LACERDA DE LIMA","","","antonio.lacerda@recife.pe.gov.br"
"Talento","11956625488","Talento","não","LUIZA ALBUQUERQUE CORDEIRO BARBOSA SANTOS NULL","","","luizaacbs@gmail.com"
"Talento , Resolvedor","89547004468","Resolvedor","não","ILDSON RICARDO BRAGA","","R9o0+]wN","ildsonrb@gmail.com"
"Talento","05469180425","Talento","não","MARIA TERESA AVELAR BALTAR","","","mteresabaltar@gmail.com"
"Talento , Resolvedor , Organizador","06874983504","Resolvedor","não","HENRIQUE STEINBERG","","3qr>AQ{0","henriquesberg@gmail.com"
"Talento , Resolvedor , Organizador","11354842448","Talento","não","MATEUS BARROS DA SILVA","","","mateusbarros10@yahoo.com.br"
"Talento","02762249490","Talento","não","THIAGOMACEDO779@GMAIL.COM.COM","","","thiagomacedo779@gmail.com"
"Talento , Resolvedor , Organizador","14362930493","Talento","não","YASMIM RANY ARAÚJO FERREIRA DE MENDONÇA","","f71G?eX#","yasmimrany2004.yaj@gmail.com"
"Talento","03829028407","Talento","não","SUELI MARIA CHAVES","","","suelyecarlos@hotmai.com"
"Talento , Resolvedor , Organizador","05886541594","Talento","não","LETÍCIA ROCHA SANTOS","","","leticia.rocha.aju@gmail.com"
"Talento , Resolvedor","12071233409","Resolvedor","não","MURILO DE FREITAS BARBOZA MELO NULL","","e2t?YD>8","murilofreitaspm@gmail.com"
"Talento","77165756434","Talento","não","JAIRO NETO OLIVEIRA","","","cruor.jairo@gmail.com"
"Talento , Resolvedor , Organizador","10630911444","Talento","não","JANAINA MARIA ATAIDE DE MOURA","","","janainamaria27121990@gmail.com"
"Talento","01946375306","Talento","não","JOSE FABRICIO MACEDO","","","j-f-macedo@hotmail.com"
"Talento , Resolvedor , Organizador","42680638468","Talento","não","ANDREA CHAVES FIUZA PORTO","","","achavesfiuza@yahoo.com.br"
"Talento , Resolvedor , Organizador","09025310427","Talento","não","BRUNA PEREIRA DAS NEVES","","","brunapereiraneves@gmail.com"
"Talento","06713292437","Talento","não","SERGIVALDO MORAIS DOS SANTOS","","","sergivaldomoraisdossantos38@gmail.com"
"Talento","08660781422","Talento","não","PRISCILA PEREIRA CAVALCANTI DA SILVA","","","priscila_bc@outlook.com"
"Talento","30368537234","Talento","não","EDILENE OLIVEIRA DA SIPVA","","","edileneoli@gmail.com"
"Talento","06638356402","Talento","não","NIUHARA BARBOSA DE LIMA","","","niuhara@gmail.com"
"Talento , Resolvedor , Organizador","76963845468","Talento","não","CARLSON ANDRE LANDIM","","","carlsonlandim05@gmail.com"
"Talento , Resolvedor , Organizador","01841352306","Talento","não","SIMONE AMARO DE OLIVEIRA","","","simoneaamaro@gmail.com"
"Talento , Resolvedor , Organizador","15521493409","Talento","não","JÚLIA VIEIRA DA SILVA","","","juvieira2605@gmail.com"
"Talento","02939157413","Talento","não","MARCIA DE ANDRADE LIMA BEZERRA","","","marcia.andrade.lima.1979@gmail.com"
"Talento","83951660104","Talento","não","LUCIANA ELIZABETH DA MOTA TÁVORA","","","lu.mtavora@gmail.com"
"Talento","07659264400","Talento","não","JESSICA THAISSE TARGINO DOS SANTOS","","","jessicattargino@gmail.com"
"Talento","21992681449","Talento","não","ANTONIA SHERLANEA CHAVES VERAS","","","sherlaneacv@gmail.com"
"Talento","05318894402","Talento","não","ARILSON DIAS DA COSTA","","","arilsondias@hotmail.com"
"Talento","62567683020","Talento","não","ALESSANDRA CARLA CEOLIN","","","alessandra.acc@gmail.com"
"Talento","90029810400","Talento","não","CILEIDE VILARIM DE SOUZA","","SFe?36/y","cileidevilarim75@gmail.com"
"Talento , Resolvedor","66675855468","Resolvedor","não","NISA PAULA BERNARDES VASCONCELOS CRISPIM","","0#a@vPD2","nisapbvc@outlook.com"
"Talento , Resolvedor , Organizador","12041964430","Talento","não","MARIA SUELAYNE FERREIRA DOS SANTOS","","","suelayneferreira95@gmail.com"
"Talento , Resolvedor , Organizador","70918849497","Talento","não","HELOÍSA SÁ DA COSTA OLIVEIRA","","","heloisasa922@gmail.com"
"Talento","64351858591","Talento","não","ZEILVA SILVA SATURNINO","","63tYj?>J","susu66satur@hotmail.com"
"Talento","71414420498","Talento","não","ANNA BEATRIZ LIMA DA SILVA","","","annabeatrizlima918@gmail.com"
"Talento","15335486414","Talento","não","MIKAELLY BEATRIZ DAS NEVES SILVA","","","beatrizmykaelly1@gmail.com"
"Talento","15499301417","Talento","não","ISABELLE KARINE ROQUE NUNES DA SILVA","","","isabellekarinakarina16@gmail.com"
"Talento , Resolvedor , Organizador","13882918438","Talento","não","JANAILSON LUIZ DE LIMA SILVA","","","janailson.0115@gmail.com"
"Talento","10480760403","Talento","não","RAQUEL CÂNDIDO DO NASCIMENTO SANTOS  NULL","","","raquelbv016@gmail.com"
"Talento , Resolvedor , Organizador","07783119379","Talento","não","VITOR HUGO REIS MESQUITA","","G7T_s_9m","vitorhugoreismesquita1234@gmail.com"
"Talento , Resolvedor , Organizador","04376037176","Talento","não","WEINE ALEXANDRE PEREIRA GONCALVES","","","wwweine@gmail.com"
"Talento , Resolvedor , Organizador","41169264859","Resolvedor","não","RAIANI MONTEIRO DA SILVA","//2eb0cd16e008139946c2510a2de49dd6.cdn.bubble.io/f1763007544332x339808709297042750/inbound6804018865926179672.jpg","[1oGqH4;","raiani.monteiro@ufpe.br"
"Talento , Resolvedor , Organizador","71735354414","Talento","não","TACIANA CAMILA","","","souzamagaly8@gmail.com"
"Talento","11784604445","Talento","não","MARCELA MARIA NAHUM DE SOUZA","","","marcelanahums@hotmail.com"
"Talento , Resolvedor , Organizador","02599818427","Talento","não","EMERSON FRANCISCO DE ASSIS","","","obrejinheiro@gmail.com"
"Talento , Resolvedor , Organizador","08040538394","Talento","não","IONE APARECIDA DA SILVA NULL","","","ionesilva2017cl@gmail.com"
"Talento","05648123582","Talento","não","KALYNE ELLEN DE SOUSA MAGALHAES","","","kalynesousamagalhaes@gmail.com"
"Talento","08850958471","Talento","não","ANA BEATRIZ CAVALCANTI LEITE DE MENDONCA SANTOS","","","anabiaxss@gmail.com"
"Talento","11768155470","Talento","não","GABRIELA MENDONÇA DE LIMA","","","ggabrielaaml@gmail.com"
"Talento","09051409400","Talento","não","MARIA ALICE JUNQUEIRA DE QUEIROZ LIMA  NULL","","","malicejql@gmail.com"
"Talento , Resolvedor","13947199490","Resolvedor","não","MARIA CLARA DOS ANJOS RIBEIRO","","?W7t7Kt>","clarinhalindonadosanjosribeiro@gmail.com"
"Talento , Resolvedor , Organizador","80758754949","Talento","não","EVANDRA GRIGOLETTO","","","evandragrigoletto@gmail.com"
"Talento","11554589827","Talento","não","MARIA TERESA CATTUZZO","","","mtcattuzzo@hotmail.com"
"Talento , Resolvedor , Organizador","01016982402","Talento","não","ERICA MEIRA MAROSTICA","","","erica.marostica@gmail.com"
"Talento","03233304447","Talento","não","ANTÔNIO JOSÉ FILHO","","","antoniojosefilho23@gmail.com"
"Talento , Resolvedor , Organizador","12668130476","Talento","não","WHELLEN EMILY DA SILVA","","","w.emilys@outlook.com"
"Talento , Resolvedor , Organizador","07933949452","Talento","não","MATHEUS WESLEY DE OLIVEIRA MELO","","","theionz@hotmail.com"
"Talento","70451848403","Talento","não","CAROLINE NATACHA DE SOUZA FERREIRA","","","gabriela.natasha2011@hotmail.com"
"Talento","90819489700","Talento","não","MARIO SERGIO TEIXEIRA MARQUES","","","mariostmarques@icloud.com"
"Talento","14849318401","Talento","não","MARIA LUIZA DE SOUZA FRAGOSO","","","marialuiza90703@gmail.com"
"Talento , Resolvedor , Organizador","00008236003","Talento","não","NEIMAR FERREIRA DA ROSA","","","neimarferreira@gmail.com"
"Talento , Resolvedor , Organizador","09187342405","Talento","não","ALVARO LUIZ AZEVEDO DE LIRA","","","liraalvaro980@gmail.com"
"Talento , Resolvedor , Organizador","08863734410","Talento","não","JULIA NEVES SPINELLI","","","julianspinelli@aluno.colegionucleo.com.br"
"Talento","00825236495","Talento","não","PEDRO JORGE DO NASCIMENTO COSTA","","","pedrocosta@mpf.mp.br"
"Talento , Resolvedor , Organizador","70928390411","Talento","não","PEDRO HENRIQUE BARBOSA DA PAZ","","","pedrobpaz709@gmail.com"
"Talento , Resolvedor , Organizador","12763948456","Talento","não","JÚLIA XAVIER UCHÔA BORGES","","","juuhxub@gmail.com"
"Talento","12574483405","Talento","não","MARCELO RICARDO CADETE FILHO","","","marcelinhocadete2005@gmail.com"
"Talento , Resolvedor , Organizador","07884097435","Talento","não","ROSIMERE RODRIGUES DE MELO","","","rosimereandre3@gmail.com"
"Talento","78486793491","Talento","não","JOSÉ ROBERTO DE SANTANA","","","jsantana.padrao@gmail.com"
"Talento","92670148468","Talento","não","PAULO RUI BARBOSA DA SILVA","","","ruy_brasil@hotmail.com"
"Talento","00954571436","Talento","não","AUGUSTO DE SOUSA FERREIRA","","","ferreiraaugusto@outlook.com"
"Talento","09551520467","Talento","não","EDUARDA","","","eduarda20032004@gmail.com"
"Talento","02962009484","Talento","não","WALDEMIR JOSE COSTA DE LIRA","","","jrlira25@gmail.com"
"Talento , Resolvedor , Organizador","71542576440","Talento","não","ISABELE EDUARDA","","","isabeleeduarda307@gmail.com"
"Talento , Resolvedor , Organizador","33376778434","Talento","não","ALDA MARIA BARROS FALCÃO","","","aldafalcao@uol.com.br"
"Talento , Resolvedor","02556133422","Resolvedor","não","GRAZIELA SANTOS DA SILVA GUERRA FERREIRA","","8IX#]dm5","grazielasantos79@hotmail.com"
"Talento","98801880634","Talento","não","LUIZ FLAVIO ARREGUY MAIA FILHO","","","luiz.maia@ufrpe.br"
"Talento , Resolvedor , Organizador","03750061416","Talento","não","SILVANIA MARIA DE LIMA","","","silvanialima0708@gmail.com"
"Talento","10097187461","Talento","não","MARIA AMANDA FERREIRA DE ALMEIDA","","","amandaal20142015@gmail.com"
"Talento","70380453428","Talento","não","AMANDA MARQUES","","","amanda.marques2012@hotmail.com.br"
"Talento , Resolvedor , Organizador","14447273462","Talento","não","LUANA CARLLA TORRES VIEIRA","","","luana.carlla@ufrpe.br"
"Talento , Resolvedor , Organizador","88848418449","Talento","não","ANIBAL CAVALCANTE REIS","","","anibal_itacolomy@hotmail.com"
"Talento , Resolvedor , Organizador","08589335437","Talento","não","SAULO DE TARSO SOBRAL ALVES","","","saulo.dimepi@gmail.com"
"Talento , Resolvedor , Organizador","09980891416","Talento","não","ALLYSON JOSÉ DE ALMEIDA COSTA","","","allysonalmeida14@gmail.com"
"Talento , Resolvedor , Organizador","71014030420","Talento","não","BRUNO ANTONIO ALEXANDRINO DA SILVA","","","walquiria_alexandrino@hotmail.com"
"Talento , Resolvedor , Organizador","11832539407","Talento","não","BRUNO MARQUES DA CUNHA OLIVEIRA","","","brunomdcunha@outlook.com"
"Talento , Resolvedor , Organizador","07113632424","Talento","não","RODRIGO ARGOLO CARVALHO MIRANDA","","+N}14dfK","rod.mir@outlook.com"
"Talento , Resolvedor , Organizador","11812377428","Talento","não","CAMILLA FELIPE DE BARROS","","","camillafelipedebarros@gmail.com"
"Talento , Resolvedor , Organizador","11361776471","Talento","não","DIEGO SOARES BORGES","","","diegosoares200812@hotmail.com"
"Talento , Resolvedor , Organizador","05830985411","Talento","não","PAULO HUGO ESPIRITO SANTO LIMA","","","paulohugos@gmail.com"
"Talento , Resolvedor , Organizador","08262508408","Talento","não","GABRIELA FIGUEIREDO DIAS","","","gabrielafigr.dias@gmail.com"
"Talento , Resolvedor , Organizador","13353091440","Talento","não","LORENA COLLIARD DE FARIAS ANTAS","","","colliardlorena@gmail.com"
"Talento , Resolvedor , Organizador","05844601122","Talento","não","JOÃO MÁRIO MARTINS GONZALES","","","joaomariogonzales@gmail.com"
"Talento","61279595434","Talento","não","FERNANDO FURTADO NETO","","","furtadonetofernando@gmail.com"
"Talento","01924178435","Talento","não","ROBSON SOARES DE LIMA MACHADO","","","robsonslmachado@gmail.com"
"Talento","71903917468","Talento","não","SIDCLEY VIEIRA DA SILVA","","","sidcley@gmail.com"
"Talento , Resolvedor , Organizador","11107984408","Talento","não","JOAO PEDRO PIMENTA PACHECO","","","joaopedro0913@gmail.com"
"Talento , Resolvedor , Organizador","10555657442","Talento","não","SAFIRA RODRIGUES DE SOUZA SANTANA","","","rosyrrs2@hotmail.com"
"Talento , Resolvedor , Organizador","06947643457","Resolvedor","não","ADRIANO WINICIUS MOURA DE ARAUJO","","54_TUja#","adrianowinicius@bol.com.br"
"Talento","33080097491","Talento","não","PAULINO PEREIRA DA SILVA","","","paulino.silvas@gmail.com"
"Talento , Resolvedor , Organizador","02947506499","Talento","não","MILENA RAMOS BARBOSA","","","milenabramos@yahoo.com.br"
"Talento , Resolvedor , Organizador","43531849468","Talento","não","JORGE DA SILVA CORREIA NETO","","","jorgecorreianeto@gmail.com"
"Talento","00809223414","Talento","não","ROBERTA BEZERRA DA CRUZ","","","robertabcruz@hotmail.com"
"Talento","04901692445","Talento","não","LEONARDO FERRAZ XAVIER","","","leonardoferraz@gmail.com"
"Talento","12965080481","Talento","não","JEFTE LUCAS DA SILVA MOURA","","","jefmou@outlook.com"
"Talento","07661659492","Talento","não","ROZANGELA MARIA","","","rozangelam39@gmail.com"
"Talento","65934059491","Talento","não","ÂNGELA ADRIANA DA SILVA","","","angela.silva@heneken.com.br"
"Talento , Resolvedor","35273135400","Resolvedor","não","LEÔNIA MARIA MALTA DE SOUZA  NULL","","mX7N@g]6","leonia.coordenadora@gmail.com"
"Talento , Resolvedor","17451028410","Resolvedor","não","MARIA EDUARDA FERREIRA MACENA","","68avKZ>@","macenaeduarda331@gmail.com"
"Talento","89416821420","Talento","não","LUCYLENE SANTOS DE ALMEIDA","","","ludmyllaa321@gmail.com"
"Talento","68568479472","Talento","não","NIEDJA DE SOUZA WANDERLEY NULL","","","niedjawanderley@gmail.com"
"Talento , Resolvedor , Organizador","66026474404","Talento","não","VIRGILIO JOSE COUTINHO DE OLIVEIRA FILHO","","","vjosecof10@gmail.com"
"Talento","00997596406","Talento","não","ANDREA FRAGA WANDERLEY DUTRA","","","andreafragadutra@gmail.com"
"Talento , Resolvedor , Organizador","07301739419","Talento","não","ARTHUR GUSTAVO LIRA DO NASCIMENTO","","","arthurlira31@gmail.com"
"Talento , Resolvedor , Organizador","66871174400","Talento","não","NIELSON DA SILVA BEZERRA","","","nielson.bezerra@hotmail.com"
"Talento","10437843491","Talento","não","ISABEL CRISTINA MOURA DE SA","","","isabelcristinamouradesa@gmail.com"
"Talento","11551066440","Talento","não","LETICIA HERCULANO DA SILVA ALVES","","","alves.leticia1983@gmail.com"
"Talento , Resolvedor , Organizador","12432139496","Talento","não","SILVIO CÉSAR BATISTA JÚNIOR  NULL","","","silviosc588917@gmail.com"
"Talento , Resolvedor , Organizador","73318752487","Talento","não","CRISTINA MARILENE DA SILVA SANTOS","","","cristina.marilene@hotmail.com"
"Talento","09115971406","Talento","não","JANEGEYCE DA COSTA PETUBA","","","geycinha.petuba@gmail.com"
"Talento , Resolvedor , Organizador","03717907433","Talento","não","BARBARA AMARAL BRUNO SILVA","","","ba.amaral@gmail.com"
"Talento , Resolvedor , Organizador","70303562412","Talento","não","IGOR GUSTAVO SAMPAIO DE ALBUQUERQUE","","","igorgustavosampaio@gmail.com"
"Talento , Resolvedor , Organizador","71911559494","Talento","não","PEDRO HENRIQUE DA SILVA","","","pedroh8023@gmail.com"
"Talento , Resolvedor , Organizador","03376187479","Talento","não","DAVID FERNANDO DE MORAIS NERI","","","davidfmneri@yahoo.com.br"
"Talento , Resolvedor , Organizador","84877170472","Talento","não","OSANGELA OLIVEIRA SILVA DE SENA","","","senaosangela@gmail.com"
"Talento , Resolvedor , Organizador","12341402410","Resolvedor","não","FRANCISCO HELIO DE CASTRO ROCHA JUNIOR","","8Cq0#>Se","juniorheliorocha@gmail.com"
"Talento","06157100427","Talento","não","GERLANE MARIA BARBOSA DA SILVA ARAÚJO NULL","","","gerlaneisabellla@gmail.com"
"Talento , Resolvedor","","Resolvedor","não","George Henrique da Silva ","","","eng.georgehs@gmail.com"
"Talento , Resolvedor , Organizador","01382014473","Resolvedor","não","RAFAEL FILIPE REIS DE LIMA","","[W8p<5fY","profissionalrfrl@gmail.com"
"Talento , Resolvedor , Organizador","70812459431","Resolvedor","não","GEORGE HENRIQUE DA SILVA","",":0/O9Rrh","george.henrique123456@gmail.com"
"Talento , Resolvedor","","Resolvedor","não","Emanuel Cajá","","","emanuelcaja@gmail.com"
"Talento","31742564453","Talento","não","ONILDA VIEIRA","","","onildav1@gmail.com"
"Talento , Resolvedor","15195849463","Resolvedor","não","EDUARDO MAMEDES MARTINIANO MONTEIRO","","s8TQ;?7v","eduardomartiniano03@gmail.com"
"Talento , Resolvedor , Organizador","09806197429","Resolvedor","não","RODOLFO MIILLER SANTOS CABRAL","","9q@C7#Ta","rodolfocabral@outlook.com.br"
"Talento , Resolvedor , Organizador","09064187479","Talento","não","JAQUELYNE DA PAZ BEZERRA","","","jaquepazb@hotmail.com"
"Talento , Resolvedor , Organizador","10313462445","Talento","não","NATALIA FERNANDA BEZERRA DE MELO","","","fernandaa.meloo93@gmail.com"
"Talento","12194828460","Talento","não","FERNANDO CESAR RAMOS DE ARAUJO","","","fc250507@gmail.com"
"Talento , Resolvedor , Organizador","16422784406","Talento","não","DANIEL HENRIQUE VIEIRA DA SILVA","","","danieltuber8@gmail.com"
"Talento , Resolvedor , Organizador","15651188479","Talento","não","LARISSA VITURINO DA SILVA HERMES","","","lalars993@gmail.com"
"Talento , Resolvedor , Organizador","17068206409","Talento","não","ISABELA VITORIA TEIXEIRA DA SILVA","","","isabellavitoria4557@gmail.com"
"Talento , Resolvedor , Organizador","12983655466","Talento","não","GIACOMO MONTENEGRO DE OLIVEIRA","","","montenegrogiacomo3@gmail.com"
"Talento","71316268489","Talento","não","CLECIANE BATISTA GONÇALVES","","","clecianeb679@gmail.com"
"Talento , Resolvedor , Organizador","11628559403","Talento","não","JOAO ANTONIO NASCIMENTO TELES","","","joaoantonioteles.teles.ja@gmail.com"
"Talento , Resolvedor","","Resolvedor","não","Guilherme Moreira Veras Barreto","","","guilhermemoreiravb@gmail.com"
"Talento , Resolvedor , Organizador","14088112431","Talento","não","SANIKELLY OLIVEIRA SILVA","","","sanikellysilvaa@gmail.com"
"Talento","06674889440","Talento","não","PAAVA DE BARROS DE ALENCAR CARVALHO FILGUEIRA","","","paavacarvalho@hotmail.com"
"Talento , Resolvedor , Organizador","94988145468","Talento","não","JEAN CHARLES CAVALCANTE","","","jeanncharless@hotmail.com"
"Talento , Resolvedor , Organizador","52394379472","Talento","não","REGINALDO ANTONIO BARROSO TEIXEIRA","","","agilcontabilcd@gmail.com"
"Talento , Resolvedor , Organizador","08069289481","Resolvedor","não","PATRICIA LIRA MONTEIRO","//2eb0cd16e008139946c2510a2de49dd6.cdn.bubble.io/f1763419612159x865138696473244400/1000542146.jpg","O#Q6[ks6","patriciamonteiro89@gmail.com"
"Talento","06502346421","Talento","não","SMMYTH KALLONY MENDES DE ALBUQUERQUE","","","smmythk@gmail.com"
"Talento , Resolvedor , Organizador","04194823427","Talento","não","UBIRATAN PIRAGIBE PEIXOTO DE LIRA FILHO","","","ubiratanpiragibe@icloud.com"
"Talento , Resolvedor , Organizador","84659050459","Talento","não","ANDREA RIBEIRO QUEIROZ DE FARIA","","","arq@cesar.org.br"
"Talento","07510480469","Talento","não","RONALD DE OLIVEIRA JERONIMO","","","marcellasilva87@gmail.com"
"Talento","50988816415","Talento","não","PAULO MARCELO LIRA","","","paulo.lira22@hotmail.com"
"Talento , Resolvedor , Organizador","12660379424","Talento","não","LUANA CARINE MELO FARIAS","","","farias17luana@gmail.com"
"Talento , Resolvedor , Organizador","02636639497","Talento","não","CARLO BENITO COSENTINO FILHO","//2eb0cd16e008139946c2510a2de49dd6.cdn.bubble.io/f1763476764206x355323641954343500/CC-0017.jpeg","nV?99E:j","carlocosentino@me.com"
"Talento","10436023482","Talento","não","STEPHANIE RIBEIRO DE OLIVEIRA","","","ster.oliveira93@gmail.com"
"Talento , Resolvedor","11795561432","Resolvedor","não","JOYCE COSTA MOURA","","m{PO<y57","joycemoura97@hotmail.com"
"Talento","10725788402","Talento","não","JOÃO PAULO BARROS INTERAMINENSE","","","joaopinteraminense@gmail.com"
"Talento , Resolvedor , Organizador","69575592468","Talento","não","HELDER PINTO LINS","","u2WX+p6~","helderlins@hotmail.com"
"Talento , Resolvedor , Organizador","02707006416","Talento","não","MAX LEANDRO BEZERRA DA SILVA","","","maxambev@yahoo.com.br"
"Talento","08682812479","Talento","não","HEITOR","","","heitornunes80@gmail.com"
"Talento","11158762445","Talento","não","SAIRA AGUIAR ROCHA","","","saira.aguiar.rocha@gmail.com"
"Talento","02346546437","Talento","não","JEAN CARLOS DE SOUZA","","","jeantrompet@hotmail.com"
"Talento , Resolvedor , Organizador","82608938434","Talento","não","ADRIANO FERREIRA DA SILVA VASCONCELOS","","","adrfvasconcelos@gmail.com"
"Talento , Resolvedor , Organizador","99567598487","Talento","não","KLEBER JOVINO DE PAULA","","","kleberjovino@yahoo.com.br"
"Talento , Resolvedor , Organizador","11575218437","Resolvedor","não","JÚLIA VICENTE SILVA PRAZO","","C}4:mA1x","juliavicenteprazovicente@gmail.com"
"Talento , Resolvedor , Organizador","02412503400","Talento","não","CATHARINA GONCALVES DOS SANTOS PINHEIRO","","","catharina@mpf.mp.br"
"Talento , Resolvedor , Organizador","77343689487","Talento","não","EDSON ADEILDO DA SILVA","","","edsonpernambucanooficial@gmail.com"
"Talento","02377832407","Talento","não","SUELY CRISTINA DA SILVA SANTOS","","","suelycig777@gmail.com"
"Talento , Resolvedor , Organizador","93230869400","Resolvedor","não","EDSON TEIXEIRA PASTICHI DE MEDEIROS","","69gV<[lD","epastichi@gmail.com"
"Talento","27767841472","Talento","não","MACIEL ALVINO FERREIRA","","","maciel.pai@hotmail.com"
"Talento , Resolvedor , Organizador","83443274404","Talento","não","SANDRO FERREIRA DE MIRANDA","","","sandrofm2005@yahoo.com.br"
"Talento","36789844449","Talento","não","UBIRAJARA FERREIRA DA PAZ","","","ubirajara@recife.pe.gov.br"
"Talento","37471406453","Talento","não","JARBAS DE SENA FERREIRA JUNIOR","","","gmsenajarbas@gmail.com"
"Talento , Resolvedor , Organizador","11179867483","Talento","não","NATALIA SERENO RODRIGUES RUEDA MORAES","","","nataliasrueda@gmail.com"
"Talento , Resolvedor , Organizador","09057159422","Talento","não","ALYSON FONSECA LOPES DE QUEIROZ","","","bio.alysonfonseca@yahoo.com"
"Talento , Resolvedor","16973172431","Resolvedor","não","KYLIE DA SILVA SANTOS","","O3g{1pO{","williamkevin484@gmail.com"
"Talento","02554586497","Talento","não","ANDRE KARLOS HOLANDA DE SOUZA","","","andreholanda0412@gmail.com"
"Talento , Resolvedor , Organizador","10749707488","Talento","não","WEYDSON BRUNO DA SILVA","","","weydson.brunos@gmail.com"
"Talento , Resolvedor , Organizador","07332235404","Talento","não","THAYNAH LEAL SIMAS","","","tlealsm@gmail.com"
"Talento , Resolvedor , Organizador","15560717444","Talento","não","KAUAN NOGUEIRA DE AMORIM","","","kau15.amrnog@gmail.com"
"Talento","03316258493","Talento","não","PAULA DE CASSIA ENEDINO BASTOS","","","paulaebastos@gmail.com"
"Talento","09671434460","Talento","não","DAYANE CARLA DE ARAÚJO MELO","","","dayanecarla722@gmail.com"
"Talento , Resolvedor , Organizador","04563745405","Talento","não","ERIKA ANDRÉA DE MELO TRAVASSOS COUTINHO PEREIRA","","","erikamtravassos@gmail.com"
"Talento , Resolvedor , Organizador","09693678486","Talento","não","CLAUDIO AUGUSTO VARELA AYRES DE MELO FILHO","//2eb0cd16e008139946c2510a2de49dd6.cdn.bubble.io/f1763561941543x927424595189206800/Foto%20-%20Perfil.jpg","","claudiov.melo.20@gmail.com"
"Talento , Resolvedor","15488827471","Resolvedor","não","ESTER RANIELLY DA SILVA BELO","","Y!L79nl#","esterranielly1234@gmail.com"
"Talento , Resolvedor , Organizador","06377470207","Resolvedor","não","KATLINE EVANGELISTA RESENDE","","","katlineresendee@gmail.com"
"Talento","07250696432","Talento","não","LORENA MARIA ALVES DA SILVA DIAS","","","l.allvesz@gmail.com"
"Talento","03752731400","Talento","não","CRISTIANE SANTOS SILVA","","","crisbjbjbjpe@gmail.com"
"Talento , Resolvedor , Organizador","11361146451","Talento","não","FELIPE HENRIQUE DOS SANTOS BARBOSA","","","felihen@gmail.com"
"Talento","38917777449","Talento","não","RICARDO FERNANDO FREIRE DE SOUZA MELO","","","ricmeloelogica@gmail.com"
"Talento","88273040453","Talento","não","DANIELLA LEANDRO PEIXOTO","","","danny73@outlook.com.br"
"Talento","09224687458","Talento","não","EDVA AMANDA DOS SANTOS FEITOZA","","","edvamanda@yahoo.com"
"Talento , Resolvedor , Organizador","07719069439","Talento","não","AMANDA GALDINO MENDES SILVA","","","galdino-amanda@hotmail.com"
"Talento","08544648401","Talento","não","LEILANE GERMANA DA SILVA BARBOSA","","","germanaleilane@gmail.com"
"Talento , Resolvedor , Organizador","02430947447","Talento","não","ANA CARLA SANTANA DE LIMA","//2eb0cd16e008139946c2510a2de49dd6.cdn.bubble.io/f1763571042952x778025271159896800/1000490716.jpg","","carlysan001@hotmail.com"
"Talento","46275886404","Talento","não","CANDIDA MARIA FERREIRA DE SOUZA","","","candidafsouza@hotmail.com"
"Talento","07065289486","Talento","não","EMELINE NEISELY DE SOUZA E SILVA","","","emeline_neisely@yahoo.com.br"
"Talento , Resolvedor , Organizador","03065396408","Talento","não","GABRIEL EDUARDO SILVA TORRES","//2eb0cd16e008139946c2510a2de49dd6.cdn.bubble.io/f1763571769195x175309225384030500/gabriel.jpg","","gabrielstorres@gmail.com"
"Talento , Resolvedor , Organizador","09281821427","Talento","não","LUIZ FELIPE ALVES COELHO","","","luizfelipeacoelho@outlook.com"
"Talento , Resolvedor , Organizador","05491170402","Talento","não","MILENA RAYANE LOPES DOS SANTOS","","","milena_lopes22@hotmail.com"
"Talento","55971342487","Talento","não","HELIO JOSE DE OLIVEIRA DA SILVA","","","heliooliveira73@yahoo.com"
"Talento","08466780475","Talento","não","MARCIA ROBERTA MAGERO ELIHIMAS","","","mrm_elihimas@hotmail.com"
"Talento , Resolvedor , Organizador","03648757474","Talento","não","CLAUDIA REGINA MARINHO DE LIMA PAIVA","","","claumari1981@gmail.com"
"Talento , Resolvedor , Organizador","10524248486","Talento","não","CHRISTINNE ALVES DA COSTA","","","christinne.alves@outlook.com"
"Talento , Resolvedor , Organizador","09074939473","Talento","não","ADRIANA GOMES VIVEIROS BARRETO","","","adriana_gvb@hotmail.com"
"Talento , Resolvedor , Organizador","03200941464","Talento","não","ELISANGELA FELIPE DE OLIVEIRA","","","eliangel1311@gmail.com"
"Talento , Resolvedor , Organizador","04146495407","Talento","não","MAELY BARROS DE ARAUJO","","","barrosmaely@gmail.com"
"Talento , Resolvedor , Organizador","11371094403","Talento","não","TAYANE SKARLLET PEREIRA FIDELIS DA SILVA","","","tayane.skarllet@gmail.com"
"Talento , Resolvedor , Organizador","67682367415","Talento","não","MONICA DE LUCENA LIRA AGUIAR DIAS","","","monica.lucena@uol.com.br"
"Talento , Resolvedor , Organizador","11150968427","Talento","não","MATHEUS BARBOSA DE MELO","","","mbmelo9@gmail.com"
"Talento , Resolvedor , Organizador","09391594492","Talento","não","GILCLESIO AMARANTE DA SILVA","","","gamarante@sescpe.com.br"
"Talento , Resolvedor , Organizador","33062729813","Talento","não","MARCELLO MARQUES ESPIRITO SANTO","","","mllsanto@gmail.com"
"Talento","00823162443","Talento","não","CAROLINA RAIMUNDO MOREIRA","","","carolinaraimundo@hotmail.com"
"Talento , Resolvedor , Organizador","01167861400","Talento","não","EMANUELLA DA CRUZ OLIVEIRA SANTOS","","","ecruz@sescpe.com.br"
"Talento","99847183449","Talento","não","FRANCYLARA ANTONINO NUNES DE ASSIS","","","larinha.antonino@gmail.com"
"Talento","79568564420","Talento","não","ANA PATRICIA TRAJANO MAIA GOMES BARBOSA","","","opteirh@gmail.com"
"Talento","04997595403","Talento","não","HUGO FERNANDO BANDEIRA MATIAS","","","hugofernando_16@hotmail.com"
"Talento , Resolvedor , Organizador","01875221468","Talento","não","MARCELO JOSE FERREIRA E SILVA","","","mjfesilva@uol.com.br"
"Talento , Resolvedor , Organizador","42538880890","Talento","não","ERICK CARRASCO OLIVEIRA","","0/8}eFbY","erickcoliveira@cetii.pe.senac.br"
"Talento","62533797472","Talento","não","FABÍOLA ALBUQUERQUE LOBO","","","fabiolalobo13@gmail.com"
"Talento , Resolvedor , Organizador","08738678403","Talento","não","Isabelle Câmara","//2eb0cd16e008139946c2510a2de49dd6.cdn.bubble.io/f1763646431572x522686630024329600/IMG_8759.jpeg","","isabellermcamara@gmail.com"
"Talento","70272024414","Talento","não","MIRELE DAYANE","","","mireledsilva@gmail.com"
"Talento","07066572416","Talento","não","BRUNA VIRGINIA ANDRADE DE ALMEIDA ARRUDA","","","bruna_aalmeida@yahoo.com.br"
"Talento , Resolvedor , Organizador","03577820462","Talento","não","ISABELA DE ALMEIDA ROCHA VITORINO","","","isabelavitorino@gmail.com"
"Talento , Resolvedor , Organizador","08723450410","Talento","não","KEYLLA JANAINA DE ARAUJO FEITOSA","","","keyllajanainadm@gmail.com"
"Talento , Resolvedor , Organizador","06082145402","Talento","não","MONIQUE FALCAO WANDERLEY FERNANDES","","","monique_wanderley@hotmail.com"
"Talento","02226416498","Talento","não","DIANA A CALISTO PEREIRA","","","ddyannacalisto@gmail.com"
"Talento , Resolvedor , Organizador","03777955426","Talento","não","DEISE","","{1KW~i3g","crhismhes@gmail.com"
"Talento","34525041404","Talento","não","ADALGISA MARQUES DE SOUZA","","","sopranoadalgisa.marques@gmail.com"
"Talento","29344026491","Talento","não","HENRIQUE LOPES DE MOURA","","","lopesdemourahenrique@gmail.com"
"Talento","09782027405","Talento","não","JOSIVANIA CRISTINA","","","josivaniac93@gmail.com"
"Talento","07988928465","Talento","não","JOSE ALEXSANDRO ALVES DA SILVA FARIAS","","","af582383@gmail.com"
"Talento , Resolvedor , Organizador","23351489404","Talento","não","MARIA DO CARMO","","","mc-mariadocarmo@hotmail.com"
"Talento","23407980434","Talento","não","KYRIA GOMES DE B. FALCAO SILVA","","","kyria_falcao@recife.pe.gov.br"
"Talento , Resolvedor , Organizador","45670269420","Talento","não","VANIA CRISTINA","","","vcavalcanti.arquitetura@gmail.com"
"Talento","06973543421","Talento","não","JOSE ROBERTO PORTELA DA SILVA","","","rportelaroberto@gmail.com"
"Talento","36030244434","Talento","não","MOISÉS JOSÉ RIBEIRO","","","prmoises10@gmail.com"
"Talento","05717595484","Talento","não","ANA CARLA ALBUQUERQUE DA CUNHA MARINHO","","","accunha.marinho@gmail.com"
"Talento","67007902472","Talento","não","JONAS CAMILO DA SILVA NULL","","","jonazcamilo@gmail.com"
"Talento , Resolvedor , Organizador","07824802418","Talento","não","MARCOS ANTÔNIO DOS SANTOS RIBEIRO","//2eb0cd16e008139946c2510a2de49dd6.cdn.bubble.io/f1763735435258x120618543432468480/IMG-20251102-WA0019.jpeg","","ma9041171@gmail.com"
"Talento","35481838400","Talento","não","EDNICE TEREZA BATISTA DA SILVA","","","ednice2008@hotmail.com"
"Talento","12053410485","Talento","não","PAMELA YASMIM BARBOZA MOTA","","","pamelayasmim2330@gmail.com"
"Talento , Resolvedor , Organizador","06831495478","Talento","não","ANA KERSIA DA SILVA","","","kersiagrh@hotmail.com"
"Talento","80203310420","Talento","não","ETIENE DA SILVA ALBUQUERQUE NULL","","","etienealbuquerquee@gmail.com"
"Talento","25569341404","Talento","não","MARIA JULIETA MACEDO FRANÇA","","","mariajulietamacedofranca.09@gmail.com"
"Talento","23169532472","Talento","não","AMAURY BARBOSA FERREIRA","","","amaurybarbosaferreira93@gmail.com"
"Talento","04837704425","Talento","não","ISA VALERIA NEVES DE SANTANA QUEIROZ","","","isavaleriansqueiroz@gmail.com"
"Talento","02408452422","Talento","não","ROBERTO RAIMUNDO GOMES","","","roberto35gomes45@gmail.com"
"Talento","18343686420","Talento","não","JABIN FERREIRA DA SILVA","","","jabinferreiradasilva@gmail.com"
"Talento","08385981454","Talento","não","FERNANDO SILVA DE OLIVEIRA","","","ofernandosilva3@gmail.com"
"Talento","79488200430","Talento","não","NORMANDO GRIMALDI LOBO","","","ngrimaldi@recife.pe.gov.br"
"Talento","43257607415","Talento","não","EDINALDA FRANCISCA DA SILVA","","","edfrancisca1965@gmail.com"
"Talento","36055344491","Talento","não","GERCIANE QUEIROGA CAPISTRANO","","","gercianequeiroga@gmail.com"
"Talento","36612200472","Talento","não","LENITA TABOSA PESSOA DE MIRANDA","","","lenitabosa@uol.com.br"
"Talento","05856390431","Talento","não","JOSE GUILHERME DO NASCIMENTO","","","guigotriobutuka@hotmail.com"
"Talento","58760199415","Talento","não","BELKS CRISTINA COSTA DE MEDEIROS NULL","","","belksc182@gmail.com"
"Talento","83026690406","Talento","não","IRENE MARIA TAVARES MUNIZ","","","irenemtm2018@gmail.com"
"Talento","33561729487","Talento","não","ALBERICIO CABRAL DE MELO","","","melo_cabral@hotmail.com"
"Talento","79573088487","Talento","não","FLÁVIO DA SILVA RAIMUNDO","","","flavioraimundo42@gmail.com"
"Talento","43228267415","Talento","não","GREGORIO FIGUEIRA ROLIM","","","gregoriorolimrolim@gmail.com"
"Talento","86925598491","Talento","não","ANA LÍDIA CAMURÇA LEIBEL GOUVEIA NULL","","","analidialeibel@gmail.com"
"Talento","12874655449","Talento","não","GISELLA MARRIA","","","gmsl@terra.com.br"
"Talento , Resolvedor , Organizador","59017341491","Talento","não","ANA MARIA ANDRADE VIANA LUCENA","","","annvianaa@yahoo.com.br"
"Talento","68877692472","Talento","não","JOSE ROZENDO DA SILVA","","","rozendo0192@gmail.com"
"Talento","05967299440","Talento","não","RAFAEL OLÍMPIO DOS SANTOS","","","rafaelolimpio0305@gmail.com"
"Talento","43940919420","Talento","não","LADIMIR FERREIRA DA SILVA","","","mikaslv36@gmail.com"
"Talento","03497683400","Talento","não","MAURICIO PEREIRA DE ARAGAO JUNIOR NULL","","","mauricioaragao@hotmail.com"
"Talento","86579886404","Talento","não","MARIA JOSÉ VIEIRA DA SILVA","","","maria.zildo2016@gmail.com"
"Talento","19379420404","Talento","não","JOANITA LEONOR GOMES FERREIRA","","","joanitaleonor@gmail.com"
"Talento","05019909416","Talento","não","JACILENE CORDEIRO DA SILVA","","","jacilenesilva123@gmail.com"
"Talento","48042366434","Talento","não","CLAUDETE SOFIA DA SILVA","","","claudetesofiaaa@hotmail.com"
"Talento","06112324482","Talento","não","NATALLE RAIMUNDO DA SILVA","","","natalleraimundo11@gmail.com"
"Talento","42107423415","Talento","não","CARLOS WANDERLEY DE ALBUQUERQUE","","","carlinhodocavaco92@gmail.com"
"Talento","62167782420","Talento","não","MARCOS ANTÔNIO LIMA DE LIRA","","","marcoslira1971@outlook.com"
"Talento , Resolvedor , Organizador","02735900495","Talento","não","IRINALDO","","","irinaldopedro88@gmail.com"
"Talento , Resolvedor , Organizador","05940984401","Talento","não","JANAINA","","","dvysson.gomes@gmail.com"
"Talento","63277972453","Talento","não","JOELMA DE ALBUQUERQUE BRITO SYBALDE","","","joelmaabsybalde@yahoo.com.br"
"Talento","86178474415","Talento","não","CLEISSON DOUGLAS PEREIRA DA SILVA NULL","","","kekodouglas@gmail.com"
"Talento","71576812421","Talento","não","SELMA JAMILLY GOMES DA","","","selmajamilly495@gmail.com"
"Talento","40918050430","Talento","não","MAURILIO JOSE DA SILVA","","","maurilliojjose@hotmail.com"
"Talento","41736842404","Talento","não","DOGIVAL AZEVEDO BEZERRA 02","","","doginho.deus@gmail.com"
"Talento","43207677487","Talento","não","WILECY DE OLIVEIRA E SILVA","","","willyoliveira69@hotmail.com"
"Talento , Resolvedor , Organizador","04153824402","Organizador","não","WALTEIR DA SILVA CÉSAR","","","wcesar792@gmail.com"
"Talento","03355122408","Talento","não","ANDERSON JOSE DOMINGOS DA SILVA","","","andersonalca2019@gmail.com"
"Talento","06468666481","Talento","não","WILSON LAURENTINO DA SILVA","","","wyll1979@gmail.com"
"Talento","36427764420","Talento","não","NÁDIA JAIRA DOS SANTOS","","","nadiajaira@gmail.com"
"Talento","49915770472","Talento","não","ELIAS","","","elias4.7@hotmail.com"
"Talento","10997597496","Talento","não","ANA LÚCIA","","","anadesouza0789@gmail.com"
"Talento","46459383472","Talento","não","PEDRO LUIS SOARES DA SILVA","","","capoeirapeu@gmail.com"
"Talento","12432008472","Talento","não","CLEIDE MARIA DE ALBUQUERQUE","","","cma1956@prof.educ.rec.br"
"Talento , Resolvedor , Organizador","84659130487","Talento","não","HILDA MARIA LIMA LINS","//2eb0cd16e008139946c2510a2de49dd6.cdn.bubble.io/f1763739188326x830510063201372200/20251023_141805.jpg","","hildalins@gmail.com"
"Talento , Resolvedor , Organizador","05187312430","Talento","não","ANDRÉA DE OLIVEIRA COSTA ANDRADE","//2eb0cd16e008139946c2510a2de49dd6.cdn.bubble.io/f1763739110890x503399989482460350/d5e617d8-bd37-441c-9a6c-9494589749dc.jpeg","","andreaoliveira472@gmail.com"
"Talento","08812361447","Talento","não","CRISTYANE","","","cristyaneduarte1@gmail.com"
"Talento","58877673400","Talento","não","MAURICEA","","","tavaresmauricea@yahoo.com.br"
"Talento","64409830163","Talento","não","NEIDE","","","neidefdasilvaferreira@gmail.com"
"Talento","05102586467","Talento","não","ADRIANA DO CARMO ELIAS","","","adrianaelias604@gmail.com"
"Talento","76553850410","Talento","não","JOSINEIDE FELIX","","","josineidefelix70@gmail.com"
"Talento","14555972449","Talento","não","PAULO ROGERIO BARRETO DO NASCIMENTO","","","pauloenergiasolar.pe@gmail.com"
"Talento , Resolvedor , Organizador","05219321498","Talento","não","ROBERTA MICHELLY ROCHA SANTIAGO ALVES","","","santiagorm2@hotmail.com"
"Talento","71756440433","Talento","não","FABÍOLA DA SILVA ARAÚJO","","","fabiulagatinha54@gmail.com"
"Talento","05237699464","Talento","não","NADJANE","","","nadjanebattista@gmail.com"
"Talento","79288340491","Talento","não","NADJA MARIA PEIXOTO OLIVEIRA","","","nmpeixotoliveira@gmail.com"
"Talento","03213598445","Talento","não","CARLOS ALEXANDRE DA SILVA SANTOS","","","carlosale9silva@gmail.com"
"Talento","99570688491","Talento","não","LUCICLEIDE FLORENCIO DE CARVALHO","","","lucicleide.1213610@prof.educ.rec.br"
"Talento , Resolvedor , Organizador","05185388420","Talento","não","DHÁLIA REGINA GALDINO DA SILVA DANTAS ROPHE","","","galdino.dhalia@gmail.com"
"Talento","70715815415","Talento","não","OSMÁRIO VALÉRIO DA SILVA","","","marinho.rock16@gmail.com"
"Talento","79962327849","Talento","não","ALBERTO VIEIRA FILHO","","","albertovfilho@yahoo.com.br"
"Talento","05677283401","Talento","não","CARLA MARIA DE SOUZA","","","souzacarla20255@gmail.com"
"Talento","37503871415","Talento","não","PEDRO LUIZ COELHO DE SOUZA","","","pedrolindo845@gmail.com"
"Talento , Resolvedor , Organizador","10816691444","Talento","não","AMANDA LIBERAL BEZERRA","","","amanda.liberal.95@gmail.com"
"Talento , Resolvedor , Organizador","09539834473","Talento","não","CARLA PATRICIA DE LIRA ONORATO  NULL","","","karlalira5@gmail.com"
"Talento","02115291417","Talento","não","MARCICLEIDE COSTA SILVA","","","marcicleides728@gmail.com"
"Talento","46280960404","Talento","não","JORGE CARVALHO DA SILVA","","","carvalhojorge20@yahoo.com.br"
"Talento","70727007491","Talento","não","ADOLFO DOS ANJOS MARINHO NETO","","","adolfo.anjos91@gmail.com"
"Talento , Resolvedor , Organizador","76667715415","Talento","não","MARIA MARTINS DA SILVA","","","marri.martins@hotmail.com"
"Talento","89827511491","Talento","não","MARIA DA CONCEICAO SILVA LOBO","","","eloaeduardo1987@gmail.com"
"Talento","32743823453","Talento","não","IRACEMA DE ANDRADE SANTANA DA SILVA","","","silvairacema1466@gmail.com"
"Talento , Resolvedor , Organizador","68415354487","Talento","não","JANICE RAMOS DA SILVAu","","","janniceramos6@gmail.com"
"Talento","66973830463","Talento","não","ANÍBAL MONTEIRO DE ATHAYDE","","","anibaltaichi@gmail.com"
"Talento","12919624415","Talento","não","JAIRA SOARES DA SILVA","","","enfermeirajaira@hotmail.com"
"Talento","35351241404","Talento","não","GILMAR PEREIRA DOS SANTOS","","","gilmarpereira046@gmail.com"
"Talento","82284385400","Talento","não","ROSEANE MARIA DA COSTA","","","roseane.375319@prof.educ.rec.br"
"Talento","00850682410","Talento","não","ALEXANDRE FIGUEIREDO VICENTE","","","alexandre4vicente@gmail.com"
"Talento","10496994409","Talento","não","DIEGO PEDRO DA SILVA","","","diegoopedro21@gmail.com"
"Talento , Resolvedor , Organizador","42898013404","Resolvedor","não","JECIANE ARAUJO DE ALBUQUERQUE COSTA","","!5ZmV/8t","jecianec@gmail.com"
"Talento","03434388443","Talento","não","ELAINE CARVALHO SILVA DO SACRAMENTO","","","elaineacsaude@gmail.com"
"Talento , Resolvedor , Organizador","40845230468","Talento","não","LUCIA HELENA","","~2>o3OHr","luciahelenaxbomfim@gmail.com"
"Talento","52007332434","Talento","não","CLOVIS JOÃO DA SILVA","","","clovisjoao9620@hotmail.com"
"Talento","04070998403","Talento","não","GILVANI PAULA GONZAGA GOMES PASCOAL","","","gilvanipaulagonzagapascoal@gmail.com"
"Talento , Resolvedor , Organizador","77211901420","Talento","não","SUELY DAS NEVES DE OLIVEIRA DA SILVA","","","criacao10@hotmail.com"
"Talento , Resolvedor , Organizador","70730690407","Talento","não","WILTON DA SILVA ANDRADE","//2eb0cd16e008139946c2510a2de49dd6.cdn.bubble.io/f1763749701514x795940423146237300/17637067254121551467886350421313.jpg","","wiltonnsilva806@jmil.com"
"Talento","30700620400","Talento","não","JOSETE MARIA MONTEIRO","","","josete_monteiro@yahoo.com.br"
"Talento","36015733420","Talento","não","ADRION CAVALCANTI DE ALBUQUERQUE NULL","","","adrionpig@gmail.com"
"Talento , Resolvedor , Organizador","02212723482","Talento","não","ANDREA CONCEICAO DA SILVA PESSOA","","","conceicaoandrea796@gmail.com"
"Talento","65984153491","Talento","não","MARIA DE LOURDES SANTOS AMARAL","","","loudinha41@gmail.com"
"Talento","70514418419","Talento","não","JOYCE DE OLIVEIRA CARDOSO","","","joycedeoliveiracardoso@hotmail.com"
"Talento","02607926408","Talento","não","JOSEANE MARIA DA SILVA","","","joseane985039573@gmail.com"
"Talento","93501234449","Talento","não","MARINALVA LUCENA DO NASCIMENTO","","","lucenamarinalva57@gmail.com"
"Talento","04069245464","Talento","não","ALDO GONÇALVES DE ALBUQUERQUE","","","nadinhoalbuquerque0@gmail.com"
"Talento","48286672453","Talento","não","FRANCISCO LUIZ DOS SANTOS","","","chico.ead.ufrpe@gmail.com"
"Talento","36835277491","Talento","não","MARIA DA CONCEIÇÃO RODRIGUES SOUGEY","","","conceicao_sougey@yahoo.com.br"
"Talento","04216079474","Talento","não","LUCIANO GOMES DA SILVA","","","lucianogomes082@gmail.com"
"Talento","43069428487","Talento","não","ODINETE BARBOSA","","","odinete.silva@hotmail.com"
"Talento","70733724434","Talento","não","MARIA BETÂNIA AVELINO DOS SANTOS","","","mb064702@gmail.com"
"Talento","02308437430","Talento","não","ADELMA MARIA REIS","","","adelmacomvoce@gmail.com"
"Talento","66130026404","Talento","não","ANDRÉ LUAN GOMES DA ROCHA","","","capluan@hotmail.com"
"Talento , Resolvedor , Organizador","97398390459","Talento","não","MARCILEIDE GOMES DA PENHA OLIVEIRA","","","deiaoliveira945@gmail.com"
"Talento","02559944430","Talento","não","HOZANA FERREIRA DE ALBUQUERQUE","","","hozana.a@hotmail.com"
"Talento","05191802403","Talento","não","YANNE DOS SANTOS","","","yannedossantos2018@gmail.com"
"Talento","16716930434","Talento","não","MARCOS ANTONIO BRAGA AREAS","","","marcosbragaf@hotmail.com"
"Talento","25738801415","Talento","não","MAURO ROBERTO DE ALBUQUERQUE","","","mralbuquerque74@gmail.com"
"Talento","71718729472","Talento","não","JOSEILDO DA COSTA LACERDA","","","joseildocl1972@hotmail.com"
"Talento","06189711499","Talento","não","MACIEL DA SILVA BARBOZA","","","macielsb31@gmail.com"
"Talento , Resolvedor , Organizador","05478362441","Talento","não","ARLINE ALESSANA LIRA LINS","","","arlinelins@gmail.com"
"Talento","13578189472","Talento","não","THALES AUGUSTO DE OLIVEIRA FELICIANO","","","tfeliciano@bol.com.br"
"Talento , Resolvedor , Organizador","88850994400","Talento","não","PENÉLOPE DA SILVA PINHO","","","penelope-pinho@hotmail.com"
"Talento","78200377415","Talento","não","RICARDO CAVALCANTI DE OLIVEIRA","","","ricardocvlcnt@gmail.com"
"Talento","71140778404","Talento","não","DEINE GOMES DA SILVA","","","deinegomes@hotmail.com"
"Talento","04797632402","Talento","não","RYAN PAULO DA SILVEIRA AMORIM","","","ryan.amorim@live.com"
"Talento","33756899420","Talento","não","MARCOS NUNES DOS SANTOS FILHO","","","nunessfilho@yahoo.com.br"
"Talento","07196921488","Talento","não","PATRICIA MARIA DE LIMA","","","safirapedro63@gmail.com"
"Talento","35162350478","Talento","não","ROBERTO CARLOS","","","rcsolguian@gmail.com"
"Talento","54573580620","Talento","não","JOSE DRUMOND DE OLIVEIRA","","","jolimondi@hotmail.com"
"Talento , Resolvedor , Organizador","05821749298","Talento","não","GIOVANNA PERASSOLLO NEVES","","","giovannaperassolloneves@gmail.com"
"Talento","14205517440","Talento","não","JACIRA MARIA GOMES DA CUNHA","","","jacira.gomes.mari@gmail.com"
"Talento","78107725468","Talento","não","NIEDJA PAULA SILVA VERAS DE ALBUQUERQUE  NULL","","","npsva@hotmail.com"
"Talento , Resolvedor , Organizador","83498052420","Talento","não","MONICA JUSTINO DA SILVA","//2eb0cd16e008139946c2510a2de49dd6.cdn.bubble.io/f1763973252207x860142409133442200/inbound4498602146756752372.jpg","","monica758949@gmail.com"
"Talento","28185455449","Talento","não","PAULO GERMANO VIEIRA DA SILVA","","","paulogermanoo@bol.com.br"
"Talento , Resolvedor , Organizador","43142575472","Talento","não","SERGIO PIRES GALVAO","","","contabil@databilcontabilidade.com.br"
"Talento","07563159487","Talento","não","CLAUDIO MICHAELLO MACÊDO DO NASCIMENTO  NULL","","","claudiogenesispe@gmail.com"
"Talento , Resolvedor , Organizador","14574527404","Talento","não","JOSÉ SOARES NETO","","","jose.soaresnt@ufrpe.br"
"Talento , Resolvedor , Organizador","11922925454","Talento","não","ANTHONY RODRIGUES DE VASCONCELOS","","","vasconcelos.anthony13@gmail.com"
"Talento , Resolvedor , Organizador","70437044483","Resolvedor","não","LUIZ PAULO SILVA DE OLIVEIRA NULL","","","luizpaulo856408@gmail.com"
"Talento , Resolvedor , Organizador","65804856472","Talento","não","ARLINDO SOARES DE VASCONCELOS FILHO NULL","","","asoares_filho@hotmail.com"
"Talento , Resolvedor , Organizador","71675558434","Talento","não","SIMONE ROSEMARY SANTANA DA SILVA","","0Q@m9Xp:","simonerose0001@gmail.com"
"Talento","41049870425","Talento","não","ANA LUCIA DE SOUSA LIMA BARROS","","","analimalus36@gmail.com"
"Talento , Resolvedor","10316919446","Resolvedor","não","YASMIN KATHLYN GOMES DA SILVA","","1LEc?9q<","yasminkathlyngomes@outlook.com"
"Talento","11912694425","Talento","não","ALEXSANDRA CAVALCANTI","","","alexsandra.cavalcanti@recife.pe.gov.br"
"Talento , Resolvedor , Organizador","92218750406","Talento","não","JULIANNE FREIRE DE SOUSA PEPEU","","","julianne.pepeu@gmail.com"
"Talento , Resolvedor , Organizador","73583960491","Talento","não","ANA MARIA LELIS CAVALCANTE DA SILVA","","","lelisana@yahoo.com.br"
"Talento","68662076491","Talento","não","SILVANA FRADE GALVAO","","","silvana-frade@hotmail.com"
"Talento , Resolvedor , Organizador","08842691402","Talento","não","WICTOR MANNUEL DOMINGOS DE MELO","","","younet0806@gmail.com"
"Talento , Resolvedor","06607639402","Resolvedor","não","ISABELA ALVES DIAS","","TD!+q9z1","ia8685198@gmail.com"
"Talento , Resolvedor , Organizador","01684706408","Talento","não","RAISSA PAULA MARTINS ROCHA","","","raissamartins3@gmail.com"
"Talento , Resolvedor , Organizador","06046432413","Talento","não","HELOISA PESSOA TELES DE OLIVEIRA RODRIGUES","","","heloisapessoaa@gmail.com"
"Talento","57826889472","Talento","não","ANA CLAUDIA CARNEIRO LEAO LEIMIG NULL","","","analeimigpiquet@gmail.com"
"Talento , Resolvedor , Organizador","70070996458","Talento","não","ALLYSON HENRIQUE FIDELIS DA SILVA","","","allyfidelis@hotmail.com"
"Talento , Resolvedor , Organizador","11836837402","Talento","não","JOANITA STEPHANNY LIMA DE FREITAS","","","stephannylima@outlook.com"
"Talento , Resolvedor , Organizador","05375318407","Talento","não","MARCELO LUIZ MONTEIRO MARINHO","","","marcelo.marinho@ufrpe.br"
"Talento , Resolvedor , Organizador","02739308426","Talento","não","DEBORA FRANCA DE MELO","","","debora.melo25@gmail.com"
"Talento","03565276460","Talento","não","MANUEL FERNANDES BAPTISTA FILHO","","","manuelfbfilho@gmail.com"
"Talento","03843005451","Talento","não","GINA GOUVEIA PIRES DE CASTRO","","","ginagouveia@hotmail.com"
"Talento","71864288272","Talento","não","LARISSA KISCHENAH MAGALHÃES BEZERRA","","","pequenalari@gmail.com"
"Talento , Resolvedor","09309196459","Resolvedor","não","PEDRO MAZZAROLO VIZEU PEREIRA","","_6iU{X2z","pedromazzarolo@yahoo.com.br"
"Talento , Resolvedor , Organizador","11220741400","Talento","não","ERIKA CAROLINE DO NASCIMENTO GOMES","","","erikacaroline1@hotmail.com"
"Talento , Resolvedor , Organizador","02920562495","Talento","não","JOSÉ ESDRAS MATIAS PEREIRA","","","joseesdrasmatiasp@gmail.com"
"Talento","82920400487","Talento","não","BRUNO MARCIANO DE AMORIM JOSINO","","","bruno.josino@gmail.com"
"Talento , Resolvedor","03407204418","Resolvedor","não","FABIANA CARNEIRO SILVA DE HOLANDA","",";7l:5PcI","fabianaholanda2010@hotmail.com"
"Talento , Resolvedor , Organizador","02869375492","Talento","não","FLAMMARION MOURA CYSNEIROS JR","//2eb0cd16e008139946c2510a2de49dd6.cdn.bubble.io/f1764346034301x445692654199587140/Foto%20FLAMMA%202025.jpeg","","flammarion@cysneiros.com.br"
"Talento , Resolvedor , Organizador","04628059489","Talento","não","VERA LUCIA DE MEDEIROS SANTOS","","","vsnutri16@gmail.com"
"Talento , Resolvedor , Organizador","10985851430","Talento","não","MARIA CECÍLIA MOREIRA RÊGO","","","ceciliamoreirar@gmail.com"
"Talento","08888250484","Talento","não","CINTHIA RENATA DE SOUZA E SILVA","","","cinthiarenatasouza@gmail.com"
"Talento , Resolvedor , Organizador","33556703831","Talento","não","CARLOS RODRIGO LOPES SILVA","","0E#;8isA","carllos_si@yahoo.com.br"
"Talento , Resolvedor , Organizador","00191561541","Talento","não","JACSON MACHADO NUNES","","","jacson@ufrb.edu.br"
"Talento , Resolvedor , Organizador","09265290480","Talento","não","MATEUS GOMES DE MELO","//2eb0cd16e008139946c2510a2de49dd6.cdn.bubble.io/f1765551880590x976719186981832800/1765072775126.jpg","","mateusmelo500@gmail.com"
"Talento , Resolvedor , Organizador","11371300402","Resolvedor","não","MARIA CLARA DE BRITO CARVALHO","","","mclara.britocarvalho@gmail.com"
"Talento , Resolvedor , Organizador","02783176424","Talento","não","JOSIELMA CLAUDIA CAVALCANTI DE ALBUQUERQUE","","3E:mE_j4","js_artesefestas@yahoo.com.br"
"Talento","05147818405","Talento","não","PAMELA CONSUELO CASTRO E SANT ANNA","","","pamelaconsuelocastro@gmail.com"
"Talento , Resolvedor , Organizador","70896754162","Talento","não","KAUAN DIVINO POUSO MARIANO","","","kauandivino10@hotmail.com"
"Talento , Resolvedor , Organizador","04572102490","Talento","não","MARTINS SOUZA","","","geisielmartins@getsolucoes.com.br"
"Talento","06021621492","Talento","não","IGOR PAIVA DE SOUZA","","","igpaiva@hotmail.com"
"Talento , Resolvedor , Organizador","83233652453","Talento","não","CARLOS AUGUSTO OLIVEIRA ROCHA","//2eb0cd16e008139946c2510a2de49dd6.cdn.bubble.io/f1766229854889x834749160608433400/Avatar-CR.png","","carlosrocha@disporenergia.com.br"
"Talento , Resolvedor , Organizador","83233652453","Resolvedor","não","CARLOS AUGUSTO OLIVEIRA ROCHA","//2eb0cd16e008139946c2510a2de49dd6.cdn.bubble.io/f1766233119441x492002697346466600/Avatar-CR.png","V?jI;1h1","rochacao@gmail.com"
"Talento , Resolvedor","12787071406","Resolvedor","não","EVELLYN VITORIA DE LIMA QUEIROZ","","nP~4K3{q","evellynvitorialimaa@gmail.com"
"Talento , Resolvedor , Organizador","90887328415","Talento","não","ROSIANE JANAINA DE SENA","","","rjanainas@outlook.com"
"Talento","16845694869","Talento","não","ELISABETH BUENO","","","lisabueno28@gmail.com"
"Talento","02351806026","Talento","não","MARIA FERNANDA MILAO FUSCALDO","","","nandafuscaldo@gmail.com"
"Talento , Resolvedor , Organizador","64956113315","Resolvedor","não","JOSE JEOVA ABREU DE MELO JUNIOR","","]07@kZzM","jeovamelo@gmail.com"
"Talento , Resolvedor , Organizador","00855418346","Talento","não","CAMILA MEDEIROS PINHEIRO","","","camilamp85@gmail.com"
"Talento","04523441405","Talento","não","HOBEDES DE ALBUQUERQUE ALVES","","","hobedes@hotmail.com"
"Talento , Resolvedor , Organizador","10978485408","Talento","não","CAIO VIRGINIO LOPES CAVALCANTI","","","calopesengenharia@gmail.com"
"Talento","13451206480","Talento","não","BRENNO FRANCA MALAFAIA BARBOZA DE CASTRO","","","brennosds@gmail.com"
"Talento , Resolvedor , Organizador","04031370474","Talento","não","MÁRIO GOUVEIA JÚNIOR","","","gouveia.historiador@gmail.com"
"Talento","08857586413","Talento","não","GEICIANFRAN DA SILVA LIMA ROQUE","","","geicianroque@gmail.com"
"Talento , Resolvedor , Organizador","24064963415","Talento","não","FRANCISCO ABUD NASCIMENTO","","","abud.redes@gmail.com"
"Talento , Resolvedor , Organizador","71730388477","Resolvedor","não","KEVIN ARAUJO DE MESQUITA","","","kevin.araujo.mesquita@gmail.com"
"Talento , Resolvedor , Organizador","06334585380","Resolvedor","não","SAMUEL DOS SANTOS SOUSA","","Ou2:[i4Y","samuelst373@gmail.com"
"Talento , Resolvedor , Organizador","04469182966","Resolvedor","não","Jefferson Lima","//2eb0cd16e008139946c2510a2de49dd6.cdn.bubble.io/f1769686996755x115931812997527300/images%20%281%29.jfif",">jY9S4}b","educagiz@gmail.com"
"Talento , Resolvedor , Organizador","08307188342","Talento","não","JAMES DA SILVA DELGADO JUNIOR","","","jjdubmix15@gmail.com"
"Talento , Resolvedor","07177284478","Resolvedor","não","WELLINGTON TIAGO DA SILVA","","a]6tD>7H","profwelltiago@gmail.com"
"Talento","02487830506","Talento","não","MARIO CESAR CARNEIRO DE SANTANA","","","mcesarcarneiro@gmail.com"
"Talento","71572294477","Talento","não","DAVI GABRIEL CABRAL SOARES","","","davigabriel8895@gmail.com"
"Talento","09756339454","Talento","não","MATHEUS LEITE RAMOS","","","matheusramosee@gmail.com"
"Talento , Resolvedor , Organizador","36277967487","Talento","não","IRAN VICENTE DOS SANTOS","","","idossantos@hotmail.com"
"Talento , Resolvedor","70387555447","Resolvedor","não","MATHEUS JOHANN","","6aFWp6{[","matheusjohannaraujo@gmail.com"
"Talento , Resolvedor , Organizador","66670721404","Talento","não","ANDRÉ LUIZ GOMES DA SILVA","//2eb0cd16e008139946c2510a2de49dd6.cdn.bubble.io/f1773249195188x767702830085215600/andre.jpg","","andre.algs@hotmail.com"
"Talento","71066817413","Talento","não","ISABELLY DE SOUSA PARAGUAIO","","","isabelyalves879@gmail.com"
"Talento , Resolvedor , Organizador","09738106451","Resolvedor","não","ELVIS VINICIUS DE LIMA SANTOS","//2eb0cd16e008139946c2510a2de49dd6.cdn.bubble.io/f1773449232551x809625423791972600/528322622_18014253071775843_1863613029935646982_n.jpg","7oW1!tJ+","elvisdelima.com.br@gmail.com"
"Talento , Resolvedor","14375062401","Resolvedor","não","RODRIGO TORRES MARQUES RODRIGUES","","QF[6p0?c","rodrigotorres.mr@gmail.com"
"Talento , Resolvedor","093854447483","Resolvedor","não","Gabriel Chamie Alves de Souza Filho","","","vibegrow@beg.app.br"
"Talento , Resolvedor , Organizador","37225847449","Talento","não","FLAVIO SINESIO DOS SANTOS","","","flaviosinesio11@gmail.com"
"Talento , Resolvedor , Organizador","08286569407","Talento","não","JOAO VICTOR MAROJA MARIZ","//2eb0cd16e008139946c2510a2de49dd6.cdn.bubble.io/f1774302749021x244282798288944830/Foto%20Institucional%20Jo%C3%A3o%20Victor.jpg","","jvmaroja@outlook.com"
"Organizador","08502187481","","não","Damião Alves Feitosa ","","","damiaoav2015@gmail.com"
"Organizador","08331507401","","não","Sonniery gleicyelly Azevedo Nunes","//2eb0cd16e008139946c2510a2de49dd6.cdn.bubble.io/f1774456325149x359193394526488260/1001340362.webp","","sonnieryazevedo003@gmail.com"
"Talento","82283915449","Talento","não","LUIZ GUSTAVO RODRIGUES JUVENAL","","","gugahnd@gmail.com"
"Talento , Resolvedor , Organizador","15089580413","Talento","não","ITALO AUGUSTO SOARES E MELO","","","italoaugustosoaresemelo@gmail.com"
"Talento , Resolvedor , Organizador","06035782680","Talento","não","JEFFERSON WELLINGTON DA CUNHA","","","jwcunha@gmail.com"
"Talento , Resolvedor , Organizador","70321896440","Resolvedor","não","ALBA MORGANA DOS SANTOS BENÍCIO","","?H@2Yi7v","albamorgana9@gmail.com"
"Resolvedor","034.332.954-92","Resolvedor","não","","","","hostparkstartup@gmail.com"
"Talento , Resolvedor","79342213472","Resolvedor","sim","FILIPE","","Bi>5#3lW","filipepessoa1973@gmail.com"
"Talento , Resolvedor","12453531441","Resolvedor","não","ANA BEATRIZ TEODORO DA SILVA","","1+b/p9JX","anaabeatrizteodoro@gmail.com"
"Resolvedor","06375079594","Resolvedor","não","Thais de Almeida Gomes Santos Hiramine","","","thaisiupimkt@gmail.com"
"Resolvedor","05603744456","Resolvedor","não","Filipe Durando","","","filipe@soulmarca.com.br"
"Resolvedor , Talento , Organizador","04157447417","Resolvedor","não","Ornellia","","vX6_}hD9","ornelliamenezes@hotmail.com"
"Talento , Resolvedor , Organizador","","Resolvedor","não","","","Iu]zD1+1","danilosobati@gmail.com"
"Resolvedor","04950076337","Resolvedor","não","Ilana","","","ilanakssantos@gmail.com"
"Resolvedor","07626717422","Resolvedor","não","Amanda Ferreira de Almeida","","","amanda.ferreira@gmail.com"
"Resolvedor","77032128491","Resolvedor","não","Jairo Gonçalves Lima Filho","","","jairolimafilho@gmail.com"
"Talento , Resolvedor , Organizador","01133164455","Talento","não","VILMAR SANTOS NEPOMUCENO","","","vnepomuceno@gmail.com"
"Talento , Resolvedor , Organizador","11062583477","Talento","não","CASSIO CESAR SILVA DE HOLANDA","","","cassioholanda@outlook.com"
"Resolvedor","03812017407","Resolvedor","não","","","","americo@escribo.com"
"Resolvedor , Talento , Organizador","81992798437","Resolvedor","não","Agenor Torres","","","contato@ecolote.com.br"
"Talento , Resolvedor , Organizador","09867126475","Talento","não","GUILHERME PARADISO DE LIMA MARINHO","","","guiparadiso2006@gmail.com"
"Resolvedor","33726445811","Resolvedor","não","Michael Roberto de Athayde Pereira Gaviao","","","dinatreinamentos@gmail.com"
"Talento","10855878436","Talento","não","WESLEY LOPES DE MORAIS","","","wesley.morais@facepe.br"
"Resolvedor","01621982483","Resolvedor","não","Alvaro Antonio Ochoa Villa","","","ochoaalvaro@recife.ifpe.edu.br"
"Resolvedor","","Resolvedor","não","Livia Vilar Lemos","","","livia.lemos@facepe.br"
"Resolvedor , Talento , Organizador","09948425464","Talento","não","Miriam Kézia Nicolau Gregório de Oliveira","","","miriam.kezia@ufpe.br"
"Resolvedor","09567493480","Resolvedor","não","Edivone Araújo","","","edhyvone.araujo@gmail.com"
"Talento , Resolvedor , Organizador","12000684408","Talento","não","ANTONIO VELOSO DE PAULA","","","antonioveloso.ra@gmail.com"
"Resolvedor","16356867418","Resolvedor","não","Ester Vitoria Reis de Lima","","","estervrl06@gmail.com"
"Resolvedor","12321321321","Resolvedor","não","","","","cececec@gmail.com"
"Resolvedor","05600476493","Resolvedor","não","BEATRIZ ELIZABETH OLIVEIRA DO NASCIMENTO","","","startgosolutions@gmail.com"
"Talento , Resolvedor , Organizador","13814015460","Talento","não","LIANDRO WESLEY ANILDO ROSENDO DA SILVA","//2eb0cd16e008139946c2510a2de49dd6.cdn.bubble.io/f1776092313056x356283768603291600/59675009%20%281%29.jpeg","","liandro.silva@outlook.con"
"Resolvedor","71490609431","Resolvedor","não","Rafael Paulo da Silva Soares","","","rpss1@discente.ifpe.edu.br"
"Resolvedor , Talento , Organizador","06659134433","Resolvedor","não","joao Henrique da silva santos ","","","joaohenriquessantos43@gmail.com"
"Talento , Resolvedor , Organizador","12637588780","Resolvedor","não","WILLIAM DA SILVA MACEDO FORMAGIO","","Pd7X]{7x","wmacedo.eng@gmail.com"
"Talento , Resolvedor","13307520407","Resolvedor","não","Wesley Anthony Gomes Botelho de Melo","","","wesleyanthonygomes@gmail.com"
"Resolvedor","1111111111111111111111111111111111111111111111111111111","Resolvedor","não","asdf","","","tyuioiuyiuoyouiyiuo@asdasda.com"
"Resolvedor","11111111111","Resolvedor","não","asdf","","","11111@gmail.com.br"
"Resolvedor","","Resolvedor","não","","","","ofig.lucas@gmail.com"
"Resolvedor","","Resolvedor","não","fasdfasdf","","","asdfasdf@asdfasdf.com"
"Talento","11441541462","Talento","não","ESTELA DE LACERDA OLIVEIRA","","","esteladelac.oli@gmail.com"
"Talento , Resolvedor , Organizador","71170821430","Talento","não","LUIZY MOURA","","","luizy.moura2231@gmail.com"
"Resolvedor","04573029419","Resolvedor","não","Lourenço Paes Barreto","","","lourencolpb@hotmail.com"
"Resolvedor","38140099830","Resolvedor","não","Ricardo Queiroz","","","ricardo@florainsights.com.br"
"Talento , Resolvedor , Organizador","12103895410","Resolvedor","não","Francisco Marcelo de Alencar Maia","","M+y3h!2M","matheus_biel@outlook.com"
"Talento , Resolvedor","60994703449","Resolvedor","não","RICARDO RODRIGUES DE SOUZA MENDONÇA","","@Sj~2Qt4","ricardo.rs.mendonca@gmail.com"
"Talento","58648070449","Talento","não","ANTONIO MEDEIROS LEAL","","","lealantoniomedeiros@gmail.com"
"Resolvedor","12988320470","Resolvedor","não","Lindomara Cristina Félix da Silva","","","lindomaracristina16@gmail.com"
"Talento , Resolvedor , Organizador","40009284818","Talento","não","PAULO CHAGAS DE CASTRO FILHO","","","paulo.chagas@metalcore.com.br"
"Talento","09948425464","Talento","não","MIRIAM KEZIA NICOLAU GREGORIO DE OLIVEIRA","","","miriamkezia2013@gmail.com"
"Talento , Resolvedor , Organizador","09655376419","Talento","não","WALTER DE MACEDO RODRIGUES","","","waltermr@outlook.com.br"
"Resolvedor","043.334.413-07","Resolvedor","não","Francisco Marcelo de Alencar Maia","","","francisco.maia@ufpe.br"
"Resolvedor","15159491848","Resolvedor","não","Joseane Terto de Souza Uema","","","joseane.terto@gmail.com"
"Talento","12560311437","Talento","não","EDIL DIAS NETO","","","edil.dias@outlook.com"
"Talento , Resolvedor , Organizador","06740106479","Talento","não","SOYA HONDA IWATA","","","shiol003@gmail.com"
"Talento , Resolvedor , Organizador","05016442452","Talento","não","INGRID VIEIRA SILVA","","","ingridvie.ads@gmail.com"
"Talento , Resolvedor","15762164462","Resolvedor","não","GAEL RENE GOMES DA SILVA","","9u/CiM0{","gael.rens@gmail.com"
"Talento , Resolvedor , Organizador","70263806138","Talento","não","MATEUS SOUSA NASCIMENTO","","","mateusnascim9@gmail.com"
"Talento , Resolvedor , Organizador","49180665500","Talento","não","LUÍS CLÁUDIO DA CONCEIÇÃO CORREIA NULL","","","luis.correia@engesol.eco.br"
"Talento , Resolvedor , Organizador","11747183407","Talento","não","ALEX PEREIRA SALVADOR DA SILVA","//2eb0cd16e008139946c2510a2de49dd6.cdn.bubble.io/f1777622481755x173012902200217150/Captura%20de%20Tela%202026-04-14%20a%CC%80s%2009.42.09.png","","alex.psilva@hotmail.com"
"Resolvedor","09690457780","Resolvedor","não","Anderson Marcelo Fernandes Luiz","","","anderson@deliverydasfavelas.com.br"
"Talento","70872000460","Talento","não","EMANUELLY ARAUJO ALVES DE LIMA","","","deboralima-27@hotmail.com"
"Talento , Resolvedor , Organizador","05074866413","Talento","não","ISABELE GOUVEIA MUNIZ","","","isabele_muniz@hotmail.com"
"Talento , Resolvedor , Organizador","09475805737","Resolvedor","não","EDSON POLONI LOBO DE AGUIAR","","?S6Zz_n9","edloboproducoes@gmail.com"
"Talento , Resolvedor , Organizador","71409991474","Talento","não","GABRIELA LEITE DE ANDRADE LIMA","","lH#88z/Y","gabileite2007@gmail.com"
"Talento , Resolvedor , Organizador","15511275719","Resolvedor","não","JONATA MARTINS RODRIGUES","","9h0_rC{Q","jonrodriguesgd@gmail.com"
"Talento , Resolvedor","09142715474","Resolvedor","não","CLECIO","","]v4X1{gT","chmm@cin.ufpe.br"
"Talento , Resolvedor , Organizador","08963613496","Talento","não","LUIZ EDUARDO GOIS DA ROCHA","","","eduardogois04@gmail.com"
"Talento , Resolvedor","13810552496","Resolvedor","não","THIAGO WIVYSON PEREIRA DA SILVA","","zL8P#p5!","thiagowivyson02@gmail.com"
"Talento","09283292405","Talento","não","GISELA BURLE COSENTINO","","","gisela.burle@dafonteadv.com.br"
"Resolvedor","781.590.594-34","Resolvedor","não","José Carlos Pacheco dos Santos","","","jose.cpsantos@ufrpe.br"
"Talento","68702434415","Talento","não","MAVIAEL JAQUES DOS SANTOS JUNIOR","","","maviaeljaques.sol@gmail.com"
"Resolvedor","68702434415","Resolvedor","não","MAVIAEL JAQUES DOS SANTOS JUNIOR","","","contato@sinaplex.com"
"Resolvedor","866497294449","Resolvedor","não","","","","kriyatech.digital@gmail.com"
"Talento , Resolvedor","02957837455","Resolvedor","não","LEONARDO FIGUEIREDO DA SILVA","","PstY];78","shalommultimarcas@live.com"
"Talento , Resolvedor , Organizador","05101216402","Resolvedor","não","LUCIANA DO NASCIMENTO OLIVEIRA FERNANDES","//2eb0cd16e008139946c2510a2de49dd6.cdn.bubble.io/f1780505616348x102945442129238180/Design%20sem%20nome%20%2816%29.png","5@:GAs3o","lucianadelavec@gmail.com"
"Talento , Resolvedor , Organizador","05325604341","Talento","não","GISELLE DA CRUZ DE ALMEIDA","","9cH_[P3c","giselly_@hotmail.com"
"Talento , Resolvedor , Organizador","11135922497","Talento","não","ERICK ARAKEN VIEIRA GOMES","","","erickaraken@gmail.com"
"Resolvedor","11135922497","Resolvedor","não","Erick Araken Vieira Gomes","","","fogareutech@gmail.com"
"Talento , Resolvedor , Organizador","90183711572","Talento","não","ANTONIO DANIEL GOMES DA COSTA LYRIO","","","adgclyrio@gmail.com"
"Resolvedor","33726445811","Resolvedor","não","Michael Roberto de Athayde Pereira Gavião","","","michaelrapgaviao@gmail.com"
"Talento , Resolvedor , Organizador","00875305547","Resolvedor","não","FERNANDO GONCALVES MARIANO FILHO","","","contatomariano@gmail.com"
"Talento , Resolvedor , Organizador","05034845989","Talento","não","VITOR FERNANDO COUTO","","","vitorfc@weg.net"
"Talento , Resolvedor , Organizador","07393185199","Talento","não","ANTONIO ORDONES NETO","","","antonioordones03@gmail.com"
"Resolvedor","072.327.884-95","Resolvedor","não","","","","marcio.arcanjo@arcanjoecompany.com"
"Talento , Resolvedor , Organizador","10868424480","Resolvedor","sim","DANIELLA DE PADUA WALFRIDO AGUIAR","","!9{MU7vb","dani_walfrido@hotmail.com"
"Talento","87075504134","Talento","não","ANDRESSA DOS SANTOS SERAVALLI","","","a.s.seravalli@gmail.com"
"Talento , Resolvedor , Organizador","57873534472","Resolvedor","não","JOMAR SIQUEIRA GOMES","//2eb0cd16e008139946c2510a2de49dd6.cdn.bubble.io/f1779114880542x944110569351144400/Jomar%203x4%20.jpg","?@Wu9i9S","jomarsgomes@gmail.com"
"Resolvedor","","Resolvedor","não","eeqewqewqew","","","qweqweqwew@gmail.com"
"Resolvedor , Talento , Organizador","07910643608","Talento","não","CLAUDIO HENRIQUE CARDOSO MARTINS","","O7!7r:Nq","chcm15@gmail.com"
"Talento , Resolvedor , Organizador","11763575497","Talento","não","CINTHIA CAROLINE BORGES BATISTA DOS SANTOS","//2eb0cd16e008139946c2510a2de49dd6.cdn.bubble.io/f1779151807722x876262492928585600/WhatsApp%20Image%202026-04-09%20at%2018.19.39.jpeg","","cinthiaborges@outlook.com"
"Resolvedor","","Resolvedor","não","Diogo Cristovão de Barros Cavalcanti","","","diogobarros.cavalcanti@gmail.com"
"Talento , Resolvedor , Organizador","06668366392","Talento","não","SABRINNA SANTOS DE MOURA","","","sabrinna.moura7@gmail.com"
"Talento , Resolvedor , Organizador","02781437174","Talento","não","GUILHERME TAVARES","//2eb0cd16e008139946c2510a2de49dd6.cdn.bubble.io/f1779217814019x876113554049444000/%F0%9F%92%A1%E2%9C%A8%20O%20painel%20%E2%80%9CIdeias%20Inovadoras%20e%20Colaboratividade-%20Conectando%20Pessoas%2C%20Maratonas%20e%20Comunidades%E2%80%9D%20%282%29.jpg","","tavaresgmg@gmail.com"
"Resolvedor","05300335347","Resolvedor","não","THALITA DE SOUSA LUCENA","","","thalita.lucena@wokibi.com"
"Resolvedor , Talento , Organizador","05901171497","Talento","não","Agenor Torres","","","agenor.torres@ecoenergiza.com.br"
"Talento , Resolvedor","04686821479","Talento","não","LILIAN BARBOSA GOMES","","_Eu1B+y3","lilianbgomes@hotmail.com"
"Talento , Resolvedor , Organizador","69715408168","Talento","não","EDGMARA GIORDANI CAMICIA","","","edgmara.giordani@gmail.com"
"Talento , Resolvedor , Organizador","49769847453","Resolvedor","não","JOSELITA JUDITE DE SOUZA","//2eb0cd16e008139946c2510a2de49dd6.cdn.bubble.io/f1779818321681x921082411923059800/835ec228-5482-4b92-961d-c8616f537eb0.png","Z9+Luj4{","joselitajuditedesouza@gmail.com"
"Resolvedor","781.590.594-34","Resolvedor","não","José Carlos Pacheco dos Santos","","","se.cpsantos@ufrpe.br"
"Talento , Resolvedor , Organizador","05332277474","Resolvedor","sim","Ticiano Tôrres Gadêlha","","7p8i_<QY","ticianogadelha@hotmail.com"
"Resolvedor","15511275719","Resolvedor","não","Jonata Rodrigues","","","vezz@vezzapp.com.br"
"Resolvedor","","Resolvedor","não","Isaque Domingos Santana silva","","","isaqueeln11@gmail.com"
"Talento , Resolvedor , Organizador","13435542411","Talento","não","ISAQUE DOMINGOS SANTANA SILVA NULL","","","isaquedomingos11@gmail.com"
"Resolvedor , Talento , Organizador","10336902441","Talento","não","Eliabe Matos da Silva","//2eb0cd16e008139946c2510a2de49dd6.cdn.bubble.io/f1779658192266x926415950462849300/1000202560.jpg","","stellar.0org@gmail.com"
"Resolvedor","113.952.764-98","Resolvedor","não","Manuelle Graciano Ferreira","","","exatamedtech@gmail.com"
"Talento","06488223623","Talento","não","PAULO VITOR GUERRA","","","paulo.guerra@iebtinnovation.com"
"Resolvedor","14363044829","Resolvedor","não","Patricia Maria Figueiredo ","","","patriciaf@somosasoma.com.br"
"Resolvedor","076.499.896-07","Resolvedor","não","Pamella Faustina Campos","","","k@gmail.com"
"Resolvedor","45374715810","Resolvedor","não","Tayna Trombin","","","taynatrombin@gmail.com"
"Resolvedor","70591332400","Resolvedor","não","Lucas Vinicius De Melo Lima","","","lucasvinicius@bracoforteconcierge.com.br"
"Resolvedor","","Resolvedor","não","Lucas Ribeiro de Oliveira Silva","","","ribosilucas@gmail.com"
"Talento","70600829480","Talento","não","BRUNO FERNANDO DE OLIVEIRA","","","thxbruno@hotmail.com"
"Talento , Resolvedor , Organizador","05168594638","Resolvedor","sim","ELENA MARIA DUARTE DE OLIVEIRA","","u8H?/2Bf","elena.oliveira@wylinka.org.br"
"Talento , Resolvedor","01786167611","Resolvedor","sim","YAANKHA BHARBARA ALLECXANDRIA BERNARDO DA S BARBOSA CARDOSO","","2p:@l2IJ","yaankha@wylinka.org.br"
"Resolvedor","","Resolvedor","não","CARLOS FREDERICO COSTA GIANI","","","carlosgiani@yahoo.com.br"
"Resolvedor","08192542408","Resolvedor","não","Maelyson Rolim Fonseca dos Santos","","","dint@reitoria.ifpe.edu.br"
"Talento , Resolvedor , Organizador","09418224437","Resolvedor","não","CAMILA REBECA DE MOURA CELESTINO","//2eb0cd16e008139946c2510a2de49dd6.cdn.bubble.io/f1780586746678x367624825382374600/Camila%20Celestino.jpg","]]UT0m4r","milabeka@hotmail.com"
"Resolvedor","080.984.799-00","Resolvedor","não","LAURA CAON VORTMANN ","","","laura.caon@hotmail.com"
"Resolvedor","","Resolvedor","não","Luiz Eduardo Gois da Rocha","","","contato@manguehouse.com"
"Resolvedor","05936579506","Resolvedor","não","","","","contato@sorisinhos.com.br"
"Resolvedor","","Resolvedor","não","Pedro Henrique de Melo Albuquerque","","","expedromelo@gmail.com"
"Resolvedor","22135842818","Resolvedor","não","Peedro Valadão Carelli","","","pedro.carelli@upfe.br"
"Talento","70638815401","Talento","não","GUILHERME LOPES PEREIRA","","","guilherme.glp0309@gmail.com"
"Talento , Resolvedor , Organizador","03274622486","Talento","não","ANANIAS DOS SANTOS GOMES JUNIOR","","","ananiasjr.pe@gmail.com"
"Resolvedor","","Resolvedor","não","Audri Rian Cordeiro Carvalho Alves","","","audririan1@gmail.com"
"Resolvedor","839.516.601-04","Resolvedor","não","Luciana Elizabeth da Mota Távora","","","luciana.tavora@cetene.gov.br"
"Resolvedor","","Resolvedor","não","RAFAEL ALEXANDRE PEREIRA RODRIGUES","","","rrodrigues191207@gmail.com"
"Talento , Resolvedor , Organizador","57957568149","Resolvedor","sim","ANDRÉ LUIZ MONTEIRO DE ARAÚJO","//2eb0cd16e008139946c2510a2de49dd6.cdn.bubble.io/f1780339340823x581255030078780900/IMG_5982.jpeg","78N]ye{G","andrelma@me.com"
"Resolvedor","16982146855","Resolvedor","não","Oldimar Cardoso","","","oldimar@gmail.com"
"Resolvedor","75524899520","Resolvedor","não","Mardo David Oliveira e Silva Carneiro","","","mardo@fluid-ti.com"
"Talento , Resolvedor , Organizador","04878488107","Talento","não","BÁRBARA TATIANE DIAS DOS SANTOS","","","barbaratatiane56@gmail.com"
"Resolvedor","","Resolvedor","não","Camila Rebeca de Moura Celestino","","","camilarmcelestino@gmail.com"
"Resolvedor","05340321681","Resolvedor","não","kÁTIA ADRIANA CARDOSO DE OLIVEIRA","","","katiacardosolgpd@gmail.com"
"Resolvedor","00774573406","Resolvedor","não","FLÁVIA PEREIRA DE ARAÚJO AGOSTINHO","","","crieativosfinanceiros@gmail.com"
"Resolvedor","06906423690","Resolvedor","não","Gabriel Fernandes Lima","","","mapion.app@gmail.com"
"Talento , Resolvedor , Organizador","86497294449","Talento","não","GUSTAVO HENRIQUE CUNHA BARRETO","",">dV7/H5c","ghbarreto@uol.com.br"
"Talento , Resolvedor , Organizador","10973735414","Talento","sim","MAÍRA LOURENÇO DE MELO","","","lourenco.melomaira@gmail.com"
"Talento","14445600423","Talento","não","FABIO HENRIQUE OLIVEIRA DE LIMA","","","fabiooliveiral2020@gmail.com"
"Talento , Resolvedor , Organizador","10037367420","Talento","não","SUSANE RAPAHAELLA  DA SILVA","//2eb0cd16e008139946c2510a2de49dd6.cdn.bubble.io/f1780425521192x251390588947950850/IMG_1303.jpeg","","susaneraphaella@gmail.com"
"Resolvedor","95012141415","Resolvedor","não","","","","ledhenrique@gmail.com"
"Talento","05014907369","Talento","não","GABRIEL LUCAS DE OLIVEIRA XAVIER","","","gabrielluck492@gmail.com"
"Talento , Resolvedor , Organizador","12951202407","Talento","não","MARIANE ELISA DOS SANTOS SOUZA","","","mari8elisa@gmail.com"
"Talento , Resolvedor , Organizador","04243283486","Talento","não","SAULO JOSÉ CARVALHO ROCHA","","","saulocrocha@hotmail.com"
"Talento","12560311437","Talento","não","EDIL DIAS NETO","","","edil.dias@icloud.com"
"Talento , Resolvedor , Organizador","36877709829","Talento","não","RAFAEL CARVALHO DE FASSIO","","","rcfassio@hotmail.com"
"Talento , Resolvedor , Organizador","03893164405","Talento","não","RAFAEL ALEXANDRE PEREIRA RODRIGUES NULL","","{]4w4jKN","rrodrigues1912@gmail.com"
"Resolvedor","","Resolvedor","não","Guilherme carneiro lins lira almeida","","","contato@conectaoficina.com.br"
"Talento","11589172442","Talento","não","VIVIAN MARIA DO NASCIMENTO AZEVEDO","","","vivianazevedo2007@gmail.com"
"Talento , Resolvedor","07385149340","Resolvedor","não","Janaina da Cruz Carvalho","","","janainacruzcarvalho@gmail.com"
"Talento , Resolvedor","75524899520","Resolvedor","não","MARDO DAVID OLIVEIRA E SILVA CARNEIRO","","?7p<I0pK","mardodavid@gmail.com"
"Talento","06930275417","Talento","não","KAMILA FERNANDA FERREIRA DA CUNHA QUEIROZ","","","kamilafqueiroz@gmail.com"
"Resolvedor","077.481.034-37","Resolvedor","não","","","","sotero@topideias.com.br"
"Resolvedor","70612384454","Resolvedor","não","Bruno Sales Meireles Filho","","","salesmbrunof@gmail.com"
"Talento","10524254451","Talento","não","PEDRO LUCAS SILVA MACIEL AURELIANO","","","pedro.aureliano95@gmail.com"
"Talento","70612384454","Talento","não","BRUNO SALES MEIRELES FILHO","","","bruninho.meireles.filho@gmail.com"
"Resolvedor","053.256.043-41","Resolvedor","não","","","","agroinovaagtech@gmail.com"
"Talento , Resolvedor , Organizador","09283872401","Talento","não","GUSTAVO GERALDO CAMPOS DA SILVA","//2eb0cd16e008139946c2510a2de49dd6.cdn.bubble.io/f1784243331943x971662575602130400/foto%20linda.PNG","","gustavogeraldo14@gmail.com"
"Resolvedor","","Resolvedor","não","Gabriel Maciel Burgo","","","burgog93@gmail.com"
"Resolvedor","029.752.414-37","Resolvedor","não","","","","nelliapsi@gmail.com"
"Talento","09705986452","Talento","não","GABRIEL MACIEL BURGO","","","gmbhard@gmail.com"
"Talento","11345014635","Talento","não","ALENA MARTINS","","","uxalenadesign@gmail.com"
"Resolvedor","05101216402","Resolvedor","não","","","","luciana@floxhub.com.br"
"Talento","06317511497","Talento","não","FELIPE BRENNICHI","","","felipeholanda@gmail.com"
