"desafio","Mentor-nome","proposta-media","proposta-nome","proposta-score","Creation Date","Modified Date"
"Como podemos prover acessibilidade visual de forma escalável, sustentável e economicamente viável, utilizando tecnologias emergentes que proporcionem autonomia e inclusão para pessoas cegas e com baixa visão?","FERNANDO ANTONIO NUNES DE SOUZA","","Passo com Vos - Adapt-Free","3,15","Jul 8, 2025 5:55 pm","Jul 8, 2025 5:55 pm"
"Como podemos prover acessibilidade visual de forma escalável, sustentável e economicamente viável, utilizando tecnologias emergentes que proporcionem autonomia e inclusão para pessoas cegas e com baixa visão?","OTO BUREGIO DE LIMA","1"," ALEXANDRE GUEDES RIBEIRO","1","Jul 8, 2025 5:55 pm","Jul 8, 2025 5:55 pm"
"Como podemos prover acessibilidade visual de forma escalável, sustentável e economicamente viável, utilizando tecnologias emergentes que proporcionem autonomia e inclusão para pessoas cegas e com baixa visão?","OTO BUREGIO DE LIMA","3,17","Passo com Vos - Adapt-Free","3,15","Jul 8, 2025 5:55 pm","Jul 8, 2025 5:55 pm"
"Como podemos prover acessibilidade visual de forma escalável, sustentável e economicamente viável, utilizando tecnologias emergentes que proporcionem autonomia e inclusão para pessoas cegas e com baixa visão?","OTO BUREGIO DE LIMA","3,75","VER-TI MOBILIDADE URBANA LTDA","2,62","Jul 8, 2025 5:55 pm","Jul 8, 2025 5:55 pm"
"Como podemos prover acessibilidade visual de forma escalável, sustentável e economicamente viável, utilizando tecnologias emergentes que proporcionem autonomia e inclusão para pessoas cegas e com baixa visão?","OTO BUREGIO DE LIMA","3,67","Heyde Leão de Souza","3,98","Jul 8, 2025 5:55 pm","Jul 8, 2025 5:55 pm"
"Como podemos prover acessibilidade visual de forma escalável, sustentável e economicamente viável, utilizando tecnologias emergentes que proporcionem autonomia e inclusão para pessoas cegas e com baixa visão?","OTO BUREGIO DE LIMA","4,17","Synesthesia Vision ","4,35","Jul 8, 2025 5:55 pm","Jul 8, 2025 5:55 pm"
"Como podemos prover acessibilidade visual de forma escalável, sustentável e economicamente viável, utilizando tecnologias emergentes que proporcionem autonomia e inclusão para pessoas cegas e com baixa visão?","OTO BUREGIO DE LIMA","3,83","BOB","4,5","Jul 8, 2025 5:56 pm","Jul 8, 2025 5:56 pm"
"Como podemos prover acessibilidade visual de forma escalável, sustentável e economicamente viável, utilizando tecnologias emergentes que proporcionem autonomia e inclusão para pessoas cegas e com baixa visão?","OTO BUREGIO DE LIMA","3,58","Gralha Azul","4,42","Jul 8, 2025 5:56 pm","Jul 8, 2025 5:56 pm"
"Como podemos prover acessibilidade visual de forma escalável, sustentável e economicamente viável, utilizando tecnologias emergentes que proporcionem autonomia e inclusão para pessoas cegas e com baixa visão?","OTO BUREGIO DE LIMA","4,17","See U","3,67","Jul 8, 2025 5:56 pm","Jul 8, 2025 5:56 pm"
"Como podemos prover acessibilidade visual de forma escalável, sustentável e economicamente viável, utilizando tecnologias emergentes que proporcionem autonomia e inclusão para pessoas cegas e com baixa visão?","OTO BUREGIO DE LIMA","3,42","Vitor Gabriel Silva de Lima","3,4","Jul 8, 2025 5:56 pm","Jul 8, 2025 5:56 pm"
"Como podemos prover acessibilidade visual de forma escalável, sustentável e economicamente viável, utilizando tecnologias emergentes que proporcionem autonomia e inclusão para pessoas cegas e com baixa visão?","OTO BUREGIO DE LIMA","1","Pulsetec","1,58","Jul 8, 2025 5:56 pm","Jul 8, 2025 5:56 pm"
"Como podemos prover acessibilidade visual de forma escalável, sustentável e economicamente viável, utilizando tecnologias emergentes que proporcionem autonomia e inclusão para pessoas cegas e com baixa visão?","OTO BUREGIO DE LIMA","3,75","Brio: Mobilidade Segura para Pessoas com Deficiência","4,38","Jul 8, 2025 5:56 pm","Jul 8, 2025 5:56 pm"
"Como podemos prover acessibilidade visual de forma escalável, sustentável e economicamente viável, utilizando tecnologias emergentes que proporcionem autonomia e inclusão para pessoas cegas e com baixa visão?","OTO BUREGIO DE LIMA","3,42","Passo Seguro","4,33","Jul 8, 2025 5:56 pm","Jul 8, 2025 5:56 pm"
"Como podemos prover acessibilidade visual de forma escalável, sustentável e economicamente viável, utilizando tecnologias emergentes que proporcionem autonomia e inclusão para pessoas cegas e com baixa visão?","FERNANDO ANTONIO NUNES DE SOUZA","1,25","VER-TI MOBILIDADE URBANA LTDA","2,62","Jul 8, 2025 5:56 pm","Jul 8, 2025 5:56 pm"
"Como podemos prover acessibilidade visual de forma escalável, sustentável e economicamente viável, utilizando tecnologias emergentes que proporcionem autonomia e inclusão para pessoas cegas e com baixa visão?","FERNANDO ANTONIO NUNES DE SOUZA","4,58","Heyde Leão de Souza","3,98","Jul 8, 2025 5:56 pm","Jul 8, 2025 5:56 pm"
"Como podemos prover acessibilidade visual de forma escalável, sustentável e economicamente viável, utilizando tecnologias emergentes que proporcionem autonomia e inclusão para pessoas cegas e com baixa visão?","FERNANDO ANTONIO NUNES DE SOUZA","4,08","Synesthesia Vision ","4,35","Jul 8, 2025 5:56 pm","Jul 8, 2025 5:56 pm"
"Como podemos prover acessibilidade visual de forma escalável, sustentável e economicamente viável, utilizando tecnologias emergentes que proporcionem autonomia e inclusão para pessoas cegas e com baixa visão?","RAFAEL HENRIQUES PIMENTEL DE PAULA","1"," ALEXANDRE GUEDES RIBEIRO","1","Jul 8, 2025 5:56 pm","Jul 8, 2025 5:56 pm"
"Como podemos prover acessibilidade visual de forma escalável, sustentável e economicamente viável, utilizando tecnologias emergentes que proporcionem autonomia e inclusão para pessoas cegas e com baixa visão?","RAFAEL HENRIQUES PIMENTEL DE PAULA","2,25","Passo com Vos - Adapt-Free","3,15","Jul 8, 2025 5:56 pm","Jul 8, 2025 5:56 pm"
"Como podemos prover acessibilidade visual de forma escalável, sustentável e economicamente viável, utilizando tecnologias emergentes que proporcionem autonomia e inclusão para pessoas cegas e com baixa visão?","OTO BUREGIO DE LIMA","3,75","Vixsystem","4,5","Jul 8, 2025 5:56 pm","Jul 8, 2025 5:56 pm"
"Como podemos prover acessibilidade visual de forma escalável, sustentável e economicamente viável, utilizando tecnologias emergentes que proporcionem autonomia e inclusão para pessoas cegas e com baixa visão?","DALMÁRIO JOSÉ LIMA DE BARROS SILVA NETO","3,58","Passo com Vos - Adapt-Free","3,15","Jul 8, 2025 5:56 pm","Jul 8, 2025 5:56 pm"
"Como podemos prover acessibilidade visual de forma escalável, sustentável e economicamente viável, utilizando tecnologias emergentes que proporcionem autonomia e inclusão para pessoas cegas e com baixa visão?","RAFAEL HENRIQUES PIMENTEL DE PAULA","2,58","VER-TI MOBILIDADE URBANA LTDA","2,62","Jul 8, 2025 5:56 pm","Jul 8, 2025 5:56 pm"
"Como podemos prover acessibilidade visual de forma escalável, sustentável e economicamente viável, utilizando tecnologias emergentes que proporcionem autonomia e inclusão para pessoas cegas e com baixa visão?","DALMÁRIO JOSÉ LIMA DE BARROS SILVA NETO","1"," ALEXANDRE GUEDES RIBEIRO","1","Jul 8, 2025 5:56 pm","Jul 8, 2025 5:56 pm"
"Como podemos prover acessibilidade visual de forma escalável, sustentável e economicamente viável, utilizando tecnologias emergentes que proporcionem autonomia e inclusão para pessoas cegas e com baixa visão?","DALMÁRIO JOSÉ LIMA DE BARROS SILVA NETO","4,67","BoraVer","4,05","Jul 8, 2025 5:56 pm","Jul 8, 2025 5:56 pm"
"Como podemos prover acessibilidade visual de forma escalável, sustentável e economicamente viável, utilizando tecnologias emergentes que proporcionem autonomia e inclusão para pessoas cegas e com baixa visão?","OTO BUREGIO DE LIMA","3,58","Watt Consultoria","4,08","Jul 8, 2025 5:56 pm","Jul 8, 2025 5:56 pm"
"Como podemos prover acessibilidade visual de forma escalável, sustentável e economicamente viável, utilizando tecnologias emergentes que proporcionem autonomia e inclusão para pessoas cegas e com baixa visão?","DALMÁRIO JOSÉ LIMA DE BARROS SILVA NETO","2,92","VER-TI MOBILIDADE URBANA LTDA","2,62","Jul 8, 2025 5:56 pm","Jul 8, 2025 5:56 pm"
"Como podemos prover acessibilidade visual de forma escalável, sustentável e economicamente viável, utilizando tecnologias emergentes que proporcionem autonomia e inclusão para pessoas cegas e com baixa visão?","DALMÁRIO JOSÉ LIMA DE BARROS SILVA NETO","4,42","Heyde Leão de Souza","3,98","Jul 8, 2025 5:56 pm","Jul 8, 2025 5:56 pm"
"Como podemos prover acessibilidade visual de forma escalável, sustentável e economicamente viável, utilizando tecnologias emergentes que proporcionem autonomia e inclusão para pessoas cegas e com baixa visão?","OTO BUREGIO DE LIMA","3,75","enkode","4,25","Jul 8, 2025 5:56 pm","Jul 8, 2025 5:56 pm"
"Como podemos prover acessibilidade visual de forma escalável, sustentável e economicamente viável, utilizando tecnologias emergentes que proporcionem autonomia e inclusão para pessoas cegas e com baixa visão?","DALMÁRIO JOSÉ LIMA DE BARROS SILVA NETO","4,92","Synesthesia Vision ","4,35","Jul 8, 2025 5:56 pm","Jul 8, 2025 5:56 pm"
"Como podemos prover acessibilidade visual de forma escalável, sustentável e economicamente viável, utilizando tecnologias emergentes que proporcionem autonomia e inclusão para pessoas cegas e com baixa visão?","OTO BUREGIO DE LIMA","4,75","Tech3","4,68","Jul 8, 2025 5:56 pm","Jul 8, 2025 5:56 pm"
"Como podemos prover acessibilidade visual de forma escalável, sustentável e economicamente viável, utilizando tecnologias emergentes que proporcionem autonomia e inclusão para pessoas cegas e com baixa visão?","OTO BUREGIO DE LIMA","3,92","Visão e ritmo","3,83","Jul 8, 2025 5:56 pm","Jul 8, 2025 5:56 pm"
"Como podemos prover acessibilidade visual de forma escalável, sustentável e economicamente viável, utilizando tecnologias emergentes que proporcionem autonomia e inclusão para pessoas cegas e com baixa visão?","OTO BUREGIO DE LIMA","4,33","BoraVer","4,05","Jul 8, 2025 5:56 pm","Jul 8, 2025 5:56 pm"
"Como podemos prover acessibilidade visual de forma escalável, sustentável e economicamente viável, utilizando tecnologias emergentes que proporcionem autonomia e inclusão para pessoas cegas e com baixa visão?","DALMÁRIO JOSÉ LIMA DE BARROS SILVA NETO","5","BOB","4,5","Jul 8, 2025 5:56 pm","Jul 8, 2025 5:56 pm"
"Como podemos prover acessibilidade visual de forma escalável, sustentável e economicamente viável, utilizando tecnologias emergentes que proporcionem autonomia e inclusão para pessoas cegas e com baixa visão?","DALMÁRIO JOSÉ LIMA DE BARROS SILVA NETO","5","Gralha Azul","4,42","Jul 8, 2025 5:56 pm","Jul 8, 2025 5:56 pm"
"Como podemos prover acessibilidade visual de forma escalável, sustentável e economicamente viável, utilizando tecnologias emergentes que proporcionem autonomia e inclusão para pessoas cegas e com baixa visão?","DALMÁRIO JOSÉ LIMA DE BARROS SILVA NETO","3,42","RAFAEL ANDRADE DA SILVA","3,98","Jul 8, 2025 5:56 pm","Jul 8, 2025 5:56 pm"
"Como podemos prover acessibilidade visual de forma escalável, sustentável e economicamente viável, utilizando tecnologias emergentes que proporcionem autonomia e inclusão para pessoas cegas e com baixa visão?","DALMÁRIO JOSÉ LIMA DE BARROS SILVA NETO","3,75","Hailton de Melo Lima Neto","4,2","Jul 8, 2025 5:56 pm","Jul 8, 2025 5:56 pm"
"Como podemos prover acessibilidade visual de forma escalável, sustentável e economicamente viável, utilizando tecnologias emergentes que proporcionem autonomia e inclusão para pessoas cegas e com baixa visão?","DALMÁRIO JOSÉ LIMA DE BARROS SILVA NETO","4,83","COLI","4,62","Jul 8, 2025 5:56 pm","Jul 8, 2025 5:56 pm"
"Como podemos prover acessibilidade visual de forma escalável, sustentável e economicamente viável, utilizando tecnologias emergentes que proporcionem autonomia e inclusão para pessoas cegas e com baixa visão?","DALMÁRIO JOSÉ LIMA DE BARROS SILVA NETO","4,33","Elucidar","4,55","Jul 8, 2025 5:57 pm","Jul 8, 2025 5:57 pm"
"Como podemos prover acessibilidade visual de forma escalável, sustentável e economicamente viável, utilizando tecnologias emergentes que proporcionem autonomia e inclusão para pessoas cegas e com baixa visão?","DALMÁRIO JOSÉ LIMA DE BARROS SILVA NETO","4,75","Visão e ritmo","3,83","Jul 8, 2025 5:57 pm","Jul 8, 2025 5:57 pm"
"Como podemos prover acessibilidade visual de forma escalável, sustentável e economicamente viável, utilizando tecnologias emergentes que proporcionem autonomia e inclusão para pessoas cegas e com baixa visão?","DALMÁRIO JOSÉ LIMA DE BARROS SILVA NETO","4,33","See U","3,67","Jul 8, 2025 5:57 pm","Jul 8, 2025 5:57 pm"
"Como podemos prover acessibilidade visual de forma escalável, sustentável e economicamente viável, utilizando tecnologias emergentes que proporcionem autonomia e inclusão para pessoas cegas e com baixa visão?","DALMÁRIO JOSÉ LIMA DE BARROS SILVA NETO","4,33","Vitor Gabriel Silva de Lima","3,4","Jul 8, 2025 5:57 pm","Jul 8, 2025 5:57 pm"
"Como podemos prover acessibilidade visual de forma escalável, sustentável e economicamente viável, utilizando tecnologias emergentes que proporcionem autonomia e inclusão para pessoas cegas e com baixa visão?","DALMÁRIO JOSÉ LIMA DE BARROS SILVA NETO","4,67","Tech3","4,68","Jul 8, 2025 5:57 pm","Jul 8, 2025 5:57 pm"
"Como podemos prover acessibilidade visual de forma escalável, sustentável e economicamente viável, utilizando tecnologias emergentes que proporcionem autonomia e inclusão para pessoas cegas e com baixa visão?","DALMÁRIO JOSÉ LIMA DE BARROS SILVA NETO","2","Pulsetec","1,58","Jul 8, 2025 5:57 pm","Jul 8, 2025 5:57 pm"
"Como podemos prover acessibilidade visual de forma escalável, sustentável e economicamente viável, utilizando tecnologias emergentes que proporcionem autonomia e inclusão para pessoas cegas e com baixa visão?","DALMÁRIO JOSÉ LIMA DE BARROS SILVA NETO","5","Brio: Mobilidade Segura para Pessoas com Deficiência","4,38","Jul 8, 2025 5:57 pm","Jul 8, 2025 5:57 pm"
"Como podemos prover acessibilidade visual de forma escalável, sustentável e economicamente viável, utilizando tecnologias emergentes que proporcionem autonomia e inclusão para pessoas cegas e com baixa visão?","OTO BUREGIO DE LIMA","4","RAFAEL ANDRADE DA SILVA","3,98","Jul 8, 2025 5:57 pm","Jul 8, 2025 5:57 pm"
"Como podemos prover acessibilidade visual de forma escalável, sustentável e economicamente viável, utilizando tecnologias emergentes que proporcionem autonomia e inclusão para pessoas cegas e com baixa visão?","RAFAEL HENRIQUES PIMENTEL DE PAULA","3,25","Heyde Leão de Souza","3,98","Jul 8, 2025 5:57 pm","Jul 8, 2025 5:57 pm"
"Como podemos prover acessibilidade visual de forma escalável, sustentável e economicamente viável, utilizando tecnologias emergentes que proporcionem autonomia e inclusão para pessoas cegas e com baixa visão?","TIAGO MACEDO BEZERRA MAIA","1"," ALEXANDRE GUEDES RIBEIRO","1","Jul 8, 2025 5:57 pm","Jul 8, 2025 5:57 pm"
"Como podemos prover acessibilidade visual de forma escalável, sustentável e economicamente viável, utilizando tecnologias emergentes que proporcionem autonomia e inclusão para pessoas cegas e com baixa visão?","TIAGO MACEDO BEZERRA MAIA","4,75","Tech3","4,68","Jul 8, 2025 5:57 pm","Jul 8, 2025 5:57 pm"
"Como podemos prover acessibilidade visual de forma escalável, sustentável e economicamente viável, utilizando tecnologias emergentes que proporcionem autonomia e inclusão para pessoas cegas e com baixa visão?","RAFAEL HENRIQUES PIMENTEL DE PAULA","4,17","Synesthesia Vision ","4,35","Jul 8, 2025 5:57 pm","Jul 8, 2025 5:57 pm"
"Como podemos prover acessibilidade visual de forma escalável, sustentável e economicamente viável, utilizando tecnologias emergentes que proporcionem autonomia e inclusão para pessoas cegas e com baixa visão?","TIAGO MACEDO BEZERRA MAIA","3,58","Passo com Vos - Adapt-Free","3,15","Jul 8, 2025 5:57 pm","Jul 8, 2025 5:57 pm"
"Como podemos prover acessibilidade visual de forma escalável, sustentável e economicamente viável, utilizando tecnologias emergentes que proporcionem autonomia e inclusão para pessoas cegas e com baixa visão?","RAFAEL HENRIQUES PIMENTEL DE PAULA","4,25","BOB","4,5","Jul 8, 2025 5:57 pm","Jul 8, 2025 5:57 pm"
"Como podemos prover acessibilidade visual de forma escalável, sustentável e economicamente viável, utilizando tecnologias emergentes que proporcionem autonomia e inclusão para pessoas cegas e com baixa visão?","OTO BUREGIO DE LIMA","3,75","Hailton de Melo Lima Neto","4,2","Jul 8, 2025 5:57 pm","Jul 8, 2025 5:57 pm"
"Como podemos prover acessibilidade visual de forma escalável, sustentável e economicamente viável, utilizando tecnologias emergentes que proporcionem autonomia e inclusão para pessoas cegas e com baixa visão?","TIAGO MACEDO BEZERRA MAIA","2,58","VER-TI MOBILIDADE URBANA LTDA","2,62","Jul 8, 2025 5:57 pm","Jul 8, 2025 5:57 pm"
"Como podemos prover acessibilidade visual de forma escalável, sustentável e economicamente viável, utilizando tecnologias emergentes que proporcionem autonomia e inclusão para pessoas cegas e com baixa visão?","RAFAEL HENRIQUES PIMENTEL DE PAULA","3,83","Gralha Azul","4,42","Jul 8, 2025 5:57 pm","Jul 8, 2025 5:57 pm"
"Como podemos prover acessibilidade visual de forma escalável, sustentável e economicamente viável, utilizando tecnologias emergentes que proporcionem autonomia e inclusão para pessoas cegas e com baixa visão?","TIAGO MACEDO BEZERRA MAIA","4","Heyde Leão de Souza","3,98","Jul 8, 2025 5:57 pm","Jul 8, 2025 5:57 pm"
"Como podemos prover acessibilidade visual de forma escalável, sustentável e economicamente viável, utilizando tecnologias emergentes que proporcionem autonomia e inclusão para pessoas cegas e com baixa visão?","RAFAEL HENRIQUES PIMENTEL DE PAULA","3","See U","3,67","Jul 8, 2025 5:57 pm","Jul 8, 2025 5:57 pm"
"Como podemos prover acessibilidade visual de forma escalável, sustentável e economicamente viável, utilizando tecnologias emergentes que proporcionem autonomia e inclusão para pessoas cegas e com baixa visão?","TIAGO MACEDO BEZERRA MAIA","4,42","Synesthesia Vision ","4,35","Jul 8, 2025 5:57 pm","Jul 8, 2025 5:57 pm"
"Como podemos prover acessibilidade visual de forma escalável, sustentável e economicamente viável, utilizando tecnologias emergentes que proporcionem autonomia e inclusão para pessoas cegas e com baixa visão?","RAFAEL HENRIQUES PIMENTEL DE PAULA","3","Vitor Gabriel Silva de Lima","3,4","Jul 8, 2025 5:57 pm","Jul 8, 2025 5:57 pm"
"Como podemos prover acessibilidade visual de forma escalável, sustentável e economicamente viável, utilizando tecnologias emergentes que proporcionem autonomia e inclusão para pessoas cegas e com baixa visão?","RAFAEL HENRIQUES PIMENTEL DE PAULA","1,92","Pulsetec","1,58","Jul 8, 2025 5:57 pm","Jul 8, 2025 5:57 pm"
"Como podemos prover acessibilidade visual de forma escalável, sustentável e economicamente viável, utilizando tecnologias emergentes que proporcionem autonomia e inclusão para pessoas cegas e com baixa visão?","TIAGO MACEDO BEZERRA MAIA","4,92","BOB","4,5","Jul 8, 2025 5:57 pm","Jul 8, 2025 5:57 pm"
"Como podemos prover acessibilidade visual de forma escalável, sustentável e economicamente viável, utilizando tecnologias emergentes que proporcionem autonomia e inclusão para pessoas cegas e com baixa visão?","TIAGO MACEDO BEZERRA MAIA","4,67","Gralha Azul","4,42","Jul 8, 2025 5:57 pm","Jul 8, 2025 5:57 pm"
"Como podemos prover acessibilidade visual de forma escalável, sustentável e economicamente viável, utilizando tecnologias emergentes que proporcionem autonomia e inclusão para pessoas cegas e com baixa visão?","RAFAEL HENRIQUES PIMENTEL DE PAULA","4,25","Brio: Mobilidade Segura para Pessoas com Deficiência","4,38","Jul 8, 2025 5:57 pm","Jul 8, 2025 5:57 pm"
"Como podemos prover acessibilidade visual de forma escalável, sustentável e economicamente viável, utilizando tecnologias emergentes que proporcionem autonomia e inclusão para pessoas cegas e com baixa visão?","TIAGO MACEDO BEZERRA MAIA","3,33","See U","3,67","Jul 8, 2025 5:57 pm","Jul 8, 2025 5:57 pm"
"Como podemos prover acessibilidade visual de forma escalável, sustentável e economicamente viável, utilizando tecnologias emergentes que proporcionem autonomia e inclusão para pessoas cegas e com baixa visão?","TIAGO MACEDO BEZERRA MAIA","3,17","Vitor Gabriel Silva de Lima","3,4","Jul 8, 2025 5:57 pm","Jul 8, 2025 5:57 pm"
"Como podemos prover acessibilidade visual de forma escalável, sustentável e economicamente viável, utilizando tecnologias emergentes que proporcionem autonomia e inclusão para pessoas cegas e com baixa visão?","TIAGO MACEDO BEZERRA MAIA","2","Pulsetec","1,58","Jul 8, 2025 5:57 pm","Jul 8, 2025 5:57 pm"
"Como podemos prover acessibilidade visual de forma escalável, sustentável e economicamente viável, utilizando tecnologias emergentes que proporcionem autonomia e inclusão para pessoas cegas e com baixa visão?","TIAGO MACEDO BEZERRA MAIA","4,42","Brio: Mobilidade Segura para Pessoas com Deficiência","4,38","Jul 8, 2025 5:57 pm","Jul 8, 2025 5:57 pm"
"Como podemos prover acessibilidade visual de forma escalável, sustentável e economicamente viável, utilizando tecnologias emergentes que proporcionem autonomia e inclusão para pessoas cegas e com baixa visão?","TIAGO MACEDO BEZERRA MAIA","5","Passo Seguro","4,33","Jul 8, 2025 5:57 pm","Jul 8, 2025 5:57 pm"
"Como podemos prover acessibilidade visual de forma escalável, sustentável e economicamente viável, utilizando tecnologias emergentes que proporcionem autonomia e inclusão para pessoas cegas e com baixa visão?","FERNANDO ANTONIO NUNES DE SOUZA","4,5","BOB","4,5","Jul 8, 2025 5:58 pm","Jul 8, 2025 5:58 pm"
"Como podemos prover acessibilidade visual de forma escalável, sustentável e economicamente viável, utilizando tecnologias emergentes que proporcionem autonomia e inclusão para pessoas cegas e com baixa visão?","TIAGO MACEDO BEZERRA MAIA","4,92","Vixsystem","4,5","Jul 8, 2025 5:58 pm","Jul 8, 2025 5:58 pm"
"Como podemos prover acessibilidade visual de forma escalável, sustentável e economicamente viável, utilizando tecnologias emergentes que proporcionem autonomia e inclusão para pessoas cegas e com baixa visão?","TIAGO MACEDO BEZERRA MAIA","4,83","Watt Consultoria","4,08","Jul 8, 2025 5:58 pm","Jul 8, 2025 5:58 pm"
"Como podemos prover acessibilidade visual de forma escalável, sustentável e economicamente viável, utilizando tecnologias emergentes que proporcionem autonomia e inclusão para pessoas cegas e com baixa visão?","FERNANDO ANTONIO NUNES DE SOUZA","5","Gralha Azul","4,42","Jul 8, 2025 5:58 pm","Jul 8, 2025 5:58 pm"
"Como podemos prover acessibilidade visual de forma escalável, sustentável e economicamente viável, utilizando tecnologias emergentes que proporcionem autonomia e inclusão para pessoas cegas e com baixa visão?","TIAGO MACEDO BEZERRA MAIA","5","enkode","4,25","Jul 8, 2025 5:58 pm","Jul 8, 2025 5:58 pm"
"Como podemos prover acessibilidade visual de forma escalável, sustentável e economicamente viável, utilizando tecnologias emergentes que proporcionem autonomia e inclusão para pessoas cegas e com baixa visão?","TIAGO MACEDO BEZERRA MAIA","5","Elucidar","4,55","Jul 8, 2025 5:58 pm","Jul 8, 2025 5:58 pm"
"Como podemos prover acessibilidade visual de forma escalável, sustentável e economicamente viável, utilizando tecnologias emergentes que proporcionem autonomia e inclusão para pessoas cegas e com baixa visão?","TIAGO MACEDO BEZERRA MAIA","4,25","Visão e ritmo","3,83","Jul 8, 2025 5:58 pm","Jul 8, 2025 5:58 pm"
"Como podemos prover acessibilidade visual de forma escalável, sustentável e economicamente viável, utilizando tecnologias emergentes que proporcionem autonomia e inclusão para pessoas cegas e com baixa visão?","TIAGO MACEDO BEZERRA MAIA","3,67","RAFAEL ANDRADE DA SILVA","3,98","Jul 8, 2025 5:58 pm","Jul 8, 2025 5:58 pm"
"Como podemos prover acessibilidade visual de forma escalável, sustentável e economicamente viável, utilizando tecnologias emergentes que proporcionem autonomia e inclusão para pessoas cegas e com baixa visão?","TIAGO MACEDO BEZERRA MAIA","3,67","BoraVer","4,05","Jul 8, 2025 5:58 pm","Jul 8, 2025 5:58 pm"
"Como podemos prover acessibilidade visual de forma escalável, sustentável e economicamente viável, utilizando tecnologias emergentes que proporcionem autonomia e inclusão para pessoas cegas e com baixa visão?","TIAGO MACEDO BEZERRA MAIA","4,25","COLI","4,62","Jul 8, 2025 5:58 pm","Jul 8, 2025 5:58 pm"
"Como podemos prover acessibilidade visual de forma escalável, sustentável e economicamente viável, utilizando tecnologias emergentes que proporcionem autonomia e inclusão para pessoas cegas e com baixa visão?","FERNANDO ANTONIO NUNES DE SOUZA","3,5","See U","3,67","Jul 8, 2025 5:58 pm","Jul 8, 2025 5:58 pm"
"Como podemos prover acessibilidade visual de forma escalável, sustentável e economicamente viável, utilizando tecnologias emergentes que proporcionem autonomia e inclusão para pessoas cegas e com baixa visão?","TIAGO MACEDO BEZERRA MAIA","4,92","Hailton de Melo Lima Neto","4,2","Jul 8, 2025 5:58 pm","Jul 8, 2025 5:58 pm"
"Como podemos prover acessibilidade visual de forma escalável, sustentável e economicamente viável, utilizando tecnologias emergentes que proporcionem autonomia e inclusão para pessoas cegas e com baixa visão?","FERNANDO ANTONIO NUNES DE SOUZA","3,08","Vitor Gabriel Silva de Lima","3,4","Jul 8, 2025 5:58 pm","Jul 8, 2025 5:58 pm"
"Como podemos prover acessibilidade visual de forma escalável, sustentável e economicamente viável, utilizando tecnologias emergentes que proporcionem autonomia e inclusão para pessoas cegas e com baixa visão?","FERNANDO ANTONIO NUNES DE SOUZA","1","Pulsetec","1,58","Jul 8, 2025 5:58 pm","Jul 8, 2025 5:58 pm"
"Como podemos prover acessibilidade visual de forma escalável, sustentável e economicamente viável, utilizando tecnologias emergentes que proporcionem autonomia e inclusão para pessoas cegas e com baixa visão?","FERNANDO ANTONIO NUNES DE SOUZA","4,5","Brio: Mobilidade Segura para Pessoas com Deficiência","4,38","Jul 8, 2025 5:58 pm","Jul 8, 2025 5:58 pm"
"Como podemos prover acessibilidade visual de forma escalável, sustentável e economicamente viável, utilizando tecnologias emergentes que proporcionem autonomia e inclusão para pessoas cegas e com baixa visão?","RAFAEL HENRIQUES PIMENTEL DE PAULA","4","Passo Seguro","4,33","Jul 8, 2025 5:58 pm","Jul 8, 2025 5:58 pm"
"Como podemos prover acessibilidade visual de forma escalável, sustentável e economicamente viável, utilizando tecnologias emergentes que proporcionem autonomia e inclusão para pessoas cegas e com baixa visão?","FERNANDO ANTONIO NUNES DE SOUZA","4,5","Passo Seguro","4,33","Jul 8, 2025 5:58 pm","Jul 8, 2025 5:58 pm"
"Como podemos prover acessibilidade visual de forma escalável, sustentável e economicamente viável, utilizando tecnologias emergentes que proporcionem autonomia e inclusão para pessoas cegas e com baixa visão?","OTO BUREGIO DE LIMA","4,5","COLI","4,62","Jul 8, 2025 5:58 pm","Jul 8, 2025 5:58 pm"
"Como podemos prover acessibilidade visual de forma escalável, sustentável e economicamente viável, utilizando tecnologias emergentes que proporcionem autonomia e inclusão para pessoas cegas e com baixa visão?","DALMÁRIO JOSÉ LIMA DE BARROS SILVA NETO","4,75","Passo Seguro","4,33","Jul 8, 2025 5:58 pm","Jul 8, 2025 5:58 pm"
"Como podemos prover acessibilidade visual de forma escalável, sustentável e economicamente viável, utilizando tecnologias emergentes que proporcionem autonomia e inclusão para pessoas cegas e com baixa visão?","DALMÁRIO JOSÉ LIMA DE BARROS SILVA NETO","4,75","Vixsystem","4,5","Jul 8, 2025 5:58 pm","Jul 8, 2025 5:58 pm"
"Como podemos prover acessibilidade visual de forma escalável, sustentável e economicamente viável, utilizando tecnologias emergentes que proporcionem autonomia e inclusão para pessoas cegas e com baixa visão?","DALMÁRIO JOSÉ LIMA DE BARROS SILVA NETO","3,92","Watt Consultoria","4,08","Jul 8, 2025 5:58 pm","Jul 8, 2025 5:58 pm"
"Como podemos prover acessibilidade visual de forma escalável, sustentável e economicamente viável, utilizando tecnologias emergentes que proporcionem autonomia e inclusão para pessoas cegas e com baixa visão?","DALMÁRIO JOSÉ LIMA DE BARROS SILVA NETO","4,58","enkode","4,25","Jul 8, 2025 5:58 pm","Jul 8, 2025 5:58 pm"
"Como podemos prover acessibilidade visual de forma escalável, sustentável e economicamente viável, utilizando tecnologias emergentes que proporcionem autonomia e inclusão para pessoas cegas e com baixa visão?","RAFAEL HENRIQUES PIMENTEL DE PAULA","4,33","Vixsystem","4,5","Jul 8, 2025 5:58 pm","Jul 8, 2025 5:58 pm"
"Como podemos prover acessibilidade visual de forma escalável, sustentável e economicamente viável, utilizando tecnologias emergentes que proporcionem autonomia e inclusão para pessoas cegas e com baixa visão?","FERNANDO ANTONIO NUNES DE SOUZA","4,75","Vixsystem","4,5","Jul 8, 2025 5:58 pm","Jul 8, 2025 5:58 pm"
"Como podemos prover acessibilidade visual de forma escalável, sustentável e economicamente viável, utilizando tecnologias emergentes que proporcionem autonomia e inclusão para pessoas cegas e com baixa visão?","OTO BUREGIO DE LIMA","4","Elucidar","4,55","Jul 8, 2025 5:58 pm","Jul 8, 2025 5:58 pm"
"Como podemos prover acessibilidade visual de forma escalável, sustentável e economicamente viável, utilizando tecnologias emergentes que proporcionem autonomia e inclusão para pessoas cegas e com baixa visão?","FERNANDO ANTONIO NUNES DE SOUZA","3,83","Watt Consultoria","4,08","Jul 8, 2025 5:58 pm","Jul 8, 2025 5:58 pm"
"Como podemos prover acessibilidade visual de forma escalável, sustentável e economicamente viável, utilizando tecnologias emergentes que proporcionem autonomia e inclusão para pessoas cegas e com baixa visão?","FERNANDO ANTONIO NUNES DE SOUZA","4","enkode","4,25","Jul 8, 2025 5:58 pm","Jul 8, 2025 5:58 pm"
"Como podemos prover acessibilidade visual de forma escalável, sustentável e economicamente viável, utilizando tecnologias emergentes que proporcionem autonomia e inclusão para pessoas cegas e com baixa visão?","RAFAEL HENRIQUES PIMENTEL DE PAULA","4,25","Watt Consultoria","4,08","Jul 8, 2025 5:58 pm","Jul 8, 2025 5:58 pm"
"Como podemos prover acessibilidade visual de forma escalável, sustentável e economicamente viável, utilizando tecnologias emergentes que proporcionem autonomia e inclusão para pessoas cegas e com baixa visão?","FERNANDO ANTONIO NUNES DE SOUZA","5","Tech3","4,68","Jul 8, 2025 5:58 pm","Jul 8, 2025 5:58 pm"
"Como podemos prover acessibilidade visual de forma escalável, sustentável e economicamente viável, utilizando tecnologias emergentes que proporcionem autonomia e inclusão para pessoas cegas e com baixa visão?","RAFAEL HENRIQUES PIMENTEL DE PAULA","3,92","enkode","4,25","Jul 8, 2025 5:58 pm","Jul 8, 2025 5:58 pm"
"Como podemos prover acessibilidade visual de forma escalável, sustentável e economicamente viável, utilizando tecnologias emergentes que proporcionem autonomia e inclusão para pessoas cegas e com baixa visão?","RAFAEL HENRIQUES PIMENTEL DE PAULA","4,25","Tech3","4,68","Jul 8, 2025 5:59 pm","Jul 8, 2025 5:59 pm"
"Como podemos prover acessibilidade visual de forma escalável, sustentável e economicamente viável, utilizando tecnologias emergentes que proporcionem autonomia e inclusão para pessoas cegas e com baixa visão?","FERNANDO ANTONIO NUNES DE SOUZA","2,42","Visão e ritmo","3,83","Jul 8, 2025 5:59 pm","Jul 8, 2025 5:59 pm"
"Como podemos prover acessibilidade visual de forma escalável, sustentável e economicamente viável, utilizando tecnologias emergentes que proporcionem autonomia e inclusão para pessoas cegas e com baixa visão?","FERNANDO ANTONIO NUNES DE SOUZA","3,83","BoraVer","4,05","Jul 8, 2025 5:59 pm","Jul 8, 2025 5:59 pm"
"Como podemos prover acessibilidade visual de forma escalável, sustentável e economicamente viável, utilizando tecnologias emergentes que proporcionem autonomia e inclusão para pessoas cegas e com baixa visão?","RAFAEL HENRIQUES PIMENTEL DE PAULA","3,83","Visão e ritmo","3,83","Jul 8, 2025 5:59 pm","Jul 8, 2025 5:59 pm"
"Como podemos prover acessibilidade visual de forma escalável, sustentável e economicamente viável, utilizando tecnologias emergentes que proporcionem autonomia e inclusão para pessoas cegas e com baixa visão?","RAFAEL HENRIQUES PIMENTEL DE PAULA","3,75","BoraVer","4,05","Jul 8, 2025 5:59 pm","Jul 8, 2025 5:59 pm"
"Como podemos prover acessibilidade visual de forma escalável, sustentável e economicamente viável, utilizando tecnologias emergentes que proporcionem autonomia e inclusão para pessoas cegas e com baixa visão?","RAFAEL HENRIQUES PIMENTEL DE PAULA","4","RAFAEL ANDRADE DA SILVA","3,98","Jul 8, 2025 5:59 pm","Jul 8, 2025 5:59 pm"
"Como podemos prover acessibilidade visual de forma escalável, sustentável e economicamente viável, utilizando tecnologias emergentes que proporcionem autonomia e inclusão para pessoas cegas e com baixa visão?","RAFAEL HENRIQUES PIMENTEL DE PAULA","4,08","Hailton de Melo Lima Neto","4,2","Jul 8, 2025 5:59 pm","Jul 8, 2025 5:59 pm"
"Como podemos prover acessibilidade visual de forma escalável, sustentável e economicamente viável, utilizando tecnologias emergentes que proporcionem autonomia e inclusão para pessoas cegas e com baixa visão?","RAFAEL HENRIQUES PIMENTEL DE PAULA","4,5","COLI","4,62","Jul 8, 2025 5:59 pm","Jul 8, 2025 5:59 pm"
"Como podemos prover acessibilidade visual de forma escalável, sustentável e economicamente viável, utilizando tecnologias emergentes que proporcionem autonomia e inclusão para pessoas cegas e com baixa visão?","RAFAEL HENRIQUES PIMENTEL DE PAULA","4,75","Elucidar","4,55","Jul 8, 2025 5:59 pm","Jul 8, 2025 5:59 pm"
"Como podemos prover acessibilidade visual de forma escalável, sustentável e economicamente viável, utilizando tecnologias emergentes que proporcionem autonomia e inclusão para pessoas cegas e com baixa visão?","FERNANDO ANTONIO NUNES DE SOUZA","4,83","RAFAEL ANDRADE DA SILVA","3,98","Jul 8, 2025 5:59 pm","Jul 8, 2025 5:59 pm"
"Como podemos prover acessibilidade visual de forma escalável, sustentável e economicamente viável, utilizando tecnologias emergentes que proporcionem autonomia e inclusão para pessoas cegas e com baixa visão?","FERNANDO ANTONIO NUNES DE SOUZA","4,5","Hailton de Melo Lima Neto","4,2","Jul 8, 2025 5:59 pm","Jul 8, 2025 5:59 pm"
"Como podemos prover acessibilidade visual de forma escalável, sustentável e economicamente viável, utilizando tecnologias emergentes que proporcionem autonomia e inclusão para pessoas cegas e com baixa visão?","FERNANDO ANTONIO NUNES DE SOUZA","5","COLI","4,62","Jul 8, 2025 5:59 pm","Jul 8, 2025 5:59 pm"
"Como podemos prover acessibilidade visual de forma escalável, sustentável e economicamente viável, utilizando tecnologias emergentes que proporcionem autonomia e inclusão para pessoas cegas e com baixa visão?","FERNANDO ANTONIO NUNES DE SOUZA","4,67","Elucidar","4,55","Jul 8, 2025 5:59 pm","Jul 8, 2025 5:59 pm"
"Como podemos prover acessibilidade visual de forma escalável, sustentável e economicamente viável, utilizando tecnologias emergentes que proporcionem autonomia e inclusão para pessoas cegas e com baixa visão?","FERNANDO ANTONIO NUNES DE SOUZA","1"," ALEXANDRE GUEDES RIBEIRO","1","Jul 8, 2025 5:59 pm","Jul 8, 2025 5:59 pm"
"Como podemos reduzir o desperdício de alimentos, integrando os diferentes atores envolvidos, para promover aproveitamento de alimentos para consumo às populações em insegurança alimentar, garantindo a destinação adequada dos Resíduos Sólidos Orgânicos?","ADRIANA BARATA DOS SANTOS FIGUEIRA","2,17","Cyro Hernandez Calixto","3,05","Jul 9, 2025 10:23 am","Jul 9, 2025 10:23 am"
"Como podemos reduzir o desperdício de alimentos, integrando os diferentes atores envolvidos, para promover aproveitamento de alimentos para consumo às populações em insegurança alimentar, garantindo a destinação adequada dos Resíduos Sólidos Orgânicos?","ADRIANA BARATA DOS SANTOS FIGUEIRA","1,75","Fresco Labs","3,72","Jul 9, 2025 10:23 am","Jul 9, 2025 10:23 am"
"Como podemos reduzir o desperdício de alimentos, integrando os diferentes atores envolvidos, para promover aproveitamento de alimentos para consumo às populações em insegurança alimentar, garantindo a destinação adequada dos Resíduos Sólidos Orgânicos?","ADRIANA BARATA DOS SANTOS FIGUEIRA","2,17","Confiança real","2,33","Jul 9, 2025 10:23 am","Jul 9, 2025 10:23 am"
"Como podemos reduzir o desperdício de alimentos, integrando os diferentes atores envolvidos, para promover aproveitamento de alimentos para consumo às populações em insegurança alimentar, garantindo a destinação adequada dos Resíduos Sólidos Orgânicos?","LAURA CALDAS MIGUEL","2,33","Cyro Hernandez Calixto","3,05","Jul 9, 2025 10:23 am","Jul 9, 2025 10:23 am"
"Como podemos reduzir o desperdício de alimentos, integrando os diferentes atores envolvidos, para promover aproveitamento de alimentos para consumo às populações em insegurança alimentar, garantindo a destinação adequada dos Resíduos Sólidos Orgânicos?","ADRIANA BARATA DOS SANTOS FIGUEIRA","1,92","EMANUEL DA MOTA PASSOS","2,48","Jul 9, 2025 10:23 am","Jul 9, 2025 10:23 am"
"Como podemos reduzir o desperdício de alimentos, integrando os diferentes atores envolvidos, para promover aproveitamento de alimentos para consumo às populações em insegurança alimentar, garantindo a destinação adequada dos Resíduos Sólidos Orgânicos?","ADRIANA BARATA DOS SANTOS FIGUEIRA","2,17","SaveAdd","4","Jul 9, 2025 10:23 am","Jul 9, 2025 10:23 am"
"Como podemos reduzir o desperdício de alimentos, integrando os diferentes atores envolvidos, para promover aproveitamento de alimentos para consumo às populações em insegurança alimentar, garantindo a destinação adequada dos Resíduos Sólidos Orgânicos?","ADRIANA BARATA DOS SANTOS FIGUEIRA","3,5","Ekonavi","3,97","Jul 9, 2025 10:23 am","Jul 9, 2025 10:23 am"
"Como podemos reduzir o desperdício de alimentos, integrando os diferentes atores envolvidos, para promover aproveitamento de alimentos para consumo às populações em insegurança alimentar, garantindo a destinação adequada dos Resíduos Sólidos Orgânicos?","ADRIANA BARATA DOS SANTOS FIGUEIRA","3","EVA Agricultura Urbana","3,82","Jul 9, 2025 10:24 am","Jul 9, 2025 10:24 am"
"Como podemos reduzir o desperdício de alimentos, integrando os diferentes atores envolvidos, para promover aproveitamento de alimentos para consumo às populações em insegurança alimentar, garantindo a destinação adequada dos Resíduos Sólidos Orgânicos?","ADRIANA BARATA DOS SANTOS FIGUEIRA","2,25","Rafaela de Abreu Archangelo","3,47","Jul 9, 2025 10:24 am","Jul 9, 2025 10:24 am"
"Como podemos reduzir o desperdício de alimentos, integrando os diferentes atores envolvidos, para promover aproveitamento de alimentos para consumo às populações em insegurança alimentar, garantindo a destinação adequada dos Resíduos Sólidos Orgânicos?","ADRIANA BARATA DOS SANTOS FIGUEIRA","3,5","CincoduQuatro","3,7","Jul 9, 2025 10:24 am","Jul 9, 2025 10:24 am"
"Como podemos reduzir o desperdício de alimentos, integrando os diferentes atores envolvidos, para promover aproveitamento de alimentos para consumo às populações em insegurança alimentar, garantindo a destinação adequada dos Resíduos Sólidos Orgânicos?","ADRIANA BARATA DOS SANTOS FIGUEIRA","3,83","BDI Cooptec","3,45","Jul 9, 2025 10:24 am","Jul 9, 2025 10:24 am"
"Como podemos reduzir o desperdício de alimentos, integrando os diferentes atores envolvidos, para promover aproveitamento de alimentos para consumo às populações em insegurança alimentar, garantindo a destinação adequada dos Resíduos Sólidos Orgânicos?","ADRIANA BARATA DOS SANTOS FIGUEIRA","3,75","Associação Luminus","4,05","Jul 9, 2025 10:24 am","Jul 9, 2025 10:24 am"
"Como podemos reduzir o desperdício de alimentos, integrando os diferentes atores envolvidos, para promover aproveitamento de alimentos para consumo às populações em insegurança alimentar, garantindo a destinação adequada dos Resíduos Sólidos Orgânicos?","ADRIANA BARATA DOS SANTOS FIGUEIRA","3,75","REVIRA","3,43","Jul 9, 2025 10:24 am","Jul 9, 2025 10:24 am"
"Como podemos reduzir o desperdício de alimentos, integrando os diferentes atores envolvidos, para promover aproveitamento de alimentos para consumo às populações em insegurança alimentar, garantindo a destinação adequada dos Resíduos Sólidos Orgânicos?","LAURA CALDAS MIGUEL","2,75","Fresco Labs","3,72","Jul 9, 2025 10:24 am","Jul 9, 2025 10:24 am"
"Como podemos reduzir o desperdício de alimentos, integrando os diferentes atores envolvidos, para promover aproveitamento de alimentos para consumo às populações em insegurança alimentar, garantindo a destinação adequada dos Resíduos Sólidos Orgânicos?","JOAO HENRIQUE DE LIMA LOBO","2,08","Cyro Hernandez Calixto","3,05","Jul 9, 2025 10:24 am","Jul 9, 2025 10:24 am"
"Como podemos reduzir o desperdício de alimentos, integrando os diferentes atores envolvidos, para promover aproveitamento de alimentos para consumo às populações em insegurança alimentar, garantindo a destinação adequada dos Resíduos Sólidos Orgânicos?","JOAO HENRIQUE DE LIMA LOBO","4,75","Fresco Labs","3,72","Jul 9, 2025 10:24 am","Jul 9, 2025 10:24 am"
"Como podemos reduzir o desperdício de alimentos, integrando os diferentes atores envolvidos, para promover aproveitamento de alimentos para consumo às populações em insegurança alimentar, garantindo a destinação adequada dos Resíduos Sólidos Orgânicos?","JOAO HENRIQUE DE LIMA LOBO","2,75","Confiança real","2,33","Jul 9, 2025 10:24 am","Jul 9, 2025 10:24 am"
"Como podemos reduzir o desperdício de alimentos, integrando os diferentes atores envolvidos, para promover aproveitamento de alimentos para consumo às populações em insegurança alimentar, garantindo a destinação adequada dos Resíduos Sólidos Orgânicos?","JOAO HENRIQUE DE LIMA LOBO","3,33","EMANUEL DA MOTA PASSOS","2,48","Jul 9, 2025 10:24 am","Jul 9, 2025 10:24 am"
"Como podemos reduzir o desperdício de alimentos, integrando os diferentes atores envolvidos, para promover aproveitamento de alimentos para consumo às populações em insegurança alimentar, garantindo a destinação adequada dos Resíduos Sólidos Orgânicos?","JOAO HENRIQUE DE LIMA LOBO","5","SaveAdd","4","Jul 9, 2025 10:24 am","Jul 9, 2025 10:24 am"
"Como podemos reduzir o desperdício de alimentos, integrando os diferentes atores envolvidos, para promover aproveitamento de alimentos para consumo às populações em insegurança alimentar, garantindo a destinação adequada dos Resíduos Sólidos Orgânicos?","JOAO HENRIQUE DE LIMA LOBO","4,75","Ekonavi","3,97","Jul 9, 2025 10:24 am","Jul 9, 2025 10:24 am"
"Como podemos reduzir o desperdício de alimentos, integrando os diferentes atores envolvidos, para promover aproveitamento de alimentos para consumo às populações em insegurança alimentar, garantindo a destinação adequada dos Resíduos Sólidos Orgânicos?","JOAO HENRIQUE DE LIMA LOBO","3,33","EVA Agricultura Urbana","3,82","Jul 9, 2025 10:24 am","Jul 9, 2025 10:24 am"
"Como podemos reduzir o desperdício de alimentos, integrando os diferentes atores envolvidos, para promover aproveitamento de alimentos para consumo às populações em insegurança alimentar, garantindo a destinação adequada dos Resíduos Sólidos Orgânicos?","JOAO HENRIQUE DE LIMA LOBO","3,33","Rafaela de Abreu Archangelo","3,47","Jul 9, 2025 10:24 am","Jul 9, 2025 10:24 am"
"Como podemos reduzir o desperdício de alimentos, integrando os diferentes atores envolvidos, para promover aproveitamento de alimentos para consumo às populações em insegurança alimentar, garantindo a destinação adequada dos Resíduos Sólidos Orgânicos?","JOAO HENRIQUE DE LIMA LOBO","4","CincoduQuatro","3,7","Jul 9, 2025 10:24 am","Jul 9, 2025 10:24 am"
"Como podemos reduzir o desperdício de alimentos, integrando os diferentes atores envolvidos, para promover aproveitamento de alimentos para consumo às populações em insegurança alimentar, garantindo a destinação adequada dos Resíduos Sólidos Orgânicos?","JOAO HENRIQUE DE LIMA LOBO","3,33","BDI Cooptec","3,45","Jul 9, 2025 10:24 am","Jul 9, 2025 10:24 am"
"Como podemos reduzir o desperdício de alimentos, integrando os diferentes atores envolvidos, para promover aproveitamento de alimentos para consumo às populações em insegurança alimentar, garantindo a destinação adequada dos Resíduos Sólidos Orgânicos?","JOAO HENRIQUE DE LIMA LOBO","3,75","Associação Luminus","4,05","Jul 9, 2025 10:24 am","Jul 9, 2025 10:24 am"
"Como podemos reduzir o desperdício de alimentos, integrando os diferentes atores envolvidos, para promover aproveitamento de alimentos para consumo às populações em insegurança alimentar, garantindo a destinação adequada dos Resíduos Sólidos Orgânicos?","JOAO HENRIQUE DE LIMA LOBO","3,42","REVIRA","3,43","Jul 9, 2025 10:24 am","Jul 9, 2025 10:24 am"
"Como podemos reduzir o desperdício de alimentos, integrando os diferentes atores envolvidos, para promover aproveitamento de alimentos para consumo às populações em insegurança alimentar, garantindo a destinação adequada dos Resíduos Sólidos Orgânicos?","LAURA CALDAS MIGUEL","4,33","Associação Luminus","4,05","Jul 9, 2025 10:24 am","Jul 9, 2025 10:24 am"
"Como podemos reduzir o desperdício de alimentos, integrando os diferentes atores envolvidos, para promover aproveitamento de alimentos para consumo às populações em insegurança alimentar, garantindo a destinação adequada dos Resíduos Sólidos Orgânicos?","LAURA CALDAS MIGUEL","1,75","BDI Cooptec","3,45","Jul 9, 2025 10:24 am","Jul 9, 2025 10:24 am"
"Como podemos reduzir o desperdício de alimentos, integrando os diferentes atores envolvidos, para promover aproveitamento de alimentos para consumo às populações em insegurança alimentar, garantindo a destinação adequada dos Resíduos Sólidos Orgânicos?","LAURA CALDAS MIGUEL","3,67","REVIRA","3,43","Jul 9, 2025 10:24 am","Jul 9, 2025 10:24 am"
"Como podemos reduzir o desperdício de alimentos, integrando os diferentes atores envolvidos, para promover aproveitamento de alimentos para consumo às populações em insegurança alimentar, garantindo a destinação adequada dos Resíduos Sólidos Orgânicos?","LAURA CALDAS MIGUEL","3,33","CincoduQuatro","3,7","Jul 9, 2025 10:24 am","Jul 9, 2025 10:24 am"
"Como podemos reduzir o desperdício de alimentos, integrando os diferentes atores envolvidos, para promover aproveitamento de alimentos para consumo às populações em insegurança alimentar, garantindo a destinação adequada dos Resíduos Sólidos Orgânicos?","LAURA CALDAS MIGUEL","2","Rafaela de Abreu Archangelo","3,47","Jul 9, 2025 10:24 am","Jul 9, 2025 10:24 am"
"Como podemos reduzir o desperdício de alimentos, integrando os diferentes atores envolvidos, para promover aproveitamento de alimentos para consumo às populações em insegurança alimentar, garantindo a destinação adequada dos Resíduos Sólidos Orgânicos?","LAURA CALDAS MIGUEL","4","EVA Agricultura Urbana","3,82","Jul 9, 2025 10:24 am","Jul 9, 2025 10:24 am"
"Como podemos reduzir o desperdício de alimentos, integrando os diferentes atores envolvidos, para promover aproveitamento de alimentos para consumo às populações em insegurança alimentar, garantindo a destinação adequada dos Resíduos Sólidos Orgânicos?","LAURA CALDAS MIGUEL","1","Confiança real","2,33","Jul 9, 2025 10:24 am","Jul 9, 2025 10:24 am"
"Como podemos reduzir o desperdício de alimentos, integrando os diferentes atores envolvidos, para promover aproveitamento de alimentos para consumo às populações em insegurança alimentar, garantindo a destinação adequada dos Resíduos Sólidos Orgânicos?","LAURA CALDAS MIGUEL","1","EMANUEL DA MOTA PASSOS","2,48","Jul 9, 2025 10:24 am","Jul 9, 2025 10:24 am"
"Como podemos reduzir o desperdício de alimentos, integrando os diferentes atores envolvidos, para promover aproveitamento de alimentos para consumo às populações em insegurança alimentar, garantindo a destinação adequada dos Resíduos Sólidos Orgânicos?","LAURA CALDAS MIGUEL","2,92","Ekonavi","3,97","Jul 9, 2025 10:24 am","Jul 9, 2025 10:24 am"
"Como podemos reduzir o desperdício de alimentos, integrando os diferentes atores envolvidos, para promover aproveitamento de alimentos para consumo às populações em insegurança alimentar, garantindo a destinação adequada dos Resíduos Sólidos Orgânicos?","LAURA CALDAS MIGUEL","3,42","SaveAdd","4","Jul 9, 2025 10:24 am","Jul 9, 2025 10:24 am"
"Como podemos reduzir o desperdício de alimentos, integrando os diferentes atores envolvidos, para promover aproveitamento de alimentos para consumo às populações em insegurança alimentar, garantindo a destinação adequada dos Resíduos Sólidos Orgânicos?","CESAR ARAUJO EVANGELISTA","3,83","Cyro Hernandez Calixto","3,05","Jul 9, 2025 10:24 am","Jul 9, 2025 10:24 am"
"Como podemos reduzir o desperdício de alimentos, integrando os diferentes atores envolvidos, para promover aproveitamento de alimentos para consumo às populações em insegurança alimentar, garantindo a destinação adequada dos Resíduos Sólidos Orgânicos?","EDER LIRA DE SOUZA LEAO","4,83","Cyro Hernandez Calixto","3,05","Jul 9, 2025 10:24 am","Jul 9, 2025 10:24 am"
"Como podemos reduzir o desperdício de alimentos, integrando os diferentes atores envolvidos, para promover aproveitamento de alimentos para consumo às populações em insegurança alimentar, garantindo a destinação adequada dos Resíduos Sólidos Orgânicos?","CESAR ARAUJO EVANGELISTA","4,42","Fresco Labs","3,72","Jul 9, 2025 10:25 am","Jul 9, 2025 10:25 am"
"Como podemos reduzir o desperdício de alimentos, integrando os diferentes atores envolvidos, para promover aproveitamento de alimentos para consumo às populações em insegurança alimentar, garantindo a destinação adequada dos Resíduos Sólidos Orgânicos?","EDER LIRA DE SOUZA LEAO","4,92","Fresco Labs","3,72","Jul 9, 2025 10:25 am","Jul 9, 2025 10:25 am"
"Como podemos reduzir o desperdício de alimentos, integrando os diferentes atores envolvidos, para promover aproveitamento de alimentos para consumo às populações em insegurança alimentar, garantindo a destinação adequada dos Resíduos Sólidos Orgânicos?","EDER LIRA DE SOUZA LEAO","3,33","Confiança real","2,33","Jul 9, 2025 10:25 am","Jul 9, 2025 10:25 am"
"Como podemos reduzir o desperdício de alimentos, integrando os diferentes atores envolvidos, para promover aproveitamento de alimentos para consumo às populações em insegurança alimentar, garantindo a destinação adequada dos Resíduos Sólidos Orgânicos?","CESAR ARAUJO EVANGELISTA","2,42","Confiança real","2,33","Jul 9, 2025 10:25 am","Jul 9, 2025 10:25 am"
"Como podemos reduzir o desperdício de alimentos, integrando os diferentes atores envolvidos, para promover aproveitamento de alimentos para consumo às populações em insegurança alimentar, garantindo a destinação adequada dos Resíduos Sólidos Orgânicos?","EDER LIRA DE SOUZA LEAO","4,17","EMANUEL DA MOTA PASSOS","2,48","Jul 9, 2025 10:25 am","Jul 9, 2025 10:25 am"
"Como podemos reduzir o desperdício de alimentos, integrando os diferentes atores envolvidos, para promover aproveitamento de alimentos para consumo às populações em insegurança alimentar, garantindo a destinação adequada dos Resíduos Sólidos Orgânicos?","EDER LIRA DE SOUZA LEAO","5","SaveAdd","4","Jul 9, 2025 10:25 am","Jul 9, 2025 10:25 am"
"Como podemos reduzir o desperdício de alimentos, integrando os diferentes atores envolvidos, para promover aproveitamento de alimentos para consumo às populações em insegurança alimentar, garantindo a destinação adequada dos Resíduos Sólidos Orgânicos?","CESAR ARAUJO EVANGELISTA","2","EMANUEL DA MOTA PASSOS","2,48","Jul 9, 2025 10:25 am","Jul 9, 2025 10:25 am"
"Como podemos reduzir o desperdício de alimentos, integrando os diferentes atores envolvidos, para promover aproveitamento de alimentos para consumo às populações em insegurança alimentar, garantindo a destinação adequada dos Resíduos Sólidos Orgânicos?","EDER LIRA DE SOUZA LEAO","4,25","Ekonavi","3,97","Jul 9, 2025 10:25 am","Jul 9, 2025 10:25 am"
"Como podemos reduzir o desperdício de alimentos, integrando os diferentes atores envolvidos, para promover aproveitamento de alimentos para consumo às populações em insegurança alimentar, garantindo a destinação adequada dos Resíduos Sólidos Orgânicos?","EDER LIRA DE SOUZA LEAO","4,17","EVA Agricultura Urbana","3,82","Jul 9, 2025 10:25 am","Jul 9, 2025 10:25 am"
"Como podemos reduzir o desperdício de alimentos, integrando os diferentes atores envolvidos, para promover aproveitamento de alimentos para consumo às populações em insegurança alimentar, garantindo a destinação adequada dos Resíduos Sólidos Orgânicos?","CESAR ARAUJO EVANGELISTA","4,42","SaveAdd","4","Jul 9, 2025 10:25 am","Jul 9, 2025 10:25 am"
"Como podemos reduzir o desperdício de alimentos, integrando os diferentes atores envolvidos, para promover aproveitamento de alimentos para consumo às populações em insegurança alimentar, garantindo a destinação adequada dos Resíduos Sólidos Orgânicos?","CESAR ARAUJO EVANGELISTA","4,42","Ekonavi","3,97","Jul 9, 2025 10:25 am","Jul 9, 2025 10:25 am"
"Como podemos reduzir o desperdício de alimentos, integrando os diferentes atores envolvidos, para promover aproveitamento de alimentos para consumo às populações em insegurança alimentar, garantindo a destinação adequada dos Resíduos Sólidos Orgânicos?","CESAR ARAUJO EVANGELISTA","4,58","EVA Agricultura Urbana","3,82","Jul 9, 2025 10:25 am","Jul 9, 2025 10:25 am"
"Como podemos reduzir o desperdício de alimentos, integrando os diferentes atores envolvidos, para promover aproveitamento de alimentos para consumo às populações em insegurança alimentar, garantindo a destinação adequada dos Resíduos Sólidos Orgânicos?","CESAR ARAUJO EVANGELISTA","4,83","Rafaela de Abreu Archangelo","3,47","Jul 9, 2025 10:25 am","Jul 9, 2025 10:25 am"
"Como podemos reduzir o desperdício de alimentos, integrando os diferentes atores envolvidos, para promover aproveitamento de alimentos para consumo às populações em insegurança alimentar, garantindo a destinação adequada dos Resíduos Sólidos Orgânicos?","CESAR ARAUJO EVANGELISTA","4,08","CincoduQuatro","3,7","Jul 9, 2025 10:25 am","Jul 9, 2025 10:25 am"
"Como podemos reduzir o desperdício de alimentos, integrando os diferentes atores envolvidos, para promover aproveitamento de alimentos para consumo às populações em insegurança alimentar, garantindo a destinação adequada dos Resíduos Sólidos Orgânicos?","CESAR ARAUJO EVANGELISTA","4,5","BDI Cooptec","3,45","Jul 9, 2025 10:25 am","Jul 9, 2025 10:25 am"
"Como podemos reduzir o desperdício de alimentos, integrando os diferentes atores envolvidos, para promover aproveitamento de alimentos para consumo às populações em insegurança alimentar, garantindo a destinação adequada dos Resíduos Sólidos Orgânicos?","EDER LIRA DE SOUZA LEAO","4,92","Rafaela de Abreu Archangelo","3,47","Jul 9, 2025 10:25 am","Jul 9, 2025 10:25 am"
"Como podemos reduzir o desperdício de alimentos, integrando os diferentes atores envolvidos, para promover aproveitamento de alimentos para consumo às populações em insegurança alimentar, garantindo a destinação adequada dos Resíduos Sólidos Orgânicos?","CESAR ARAUJO EVANGELISTA","3,83","Associação Luminus","4,05","Jul 9, 2025 10:25 am","Jul 9, 2025 10:25 am"
"Como podemos reduzir o desperdício de alimentos, integrando os diferentes atores envolvidos, para promover aproveitamento de alimentos para consumo às populações em insegurança alimentar, garantindo a destinação adequada dos Resíduos Sólidos Orgânicos?","CESAR ARAUJO EVANGELISTA","2,58","REVIRA","3,43","Jul 9, 2025 10:25 am","Jul 9, 2025 10:25 am"
"Como podemos reduzir o desperdício de alimentos, integrando os diferentes atores envolvidos, para promover aproveitamento de alimentos para consumo às populações em insegurança alimentar, garantindo a destinação adequada dos Resíduos Sólidos Orgânicos?","EDER LIRA DE SOUZA LEAO","3,58","CincoduQuatro","3,7","Jul 9, 2025 10:25 am","Jul 9, 2025 10:25 am"
"Como podemos reduzir o desperdício de alimentos, integrando os diferentes atores envolvidos, para promover aproveitamento de alimentos para consumo às populações em insegurança alimentar, garantindo a destinação adequada dos Resíduos Sólidos Orgânicos?","EDER LIRA DE SOUZA LEAO","3,83","BDI Cooptec","3,45","Jul 9, 2025 10:25 am","Jul 9, 2025 10:25 am"
"Como podemos reduzir o desperdício de alimentos, integrando os diferentes atores envolvidos, para promover aproveitamento de alimentos para consumo às populações em insegurança alimentar, garantindo a destinação adequada dos Resíduos Sólidos Orgânicos?","EDER LIRA DE SOUZA LEAO","4,58","Associação Luminus","4,05","Jul 9, 2025 10:25 am","Jul 9, 2025 10:25 am"
"Como podemos reduzir o desperdício de alimentos, integrando os diferentes atores envolvidos, para promover aproveitamento de alimentos para consumo às populações em insegurança alimentar, garantindo a destinação adequada dos Resíduos Sólidos Orgânicos?","EDER LIRA DE SOUZA LEAO","3,75","REVIRA","3,43","Jul 9, 2025 10:25 am","Jul 9, 2025 10:25 am"
"Como podemos construir uma estratégia que propicie o monitoramento e apoio ao autocuidado da pessoa com hipertensão e/ou diabetes para facilitar a adesão e acompanhamento do tratamento?","RODRIGO BEZERRA","3,58","Saúde Cinco","3,45","Jul 9, 2025 11:32 am","Jul 9, 2025 11:32 am"
"Como podemos construir uma estratégia que propicie o monitoramento e apoio ao autocuidado da pessoa com hipertensão e/ou diabetes para facilitar a adesão e acompanhamento do tratamento?","","3,83","","","Jul 9, 2025 11:32 am","Jul 9, 2025 11:32 am"
"Como podemos construir uma estratégia que propicie o monitoramento e apoio ao autocuidado da pessoa com hipertensão e/ou diabetes para facilitar a adesão e acompanhamento do tratamento?","RODRIGO BEZERRA","1,75","HRV4life","3,03","Jul 9, 2025 11:32 am","Jul 9, 2025 11:32 am"
"Como podemos construir uma estratégia que propicie o monitoramento e apoio ao autocuidado da pessoa com hipertensão e/ou diabetes para facilitar a adesão e acompanhamento do tratamento?","RODRIGO BEZERRA","1,42","LUDI INOVA SIMPLES IS","1,18","Jul 9, 2025 11:32 am","Jul 9, 2025 11:32 am"
"Como podemos construir uma estratégia que propicie o monitoramento e apoio ao autocuidado da pessoa com hipertensão e/ou diabetes para facilitar a adesão e acompanhamento do tratamento?","RODRIGO BEZERRA","1","daps","1","Jul 9, 2025 11:32 am","Jul 9, 2025 11:32 am"
"Como podemos construir uma estratégia que propicie o monitoramento e apoio ao autocuidado da pessoa com hipertensão e/ou diabetes para facilitar a adesão e acompanhamento do tratamento?","RODRIGO BEZERRA","3,92","Cogfy","4,37","Jul 9, 2025 11:32 am","Jul 9, 2025 11:32 am"
"Como podemos construir uma estratégia que propicie o monitoramento e apoio ao autocuidado da pessoa com hipertensão e/ou diabetes para facilitar a adesão e acompanhamento do tratamento?","RODRIGO BEZERRA","1,67","ALKE","1,47","Jul 9, 2025 11:32 am","Jul 9, 2025 11:32 am"
"Como podemos construir uma estratégia que propicie o monitoramento e apoio ao autocuidado da pessoa com hipertensão e/ou diabetes para facilitar a adesão e acompanhamento do tratamento?","RODRIGO BEZERRA","3,08","Tia Bete","3,3","Jul 9, 2025 11:32 am","Jul 9, 2025 11:32 am"
"Como podemos construir uma estratégia que propicie o monitoramento e apoio ao autocuidado da pessoa com hipertensão e/ou diabetes para facilitar a adesão e acompanhamento do tratamento?","RODRIGO BEZERRA","3","NAV + SAÚDE","3,13","Jul 9, 2025 11:32 am","Jul 9, 2025 11:32 am"
"Como podemos construir uma estratégia que propicie o monitoramento e apoio ao autocuidado da pessoa com hipertensão e/ou diabetes para facilitar a adesão e acompanhamento do tratamento?","RODRIGO BEZERRA","2,17","dolfidoc","1,73","Jul 9, 2025 11:32 am","Jul 9, 2025 11:32 am"
"Como podemos construir uma estratégia que propicie o monitoramento e apoio ao autocuidado da pessoa com hipertensão e/ou diabetes para facilitar a adesão e acompanhamento do tratamento?","RODRIGO BEZERRA","2,92","ConectaVital","2,72","Jul 9, 2025 11:32 am","Jul 9, 2025 11:32 am"
"Como podemos construir uma estratégia que propicie o monitoramento e apoio ao autocuidado da pessoa com hipertensão e/ou diabetes para facilitar a adesão e acompanhamento do tratamento?","RODRIGO BEZERRA","4,17","Mosca Branca deeptech","4,1","Jul 9, 2025 11:32 am","Jul 9, 2025 11:32 am"
"Como podemos construir uma estratégia que propicie o monitoramento e apoio ao autocuidado da pessoa com hipertensão e/ou diabetes para facilitar a adesão e acompanhamento do tratamento?","RODRIGO BEZERRA","2,17","MEDIBOX","1,23","Jul 9, 2025 11:32 am","Jul 9, 2025 11:32 am"
"Como podemos construir uma estratégia que propicie o monitoramento e apoio ao autocuidado da pessoa com hipertensão e/ou diabetes para facilitar a adesão e acompanhamento do tratamento?","RODRIGO BEZERRA","3,67","REbate","3,63","Jul 9, 2025 11:32 am","Jul 9, 2025 11:32 am"
"Como podemos construir uma estratégia que propicie o monitoramento e apoio ao autocuidado da pessoa com hipertensão e/ou diabetes para facilitar a adesão e acompanhamento do tratamento?","RODRIGO BEZERRA","4,25","SUSIA","4,38","Jul 9, 2025 11:32 am","Jul 9, 2025 11:32 am"
"Como podemos construir uma estratégia que propicie o monitoramento e apoio ao autocuidado da pessoa com hipertensão e/ou diabetes para facilitar a adesão e acompanhamento do tratamento?","RODRIGO BEZERRA","3","Cesinhas","1,6","Jul 9, 2025 11:32 am","Jul 9, 2025 11:32 am"
"Como podemos construir uma estratégia que propicie o monitoramento e apoio ao autocuidado da pessoa com hipertensão e/ou diabetes para facilitar a adesão e acompanhamento do tratamento?","RODRIGO BEZERRA","4,08","ROBO LAURA","2,63","Jul 9, 2025 11:32 am","Jul 9, 2025 11:32 am"
"Como podemos construir uma estratégia que propicie o monitoramento e apoio ao autocuidado da pessoa com hipertensão e/ou diabetes para facilitar a adesão e acompanhamento do tratamento?","RODRIGO BEZERRA","4","Saúde com I.A","3,88","Jul 9, 2025 11:32 am","Jul 9, 2025 11:32 am"
"Como podemos construir uma estratégia que propicie o monitoramento e apoio ao autocuidado da pessoa com hipertensão e/ou diabetes para facilitar a adesão e acompanhamento do tratamento?","RODRIGO BEZERRA","3,08","Clinitech","1,82","Jul 9, 2025 11:32 am","Jul 9, 2025 11:32 am"
"Como podemos construir uma estratégia que propicie o monitoramento e apoio ao autocuidado da pessoa com hipertensão e/ou diabetes para facilitar a adesão e acompanhamento do tratamento?","RODRIGO BEZERRA","2,83","RedCheck","2,27","Jul 9, 2025 11:32 am","Jul 9, 2025 11:32 am"
"Como podemos construir uma estratégia que propicie o monitoramento e apoio ao autocuidado da pessoa com hipertensão e/ou diabetes para facilitar a adesão e acompanhamento do tratamento?","ANA INES DE JESUS VIEIRA","2,83","Saúde Cinco","3,45","Jul 9, 2025 11:32 am","Jul 9, 2025 11:32 am"
"Como podemos construir uma estratégia que propicie o monitoramento e apoio ao autocuidado da pessoa com hipertensão e/ou diabetes para facilitar a adesão e acompanhamento do tratamento?","Homero Cavalcanti","3,17","Saúde Cinco","3,45","Jul 9, 2025 11:33 am","Jul 9, 2025 11:33 am"
"Como podemos construir uma estratégia que propicie o monitoramento e apoio ao autocuidado da pessoa com hipertensão e/ou diabetes para facilitar a adesão e acompanhamento do tratamento?","Homero Cavalcanti","3,33","HRV4life","3,03","Jul 9, 2025 11:33 am","Jul 9, 2025 11:33 am"
"Como podemos construir uma estratégia que propicie o monitoramento e apoio ao autocuidado da pessoa com hipertensão e/ou diabetes para facilitar a adesão e acompanhamento do tratamento?","GUSTAVO SÉRGIO DE GODOY MAGALHÃES","3,42","Saúde Cinco","3,45","Jul 9, 2025 11:33 am","Jul 9, 2025 11:33 am"
"Como podemos construir uma estratégia que propicie o monitoramento e apoio ao autocuidado da pessoa com hipertensão e/ou diabetes para facilitar a adesão e acompanhamento do tratamento?","RODRIGO BEZERRA","4,42","Liu","3,88","Jul 9, 2025 11:33 am","Jul 9, 2025 11:33 am"
"Como podemos construir uma estratégia que propicie o monitoramento e apoio ao autocuidado da pessoa com hipertensão e/ou diabetes para facilitar a adesão e acompanhamento do tratamento?","RODRIGO BEZERRA","3,67","Cesinhas","2,8","Jul 9, 2025 11:33 am","Jul 9, 2025 11:33 am"
"Como podemos construir uma estratégia que propicie o monitoramento e apoio ao autocuidado da pessoa com hipertensão e/ou diabetes para facilitar a adesão e acompanhamento do tratamento?","RODRIGO BEZERRA","4,33","neri","3,38","Jul 9, 2025 11:33 am","Jul 9, 2025 11:33 am"
"Como podemos construir uma estratégia que propicie o monitoramento e apoio ao autocuidado da pessoa com hipertensão e/ou diabetes para facilitar a adesão e acompanhamento do tratamento?","RODRIGO BEZERRA","3","Dayse Maria de Souza Oliveira, Amanda Felix da Silva, Antônia Felix Lessa","2,58","Jul 9, 2025 11:33 am","Jul 9, 2025 11:33 am"
"Como podemos construir uma estratégia que propicie o monitoramento e apoio ao autocuidado da pessoa com hipertensão e/ou diabetes para facilitar a adesão e acompanhamento do tratamento?","RODRIGO BEZERRA","3,92","CFIT","3,92","Jul 9, 2025 11:33 am","Jul 9, 2025 11:33 am"
"Como podemos construir uma estratégia que propicie o monitoramento e apoio ao autocuidado da pessoa com hipertensão e/ou diabetes para facilitar a adesão e acompanhamento do tratamento?","RODRIGO BEZERRA","4,42","GO BEE APIS","4,32","Jul 9, 2025 11:33 am","Jul 9, 2025 11:33 am"
"Como podemos construir uma estratégia que propicie o monitoramento e apoio ao autocuidado da pessoa com hipertensão e/ou diabetes para facilitar a adesão e acompanhamento do tratamento?","RODRIGO BEZERRA","3,25","Clinitech Tecnologia em Saúde LTDA.","3,65","Jul 9, 2025 11:33 am","Jul 9, 2025 11:33 am"
"Como podemos construir uma estratégia que propicie o monitoramento e apoio ao autocuidado da pessoa com hipertensão e/ou diabetes para facilitar a adesão e acompanhamento do tratamento?","RODRIGO BEZERRA","4,42","Lemobs","4,25","Jul 9, 2025 11:33 am","Jul 9, 2025 11:33 am"
"Como podemos construir uma estratégia que propicie o monitoramento e apoio ao autocuidado da pessoa com hipertensão e/ou diabetes para facilitar a adesão e acompanhamento do tratamento?","RODRIGO BEZERRA","3,33","Projeto Saus","2,83","Jul 9, 2025 11:33 am","Jul 9, 2025 11:33 am"
"Como podemos construir uma estratégia que propicie o monitoramento e apoio ao autocuidado da pessoa com hipertensão e/ou diabetes para facilitar a adesão e acompanhamento do tratamento?","RODRIGO BEZERRA","3,42","Kali","2,95","Jul 9, 2025 11:33 am","Jul 9, 2025 11:33 am"
"Como podemos construir uma estratégia que propicie o monitoramento e apoio ao autocuidado da pessoa com hipertensão e/ou diabetes para facilitar a adesão e acompanhamento do tratamento?","RODRIGO BEZERRA","3,25","Conexão e Cuidado","2,83","Jul 9, 2025 11:33 am","Jul 9, 2025 11:33 am"
"Como podemos construir uma estratégia que propicie o monitoramento e apoio ao autocuidado da pessoa com hipertensão e/ou diabetes para facilitar a adesão e acompanhamento do tratamento?","RODRIGO BEZERRA","3,17","KTecS","4,05","Jul 9, 2025 11:33 am","Jul 9, 2025 11:33 am"
"Como podemos construir uma estratégia que propicie o monitoramento e apoio ao autocuidado da pessoa com hipertensão e/ou diabetes para facilitar a adesão e acompanhamento do tratamento?","RODRIGO BEZERRA","2,42","Cuida+ Saúde","3,5","Jul 9, 2025 11:33 am","Jul 9, 2025 11:33 am"
"Como podemos construir uma estratégia que propicie o monitoramento e apoio ao autocuidado da pessoa com hipertensão e/ou diabetes para facilitar a adesão e acompanhamento do tratamento?","RODRIGO BEZERRA","2,67","Ponte Saúde","2,75","Jul 9, 2025 11:33 am","Jul 9, 2025 11:33 am"
"Como podemos construir uma estratégia que propicie o monitoramento e apoio ao autocuidado da pessoa com hipertensão e/ou diabetes para facilitar a adesão e acompanhamento do tratamento?","RODRIGO BEZERRA","4,08","Manguehub","3,35","Jul 9, 2025 11:33 am","Jul 9, 2025 11:33 am"
"Como podemos construir uma estratégia que propicie o monitoramento e apoio ao autocuidado da pessoa com hipertensão e/ou diabetes para facilitar a adesão e acompanhamento do tratamento?","Homero Cavalcanti","5","Cogfy","4,37","Jul 9, 2025 11:33 am","Jul 9, 2025 11:33 am"
"Como podemos construir uma estratégia que propicie o monitoramento e apoio ao autocuidado da pessoa com hipertensão e/ou diabetes para facilitar a adesão e acompanhamento do tratamento?","Homero Cavalcanti","1,5","LUDI INOVA SIMPLES IS","1,18","Jul 9, 2025 11:33 am","Jul 9, 2025 11:33 am"
"Como podemos construir uma estratégia que propicie o monitoramento e apoio ao autocuidado da pessoa com hipertensão e/ou diabetes para facilitar a adesão e acompanhamento do tratamento?","Homero Cavalcanti","1","daps","1","Jul 9, 2025 11:33 am","Jul 9, 2025 11:33 am"
"Como podemos construir uma estratégia que propicie o monitoramento e apoio ao autocuidado da pessoa com hipertensão e/ou diabetes para facilitar a adesão e acompanhamento do tratamento?","GUSTAVO SÉRGIO DE GODOY MAGALHÃES","3","HRV4life","3,03","Jul 9, 2025 11:33 am","Jul 9, 2025 11:33 am"
"Como podemos construir uma estratégia que propicie o monitoramento e apoio ao autocuidado da pessoa com hipertensão e/ou diabetes para facilitar a adesão e acompanhamento do tratamento?","Moisés Leal","4,17","HRV4life","3,03","Jul 9, 2025 11:33 am","Jul 9, 2025 11:33 am"
"Como podemos construir uma estratégia que propicie o monitoramento e apoio ao autocuidado da pessoa com hipertensão e/ou diabetes para facilitar a adesão e acompanhamento do tratamento?","GUSTAVO SÉRGIO DE GODOY MAGALHÃES","1","daps","1","Jul 9, 2025 11:33 am","Jul 9, 2025 11:33 am"
"Como podemos construir uma estratégia que propicie o monitoramento e apoio ao autocuidado da pessoa com hipertensão e/ou diabetes para facilitar a adesão e acompanhamento do tratamento?","Moisés Leal","4,25","Saúde Cinco","3,45","Jul 9, 2025 11:33 am","Jul 9, 2025 11:33 am"
"Como podemos construir uma estratégia que propicie o monitoramento e apoio ao autocuidado da pessoa com hipertensão e/ou diabetes para facilitar a adesão e acompanhamento do tratamento?","GUSTAVO SÉRGIO DE GODOY MAGALHÃES","4,58","Cogfy","4,37","Jul 9, 2025 11:33 am","Jul 9, 2025 11:33 am"
"Como podemos construir uma estratégia que propicie o monitoramento e apoio ao autocuidado da pessoa com hipertensão e/ou diabetes para facilitar a adesão e acompanhamento do tratamento?","GUSTAVO SÉRGIO DE GODOY MAGALHÃES","1","LUDI INOVA SIMPLES IS","1,18","Jul 9, 2025 11:33 am","Jul 9, 2025 11:33 am"
"Como podemos construir uma estratégia que propicie o monitoramento e apoio ao autocuidado da pessoa com hipertensão e/ou diabetes para facilitar a adesão e acompanhamento do tratamento?","GUSTAVO SÉRGIO DE GODOY MAGALHÃES","1,67","ALKE","1,47","Jul 9, 2025 11:33 am","Jul 9, 2025 11:33 am"
"Como podemos construir uma estratégia que propicie o monitoramento e apoio ao autocuidado da pessoa com hipertensão e/ou diabetes para facilitar a adesão e acompanhamento do tratamento?","GUSTAVO SÉRGIO DE GODOY MAGALHÃES","4","Tia Bete","3,3","Jul 9, 2025 11:33 am","Jul 9, 2025 11:33 am"
"Como podemos construir uma estratégia que propicie o monitoramento e apoio ao autocuidado da pessoa com hipertensão e/ou diabetes para facilitar a adesão e acompanhamento do tratamento?","GUSTAVO SÉRGIO DE GODOY MAGALHÃES","3,75","NAV + SAÚDE","3,13","Jul 9, 2025 11:33 am","Jul 9, 2025 11:33 am"
"Como podemos construir uma estratégia que propicie o monitoramento e apoio ao autocuidado da pessoa com hipertensão e/ou diabetes para facilitar a adesão e acompanhamento do tratamento?","Homero Cavalcanti","1,5","ALKE","1,47","Jul 9, 2025 11:34 am","Jul 9, 2025 11:34 am"
"Como podemos construir uma estratégia que propicie o monitoramento e apoio ao autocuidado da pessoa com hipertensão e/ou diabetes para facilitar a adesão e acompanhamento do tratamento?","GUSTAVO SÉRGIO DE GODOY MAGALHÃES","4,25","Mosca Branca deeptech","4,1","Jul 9, 2025 11:34 am","Jul 9, 2025 11:34 am"
"Como podemos construir uma estratégia que propicie o monitoramento e apoio ao autocuidado da pessoa com hipertensão e/ou diabetes para facilitar a adesão e acompanhamento do tratamento?","GUSTAVO SÉRGIO DE GODOY MAGALHÃES","1,75","dolfidoc","1,73","Jul 9, 2025 11:34 am","Jul 9, 2025 11:34 am"
"Como podemos construir uma estratégia que propicie o monitoramento e apoio ao autocuidado da pessoa com hipertensão e/ou diabetes para facilitar a adesão e acompanhamento do tratamento?","GUSTAVO SÉRGIO DE GODOY MAGALHÃES","2,92","ConectaVital","2,72","Jul 9, 2025 11:34 am","Jul 9, 2025 11:34 am"
"Como podemos construir uma estratégia que propicie o monitoramento e apoio ao autocuidado da pessoa com hipertensão e/ou diabetes para facilitar a adesão e acompanhamento do tratamento?","GUSTAVO SÉRGIO DE GODOY MAGALHÃES","1","MEDIBOX","1,23","Jul 9, 2025 11:34 am","Jul 9, 2025 11:34 am"
"Como podemos construir uma estratégia que propicie o monitoramento e apoio ao autocuidado da pessoa com hipertensão e/ou diabetes para facilitar a adesão e acompanhamento do tratamento?","Moisés Leal","1","LUDI INOVA SIMPLES IS","1,18","Jul 9, 2025 11:34 am","Jul 9, 2025 11:34 am"
"Como podemos construir uma estratégia que propicie o monitoramento e apoio ao autocuidado da pessoa com hipertensão e/ou diabetes para facilitar a adesão e acompanhamento do tratamento?","GUSTAVO SÉRGIO DE GODOY MAGALHÃES","1,92","MEDIBOX","2,25","Jul 9, 2025 11:34 am","Jul 9, 2025 11:34 am"
"Como podemos construir uma estratégia que propicie o monitoramento e apoio ao autocuidado da pessoa com hipertensão e/ou diabetes para facilitar a adesão e acompanhamento do tratamento?","Moisés Leal","1","daps","1","Jul 9, 2025 11:34 am","Jul 9, 2025 11:34 am"
"Como podemos construir uma estratégia que propicie o monitoramento e apoio ao autocuidado da pessoa com hipertensão e/ou diabetes para facilitar a adesão e acompanhamento do tratamento?","GUSTAVO SÉRGIO DE GODOY MAGALHÃES","3,92","REbate","3,63","Jul 9, 2025 11:34 am","Jul 9, 2025 11:34 am"
"Como podemos construir uma estratégia que propicie o monitoramento e apoio ao autocuidado da pessoa com hipertensão e/ou diabetes para facilitar a adesão e acompanhamento do tratamento?","Homero Cavalcanti","3,83","Tia Bete","3,3","Jul 9, 2025 11:34 am","Jul 9, 2025 11:34 am"
"Como podemos construir uma estratégia que propicie o monitoramento e apoio ao autocuidado da pessoa com hipertensão e/ou diabetes para facilitar a adesão e acompanhamento do tratamento?","GUSTAVO SÉRGIO DE GODOY MAGALHÃES","4,92","SUSIA","4,38","Jul 9, 2025 11:34 am","Jul 9, 2025 11:34 am"
"Como podemos construir uma estratégia que propicie o monitoramento e apoio ao autocuidado da pessoa com hipertensão e/ou diabetes para facilitar a adesão e acompanhamento do tratamento?","GUSTAVO SÉRGIO DE GODOY MAGALHÃES","1","Cesinhas","1,6","Jul 9, 2025 11:34 am","Jul 9, 2025 11:34 am"
"Como podemos construir uma estratégia que propicie o monitoramento e apoio ao autocuidado da pessoa com hipertensão e/ou diabetes para facilitar a adesão e acompanhamento do tratamento?","GUSTAVO SÉRGIO DE GODOY MAGALHÃES","1","Clinitech","1,82","Jul 9, 2025 11:34 am","Jul 9, 2025 11:34 am"
"Como podemos construir uma estratégia que propicie o monitoramento e apoio ao autocuidado da pessoa com hipertensão e/ou diabetes para facilitar a adesão e acompanhamento do tratamento?","Homero Cavalcanti","3","NAV + SAÚDE","3,13","Jul 9, 2025 11:34 am","Jul 9, 2025 11:34 am"
"Como podemos construir uma estratégia que propicie o monitoramento e apoio ao autocuidado da pessoa com hipertensão e/ou diabetes para facilitar a adesão e acompanhamento do tratamento?","GUSTAVO SÉRGIO DE GODOY MAGALHÃES","3,83","ROBO LAURA","2,63","Jul 9, 2025 11:34 am","Jul 9, 2025 11:34 am"
"Como podemos construir uma estratégia que propicie o monitoramento e apoio ao autocuidado da pessoa com hipertensão e/ou diabetes para facilitar a adesão e acompanhamento do tratamento?","GUSTAVO SÉRGIO DE GODOY MAGALHÃES","4,08","Saúde com I.A","3,88","Jul 9, 2025 11:34 am","Jul 9, 2025 11:34 am"
"Como podemos construir uma estratégia que propicie o monitoramento e apoio ao autocuidado da pessoa com hipertensão e/ou diabetes para facilitar a adesão e acompanhamento do tratamento?","GUSTAVO SÉRGIO DE GODOY MAGALHÃES","3,08","RedCheck","2,27","Jul 9, 2025 11:34 am","Jul 9, 2025 11:34 am"
"Como podemos construir uma estratégia que propicie o monitoramento e apoio ao autocuidado da pessoa com hipertensão e/ou diabetes para facilitar a adesão e acompanhamento do tratamento?","GUSTAVO SÉRGIO DE GODOY MAGALHÃES","3,67","Liu","3,88","Jul 9, 2025 11:34 am","Jul 9, 2025 11:34 am"
"Como podemos construir uma estratégia que propicie o monitoramento e apoio ao autocuidado da pessoa com hipertensão e/ou diabetes para facilitar a adesão e acompanhamento do tratamento?","GUSTAVO SÉRGIO DE GODOY MAGALHÃES","3,17","Cesinhas","2,8","Jul 9, 2025 11:34 am","Jul 9, 2025 11:34 am"
"Como podemos construir uma estratégia que propicie o monitoramento e apoio ao autocuidado da pessoa com hipertensão e/ou diabetes para facilitar a adesão e acompanhamento do tratamento?","GUSTAVO SÉRGIO DE GODOY MAGALHÃES","3,42","neri","3,38","Jul 9, 2025 11:34 am","Jul 9, 2025 11:34 am"
"Como podemos construir uma estratégia que propicie o monitoramento e apoio ao autocuidado da pessoa com hipertensão e/ou diabetes para facilitar a adesão e acompanhamento do tratamento?","GUSTAVO SÉRGIO DE GODOY MAGALHÃES","2,33","Dayse Maria de Souza Oliveira, Amanda Felix da Silva, Antônia Felix Lessa","2,58","Jul 9, 2025 11:34 am","Jul 9, 2025 11:34 am"
"Como podemos construir uma estratégia que propicie o monitoramento e apoio ao autocuidado da pessoa com hipertensão e/ou diabetes para facilitar a adesão e acompanhamento do tratamento?","GUSTAVO SÉRGIO DE GODOY MAGALHÃES","4,17","CFIT","3,92","Jul 9, 2025 11:34 am","Jul 9, 2025 11:34 am"
"Como podemos construir uma estratégia que propicie o monitoramento e apoio ao autocuidado da pessoa com hipertensão e/ou diabetes para facilitar a adesão e acompanhamento do tratamento?","GUSTAVO SÉRGIO DE GODOY MAGALHÃES","4,5","GO BEE APIS","4,32","Jul 9, 2025 11:34 am","Jul 9, 2025 11:34 am"
"Como podemos construir uma estratégia que propicie o monitoramento e apoio ao autocuidado da pessoa com hipertensão e/ou diabetes para facilitar a adesão e acompanhamento do tratamento?","GUSTAVO SÉRGIO DE GODOY MAGALHÃES","4,25","Clinitech Tecnologia em Saúde LTDA.","3,65","Jul 9, 2025 11:34 am","Jul 9, 2025 11:34 am"
"Como podemos construir uma estratégia que propicie o monitoramento e apoio ao autocuidado da pessoa com hipertensão e/ou diabetes para facilitar a adesão e acompanhamento do tratamento?","GUSTAVO SÉRGIO DE GODOY MAGALHÃES","4,33","Lemobs","4,25","Jul 9, 2025 11:34 am","Jul 9, 2025 11:34 am"
"Como podemos construir uma estratégia que propicie o monitoramento e apoio ao autocuidado da pessoa com hipertensão e/ou diabetes para facilitar a adesão e acompanhamento do tratamento?","GUSTAVO SÉRGIO DE GODOY MAGALHÃES","3,08","Projeto Saus","2,83","Jul 9, 2025 11:34 am","Jul 9, 2025 11:34 am"
"Como podemos construir uma estratégia que propicie o monitoramento e apoio ao autocuidado da pessoa com hipertensão e/ou diabetes para facilitar a adesão e acompanhamento do tratamento?","RODRIGO BEZERRA","2,67","UPSAÚDE ","2,85","Jul 9, 2025 11:34 am","Jul 9, 2025 11:34 am"
"Como podemos construir uma estratégia que propicie o monitoramento e apoio ao autocuidado da pessoa com hipertensão e/ou diabetes para facilitar a adesão e acompanhamento do tratamento?","RODRIGO BEZERRA","3,83","Metasolution","3,52","Jul 9, 2025 11:34 am","Jul 9, 2025 11:34 am"
"Como podemos construir uma estratégia que propicie o monitoramento e apoio ao autocuidado da pessoa com hipertensão e/ou diabetes para facilitar a adesão e acompanhamento do tratamento?","GUSTAVO SÉRGIO DE GODOY MAGALHÃES","3,33","Kali","2,95","Jul 9, 2025 11:34 am","Jul 9, 2025 11:34 am"
"Como podemos construir uma estratégia que propicie o monitoramento e apoio ao autocuidado da pessoa com hipertensão e/ou diabetes para facilitar a adesão e acompanhamento do tratamento?","RODRIGO BEZERRA","3,42","Wladimilson Bernardino Nascimento","3,15","Jul 9, 2025 11:34 am","Jul 9, 2025 11:34 am"
"Como podemos construir uma estratégia que propicie o monitoramento e apoio ao autocuidado da pessoa com hipertensão e/ou diabetes para facilitar a adesão e acompanhamento do tratamento?","GUSTAVO SÉRGIO DE GODOY MAGALHÃES","3,08","Conexão e Cuidado","2,83","Jul 9, 2025 11:35 am","Jul 9, 2025 11:35 am"
"Como podemos construir uma estratégia que propicie o monitoramento e apoio ao autocuidado da pessoa com hipertensão e/ou diabetes para facilitar a adesão e acompanhamento do tratamento?","GUSTAVO SÉRGIO DE GODOY MAGALHÃES","4,5","KTecS","4,05","Jul 9, 2025 11:35 am","Jul 9, 2025 11:35 am"
"Como podemos construir uma estratégia que propicie o monitoramento e apoio ao autocuidado da pessoa com hipertensão e/ou diabetes para facilitar a adesão e acompanhamento do tratamento?","GUSTAVO SÉRGIO DE GODOY MAGALHÃES","4","Cuida+ Saúde","3,5","Jul 9, 2025 11:35 am","Jul 9, 2025 11:35 am"
"Como podemos construir uma estratégia que propicie o monitoramento e apoio ao autocuidado da pessoa com hipertensão e/ou diabetes para facilitar a adesão e acompanhamento do tratamento?","GUSTAVO SÉRGIO DE GODOY MAGALHÃES","3,33","Ponte Saúde","2,75","Jul 9, 2025 11:35 am","Jul 9, 2025 11:35 am"
"Como podemos construir uma estratégia que propicie o monitoramento e apoio ao autocuidado da pessoa com hipertensão e/ou diabetes para facilitar a adesão e acompanhamento do tratamento?","Homero Cavalcanti","4,17","Mosca Branca deeptech","4,1","Jul 9, 2025 11:35 am","Jul 9, 2025 11:35 am"
"Como podemos construir uma estratégia que propicie o monitoramento e apoio ao autocuidado da pessoa com hipertensão e/ou diabetes para facilitar a adesão e acompanhamento do tratamento?","ANA INES DE JESUS VIEIRA","1","daps","1","Jul 9, 2025 11:35 am","Jul 9, 2025 11:35 am"
"Como podemos construir uma estratégia que propicie o monitoramento e apoio ao autocuidado da pessoa com hipertensão e/ou diabetes para facilitar a adesão e acompanhamento do tratamento?","Homero Cavalcanti","1","dolfidoc","1,73","Jul 9, 2025 11:35 am","Jul 9, 2025 11:35 am"
"Como podemos construir uma estratégia que propicie o monitoramento e apoio ao autocuidado da pessoa com hipertensão e/ou diabetes para facilitar a adesão e acompanhamento do tratamento?","ANA INES DE JESUS VIEIRA","2,92","HRV4life","3,03","Jul 9, 2025 11:35 am","Jul 9, 2025 11:35 am"
"Como podemos construir uma estratégia que propicie o monitoramento e apoio ao autocuidado da pessoa com hipertensão e/ou diabetes para facilitar a adesão e acompanhamento do tratamento?","Homero Cavalcanti","2,83","ConectaVital","2,72","Jul 9, 2025 11:35 am","Jul 9, 2025 11:35 am"
"Como podemos construir uma estratégia que propicie o monitoramento e apoio ao autocuidado da pessoa com hipertensão e/ou diabetes para facilitar a adesão e acompanhamento do tratamento?","Homero Cavalcanti","1","MEDIBOX","1,23","Jul 9, 2025 11:35 am","Jul 9, 2025 11:35 am"
"Como podemos construir uma estratégia que propicie o monitoramento e apoio ao autocuidado da pessoa com hipertensão e/ou diabetes para facilitar a adesão e acompanhamento do tratamento?","Homero Cavalcanti","2,25","MEDIBOX","2,25","Jul 9, 2025 11:35 am","Jul 9, 2025 11:35 am"
"Como podemos construir uma estratégia que propicie o monitoramento e apoio ao autocuidado da pessoa com hipertensão e/ou diabetes para facilitar a adesão e acompanhamento do tratamento?","ANA INES DE JESUS VIEIRA","1","LUDI INOVA SIMPLES IS","1,18","Jul 9, 2025 11:35 am","Jul 9, 2025 11:35 am"
"Como podemos construir uma estratégia que propicie o monitoramento e apoio ao autocuidado da pessoa com hipertensão e/ou diabetes para facilitar a adesão e acompanhamento do tratamento?","Homero Cavalcanti","4,17","REbate","3,63","Jul 9, 2025 11:35 am","Jul 9, 2025 11:35 am"
"Como podemos construir uma estratégia que propicie o monitoramento e apoio ao autocuidado da pessoa com hipertensão e/ou diabetes para facilitar a adesão e acompanhamento do tratamento?","Homero Cavalcanti","4,67","SUSIA","4,38","Jul 9, 2025 11:35 am","Jul 9, 2025 11:35 am"
"Como podemos construir uma estratégia que propicie o monitoramento e apoio ao autocuidado da pessoa com hipertensão e/ou diabetes para facilitar a adesão e acompanhamento do tratamento?","Homero Cavalcanti","1,67","Cesinhas","1,6","Jul 9, 2025 11:35 am","Jul 9, 2025 11:35 am"
"Como podemos construir uma estratégia que propicie o monitoramento e apoio ao autocuidado da pessoa com hipertensão e/ou diabetes para facilitar a adesão e acompanhamento do tratamento?","Homero Cavalcanti","1,42","ROBO LAURA","2,63","Jul 9, 2025 11:35 am","Jul 9, 2025 11:35 am"
"Como podemos construir uma estratégia que propicie o monitoramento e apoio ao autocuidado da pessoa com hipertensão e/ou diabetes para facilitar a adesão e acompanhamento do tratamento?","Homero Cavalcanti","3,58","Saúde com I.A","3,88","Jul 9, 2025 11:35 am","Jul 9, 2025 11:35 am"
"Como podemos construir uma estratégia que propicie o monitoramento e apoio ao autocuidado da pessoa com hipertensão e/ou diabetes para facilitar a adesão e acompanhamento do tratamento?","Homero Cavalcanti","1","Clinitech","1,82","Jul 9, 2025 11:35 am","Jul 9, 2025 11:35 am"
"Como podemos construir uma estratégia que propicie o monitoramento e apoio ao autocuidado da pessoa com hipertensão e/ou diabetes para facilitar a adesão e acompanhamento do tratamento?","Homero Cavalcanti","2,42","RedCheck","2,27","Jul 9, 2025 11:35 am","Jul 9, 2025 11:35 am"
"Como podemos construir uma estratégia que propicie o monitoramento e apoio ao autocuidado da pessoa com hipertensão e/ou diabetes para facilitar a adesão e acompanhamento do tratamento?","Homero Cavalcanti","4,25","Liu","3,88","Jul 9, 2025 11:35 am","Jul 9, 2025 11:35 am"
"Como podemos construir uma estratégia que propicie o monitoramento e apoio ao autocuidado da pessoa com hipertensão e/ou diabetes para facilitar a adesão e acompanhamento do tratamento?","Homero Cavalcanti","4,33","Cesinhas","2,8","Jul 9, 2025 11:35 am","Jul 9, 2025 11:35 am"
"Como podemos construir uma estratégia que propicie o monitoramento e apoio ao autocuidado da pessoa com hipertensão e/ou diabetes para facilitar a adesão e acompanhamento do tratamento?","Homero Cavalcanti","4","neri","3,38","Jul 9, 2025 11:35 am","Jul 9, 2025 11:35 am"
"Como podemos construir uma estratégia que propicie o monitoramento e apoio ao autocuidado da pessoa com hipertensão e/ou diabetes para facilitar a adesão e acompanhamento do tratamento?","Homero Cavalcanti","2,92","Dayse Maria de Souza Oliveira, Amanda Felix da Silva, Antônia Felix Lessa","2,58","Jul 9, 2025 11:35 am","Jul 9, 2025 11:35 am"
"Como podemos construir uma estratégia que propicie o monitoramento e apoio ao autocuidado da pessoa com hipertensão e/ou diabetes para facilitar a adesão e acompanhamento do tratamento?","Homero Cavalcanti","4,25","CFIT","3,92","Jul 9, 2025 11:35 am","Jul 9, 2025 11:35 am"
"Como podemos construir uma estratégia que propicie o monitoramento e apoio ao autocuidado da pessoa com hipertensão e/ou diabetes para facilitar a adesão e acompanhamento do tratamento?","Moisés Leal","4,5","Cogfy","4,37","Jul 9, 2025 11:35 am","Jul 9, 2025 11:35 am"
"Como podemos construir uma estratégia que propicie o monitoramento e apoio ao autocuidado da pessoa com hipertensão e/ou diabetes para facilitar a adesão e acompanhamento do tratamento?","Moisés Leal","1,5","ALKE","1,47","Jul 9, 2025 11:35 am","Jul 9, 2025 11:35 am"
"Como podemos construir uma estratégia que propicie o monitoramento e apoio ao autocuidado da pessoa com hipertensão e/ou diabetes para facilitar a adesão e acompanhamento do tratamento?","Moisés Leal","2,92","Tia Bete","3,3","Jul 9, 2025 11:35 am","Jul 9, 2025 11:35 am"
"Como podemos construir uma estratégia que propicie o monitoramento e apoio ao autocuidado da pessoa com hipertensão e/ou diabetes para facilitar a adesão e acompanhamento do tratamento?","Moisés Leal","3,67","NAV + SAÚDE","3,13","Jul 9, 2025 11:35 am","Jul 9, 2025 11:35 am"
"Como podemos construir uma estratégia que propicie o monitoramento e apoio ao autocuidado da pessoa com hipertensão e/ou diabetes para facilitar a adesão e acompanhamento do tratamento?","Moisés Leal","2,58","MEDIBOX","2,25","Jul 9, 2025 11:35 am","Jul 9, 2025 11:35 am"
"Como podemos construir uma estratégia que propicie o monitoramento e apoio ao autocuidado da pessoa com hipertensão e/ou diabetes para facilitar a adesão e acompanhamento do tratamento?","Moisés Leal","1","MEDIBOX","1,23","Jul 9, 2025 11:35 am","Jul 9, 2025 11:35 am"
"Como podemos construir uma estratégia que propicie o monitoramento e apoio ao autocuidado da pessoa com hipertensão e/ou diabetes para facilitar a adesão e acompanhamento do tratamento?","Moisés Leal","1","Cesinhas","1,6","Jul 9, 2025 11:36 am","Jul 9, 2025 11:36 am"
"Como podemos construir uma estratégia que propicie o monitoramento e apoio ao autocuidado da pessoa com hipertensão e/ou diabetes para facilitar a adesão e acompanhamento do tratamento?","Moisés Leal","3,92","Mosca Branca deeptech","4,1","Jul 9, 2025 11:36 am","Jul 9, 2025 11:36 am"
"Como podemos construir uma estratégia que propicie o monitoramento e apoio ao autocuidado da pessoa com hipertensão e/ou diabetes para facilitar a adesão e acompanhamento do tratamento?","Moisés Leal","2,75","dolfidoc","1,73","Jul 9, 2025 11:36 am","Jul 9, 2025 11:36 am"
"Como podemos construir uma estratégia que propicie o monitoramento e apoio ao autocuidado da pessoa com hipertensão e/ou diabetes para facilitar a adesão e acompanhamento do tratamento?","Moisés Leal","3,08","ConectaVital","2,72","Jul 9, 2025 11:36 am","Jul 9, 2025 11:36 am"
"Como podemos construir uma estratégia que propicie o monitoramento e apoio ao autocuidado da pessoa com hipertensão e/ou diabetes para facilitar a adesão e acompanhamento do tratamento?","Moisés Leal","3,58","REbate","3,63","Jul 9, 2025 11:36 am","Jul 9, 2025 11:36 am"
"Como podemos construir uma estratégia que propicie o monitoramento e apoio ao autocuidado da pessoa com hipertensão e/ou diabetes para facilitar a adesão e acompanhamento do tratamento?","Moisés Leal","3,58","SUSIA","4,38","Jul 9, 2025 11:36 am","Jul 9, 2025 11:36 am"
"Como podemos construir uma estratégia que propicie o monitoramento e apoio ao autocuidado da pessoa com hipertensão e/ou diabetes para facilitar a adesão e acompanhamento do tratamento?","Moisés Leal","2,58","ROBO LAURA","2,63","Jul 9, 2025 11:36 am","Jul 9, 2025 11:36 am"
"Como podemos construir uma estratégia que propicie o monitoramento e apoio ao autocuidado da pessoa com hipertensão e/ou diabetes para facilitar a adesão e acompanhamento do tratamento?","Moisés Leal","4,42","Saúde com I.A","3,88","Jul 9, 2025 11:36 am","Jul 9, 2025 11:36 am"
"Como podemos construir uma estratégia que propicie o monitoramento e apoio ao autocuidado da pessoa com hipertensão e/ou diabetes para facilitar a adesão e acompanhamento do tratamento?","Moisés Leal","3","Clinitech","1,82","Jul 9, 2025 11:36 am","Jul 9, 2025 11:36 am"
"Como podemos construir uma estratégia que propicie o monitoramento e apoio ao autocuidado da pessoa com hipertensão e/ou diabetes para facilitar a adesão e acompanhamento do tratamento?","Moisés Leal","2","RedCheck","2,27","Jul 9, 2025 11:36 am","Jul 9, 2025 11:36 am"
"Como podemos construir uma estratégia que propicie o monitoramento e apoio ao autocuidado da pessoa com hipertensão e/ou diabetes para facilitar a adesão e acompanhamento do tratamento?","Moisés Leal","3,75","Liu","3,88","Jul 9, 2025 11:36 am","Jul 9, 2025 11:36 am"
"Como podemos construir uma estratégia que propicie o monitoramento e apoio ao autocuidado da pessoa com hipertensão e/ou diabetes para facilitar a adesão e acompanhamento do tratamento?","Homero Cavalcanti","4,33","GO BEE APIS","4,32","Jul 9, 2025 11:36 am","Jul 9, 2025 11:36 am"
"Como podemos construir uma estratégia que propicie o monitoramento e apoio ao autocuidado da pessoa com hipertensão e/ou diabetes para facilitar a adesão e acompanhamento do tratamento?","Moisés Leal","2,83","Cesinhas","2,8","Jul 9, 2025 11:36 am","Jul 9, 2025 11:36 am"
"Como podemos construir uma estratégia que propicie o monitoramento e apoio ao autocuidado da pessoa com hipertensão e/ou diabetes para facilitar a adesão e acompanhamento do tratamento?","Homero Cavalcanti","3,92","Clinitech Tecnologia em Saúde LTDA.","3,65","Jul 9, 2025 11:36 am","Jul 9, 2025 11:36 am"
"Como podemos construir uma estratégia que propicie o monitoramento e apoio ao autocuidado da pessoa com hipertensão e/ou diabetes para facilitar a adesão e acompanhamento do tratamento?","Homero Cavalcanti","4,42","Lemobs","4,25","Jul 9, 2025 11:36 am","Jul 9, 2025 11:36 am"
"Como podemos construir uma estratégia que propicie o monitoramento e apoio ao autocuidado da pessoa com hipertensão e/ou diabetes para facilitar a adesão e acompanhamento do tratamento?","Homero Cavalcanti","3,08","Projeto Saus","2,83","Jul 9, 2025 11:36 am","Jul 9, 2025 11:36 am"
"Como podemos construir uma estratégia que propicie o monitoramento e apoio ao autocuidado da pessoa com hipertensão e/ou diabetes para facilitar a adesão e acompanhamento do tratamento?","Homero Cavalcanti","3,83","Kali","2,95","Jul 9, 2025 11:36 am","Jul 9, 2025 11:36 am"
"Como podemos construir uma estratégia que propicie o monitoramento e apoio ao autocuidado da pessoa com hipertensão e/ou diabetes para facilitar a adesão e acompanhamento do tratamento?","Homero Cavalcanti","2,67","Conexão e Cuidado","2,83","Jul 9, 2025 11:36 am","Jul 9, 2025 11:36 am"
"Como podemos construir uma estratégia que propicie o monitoramento e apoio ao autocuidado da pessoa com hipertensão e/ou diabetes para facilitar a adesão e acompanhamento do tratamento?","Homero Cavalcanti","4,58","KTecS","4,05","Jul 9, 2025 11:36 am","Jul 9, 2025 11:36 am"
"Como podemos construir uma estratégia que propicie o monitoramento e apoio ao autocuidado da pessoa com hipertensão e/ou diabetes para facilitar a adesão e acompanhamento do tratamento?","Homero Cavalcanti","3,75","Cuida+ Saúde","3,5","Jul 9, 2025 11:36 am","Jul 9, 2025 11:36 am"
"Como podemos construir uma estratégia que propicie o monitoramento e apoio ao autocuidado da pessoa com hipertensão e/ou diabetes para facilitar a adesão e acompanhamento do tratamento?","Homero Cavalcanti","3,33","Ponte Saúde","2,75","Jul 9, 2025 11:36 am","Jul 9, 2025 11:36 am"
"Como podemos construir uma estratégia que propicie o monitoramento e apoio ao autocuidado da pessoa com hipertensão e/ou diabetes para facilitar a adesão e acompanhamento do tratamento?","Homero Cavalcanti","2,92","Manguehub","3,35","Jul 9, 2025 11:36 am","Jul 9, 2025 11:36 am"
"Como podemos construir uma estratégia que propicie o monitoramento e apoio ao autocuidado da pessoa com hipertensão e/ou diabetes para facilitar a adesão e acompanhamento do tratamento?","GUSTAVO SÉRGIO DE GODOY MAGALHÃES","4,17","Manguehub","3,35","Jul 9, 2025 11:36 am","Jul 9, 2025 11:36 am"
"Como podemos construir uma estratégia que propicie o monitoramento e apoio ao autocuidado da pessoa com hipertensão e/ou diabetes para facilitar a adesão e acompanhamento do tratamento?","Homero Cavalcanti","3,5","UPSAÚDE ","2,85","Jul 9, 2025 11:36 am","Jul 9, 2025 11:36 am"
"Como podemos construir uma estratégia que propicie o monitoramento e apoio ao autocuidado da pessoa com hipertensão e/ou diabetes para facilitar a adesão e acompanhamento do tratamento?","Homero Cavalcanti","3,58","Metasolution","3,52","Jul 9, 2025 11:36 am","Jul 9, 2025 11:36 am"
"Como podemos construir uma estratégia que propicie o monitoramento e apoio ao autocuidado da pessoa com hipertensão e/ou diabetes para facilitar a adesão e acompanhamento do tratamento?","Homero Cavalcanti","3","Wladimilson Bernardino Nascimento","3,15","Jul 9, 2025 11:36 am","Jul 9, 2025 11:36 am"
"Como podemos construir uma estratégia que propicie o monitoramento e apoio ao autocuidado da pessoa com hipertensão e/ou diabetes para facilitar a adesão e acompanhamento do tratamento?","Moisés Leal","3,33","neri","3,38","Jul 9, 2025 11:36 am","Jul 9, 2025 11:36 am"
"Como podemos construir uma estratégia que propicie o monitoramento e apoio ao autocuidado da pessoa com hipertensão e/ou diabetes para facilitar a adesão e acompanhamento do tratamento?","ANA INES DE JESUS VIEIRA","3,83","Cogfy","4,37","Jul 9, 2025 11:36 am","Jul 9, 2025 11:36 am"
"Como podemos construir uma estratégia que propicie o monitoramento e apoio ao autocuidado da pessoa com hipertensão e/ou diabetes para facilitar a adesão e acompanhamento do tratamento?","ANA INES DE JESUS VIEIRA","1","ALKE","1,47","Jul 9, 2025 11:36 am","Jul 9, 2025 11:36 am"
"Como podemos construir uma estratégia que propicie o monitoramento e apoio ao autocuidado da pessoa com hipertensão e/ou diabetes para facilitar a adesão e acompanhamento do tratamento?","Moisés Leal","2,75","Dayse Maria de Souza Oliveira, Amanda Felix da Silva, Antônia Felix Lessa","2,58","Jul 9, 2025 11:36 am","Jul 9, 2025 11:36 am"
"Como podemos construir uma estratégia que propicie o monitoramento e apoio ao autocuidado da pessoa com hipertensão e/ou diabetes para facilitar a adesão e acompanhamento do tratamento?","Moisés Leal","3,25","CFIT","3,92","Jul 9, 2025 11:37 am","Jul 9, 2025 11:37 am"
"Como podemos construir uma estratégia que propicie o monitoramento e apoio ao autocuidado da pessoa com hipertensão e/ou diabetes para facilitar a adesão e acompanhamento do tratamento?","GUSTAVO SÉRGIO DE GODOY MAGALHÃES","3,08","UPSAÚDE ","2,85","Jul 9, 2025 11:37 am","Jul 9, 2025 11:37 am"
"Como podemos construir uma estratégia que propicie o monitoramento e apoio ao autocuidado da pessoa com hipertensão e/ou diabetes para facilitar a adesão e acompanhamento do tratamento?","GUSTAVO SÉRGIO DE GODOY MAGALHÃES","3,92","Metasolution","3,52","Jul 9, 2025 11:37 am","Jul 9, 2025 11:37 am"
"Como podemos construir uma estratégia que propicie o monitoramento e apoio ao autocuidado da pessoa com hipertensão e/ou diabetes para facilitar a adesão e acompanhamento do tratamento?","Moisés Leal","4,25","GO BEE APIS","4,32","Jul 9, 2025 11:37 am","Jul 9, 2025 11:37 am"
"Como podemos construir uma estratégia que propicie o monitoramento e apoio ao autocuidado da pessoa com hipertensão e/ou diabetes para facilitar a adesão e acompanhamento do tratamento?","GUSTAVO SÉRGIO DE GODOY MAGALHÃES","4,08","Wladimilson Bernardino Nascimento","3,15","Jul 9, 2025 11:37 am","Jul 9, 2025 11:37 am"
"Como podemos construir uma estratégia que propicie o monitoramento e apoio ao autocuidado da pessoa com hipertensão e/ou diabetes para facilitar a adesão e acompanhamento do tratamento?","Moisés Leal","3,5","Clinitech Tecnologia em Saúde LTDA.","3,65","Jul 9, 2025 11:37 am","Jul 9, 2025 11:37 am"
"Como podemos construir uma estratégia que propicie o monitoramento e apoio ao autocuidado da pessoa com hipertensão e/ou diabetes para facilitar a adesão e acompanhamento do tratamento?","Moisés Leal","3,83","Lemobs","4,25","Jul 9, 2025 11:37 am","Jul 9, 2025 11:37 am"
"Como podemos construir uma estratégia que propicie o monitoramento e apoio ao autocuidado da pessoa com hipertensão e/ou diabetes para facilitar a adesão e acompanhamento do tratamento?","ANA INES DE JESUS VIEIRA","2,67","Tia Bete","3,3","Jul 9, 2025 11:37 am","Jul 9, 2025 11:37 am"
"Como podemos construir uma estratégia que propicie o monitoramento e apoio ao autocuidado da pessoa com hipertensão e/ou diabetes para facilitar a adesão e acompanhamento do tratamento?","Moisés Leal","2,33","Projeto Saus","2,83","Jul 9, 2025 11:37 am","Jul 9, 2025 11:37 am"
"Como podemos construir uma estratégia que propicie o monitoramento e apoio ao autocuidado da pessoa com hipertensão e/ou diabetes para facilitar a adesão e acompanhamento do tratamento?","Moisés Leal","2,58","Kali","2,95","Jul 9, 2025 11:37 am","Jul 9, 2025 11:37 am"
"Como podemos construir uma estratégia que propicie o monitoramento e apoio ao autocuidado da pessoa com hipertensão e/ou diabetes para facilitar a adesão e acompanhamento do tratamento?","ANA INES DE JESUS VIEIRA","1,92","Wladimilson Bernardino Nascimento","3,15","Jul 9, 2025 11:37 am","Jul 9, 2025 11:37 am"
"Como podemos construir uma estratégia que propicie o monitoramento e apoio ao autocuidado da pessoa com hipertensão e/ou diabetes para facilitar a adesão e acompanhamento do tratamento?","Moisés Leal","3","Conexão e Cuidado","2,83","Jul 9, 2025 11:37 am","Jul 9, 2025 11:37 am"
"Como podemos construir uma estratégia que propicie o monitoramento e apoio ao autocuidado da pessoa com hipertensão e/ou diabetes para facilitar a adesão e acompanhamento do tratamento?","ANA INES DE JESUS VIEIRA","2,17","Metasolution","3,52","Jul 9, 2025 11:37 am","Jul 9, 2025 11:37 am"
"Como podemos construir uma estratégia que propicie o monitoramento e apoio ao autocuidado da pessoa com hipertensão e/ou diabetes para facilitar a adesão e acompanhamento do tratamento?","Moisés Leal","3,58","KTecS","4,05","Jul 9, 2025 11:37 am","Jul 9, 2025 11:37 am"
"Como podemos construir uma estratégia que propicie o monitoramento e apoio ao autocuidado da pessoa com hipertensão e/ou diabetes para facilitar a adesão e acompanhamento do tratamento?","ANA INES DE JESUS VIEIRA","2,25","NAV + SAÚDE","3,13","Jul 9, 2025 11:37 am","Jul 9, 2025 11:37 am"
"Como podemos construir uma estratégia que propicie o monitoramento e apoio ao autocuidado da pessoa com hipertensão e/ou diabetes para facilitar a adesão e acompanhamento do tratamento?","ANA INES DE JESUS VIEIRA","4","Mosca Branca deeptech","4,1","Jul 9, 2025 11:37 am","Jul 9, 2025 11:37 am"
"Como podemos construir uma estratégia que propicie o monitoramento e apoio ao autocuidado da pessoa com hipertensão e/ou diabetes para facilitar a adesão e acompanhamento do tratamento?","ANA INES DE JESUS VIEIRA","4,5","SUSIA","4,38","Jul 9, 2025 11:37 am","Jul 9, 2025 11:37 am"
"Como podemos construir uma estratégia que propicie o monitoramento e apoio ao autocuidado da pessoa com hipertensão e/ou diabetes para facilitar a adesão e acompanhamento do tratamento?","Moisés Leal","3,33","Cuida+ Saúde","3,5","Jul 9, 2025 11:37 am","Jul 9, 2025 11:37 am"
"Como podemos construir uma estratégia que propicie o monitoramento e apoio ao autocuidado da pessoa com hipertensão e/ou diabetes para facilitar a adesão e acompanhamento do tratamento?","Moisés Leal","2,92","Ponte Saúde","2,75","Jul 9, 2025 11:37 am","Jul 9, 2025 11:37 am"
"Como podemos construir uma estratégia que propicie o monitoramento e apoio ao autocuidado da pessoa com hipertensão e/ou diabetes para facilitar a adesão e acompanhamento do tratamento?","Moisés Leal","3,17","Manguehub","3,35","Jul 9, 2025 11:37 am","Jul 9, 2025 11:37 am"
"Como podemos construir uma estratégia que propicie o monitoramento e apoio ao autocuidado da pessoa com hipertensão e/ou diabetes para facilitar a adesão e acompanhamento do tratamento?","ANA INES DE JESUS VIEIRA","1,92","UPSAÚDE ","2,85","Jul 9, 2025 11:37 am","Jul 9, 2025 11:37 am"
"Como podemos construir uma estratégia que propicie o monitoramento e apoio ao autocuidado da pessoa com hipertensão e/ou diabetes para facilitar a adesão e acompanhamento do tratamento?","ANA INES DE JESUS VIEIRA","1","dolfidoc","1,73","Jul 9, 2025 11:37 am","Jul 9, 2025 11:37 am"
"Como podemos construir uma estratégia que propicie o monitoramento e apoio ao autocuidado da pessoa com hipertensão e/ou diabetes para facilitar a adesão e acompanhamento do tratamento?","Moisés Leal","3,08","UPSAÚDE ","2,85","Jul 9, 2025 11:37 am","Jul 9, 2025 11:37 am"
"Como podemos construir uma estratégia que propicie o monitoramento e apoio ao autocuidado da pessoa com hipertensão e/ou diabetes para facilitar a adesão e acompanhamento do tratamento?","ANA INES DE JESUS VIEIRA","1,83","ConectaVital","2,72","Jul 9, 2025 11:37 am","Jul 9, 2025 11:37 am"
"Como podemos construir uma estratégia que propicie o monitoramento e apoio ao autocuidado da pessoa com hipertensão e/ou diabetes para facilitar a adesão e acompanhamento do tratamento?","Moisés Leal","4,08","Metasolution","3,52","Jul 9, 2025 11:37 am","Jul 9, 2025 11:37 am"
"Como podemos construir uma estratégia que propicie o monitoramento e apoio ao autocuidado da pessoa com hipertensão e/ou diabetes para facilitar a adesão e acompanhamento do tratamento?","ANA INES DE JESUS VIEIRA","4","CFIT","3,92","Jul 9, 2025 11:37 am","Jul 9, 2025 11:37 am"
"Como podemos construir uma estratégia que propicie o monitoramento e apoio ao autocuidado da pessoa com hipertensão e/ou diabetes para facilitar a adesão e acompanhamento do tratamento?","Moisés Leal","3,33","Wladimilson Bernardino Nascimento","3,15","Jul 9, 2025 11:37 am","Jul 9, 2025 11:37 am"
"Como podemos construir uma estratégia que propicie o monitoramento e apoio ao autocuidado da pessoa com hipertensão e/ou diabetes para facilitar a adesão e acompanhamento do tratamento?","ANA INES DE JESUS VIEIRA","1","MEDIBOX","1,23","Jul 9, 2025 11:37 am","Jul 9, 2025 11:37 am"
"Como podemos construir uma estratégia que propicie o monitoramento e apoio ao autocuidado da pessoa com hipertensão e/ou diabetes para facilitar a adesão e acompanhamento do tratamento?","ANA INES DE JESUS VIEIRA","4,08","GO BEE APIS","4,32","Jul 9, 2025 11:37 am","Jul 9, 2025 11:37 am"
"Como podemos construir uma estratégia que propicie o monitoramento e apoio ao autocuidado da pessoa com hipertensão e/ou diabetes para facilitar a adesão e acompanhamento do tratamento?","ANA INES DE JESUS VIEIRA","2,83","REbate","3,63","Jul 9, 2025 11:37 am","Jul 9, 2025 11:37 am"
"Como podemos construir uma estratégia que propicie o monitoramento e apoio ao autocuidado da pessoa com hipertensão e/ou diabetes para facilitar a adesão e acompanhamento do tratamento?","ANA INES DE JESUS VIEIRA","2,42","Manguehub","3,35","Jul 9, 2025 11:38 am","Jul 9, 2025 11:38 am"
"Como podemos construir uma estratégia que propicie o monitoramento e apoio ao autocuidado da pessoa com hipertensão e/ou diabetes para facilitar a adesão e acompanhamento do tratamento?","ANA INES DE JESUS VIEIRA","1,33","Cesinhas","1,6","Jul 9, 2025 11:38 am","Jul 9, 2025 11:38 am"
"Como podemos construir uma estratégia que propicie o monitoramento e apoio ao autocuidado da pessoa com hipertensão e/ou diabetes para facilitar a adesão e acompanhamento do tratamento?","ANA INES DE JESUS VIEIRA","1,25","ROBO LAURA","2,63","Jul 9, 2025 11:38 am","Jul 9, 2025 11:38 am"
"Como podemos construir uma estratégia que propicie o monitoramento e apoio ao autocuidado da pessoa com hipertensão e/ou diabetes para facilitar a adesão e acompanhamento do tratamento?","ANA INES DE JESUS VIEIRA","4,42","KTecS","4,05","Jul 9, 2025 11:38 am","Jul 9, 2025 11:38 am"
"Como podemos construir uma estratégia que propicie o monitoramento e apoio ao autocuidado da pessoa com hipertensão e/ou diabetes para facilitar a adesão e acompanhamento do tratamento?","ANA INES DE JESUS VIEIRA","3,33","Saúde com I.A","3,88","Jul 9, 2025 11:38 am","Jul 9, 2025 11:38 am"
"Como podemos construir uma estratégia que propicie o monitoramento e apoio ao autocuidado da pessoa com hipertensão e/ou diabetes para facilitar a adesão e acompanhamento do tratamento?","ANA INES DE JESUS VIEIRA","1,5","Ponte Saúde","2,75","Jul 9, 2025 11:38 am","Jul 9, 2025 11:38 am"
"Como podemos construir uma estratégia que propicie o monitoramento e apoio ao autocuidado da pessoa com hipertensão e/ou diabetes para facilitar a adesão e acompanhamento do tratamento?","ANA INES DE JESUS VIEIRA","0","Cesinhas","2,8","Jul 9, 2025 11:38 am","Jul 9, 2025 11:38 am"
"Como podemos construir uma estratégia que propicie o monitoramento e apoio ao autocuidado da pessoa com hipertensão e/ou diabetes para facilitar a adesão e acompanhamento do tratamento?","ANA INES DE JESUS VIEIRA","4","Cuida+ Saúde","3,5","Jul 9, 2025 11:38 am","Jul 9, 2025 11:38 am"
"Como podemos construir uma estratégia que propicie o monitoramento e apoio ao autocuidado da pessoa com hipertensão e/ou diabetes para facilitar a adesão e acompanhamento do tratamento?","ANA INES DE JESUS VIEIRA","1","Clinitech","1,82","Jul 9, 2025 11:38 am","Jul 9, 2025 11:38 am"
"Como podemos construir uma estratégia que propicie o monitoramento e apoio ao autocuidado da pessoa com hipertensão e/ou diabetes para facilitar a adesão e acompanhamento do tratamento?","ANA INES DE JESUS VIEIRA","1,83","neri","3,38","Jul 9, 2025 11:38 am","Jul 9, 2025 11:38 am"
"Como podemos construir uma estratégia que propicie o monitoramento e apoio ao autocuidado da pessoa com hipertensão e/ou diabetes para facilitar a adesão e acompanhamento do tratamento?","ANA INES DE JESUS VIEIRA","1","RedCheck","2,27","Jul 9, 2025 11:38 am","Jul 9, 2025 11:38 am"
"Como podemos construir uma estratégia que propicie o monitoramento e apoio ao autocuidado da pessoa com hipertensão e/ou diabetes para facilitar a adesão e acompanhamento do tratamento?","ANA INES DE JESUS VIEIRA","3,33","Clinitech Tecnologia em Saúde LTDA.","3,65","Jul 9, 2025 11:38 am","Jul 9, 2025 11:38 am"
"Como podemos construir uma estratégia que propicie o monitoramento e apoio ao autocuidado da pessoa com hipertensão e/ou diabetes para facilitar a adesão e acompanhamento do tratamento?","ANA INES DE JESUS VIEIRA","2,17","Conexão e Cuidado","2,83","Jul 9, 2025 11:38 am","Jul 9, 2025 11:38 am"
"Como podemos construir uma estratégia que propicie o monitoramento e apoio ao autocuidado da pessoa com hipertensão e/ou diabetes para facilitar a adesão e acompanhamento do tratamento?","ANA INES DE JESUS VIEIRA","3,33","Liu","3,88","Jul 9, 2025 11:38 am","Jul 9, 2025 11:38 am"
"Como podemos construir uma estratégia que propicie o monitoramento e apoio ao autocuidado da pessoa com hipertensão e/ou diabetes para facilitar a adesão e acompanhamento do tratamento?","ANA INES DE JESUS VIEIRA","4,25","Lemobs","4,25","Jul 9, 2025 11:38 am","Jul 9, 2025 11:38 am"
"Como podemos construir uma estratégia que propicie o monitoramento e apoio ao autocuidado da pessoa com hipertensão e/ou diabetes para facilitar a adesão e acompanhamento do tratamento?","ANA INES DE JESUS VIEIRA","1,92","Dayse Maria de Souza Oliveira, Amanda Felix da Silva, Antônia Felix Lessa","2,58","Jul 9, 2025 11:38 am","Jul 9, 2025 11:38 am"
"Como podemos construir uma estratégia que propicie o monitoramento e apoio ao autocuidado da pessoa com hipertensão e/ou diabetes para facilitar a adesão e acompanhamento do tratamento?","ANA INES DE JESUS VIEIRA","2,33","Projeto Saus","2,83","Jul 9, 2025 11:38 am","Jul 9, 2025 11:38 am"
"Como podemos construir uma estratégia que propicie o monitoramento e apoio ao autocuidado da pessoa com hipertensão e/ou diabetes para facilitar a adesão e acompanhamento do tratamento?","ANA INES DE JESUS VIEIRA","1,58","Kali","2,95","Jul 9, 2025 11:38 am","Jul 9, 2025 11:38 am"
