"duplicada","eixo","primeiraFase","Q10","Q11","Q12","Q13"
"sim","","","Startup Ascenção","teste","teste","teste"
"sim","","","Startup Ascenção","TESTE","TESTETESTE","TESTETESTETESTETESTE"
"sim","","","Startup Tração","teste","teste","teste"
"sim","","","Startup Ascenção","teste","teste","teste"
"","Startup Inovadora","sim","Startup conectada com a cidade","A iniciativa [b]“Adote um Aluno”[/b] é uma solução recifense de impacto social que combate diretamente a evasão escolar e promove o acesso à educação privada para famílias em situação de vulnerabilidade. Em parceria com a [b]Prefeitura do Recife[/b], por meio da [b]Emprel[/b], a plataforma conecta estudantes de baixa renda a vagas com desconto em escolas particulares, viabilizadas por doadores individuais, empresas e instituições.
O problema é claro: Recife enfrenta altos índices de evasão escolar, especialmente no ensino fundamental. Dados do Censo Escolar e do CADÚNICO mostram que milhares de crianças estão fora da escola ou estudando em condições precárias. Enquanto isso, mais de 50% das escolas privadas enfrentam risco de ociosidade de vagas. O [b]Adote um Aluno[/b] atua exatamente nesse ponto de convergência: conecta a demanda social à oferta privada disponível, promovendo inclusão e aproveitamento de recursos existentes.
A solução é 100% digital, integrada à plataforma pública [b]Bora Impactar[/b], e conta com critérios objetivos para ranqueamento de alunos (renda, PCD, raça/cor, número de dependentes, proximidade da escola). O modelo é escalável, transparente e inovador, com monitoramento das doações, engajamento de escolas, doadores e famílias, além de gamificação para manter o aluno engajado.
Já são milhares de escolas parceiras, e o objetivo é atender [b]mil alunos até 2027[/b]. O impacto esperado é a [b]redução da evasão escolar, o aumento do acesso à educação de qualidade e a formação de uma rede de responsabilidade compartilhada[/b] pela educação de base em Recife.
Trata-se de uma solução prática, integrada ao ecossistema local, com alto potencial de escala para outros municípios. É tecnologia com propósito, gerando inclusão real.","Embora o projeto ainda não tenha sido lançado oficialmente, a iniciativa [b]“Adote um Aluno”[/b] já demonstra maturidade estrutural, tecnológica e institucional para gerar impacto direto na vida de milhares de crianças recifenses.
[h4]Principais entregas e avanços até o momento:[/h4]
[ml][ul][li indent=0 align=left]✅ [b]Plataforma digital 100% desenvolvida[/b], com jornada completa de adoção de alunos, integração com API pública ([i]Bóra Impactar[/i]), e ambiente de transparência para doadores.[/li][li indent=0 align=left]✅ [b]Mais de 700 escolas particulares no Recife já cadastradas[/b], formando um ecossistema educacional pronto para absorver a demanda de estudantes em situação de vulnerabilidade.[/li][li indent=0 align=left]✅ [b]Validação institucional[/b]: iniciativa aprovada no programa [b]E.I.T.A.! Recife[/b], em parceria com a [b]Emprel (Prefeitura do Recife)[/b], que coordenará a mobilização de famílias via CADÚNICO.[/li][li indent=0 align=left]✅ [b]Modelo de governança definido[/b] com participação do setor público, privado e sociedade civil, garantindo sustentabilidade e confiabilidade.[/li][li indent=0 align=left]✅ [b]Critérios sociais de priorização já definidos[/b]: renda per capita, raça/cor, PCD, órfãos, proximidade da escola e número de dependentes.[/li][li indent=0 align=left]✅ [b]Meta pactuada com a Prefeitura de Recife para alcançar 1.000 alunos até 2027[/b], com lançamento oficial previsto para o [b]próximo mês[/b].[/li][/ul][/ml][h4]Ganhos concretos projetados:[/h4]
[ml][ul][li indent=0 align=left]Redução imediata da evasão escolar entre crianças em situação de vulnerabilidade.[/li][li indent=0 align=left]Geração de impacto social mensurável com uso eficiente da rede privada de ensino.[/li][li indent=0 align=left]Estímulo à cultura de doação e corresponsabilidade social.[/li][li indent=0 align=left]Inclusão educacional com justiça social, transparência e apoio institucional.[/li][/ul][/ml]A estrutura está pronta. O impacto começa agora.","O [b]Adote um Aluno[/b] foi concebido como uma solução escalável desde sua origem, com arquitetura tecnológica modular e critérios sociais adaptáveis a diferentes territórios. A plataforma permite integração com sistemas públicos de dados, como o CADÚNICO, e ferramentas de engajamento como o [b]Bóra Impactar[/b], o que facilita a adoção por outros municípios e entes públicos.
A tecnologia desenvolvida é de baixo custo operacional, 100% digital, com painéis de controle para gestão de doações, ranqueamento de estudantes e acompanhamento em tempo real. Esse desenho garante que qualquer cidade, estado ou organização do terceiro setor possa replicar o modelo com agilidade, mesmo com recursos limitados.
Para fortalecer a confiança e a governança da iniciativa, a plataforma inclui um [b]Portal da Transparência[/b], onde é possível acompanhar:
[ml][ul][li indent=0 align=left]número de bolsas concedidas,[/li][li indent=0 align=left]valores doados,[/li][li indent=0 align=left]distribuição por território e escola,[/li][li indent=0 align=left]status dos alunos no programa,[/li][li indent=0 align=left]além das taxas administrativas previstas em contrato.[/li][/ul][/ml]Essas informações são públicas, auditáveis e respeitam a LGPD, promovendo transparência e segurança para o poder público, doadores e sociedade civil.
Além da parceria estratégica com a [b]Prefeitura do Recife[/b], o modelo já prevê a [b]expansão para novos municípios[/b], com consultoria estruturada coordenada pela [b]Emprel[/b]. A Prol Educa e o Porto Digital já estão aptos para oferecer suporte técnico e financeiro à expansão, conforme acordado no Acordo de Cooperação Técnica (ACT).
Em médio prazo, a meta é [b]escalar para outras capitais brasileiras[/b] e integrar redes estaduais de ensino. A longo prazo, o [b]Adote um Aluno[/b] pode ser utilizado como política pública nacional de incentivo à ocupação de vagas ociosas na rede privada, com contrapartidas sociais.
Trata-se de uma solução de impacto social flexível, auditável, e com alto potencial de replicação em qualquer território brasileiro."
"","Startup Inovadora","sim","Startup conectada com a cidade","[color=rgb(9, 23, 71)]O [/color][b][color=rgb(9, 23, 71)]Absens[/color][/b][color=rgb(9, 23, 71)] é uma plataforma de inteligência artificial voltada à saúde pública que atua na redução do absenteísmo em consultas e exames do SUS. A solução foi desenvolvida para enfrentar um desafio concreto do Recife: o alto índice de faltas às agendas reguladas, que compromete a eficiência assistencial, amplia as filas e gera desperdício de recursos em um sistema já pressionado pela demanda crescente.[/color]
[color=rgb(9, 23, 71)]Em diversas unidades da cidade, o absenteísmo ultrapassava [/color][b][color=rgb(9, 23, 71)]50% dos agendamentos[/color][/b][color=rgb(9, 23, 71)], e pacientes aguardavam [/color][b][color=rgb(9, 23, 71)]mais de 100 dias[/color][/b][color=rgb(9, 23, 71)] por determinados procedimentos. As causas desse cenário incluem [/color][b][color=rgb(9, 23, 71)]esquecimento da data marcada[/color][/b][color=rgb(9, 23, 71)], [/color][b][color=rgb(9, 23, 71)]dificuldade de deslocamento[/color][/b][color=rgb(9, 23, 71)], [/color][b][color=rgb(9, 23, 71)]falhas de comunicação com o sistema de regulação[/color][/b][color=rgb(9, 23, 71)] e [/color][b][color=rgb(9, 23, 71)]cadastros desatualizados[/color][/b][color=rgb(9, 23, 71)], que inviabilizam o contato com o paciente. Em comum, está a ausência de um canal direto e humanizado entre o cidadão e o serviço público de saúde.[/color]
[color=rgb(9, 23, 71)]O [/color][b][color=rgb(9, 23, 71)]Absens[/color][/b][color=rgb(9, 23, 71)] foi criado para enfrentar essa dor estrutural. A plataforma combina [/color][b][color=rgb(9, 23, 71)]inteligência artificial e interoperabilidade[/color][/b][color=rgb(9, 23, 71)], atuando de forma [/color][b][color=rgb(9, 23, 71)]preditiva e multicanal[/color][/b][color=rgb(9, 23, 71)] para reduzir ausências e otimizar as agendas públicas. Seu funcionamento se organiza em três eixos:[/color]
[ml][ul][li indent=0 align=left][b]IA Comunicadora:[/b] chatbot interativo no [b]WhatsApp[/b], treinado por IA, que envia lembretes e permite confirmar, reagendar ou cancelar consultas e exames, simulando um atendimento humanizado.[/li][li indent=0 align=left][b]IA Analista:[/b] inteligência preditiva que identifica, a partir de padrões de comportamento, a probabilidade de comparecimento dos pacientes e aplica [b]overbooking controlado[/b], aproveitando vagas ociosas e otimizando a capacidade das unidades.[/li][li indent=0 align=left][b]IA Administradora:[/b] integra-se aos sistemas oficiais, automatizando a busca de informações, emissão de guias e execução de reagendamentos e cancelamentos.[/li][/ul][/ml][color=rgb(9, 23, 71)]A solução também realiza atualização automática de contatos e oferece um módulo de campanhas para mobilizar a população em ações preventivas e mutirões. Ao unificar comunicação, dados e inteligência, o [/color][b][color=rgb(9, 23, 71)]Absens[/color][/b][color=rgb(9, 23, 71)] transforma a jornada do paciente em um fluxo contínuo e digital, conectando o cidadão ao sistema público de forma eficiente e adaptada à realidade urbana do Recife.[/color]","[color=rgb(9, 23, 71)]Desde sua implantação no Recife, o [/color][b][color=rgb(9, 23, 71)]Absens[/color][/b][color=rgb(9, 23, 71)] consolidou-se como uma ferramenta estratégica de gestão assistencial, promovendo ganhos concretos de eficiência, economia e acesso à saúde. A plataforma passou a integrar o fluxo de regulação municipal, conectando cidadãos, unidades de saúde e sistemas oficiais em um ecossistema digital de comunicação ativa e análise preditiva.[/color]
[color=rgb(9, 23, 71)]Por meio do [/color][b][color=rgb(9, 23, 71)]chatbot no WhatsApp[/color][/b][color=rgb(9, 23, 71)], o município alcançou [/color][b][color=rgb(9, 23, 71)]83% de taxa média de resposta às mensagens[/color][/b][color=rgb(9, 23, 71)], demonstrando o engajamento da população e a efetividade de um canal acessível e humanizado. Essa comunicação direta permitiu o [/color][b][color=rgb(9, 23, 71)]reaproveitamento de mais de 303 mil vagas[/color][/b][color=rgb(9, 23, 71)], que seriam perdidas por faltas não informadas, mas foram [/color][b][color=rgb(9, 23, 71)]canceladas, reagendadas ou ocupadas[/color][/b][color=rgb(9, 23, 71)] com o apoio do [/color][b][color=rgb(9, 23, 71)]overbooking preditivo[/color][/b][color=rgb(9, 23, 71)], garantindo melhor aproveitamento das agendas e menor ociosidade dos profissionais. A precisão do modelo preditivo atingiu [/color][b][color=rgb(9, 23, 71)]95,6%[/color][/b][color=rgb(9, 23, 71)], sustentando a adoção segura dessa estratégia e contribuindo para uma [/color][b][color=rgb(9, 23, 71)]economia estimada em mais de R$ 21 milhões aos cofres públicos[/color][/b][color=rgb(9, 23, 71)].[/color]
[color=rgb(9, 23, 71)]Outra frente de destaque ocorreu na fila de [/color][b][color=rgb(9, 23, 71)]cirurgias de catarata[/color][/b][color=rgb(9, 23, 71)], que contava com mais de [/color][b][color=rgb(9, 23, 71)]2.900 pacientes aguardando atendimento[/color][/b][color=rgb(9, 23, 71)] — um desafio histórico da rede municipal. Com o uso do [/color][b][color=rgb(9, 23, 71)]módulo de campanhas avulsas[/color][/b][color=rgb(9, 23, 71)] do Absens, foi possível mapear e qualificar a demanda com precisão, consultando diretamente os pacientes via WhatsApp para confirmar interesse no procedimento e eliminar casos de desistência. A partir dessa triagem digital, a Secretaria pôde organizar mutirões mais eficientes, com comunicação ativa, orientações automatizadas e reaproveitamento inteligente de vagas. Em apenas quatro meses, a fila foi totalmente zerada — um marco que evidencia o potencial da tecnologia quando integrada à gestão pública e orientada ao cuidado com o cidadão.[/color]","[color=rgb(9, 23, 71)][highlight=transparent]O [/highlight][/color][b][color=rgb(9, 23, 71)][highlight=transparent]Absens[/highlight][/color][/b][color=rgb(9, 23, 71)][highlight=transparent] foi concebido desde sua origem como uma plataforma [/highlight][/color][b][color=rgb(9, 23, 71)][highlight=transparent]escalável e adaptável a diferentes contextos de gestão pública[/highlight][/color][/b][color=rgb(9, 23, 71)][highlight=transparent]. Sua arquitetura modular e interoperável permite integração rápida com sistemas existentes, garantindo flexibilidade para operar em realidades municipais e estaduais distintas. Por ser uma solução [/highlight][/color][b][color=rgb(9, 23, 71)][highlight=transparent]plug and play[/highlight][/color][/b][color=rgb(9, 23, 71)][highlight=transparent], o Absens já chega pronto para uso: basta compreender as rotinas e sistemas locais para ajustar os conectores de integração e personalizar os fluxos de comunicação.[/highlight][/color]
[color=rgb(9, 23, 71)][highlight=transparent]Essa característica tem possibilitado a expansão da iniciativa para diferentes territórios. Após os resultados expressivos no Recife, o [/highlight][/color][b][color=rgb(9, 23, 71)][highlight=transparent]Estado do Amazonas[/highlight][/color][/b][color=rgb(9, 23, 71)][highlight=transparent] adotou a plataforma em 2024 e, em apenas seis meses, alcançou [/highlight][/color][b][color=rgb(9, 23, 71)][highlight=transparent]mais de 270 mil vagas reaproveitadas[/highlight][/color][/b][color=rgb(9, 23, 71)][highlight=transparent], [/highlight][/color][b][color=rgb(9, 23, 71)][highlight=transparent]14 campanhas em mutirões de saúde[/highlight][/color][/b][color=rgb(9, 23, 71)][highlight=transparent] e uma [/highlight][/color][b][color=rgb(9, 23, 71)][highlight=transparent]economia estimada em R$ 24 milhões[/highlight][/color][/b][color=rgb(9, 23, 71)][highlight=transparent] aos cofres públicos. Esses números refletem não apenas a robustez tecnológica da solução, mas também sua capacidade de adaptação a contextos geográficos e operacionais diversos — desde capitais até regiões de difícil acesso.[/highlight][/color]
[color=rgb(9, 23, 71)][highlight=transparent]O [/highlight][/color][b][color=rgb(9, 23, 71)][highlight=transparent]Absens[/highlight][/color][/b][color=rgb(9, 23, 71)][highlight=transparent] está atualmente em implantação no [/highlight][/color][b][color=rgb(9, 23, 71)][highlight=transparent]município de Cajamar (SP)[/highlight][/color][/b][color=rgb(9, 23, 71)][highlight=transparent] e no [/highlight][/color][b][color=rgb(9, 23, 71)][highlight=transparent]Estado do Rio de Janeiro[/highlight][/color][/b][color=rgb(9, 23, 71)][highlight=transparent], fortalecendo sua presença nacional e consolidando um modelo de cooperação interinstitucional entre secretarias de saúde e empresas públicas de tecnologia.[/highlight][/color]
[color=rgb(9, 23, 71)][highlight=transparent]Mais do que uma ferramenta de gestão de absenteísmo, o Absens possui potencial para [/highlight][/color][b][color=rgb(9, 23, 71)][highlight=transparent]transcender o campo da saúde[/highlight][/color][/b][color=rgb(9, 23, 71)][highlight=transparent], aplicando sua lógica de filas inteligentes e comunicação ativa a outros serviços públicos, como [/highlight][/color][b][color=rgb(9, 23, 71)][highlight=transparent]entrega de medicamentos[/highlight][/color][/b][color=rgb(9, 23, 71)][highlight=transparent], [/highlight][/color][b][color=rgb(9, 23, 71)][highlight=transparent]vacinas e até mesmo em[/highlight][/color][/b][color=rgb(9, 23, 71)][highlight=transparent] [/highlight][/color][b][color=rgb(9, 23, 71)][highlight=transparent]agendamentos[/highlight][/color][/b][color=rgb(9, 23, 71)][highlight=transparent] e [/highlight][/color][b][color=rgb(9, 23, 71)][highlight=transparent]atendimentos em unidades de cidadania[/highlight][/color][/b][color=rgb(9, 23, 71)][highlight=transparent]. Ao combinar automação, dados e inteligência artificial, o Absens oferece uma infraestrutura replicável para enfrentar desafios de gestão de demanda em diferentes políticas públicas — promovendo [/highlight][/color][b][color=rgb(9, 23, 71)][highlight=transparent]eficiência, economia e proximidade entre governo e cidadão[/highlight][/color][/b][color=rgb(9, 23, 71)][highlight=transparent] em escala nacional.[/highlight][/color]"
"","Startup Inovadora","sim","Startup conectada com a cidade","A iniciativa propõe uma solução inovadora para enfrentar o desafio da mobilidade urbana inclusiva, com foco na acessibilidade para pessoas com deficiência (PCDs), grupos vulneráveis de forma 100% inclusiva e igualitária. A dor central identificada é a exclusão sistemática dos aplicativos atuais de transporte (UBER/99), que não atendem às necessidades específicas de locomoção com inclusão, segurança e autonomia. Segundo dados do IBGE, mais de 45 milhões de brasileiros possuem algum tipo de deficiência, e grande parte enfrenta barreiras diárias para se deslocar com dignidade.
A proposta consiste na implementação de uma plataforma digital, que conecta usuários a veículos acessíveis operados por motoristas capacitados. A tecnologia utiliza algoritmos de roteamento inteligente, priorizando trajetos seguros e eficientes, além de permitir agendamentos personalizados e acompanhamento em tempo real. O objetivo é garantir mobilidade com equidade, promovendo inclusão social, autonomia e qualidade de vida, através de um comando de voz IA e linguagem textual para surdos.
O impacto esperado inclui a redução da exclusão social, o aumento da participação dessas pessoas em atividades econômicas e culturais, e o fortalecimento de políticas públicas voltadas à acessibilidade. A iniciativa também contribui para a construção de cidades mais humanas e resilientes, alinhadas aos Objetivos de Desenvolvimento Sustentável (ODS), especialmente os de número 10 (redução das desigualdades) e 11 (cidades e comunidades sustentáveis). Atendemos 8 das 17 ODS.","A Ver-TI encontra-se atualmente em fase de validação em parceria com o Instituto Pessoa de Queiroz, referência no atendimento a pessoas com deficiência visual em Recife. Essa etapa piloto visa testar e aprimorar a solução em um ambiente real, com foco na acessibilidade e inclusão de pessoas com deficiência no sistema de mobilidade urbana.
Firmamos um contrato de cooperação com o Instituto, no qual nos comprometemos a destinar R$ 0,01 por corrida realizada dentro do município de Recife para ações voltadas à melhoria da qualidade de vida dos PCDs atendidos pela instituição e mais 33 ONGS. Essa contrapartida social reforça nosso compromisso com a transformação do ecossistema de mobilidade em um espaço mais justo, inclusivo e sustentável.
Entre os primeiros resultados observados, destacam-se:
[ml][ul][li indent=0 align=left]Engajamento direto com mais de 50 usuários com deficiência visual durante a fase de testes;[/li][li indent=0 align=left]Coleta de feedbacks qualitativos que apontam maior sensação de segurança, autonomia e confiança no deslocamento urbano;[/li][li indent=0 align=left]Estabelecimento de indicadores de desempenho como tempo médio de atendimento, taxa de satisfação dos usuários e número de corridas acessíveis realizadas;[/li][li indent=0 align=left]Fortalecimento de parcerias institucionais com foco em impacto social e inovação inclusiva.[/li][/ul][/ml]A validação no Instituto Pessoa de Queiroz representa um marco estratégico para a Ver-TI, pois permite testar a escalabilidade da solução em um ambiente real, com acompanhamento técnico e social. Os aprendizados dessa fase serão fundamentais para a expansão da iniciativa em outros Municípios e públicos, consolidando a Ver-TI como uma plataforma de mobilidade urbana inclusiva e comprometida com a equidade.","A Ver-TI foi concebida desde o início como uma solução escalável e adaptável a diferentes contextos urbanos e perfis populacionais. Sua arquitetura tecnológica modular permite integração com Prefeituras implantando sistemas locais de transporte, plataformas públicas e privadas, além de personalização conforme as necessidades específicas de cada Município. A iniciativa pode ser facilmente replicada em outras cidades brasileiras e até internacionalmente, especialmente em regiões com desafios semelhantes de mobilidade inclusiva, onde abraça toda a população.
A fase de validação em Recife, em parceria com o Instituto Pessoa de Queiroz, serve como modelo piloto para expansão. A coleta de dados, os indicadores de desempenho e os feedbacks dos usuários estão sendo sistematizados para compor um protocolo de implementação que poderá ser adotado por outras instituições e municípios. A contribuição social por corrida (R$ 0,01) também pode ser replicada como mecanismo de financiamento solidário em novos territórios.
Além disso, a Ver-TI possui potencial de adaptação para atender outros públicos vulneráveis, como idosos, pessoas com mobilidade reduzida temporária, gestantes e moradores de áreas periféricas com baixa oferta de transporte. O uso de tecnologias acessíveis, como geolocalização, agendamento inteligente e interface com leitores de tela, reforça sua capacidade de inclusão.
No médio e longo prazo, a iniciativa visa consolidar parcerias com prefeituras, ONGs e empresas para ampliar sua cobertura geográfica e impacto social. A escalabilidade está ancorada em um modelo de negócio sustentável, com impacto mensurável e alinhamento aos Objetivos de Desenvolvimento Sustentável (ODS), especialmente os de número 10 e 11. A Ver-TI se posiciona como uma solução replicável, com potencial de transformar a mobilidade urbana em um vetor de inclusão e cidadania."
"","Inovação Científica","sim","Pesquisa & Extensão Inovadora","De que forma podemos mensurar a eficácia e a equidade das escolas públicas brasileiras? A criação de avaliações em larga escala no país contribuiu para a mensuração da qualidade do ensino desde a etapa fundamental até o nível superior mas, apesar de índices oficiais como o Índice de Desenvolvimento da Educação Básica (Ideb) fornecerem importantes informações sobre a situação da Educação em escolas e municípios, é preciso avançar para além das médias e fazer um diagnóstico mais aprofundado dessas duas dimensões. Este estudo se propõe a estabelecer um critério objetivo de eficácia e equidade baseado no cálculo do efeito escola para todas as unidades de ensino do 9EF do país, presentes na base do Sistema de Avaliação da Educação Básica (Saeb) de 2019, através de regressão linear hierárquica e um índice de desigualdade de oportunidades não-paramétrico, proposto por Checchi e Peragine, aplicados às proficiências de Matemática do Saeb de maneira inédita (http://tinyurl.com/bd5fb2jm). Muitos estudos se utilizam de dados agregados para o Brasil ou por estados e poucos tomam a escola como o centro da análise. Nosso critério amplia o leque de escolas que podem ser investigadas qualitativamente em busca de seus pontos fortes e é capaz de explicitar a eficácia e a desigualdade entre elas. Os resultados encontrados mostram grande disparidade entre escolas de uma mesma rede, com destaque para estados do Sul e Sudeste com os desempenhos mais desiguais em relação à raça/cor e para os estados do Nordeste com as menores desigualdades e maior percentual de escolas eficazes.","Os resultados são apresentados em tabelas que podem ser agrupadas por estado, por municípios ou por escolas. Os valores apresentados para eficácia e equidade são comparáveis e portanto é possível avaliar quais escolas são eficazes e ao mesmo tempo equânimes. A Tabela 3.16 (p. 69 da tese em anexo) mostra as 60 escolas com maiores desigualdades de oportunidades no desempenho em Matemática segundo o Inse (icp_insemat) para algumas capitais selecionadas. A análise por cidade permite visualizar a discrepância da desigualdade entre escolas. Na referida tabela todas as escolas possuem efeito escola alto. A Tabela 3.17 (p. 70 da tese em anexo) mostra as 60 escolas com maiores desigualdades de oportunidades no desempenho em Matemática segundo a Raça/Cor (icp_racamat) para as mesmas capitais selecionadas. A pesquisa permite estabelecer o critério de desigualdade de oportunidade pelo Índice de Nível Socioeconômico (Inse) e pela Raça/cor para as provas de Matemática do Saeb 2019. De posse das desigualdades e do efeito escola é possível analisar as instituições de ensino em busca daquelas que fazem a diferença.","Fizemos um dashboard ampliado para a prova de português e específico para o Estado de Pernambuco que pode ser consultado em (https://tesedesigualdadeeducacional.shinyapps.io/Equidade_Pernambuco). A ferramenta original (http://tinyurl.com/bd5fb2jm) funciona para todo o Brasil e pode ser utilizada para municípios específicos como Recife. É possível ampliar a ferramenta para a análise das provas de Português, mas a LGPD não permite mais o uso com bases de dados do Saeb o que prejudica a comparação ao longo do tempo."
"sim","","","Inovação empresarial","Desafio/Ciclo Shineray de Inovação, através de IA:

[ml][ol][li indent=0 align=left]Automatizar a leitura física da numeração gravada no motor.[/li][li indent=0 align=left]Automatizar a conferência física da numeração de série gravada no chassi.[/li][li indent=0 align=left]Integrar com o nosso sistema interno Protheus.[/li][/ol][/ml]","Resultados Esperados:

[ml][ul][li indent=0 align=left]Coleta da numeração do motor feita diretamente no produto físico vinculando com a numeração do chassi dentro do sistema TOTVS(PROTHEUS).[/li][li indent=0 align=left]Conferência da numeração do chassi fisicamente e análise da conformidade com o sistema de acordo com os parâmetros de qualidade estabelecidos.[/li][/ul][/ml]
Indicadores de Sucesso:

[ml][ul][li indent=0 align=left]Aumento de produtividade [/li][li indent=0 align=left]Redução de mão de obra[/li][li indent=0 align=left]Melhor controle de qualidade na gravação do número de série (chassi)[/li][li indent=0 align=left]Redução de erros [/li][li indent=0 align=left]Redução de retrabalho[/li][li indent=0 align=left]Satisfação do cliente[/li][/ul][/ml]","[b][color=rgb(128, 128, 128)]A capacidade desta iniciativa de ser expandida, adaptada ou reproduzida em outros contextos é real, pois estamos desenvolvendo a IA para ler diversos caracteres através do uso de celulares, ainda contemplando integrações sistêmicas, o que dá mais praticidade e pode ser adaptado em diversos outros contextos, para o dia a dia da polução e diversos serviços públicos posteriormente.[/color][/b]"
"","Inovação Empresarial","sim","Inovação empresarial","Desafio/Ciclo Shineray de Inovação, através de IA:

[ml][ol][li indent=0 align=left]Automatizar a leitura física da numeração gravada no motor.[/li][li indent=0 align=left]Automatizar a conferência física da numeração de série gravada no chassi.[/li][li indent=0 align=left]Integrar com o nosso sistema interno Protheus.[/li][/ol][/ml]","Resultados Esperados:

[ml][ul][li indent=0 align=left]Coleta da numeração do motor feita diretamente no produto físico vinculando com a numeração do chassi dentro do sistema TOTVS(PROTHEUS).[/li][li indent=0 align=left]Conferência da numeração do chassi fisicamente e análise da conformidade com o sistema de acordo com os parâmetros de qualidade estabelecidos.[/li][/ul][/ml]
Indicadores de Sucesso:

[ml][ul][li indent=0 align=left]Aumento de produtividade [/li][li indent=0 align=left]Redução de mão de obra[/li][li indent=0 align=left]Melhor controle de qualidade na gravação do número de série (chassi)[/li][li indent=0 align=left]Redução de erros [/li][li indent=0 align=left]Redução de retrabalho[/li][li indent=0 align=left]Satisfação do cliente[/li][/ul][/ml]","[b][color=rgb(128, 128, 128)]A capacidade desta iniciativa de ser expandida, adaptada ou reproduzida em outros contextos é real, pois estamos desenvolvendo a IA para ler diversos caracteres através do uso de celulares, ainda contemplando integrações sistêmicas, o que dá mais praticidade e pode ser adaptado em diversos outros contextos, para o dia a dia da polução e diversos serviços públicos posteriormente.[/color][/b]"
"","Inovação Científica","sim","Pesquisa & Extensão Inovadora","A iniciativa deriva de pesquisa desenvolvida na UFPE e está vinculada ao LACA2I e ao PIBIC/CNPq. O projeto parte de uma dor social evidente: a carência de brinquedos acessíveis e adaptados às necessidades de crianças com TEA, que enfrentam barreiras comunicativas, cognitivas e sociais, restringindo sua inclusão em contextos educacionais e terapêuticos. A partir de uma revisão sistemática registrada no PROSPERO (CRD420251001306), foram analisados 39 estudos internacionais e nacionais publicados entre 2010 e 2024, revelando que brinquedos sensoriais e simbólicos, aliados a estratégias mediadas por pares, promovem avanços significativos na comunicação funcional, na interação social e na linguagem.
Com base nesses achados, e por meio da parceria com o projeto de extensão Autismo Comunica, também da UFPE, formado por estudantes de graduação em Fonoaudiologia, foi possível desenvolver (e entrar c pedido de patente junto a DINE) um brinquedo voltado a crianças com TEA. Utilizando modelagem tridimensional e impressão 3D, o brinquedo foi desenvolvido seguindo critérios de segurança, usabilidade e experiência do usuário, sendo posteriormente testado e utilizado pelas crianças participantes do Autismo Comunica, com resultados positivos de engajamento e interação.
A proposta fortalece a integração entre ciência, design e educação, aproximando a universidade da sociedade ao transformar evidências científicas em soluções concretas, acessíveis e inclusivas. O impacto esperado é ampliar o acesso ao brincar como ferramenta terapêutica e educativa, promovendo o desenvolvimento integral e a inclusão social de crianças com TEA no Recife.","A iniciativa gerou avanços científicos e soluções tecnológicas concretas na área do desenvolvimento e inclusão de crianças com Transtorno do Espectro Autista (TEA). A primeira fase, ancorada na pesquisa PIBIC/CNPq, resultou na identificação robusta de evidências por meio da revisão sistemática (2024-2025). As 39 pesquisas analisadas (qualidade moderada a alta) confirmaram o impacto significativo de brinquedos sensoriais e simbólicos, e de estratégias mediadas por pares, no aprimoramento da comunicação funcional, da atenção conjunta e do engajamento social em crianças com TEA.
Esses achados, transformados em know-how aplicado, fundamentaram o desenvolvimento de um brinquedo inclusivo e patenteável (DINE), criado em parceria com o projeto de extensão Autismo Comunica/UFPE. Utilizando a modelagem tridimensional e a impressão 3D, uma tecnologia acessível, o protótipo atendeu a rigorosos critérios de ergonomia, segurança e estímulo sensorial, estabelecidos cientificamente. Os testes práticos realizados com as crianças do Autismo Comunica validaram a solução, demonstrando melhorias mensuráveis: maior tempo de engajamento lúdico e avanços qualitativos na interação social e na comunicação espontânea, conforme observado pela equipe de Fonoaudiologia.
Além do impacto direto no público-alvo, a iniciativa promoveu a transferência tecnológica e o aprendizado interdisciplinar, capacitando estudantes de Design e Fonoaudiologia na criação de soluções inclusivas de base científica. Os resultados finais reforçam o potencial de replicabilidade da metodologia em outros contextos terapêuticos e educacionais de Recife, solidificando a integração Universidade-Sociedade e transformando pesquisa em inovação social de alto impacto.","A iniciativa possui alto potencial de escalabilidade e replicabilidade sistêmica, alicerçada em uma metodologia robusta que harmoniza evidência científica, design open-source e tecnologia acessível. O processo de criação do brinquedo inclusivo é inerentemente replicável. Por ser fundamentado na revisão sistemática e utilizar modelagem digital e impressão 3D, o design pode ser reproduzido em diversos ambientes com infraestrutura mínima, como laboratórios universitários, espaços makers e escolas técnicas. Essa abordagem garante baixo custo de produção e promove a descentralização da inovação, tornando a solução facilmente adotável em contextos educacionais e terapêuticos menos providos.
O modelo metodológico interdisciplinar, que integra Pesquisa (PIBIC), Extensão (Autismo Comunica) e expertise em Design e Fonoaudiologia, funciona como um protocolo validado para o desenvolvimento de soluções inclusivas. Sua flexibilidade permite a adaptação imediata a outras faixas etárias, condições do neurodesenvolvimento e realidades socioculturais.
Em curto e médio prazo, o potencial de escala é regional: buscamos firmar parcerias estratégicas com a rede municipal de ensino e saúde do Recife para a adoção piloto e a criação de uma linha diversificada de brinquedos adaptáveis. No longo prazo, a proposta visa influenciar a formulação de políticas públicas de inclusão lúdica e tecnológica em nível nacional, consolidando o know-how da UFPE. Essa combinação estratégica de evidência científica (validade), tecnologia de baixo custo (acessibilidade) e design aberto (transferência) assegura que a inovação transcenda a universidade, amplificando seu impacto social no Recife e além."
"","Inovação Empresarial","sim","Inovação empresarial","[justify]A [b]Neuromodulação Não Invasiva (NNI)[/b] constitui um conjunto de intervenções terapêuticas fundamentadas em princípios neurofisiológicos que visam modular a atividade cerebral por meio de estímulos elétricos, magnéticos ou hemodinâmicos, sem a necessidade de procedimentos cirúrgicos. Entre as principais técnicas utilizadas destacam-se a [b]Estimulação Magnética Transcraniana (EMT)[/b], a [b]Estimulação Transcraniana por Corrente Contínua (ETCC)[/b], a [b]Estimulação do Nervo Vago Transcutânea (tVNS)[/b], o [b]Neurofeedback (NFB)[/b] e a [b]Hemoencefalografia (HEG)[/b]. Essas abordagens têm apresentado resultados promissores no tratamento de [b]depressão, ansiedade, dores crônicas e insônia[/b], condições que representam desafios relevantes para a saúde pública.[/justify]
[justify]A [b]problemática central[/b] consiste na elevada prevalência de transtornos mentais e de dor persistente, frequentemente refratários às terapias farmacológicas convencionais. Esses quadros impactam de forma significativa a funcionalidade, a produtividade e a qualidade de vida da população, além de sobrecarregarem os serviços de saúde.[/justify]
[justify]O [b]objetivo da proposta[/b] é oferecer alternativas terapêuticas seguras, eficazes e baseadas em evidências, capazes de promover o reequilíbrio funcional das redes neurais envolvidas na regulação emocional e sensorial. A [b]EMT[/b] e a [b]ETCC[/b] atuam modulando a excitabilidade cortical, a [b]tVNS[/b] influencia circuitos autonômicos e mecanismos inflamatórios, enquanto o [b]NFB[/b] e a [b]HEG[/b] favorecem a autorregulação cerebral por meio de processos de aprendizagem e retroalimentação neurofisiológica.[/justify]
[justify][/justify]
[justify]O [b]impacto esperado[/b] inclui a redução significativa de sintomas depressivos e ansiosos, a diminuição da dor crônica, a melhora da qualidade do sono e o aumento do bem-estar geral dos pacientes. A aplicação dessas técnicas permite intervenções personalizadas, de baixo risco e com potencial de integração a protocolos multiprofissionais, favorecendo uma abordagem mais abrangente e efetiva da saúde mental e da dor crônica. Dessa forma, a Neuromodulação Não Invasiva apresenta-se como uma estratégia inovadora e promissora para ampliar o acesso a tratamentos modernos, seguros e com resultados sustentáveis.[/justify]
[justify][/justify]
[justify][/justify]
 ","[ml][ol][li indent=0 align=left][b]Redução significativa de sintomas depressivos e ansiosos[/b], com melhora do humor, aumento da motivação e redução de pensamentos negativos recorrentes.[/li][li indent=0 align=left][b]Melhora da autorregulação emocional[/b], favorecendo maior estabilidade afetiva e capacidade de enfrentamento de situações estressoras.[/li][li indent=0 align=left][b]Diminuição da percepção de dor crônica[/b], pela modulação das vias neurais envolvidas na transmissão e interpretação dos estímulos dolorosos.[/li][li indent=0 align=left][b]Regulação do ciclo sono-vigília[/b], resultando em sono mais reparador e melhora do desempenho cognitivo e da atenção durante o dia.[/li][li indent=0 align=left][b]Redução da necessidade de medicação psicotrópica ou analgésica[/b], minimizando efeitos adversos e custos terapêuticos a longo prazo.[/li][li indent=0 align=left][b]Melhora da funcionalidade social e ocupacional[/b], com aumento da produtividade, da qualidade de vida e da autonomia do paciente.[/li][/ol][/ml]Esses resultados são obtidos pela [b]restauração do equilíbrio eletrofisiológico e metabólico das redes neurais[/b], promovendo uma reorganização adaptativa da atividade cerebral. A NNI, ao atuar de forma direcionada e não invasiva, possibilita [b]mudanças duradouras nos padrões de conectividade cerebral[/b], resultando em ganhos clínicos sustentáveis e mensuráveis. Dessa forma, o tratamento contribui para o [b]restabelecimento da saúde mental e física[/b], com impacto direto na redução da incapacidade funcional e na melhoria do bem-estar integral dos pacientes.","A [b]Neuromodulação Não Invasiva (NNI)[/b] apresenta [b]alta replicabilidade e elevado potencial de escala[/b], configurando-se como uma solução tecnológica viável para ampliação no contexto clínico e institucional, tanto no setor público quanto privado.
A [b]replicabilidade[/b] do método está fundamentada em protocolos padronizados, parâmetros fisiológicos bem definidos e evidências consistentes de eficácia clínica. As técnicas, como [b]EMT[/b], [b]ETCC[/b], [b]tVNS[/b], [b]NFB[/b] e [b]HEG[/b], seguem diretrizes internacionais de aplicação, com possibilidade de adaptação conforme o perfil do paciente e o quadro clínico. Essa padronização garante [b]reprodutibilidade dos resultados[/b] em diferentes populações e contextos terapêuticos, assegurando confiabilidade científica e operacional.
O [b]potencial de escala[/b] decorre do caráter [b]não invasivo, seguro e de baixo custo operacional[/b] das técnicas. Os equipamentos utilizados possuem fácil portabilidade, requerem manutenção mínima e podem ser manuseados por profissionais da saúde devidamente capacitados, o que viabiliza sua implantação em [b]clínicas, hospitais, centros de reabilitação e unidades básicas de saúde[/b]. Além disso, a NNI pode ser integrada a programas de atenção psicossocial e de manejo da dor, ampliando o alcance das políticas públicas de saúde mental.
A adoção em larga escala favorece a [b]descentralização do tratamento[/b], permitindo acesso a populações que enfrentam barreiras geográficas ou econômicas. Com protocolos digitalizados e acompanhamento remoto, torna-se possível realizar [b]monitoramento contínuo e personalizado[/b], fortalecendo a eficiência dos serviços.
Assim, a Neuromodulação Não Invasiva configura-se como uma intervenção [b]altamente escalável, sustentável e replicável[/b], capaz de transformar o modelo de cuidado em saúde mental e dor crônica, promovendo resultados clínicos consistentes e mensuráveis em diferentes realidades do sistema de saúde."
"sim","","","Startup conectada com a cidade","A Ummix Ads é uma startup de base tecnológica que digitaliza a compra e a venda de mídia tradicional (rádio, TV, outdoor e jornal) com dados e inteligência, permitindo que anunciantes, agências e veículos de comunicação operem com a mesma eficiência das plataformas digitais. Nosso propósito é tornar a publicidade mais inteligente, acessível e mensurável, fortalecendo economias locais e melhorando a comunicação entre empresas e cidadãos.
O problema que endereçamos é o [b]desperdício de investimento em mídia tradicional[/b], causado pela ausência de métricas e critérios de segmentação. Hoje, boa parte dos recursos publicitários é aplicada de forma genérica, sem dados sobre quem realmente é impactado. Isso reduz a eficiência das campanhas, enfraquece os veículos locais e limita a competitividade das cidades frente ao digital.
A Ummix Ads resolve essa dor ao oferecer uma plataforma que integra dados de audiência, perfil socioeconômico e comportamento de consumo, permitindo escolher a mídia certa, para o público certo, com o menor custo possível. A solução utiliza filtros de segmentação (como faixa de renda, ocupação, região e hábitos de consumo) e entrega métricas claras de impacto, otimizando o investimento em até 80%.
No contexto do Recife, a plataforma contribui diretamente para o desenvolvimento do ecossistema de comunicação e inovação, [b]fortalecendo veículos locais[/b], [b]reduzindo a dependência do marketing digital externo[/b] e [b]estimulando o comércio e serviços da cidade[/b]. O impacto esperado é o aumento da eficiência publicitária, o fortalecimento de micro e pequenas empresas locais e a geração de dados estratégicos que possam apoiar políticas públicas de comunicação e desenvolvimento econômico.
A Ummix Ads representa uma ponte entre o tradicional e o tecnológico — conectando dados, mídia e cidades inteligentes.","Desde sua retomada em 2025, a Ummix Ads consolidou-se como a primeira plataforma brasileira a aplicar inteligência de dados à mídia tradicional, tornando a compra e a mensuração de rádio, TV, outdoor e jornal mais eficientes e acessíveis. A plataforma já processou [b]mais de R$ 50 mil em transações reais[/b] desde a pivotagem, com [b]13 clientes ativos[/b], [b]R$ 130 mil em pipeline comercial[/b] e [b]R$ 300 mil em intenções de compra[/b] projetadas para os próximos 12 meses.
Historicamente, a empresa já intermediou [b]R$ 3,4 milhões em mídia[/b] entre 2018 e 2023, com [b]307 clientes atendidos[/b] e um [b]churn baixíssimo[/b] — cancelamentos só ocorrem quando o cliente deixa de anunciar em qualquer veículo. O [b]ciclo médio de vendas é de 38 dias[/b], evidenciando previsibilidade e consistência de operação.
Nos testes realizados em campanhas reais, os resultados superaram as práticas convencionais: em um dos cases apresentados, uma imobiliária reduziu de [b]435 para 45 inserções[/b] de mídia e obteve [b]72% mais vendas[/b], graças à inteligência de repetição e segmentação da Ummix Ads. Outro exemplo mostra que, com o mesmo investimento, veículos parceiros ampliaram a taxa de entrega de audiência em [b]dez vezes[/b], comprovando a eficiência do modelo baseado em dados.
Além dos números, os impactos qualitativos são expressivos: a solução [b]fortalece veículos de comunicação locais[/b], democratiza o acesso à publicidade para [b]pequenas e médias empresas[/b], e [b]reduz a evasão de investimento para plataformas estrangeiras[/b] como Google e Meta.
Com presença em eventos nacionais como o [b]Web Summit Rio, HackTown e ESX Innovation Experience[/b], a Ummix Ads tornou-se referência em inovação aplicada à mídia tradicional, contribuindo para a modernização do setor e para o desenvolvimento sustentável do ecossistema de comunicação das cidades brasileiras — incluindo Recife.","A Ummix Ads foi concebida desde o início como uma solução [b]escalável, modular e replicável[/b] em qualquer território que possua veículos de mídia tradicional. A plataforma opera em formato [b]SaaS (Software as a Service)[/b], com infraestrutura 100% digital e parametrizável, permitindo que cada cidade seja integrada com dados locais, inventário de mídia e filtros regionais de segmentação.
O modelo de crescimento é baseado em [b]licenciamento regional[/b], com diretores locais responsáveis por operar unidades autônomas e compartilhar receita com a sede — o que permite rápida expansão sem aumento proporcional de custos. Esse formato já está em implantação em cidades como [b]Goiânia, Aparecida e Jataí (GO)[/b], e vem sendo testado para replicação em [b]outros estados e capitais[/b].
Do ponto de vista tecnológico, o sistema foi desenhado para integrar novas bases de dados e suportar múltiplos perfis de usuário (anunciantes, agências e veículos), garantindo [b]escalabilidade horizontal[/b] com baixo custo de aquisição e alta retenção. Cada nova praça conectada adiciona dados e inventário ao ecossistema, fortalecendo o modelo de rede e aumentando o valor agregado da solução.
A replicabilidade da Ummix Ads também se estende ao impacto econômico e social. Ao aplicar o mesmo conceito em diferentes contextos, a plataforma [b]estimula a economia local[/b], [b]fortalece veículos regionais[/b] e [b]reduz a dependência de plataformas estrangeiras[/b], criando um modelo de desenvolvimento sustentável baseado na valorização da mídia local.
Para o Recife, o potencial de expansão é imediato: a plataforma pode ser implementada em parceria com veículos locais, agências e o poder público, servindo como ferramenta de [b]inteligência territorial para políticas de comunicação e desenvolvimento econômico[/b]. A médio e longo prazo, a Ummix Ads pretende integrar 150 cidades até 2030, consolidando-se como [b]a principal infraestrutura de dados da mídia tradicional brasileira[/b]."
"sim","","","Startup conectada com a cidade","A Ummix Ads é uma startup de base tecnológica que digitaliza a compra e a venda de mídia tradicional (rádio, TV, outdoor e jornal) com dados e inteligência, permitindo que anunciantes, agências e veículos de comunicação operem com a mesma eficiência das plataformas digitais. Nosso propósito é tornar a publicidade mais inteligente, acessível e mensurável, fortalecendo economias locais e melhorando a comunicação entre empresas e cidadãos.
O problema que endereçamos é o [b]desperdício de investimento em mídia tradicional[/b], causado pela ausência de métricas e critérios de segmentação. Hoje, boa parte dos recursos publicitários é aplicada de forma genérica, sem dados sobre quem realmente é impactado. Isso reduz a eficiência das campanhas, enfraquece os veículos locais e limita a competitividade das cidades frente ao digital.
A Ummix Ads resolve essa dor ao oferecer uma plataforma que integra dados de audiência, perfil socioeconômico e comportamento de consumo, permitindo escolher a mídia certa, para o público certo, com o menor custo possível. A solução utiliza filtros de segmentação (como faixa de renda, ocupação, região e hábitos de consumo) e entrega métricas claras de impacto, otimizando o investimento em até 80%.
No contexto do Recife, a plataforma contribui diretamente para o desenvolvimento do ecossistema de comunicação e inovação, [b]fortalecendo veículos locais[/b], [b]reduzindo a dependência do marketing digital externo[/b] e [b]estimulando o comércio e serviços da cidade[/b]. O impacto esperado é o aumento da eficiência publicitária, o fortalecimento de micro e pequenas empresas locais e a geração de dados estratégicos que possam apoiar políticas públicas de comunicação e desenvolvimento econômico.
A Ummix Ads representa uma ponte entre o tradicional e o tecnológico — conectando dados, mídia e cidades inteligentes.","Desde sua retomada em 2025, a Ummix Ads consolidou-se como a primeira plataforma brasileira a aplicar inteligência de dados à mídia tradicional, tornando a compra e a mensuração de rádio, TV, outdoor e jornal mais eficientes e acessíveis. A plataforma já processou [b]mais de R$ 50 mil em transações reais[/b] desde a pivotagem, com [b]13 clientes ativos[/b], [b]R$ 130 mil em pipeline comercial[/b] e [b]R$ 300 mil em intenções de compra[/b] projetadas para os próximos 12 meses.
Historicamente, a empresa já intermediou [b]R$ 3,4 milhões em mídia[/b] entre 2018 e 2023, com [b]307 clientes atendidos[/b] e um [b]churn baixíssimo[/b] — cancelamentos só ocorrem quando o cliente deixa de anunciar em qualquer veículo. O [b]ciclo médio de vendas é de 38 dias[/b], evidenciando previsibilidade e consistência de operação.
Nos testes realizados em campanhas reais, os resultados superaram as práticas convencionais: em um dos cases apresentados, uma imobiliária reduziu de [b]435 para 45 inserções[/b] de mídia e obteve [b]72% mais vendas[/b], graças à inteligência de repetição e segmentação da Ummix Ads. Outro exemplo mostra que, com o mesmo investimento, veículos parceiros ampliaram a taxa de entrega de audiência em [b]dez vezes[/b], comprovando a eficiência do modelo baseado em dados.
Além dos números, os impactos qualitativos são expressivos: a solução [b]fortalece veículos de comunicação locais[/b], democratiza o acesso à publicidade para [b]pequenas e médias empresas[/b], e [b]reduz a evasão de investimento para plataformas estrangeiras[/b] como Google e Meta.
Com presença em eventos nacionais como o [b]Web Summit Rio, HackTown e ESX Innovation Experience[/b], a Ummix Ads tornou-se referência em inovação aplicada à mídia tradicional, contribuindo para a modernização do setor e para o desenvolvimento sustentável do ecossistema de comunicação das cidades brasileiras — incluindo Recife.","A Ummix Ads foi concebida desde o início como uma solução [b]escalável, modular e replicável[/b] em qualquer território que possua veículos de mídia tradicional. A plataforma opera em formato [b]SaaS (Software as a Service)[/b], com infraestrutura 100% digital e parametrizável, permitindo que cada cidade seja integrada com dados locais, inventário de mídia e filtros regionais de segmentação.
O modelo de crescimento é baseado em [b]licenciamento regional[/b], com diretores locais responsáveis por operar unidades autônomas e compartilhar receita com a sede — o que permite rápida expansão sem aumento proporcional de custos. Esse formato já está em implantação em cidades como [b]Goiânia, Aparecida e Jataí (GO)[/b], e vem sendo testado para replicação em [b]outros estados e capitais[/b].
Do ponto de vista tecnológico, o sistema foi desenhado para integrar novas bases de dados e suportar múltiplos perfis de usuário (anunciantes, agências e veículos), garantindo [b]escalabilidade horizontal[/b] com baixo custo de aquisição e alta retenção. Cada nova praça conectada adiciona dados e inventário ao ecossistema, fortalecendo o modelo de rede e aumentando o valor agregado da solução.
A replicabilidade da Ummix Ads também se estende ao impacto econômico e social. Ao aplicar o mesmo conceito em diferentes contextos, a plataforma [b]estimula a economia local[/b], [b]fortalece veículos regionais[/b] e [b]reduz a dependência de plataformas estrangeiras[/b], criando um modelo de desenvolvimento sustentável baseado na valorização da mídia local.
Para o Recife, o potencial de expansão é imediato: a plataforma pode ser implementada em parceria com veículos locais, agências e o poder público, servindo como ferramenta de [b]inteligência territorial para políticas de comunicação e desenvolvimento econômico[/b]. A médio e longo prazo, a Ummix Ads pretende integrar 150 cidades até 2030, consolidando-se como [b]a principal infraestrutura de dados da mídia tradicional brasileira[/b]."
"","Startup Inovadora","sim","Startup conectada com a cidade","A Ummix Ads é uma startup de base tecnológica que digitaliza a compra e a venda de mídia tradicional (rádio, TV, outdoor e jornal) com dados e inteligência, permitindo que anunciantes, agências e veículos de comunicação operem com a mesma eficiência das plataformas digitais. Nosso propósito é tornar a publicidade mais inteligente, acessível e mensurável, fortalecendo economias locais e melhorando a comunicação entre empresas e cidadãos.
O problema que endereçamos é o [b]desperdício de investimento em mídia tradicional[/b], causado pela ausência de métricas e critérios de segmentação. Hoje, boa parte dos recursos publicitários é aplicada de forma genérica, sem dados sobre quem realmente é impactado. Isso reduz a eficiência das campanhas, enfraquece os veículos locais e limita a competitividade das cidades frente ao digital.
A Ummix Ads resolve essa dor ao oferecer uma plataforma que integra dados de audiência, perfil socioeconômico e comportamento de consumo, permitindo escolher a mídia certa, para o público certo, com o menor custo possível. A solução utiliza filtros de segmentação (como faixa de renda, ocupação, região e hábitos de consumo) e entrega métricas claras de impacto, otimizando o investimento em até 80%.
No contexto do Recife, a plataforma contribui diretamente para o desenvolvimento do ecossistema de comunicação e inovação, [b]fortalecendo veículos locais[/b], [b]reduzindo a dependência do marketing digital externo[/b] e [b]estimulando o comércio e serviços da cidade[/b]. O impacto esperado é o aumento da eficiência publicitária, o fortalecimento de micro e pequenas empresas locais e a geração de dados estratégicos que possam apoiar políticas públicas de comunicação e desenvolvimento econômico.
A Ummix Ads representa uma ponte entre o tradicional e o tecnológico — conectando dados, mídia e cidades inteligentes.","Desde sua retomada em 2025, a Ummix Ads consolidou-se como a primeira plataforma brasileira a aplicar inteligência de dados à mídia tradicional, tornando a compra e a mensuração de rádio, TV, outdoor e jornal mais eficientes e acessíveis. A plataforma já processou [b]mais de R$ 50 mil em transações reais[/b] desde a pivotagem, com [b]13 clientes ativos[/b], [b]R$ 130 mil em pipeline comercial[/b] e [b]R$ 300 mil em intenções de compra[/b] projetadas para os próximos 12 meses.
Historicamente, a empresa já intermediou [b]R$ 3,4 milhões em mídia[/b] entre 2018 e 2023, com [b]307 clientes atendidos[/b] e um [b]churn baixíssimo[/b] — cancelamentos só ocorrem quando o cliente deixa de anunciar em qualquer veículo. O [b]ciclo médio de vendas é de 38 dias[/b], evidenciando previsibilidade e consistência de operação.
Nos testes realizados em campanhas reais, os resultados superaram as práticas convencionais: em um dos cases apresentados, uma imobiliária reduziu de [b]435 para 45 inserções[/b] de mídia e obteve [b]72% mais vendas[/b], graças à inteligência de repetição e segmentação da Ummix Ads. Outro exemplo mostra que, com o mesmo investimento, veículos parceiros ampliaram a taxa de entrega de audiência em [b]dez vezes[/b], comprovando a eficiência do modelo baseado em dados.
Além dos números, os impactos qualitativos são expressivos: a solução [b]fortalece veículos de comunicação locais[/b], democratiza o acesso à publicidade para [b]pequenas e médias empresas[/b], e [b]reduz a evasão de investimento para plataformas estrangeiras[/b] como Google e Meta.
Com presença em eventos nacionais como o [b]Web Summit Rio, HackTown e ESX Innovation Experience[/b], a Ummix Ads tornou-se referência em inovação aplicada à mídia tradicional, contribuindo para a modernização do setor e para o desenvolvimento sustentável do ecossistema de comunicação das cidades brasileiras — incluindo Recife.","A Ummix Ads foi concebida desde o início como uma solução [b]escalável, modular e replicável[/b] em qualquer território que possua veículos de mídia tradicional. A plataforma opera em formato [b]SaaS (Software as a Service)[/b], com infraestrutura 100% digital e parametrizável, permitindo que cada cidade seja integrada com dados locais, inventário de mídia e filtros regionais de segmentação.
O modelo de crescimento é baseado em [b]licenciamento regional[/b], com diretores locais responsáveis por operar unidades autônomas e compartilhar receita com a sede — o que permite rápida expansão sem aumento proporcional de custos. Esse formato já está em implantação em cidades como [b]Goiânia, Aparecida e Jataí (GO)[/b], e vem sendo testado para replicação em [b]outros estados e capitais[/b].
Do ponto de vista tecnológico, o sistema foi desenhado para integrar novas bases de dados e suportar múltiplos perfis de usuário (anunciantes, agências e veículos), garantindo [b]escalabilidade horizontal[/b] com baixo custo de aquisição e alta retenção. Cada nova praça conectada adiciona dados e inventário ao ecossistema, fortalecendo o modelo de rede e aumentando o valor agregado da solução.
A replicabilidade da Ummix Ads também se estende ao impacto econômico e social. Ao aplicar o mesmo conceito em diferentes contextos, a plataforma [b]estimula a economia local[/b], [b]fortalece veículos regionais[/b] e [b]reduz a dependência de plataformas estrangeiras[/b], criando um modelo de desenvolvimento sustentável baseado na valorização da mídia local.
Para o Recife, o potencial de expansão é imediato: a plataforma pode ser implementada em parceria com veículos locais, agências e o poder público, servindo como ferramenta de [b]inteligência territorial para políticas de comunicação e desenvolvimento econômico[/b]. A médio e longo prazo, a Ummix Ads pretende integrar 150 cidades até 2030, consolidando-se como [b]a principal infraestrutura de dados da mídia tradicional brasileira[/b]."
"sim","","","Pesquisa & Extensão Inovadora","[justify][b]Desafio Público[/b]: Instituições de Ciência e Tecnologia enfrentam desafios para identificar, organizar e transformar o conhecimento interno em soluções práticas, inovadoras e socialmente relevantes. Elas lidam com saberes tácitos e processos não estruturados, mas faltam-lhes ferramentas para mapear, sistematizar e gerir o conhecimento institucional; especialmente aquele não formalizado.[/justify]
[b]Dor Central[/b]: A falta de ferramentas de gestão do conhecimento compromete a gestão da inovação; a articulação entre pesquisa, extensão e sociedade; a memória institucional e a continuidade de projetos; a valorização dos saberes locais e colaborativos; e a automatização de Processos Intensivos em Conhecimento.
[b]Objetivos da Proposta[/b]: Apresentar ferramentas inovadoras para mapear saberes, aprendizagem e processos intensivos em conhecimento, que viabilizem a criação de capital de conhecimento estratégico, promovendo inovação científica e social e apoio às decisões com base em evidências.
[b]A Solução:[/b]
 • [b]FOCO-TCCO[/b]: Ferramenta modular baseada na Teoria da Criação do Conhecimento Organizacional (TCCO), que observa e sistematiza manifestações de conhecimento em ambientes colaborativos. Aplica os conceitos SECI, Ba, Ativistas do Conhecimento e Liderança Situacional.
 • [b]DMPIC[/b]: Ferramenta de mapeamento de processos intensivos em conhecimento, com notação CMMN e metodologias adaptativas, viabilizando a representação visual de processos não estruturados.
[b]Evidências e Resultados[/b]
 • Aplicação no Instituto Keizo Asami (iLIKA/UFPE);
 • Mapeamento e Melhoria de Processos Intensivos em Conhecimento;
 • Criação de instrumentos de memória institucional;
 • Reconhecimento em eventos científicos: ENANPAD 2025 (DMPIC), SINGEP 2025 (FOCO-TCCO).
 • Ferramentas aplicadas como recurso metodológico em dissertação de mestrado sobre Inovação e TCCO.
[b]Impacto Esperado[/b]
 • Fortalecimento da cultura de inovação.
 • Integração entre Pesquisa, Gestão e Inovação.
 • Valorização dos saberes locais.
 • Replicabilidade em outras instituições.","[justify]A iniciativa gerou resultados concretos e mensuráveis na gestão do conhecimento e na inovação institucional. Com a aplicação das ferramentas FOCO-TCCO e DMPIC no Instituto Keizo Asami (iLIKA/UFPE), foram mapeados saberes e processos intensivos em conhecimento, revelando como ocorre a gestão da inovação, e evidenciando lacunas e fatores críticos no processo analisado. O mapeamento viabilizou a estruturação de conhecimentos e a criação de instrumentos de memória institucional, como os Dossiês iLIKA, que estão sendo transformados em Sistema de Gestão Integrada.[/justify]
[justify][/justify]
[justify][b]Evidências qualitativas [/b]demonstram que o FOCO-TCCO facilitou a observação de manifestações de conhecimento em ambientes colaborativos, revelando saberes tácitos, práticas informais e dinâmicas de aprendizagem organizacional, permitindo identificar ferramentas e práticas usadas no Instituto Keizo Asami – iLIKA/UFPE para converter conhecimento científico em inovação. O DMPIC permitiu representar visualmente processos não estruturados, promovendo maior clareza na gestão e tomada de decisão.[/justify]
[justify][/justify]
[justify][b]Indicadores de desempenho: [/b][/justify]
[ml][ul][li indent=0 align=justify]4 Processos Intensivos em Conhecimento Mapeados (Dados Internos da Organização); [/li][li indent=0 align=justify]Modelagem do protótipo do Sistema de Gestão Integrada (Dossiês iLIKA - Anexo); [/li][li indent=0 align=justify]Mapeamento e Modelagem do Processo de Criação e Transformação do Conhecimento Científico em Inovação (na Dissertação); [/li][li indent=0 align=justify]Criação de Painéis de Inteligência Gerencial (Anexo)[/li][li indent=0 align=justify]Publicação das ferramentas em 2 eventos científicos com reconhecimento da iniciativa: ENANPAD 2025 – DMPIC; SINGEP 2025 – FOCO-TCCO; (Anexas)[/li][li indent=0 align=justify]1 Dissertação de mestrado com aplicação metodológica das ferramentas (Em processo de depósito)[/li][/ul][/ml]
[b]Ganhos concretos:[/b]
[ml][ul][li indent=0 align=left]Fortalecimento da cultura de inovação institucional;[/li][li indent=0 align=left]Apoio à gestão estratégica com base em evidências;[/li][li indent=0 align=left]Valorização dos saberes locais e colaborativos como ativos organizacionais;[/li][li indent=0 align=left]Integração entre pesquisa, extensão e gestão pública;[/li][li indent=0 align=left]Potencial de replicação em outras instituições de ciência e tecnologia.[/li][/ul][/ml]","[justify]As ferramentas FOCO-TCCO e DMPIC apresentam alto potencial de replicabilidade e escalabilidade por sua concepção modular, adaptável e fundamentada em teorias e metodologias reconhecidas internacionalmente. Elas podem ser utilizadas em conjunto ou separadamente em diferentes contextos organizacionais, especialmente em instituições de ciência e tecnologia, ambientes universitários e órgãos públicos, que lidam com processos intensivos em conhecimento.[/justify]
[justify] [/justify]
[justify]O FOCO-TCCO é um formulário online composto por módulos que viabilizam mapeamento de processos de criação e transformação de conhecimento. Aplicável em diferentes fases da cadeia de valor do conhecimento (como pesquisa, extensão, gestão e inovação) coleta uma descrição da situação (eventos, projetos ou atividades) e explora por meio de questões abertas e fechadas: [/justify]
[justify]1.     como o conhecimento é compartilhado, codificado, transformado e aprendido individual ou colaborativamente; [/justify]
[justify]2.     que práticas de lideranças situacional podem ser observadas; [/justify]
[justify]3.     evidências da presença de capital intelectual estratégico para a gestão do conhecimento e inovação; e [/justify]
[justify]4.     evidências de um ambiente favorável e barreiras à criação de conhecimento e inovação.[/justify]
[justify] [/justify]
[justify]O DMPIC é uma planilha compartilhável, estruturada com metodologias adaptativas de gestão, elementos da notação CMMN e matriz de responsabilidade. Ele pode ser aplicado para mapear processos não estruturados em diversas áreas, incluindo pesquisa, saúde, educação, segurança pública e gestão administrativa.[/justify]
[justify] [/justify]
[justify]A replicabilidade e escalabilidade são reforçadas pela acessibilidade (formulário online e planilha compartilháveis) e pela validação empírica em um instituto de pesquisa universitário, incluindo as áreas administrativa e científica. Foram mapeados 4 processos intensivos em conhecimento em um Instituto de Ciência e Tecnologia que tem 16 laboratórios, o que demonstra sua viabilidade técnica e operacional. [/justify]
[justify]As ferramentas têm a capacidade de gerar capital de conhecimento institucional, apoiar a tomada de decisão com base em evidências e fortalecer a cultura de inovação. Ao transformar saberes invisíveis em ativos estratégicos, a iniciativa pode ser expandida para outras instituições, territórios e ecossistemas, promovendo impacto continuado em médio e longo prazo.[/justify]
"
"","Inovação Científica","sim","Pesquisa & Extensão Inovadora","[justify][b]Desafio Público[/b]: Instituições de Ciência e Tecnologia enfrentam desafios para identificar, organizar e transformar o conhecimento interno em soluções práticas, inovadoras e socialmente relevantes. Elas lidam com saberes tácitos e processos não estruturados, mas faltam-lhes ferramentas para mapear, sistematizar e gerir o conhecimento institucional; especialmente aquele não formalizado.[/justify]
[b]Dor Central[/b]: A falta de ferramentas de gestão do conhecimento compromete a gestão da inovação; a articulação entre pesquisa, extensão e sociedade; a memória institucional e a continuidade de projetos; a valorização dos saberes locais e colaborativos; e a automatização de Processos Intensivos em Conhecimento.
[b]Objetivos da Proposta[/b]: Apresentar ferramentas inovadoras para mapear saberes, aprendizagem e processos intensivos em conhecimento, que viabilizem a criação de capital de conhecimento estratégico, promovendo inovação científica e social e apoio às decisões com base em evidências.
[b]A Solução:[/b]
 • [b]FOCO-TCCO[/b]: Ferramenta modular baseada na Teoria da Criação do Conhecimento Organizacional (TCCO), que observa e sistematiza manifestações de conhecimento em ambientes colaborativos. Aplica os conceitos SECI, Ba, Ativistas do Conhecimento e Liderança Situacional.
 • [b]DMPIC[/b]: Ferramenta de mapeamento de processos intensivos em conhecimento, com notação CMMN e metodologias adaptativas, viabilizando a representação visual de processos não estruturados.
[b]Evidências e Resultados[/b]
 • Aplicação no Instituto Keizo Asami (iLIKA/UFPE);
 • Mapeamento e Melhoria de Processos Intensivos em Conhecimento;
 • Criação de instrumentos de memória institucional;
 • Reconhecimento em eventos científicos: ENANPAD 2025 (DMPIC), SINGEP 2025 (FOCO-TCCO).
 • Ferramentas aplicadas como recurso metodológico em dissertação de mestrado sobre Inovação e TCCO.
[b]Impacto Esperado[/b]
 • Fortalecimento da cultura de inovação.
 • Integração entre Pesquisa, Gestão e Inovação.
 • Valorização dos saberes locais.
 • Replicabilidade em outras instituições.","[justify]A iniciativa gerou resultados concretos e mensuráveis na gestão do conhecimento e na inovação institucional. Com a aplicação das ferramentas FOCO-TCCO e DMPIC no Instituto Keizo Asami (iLIKA/UFPE), foram mapeados saberes e processos intensivos em conhecimento, revelando como ocorre a gestão da inovação, e evidenciando lacunas e fatores críticos no processo analisado. O mapeamento viabilizou a estruturação de conhecimentos e a criação de instrumentos de memória institucional, como os Dossiês iLIKA, que estão sendo transformados em Sistema de Gestão Integrada.[/justify]
[justify] [/justify]
[justify][b]Evidências qualitativas [/b]demonstram que o FOCO-TCCO facilitou a observação de manifestações de conhecimento em ambientes colaborativos, revelando saberes tácitos, práticas informais e dinâmicas de aprendizagem organizacional, permitindo identificar ferramentas e práticas usadas no Instituto Keizo Asami – iLIKA/UFPE para converter conhecimento científico em inovação. O DMPIC permitiu representar visualmente processos não estruturados, promovendo maior clareza na gestão e tomada de decisão.[/justify]
[justify] [/justify]
[justify][b]Indicadores de desempenho: [/b][/justify]
[justify]•       4 Processos Intensivos em Conhecimento Mapeados (Dados Internos da Organização); [/justify]
[justify]•       Modelagem do protótipo do Sistema de Gestão Integrada (Dossiês iLIKA - Anexo); [/justify]
[justify]•       Mapeamento e Modelagem do Processo de Criação e Transformação do Conhecimento Científico em Inovação (na Dissertação); [/justify]
[justify]•       Criação de Painéis de Inteligência Gerencial (Anexo)[/justify]
[justify]•       Publicação das ferramentas em 2 eventos científicos com reconhecimento da iniciativa: ENANPAD 2025 – DMPIC; SINGEP 2025 – FOCO-TCCO; (Anexas)[/justify]
[justify]•       1 Dissertação de mestrado com aplicação metodológica das ferramentas (Em processo de depósito)[/justify]
 
[b]Ganhos concretos:[/b]
•       Fortalecimento da cultura de inovação institucional;
•       Apoio à gestão estratégica com base em evidências;
•       Valorização dos saberes locais e colaborativos como ativos organizacionais;
•       Integração entre pesquisa, extensão e gestão pública;
•       Potencial de replicação em outras instituições de ciência e tecnologia.","[justify]As ferramentas FOCO-TCCO e DMPIC apresentam alto potencial de replicabilidade e escalabilidade por sua concepção modular, adaptável e fundamentada em teorias e metodologias reconhecidas internacionalmente. Elas podem ser utilizadas em conjunto ou separadamente em diferentes contextos organizacionais, especialmente em instituições de ciência e tecnologia, ambientes universitários e órgãos públicos, que lidam com processos intensivos em conhecimento.[/justify]
[justify] [/justify]
[justify]O FOCO-TCCO é um formulário online composto por módulos que viabilizam mapeamento de processos de criação e transformação de conhecimento. Aplicável em diferentes fases da cadeia de valor do conhecimento (como pesquisa, extensão, gestão e inovação) coleta uma descrição da situação (eventos, projetos ou atividades) e explora por meio de questões abertas e fechadas: [/justify]
[ml][ul][li indent=0 align=justify]como o conhecimento é compartilhado, codificado, transformado e aprendido individual ou colaborativamente; [/li][li indent=0 align=justify]que práticas de lideranças situacional podem ser observadas; [/li][li indent=0 align=justify]evidências da presença de capital intelectual estratégico para a gestão do conhecimento e inovação; e [/li][li indent=0 align=justify]evidências de um ambiente favorável e barreiras à criação de conhecimento e inovação.[/li][/ul][/ml][justify][/justify]
[justify]O DMPIC é uma planilha compartilhável, estruturada com metodologias adaptativas de gestão, elementos da notação CMMN e matriz de responsabilidade. Ele pode ser aplicado para mapear processos não estruturados em diversas áreas, incluindo pesquisa, saúde, educação, segurança pública e gestão administrativa.[/justify]
[justify] [/justify]
[justify]A replicabilidade e escalabilidade são reforçadas pela acessibilidade (formulário online e planilha compartilháveis) e pela validação empírica em um instituto de pesquisa universitário, incluindo as áreas administrativa e científica. Foram mapeados 4 processos intensivos em conhecimento em um Instituto de Ciência e Tecnologia que tem 16 laboratórios, o que demonstra sua viabilidade técnica e operacional. [/justify]
[justify][/justify]
[justify]As ferramentas têm a capacidade de gerar capital de conhecimento institucional, apoiar a tomada de decisão com base em evidências e fortalecer a cultura de inovação. Ao transformar saberes invisíveis em ativos estratégicos, a iniciativa pode ser expandida para outras instituições, territórios e ecossistemas, promovendo impacto continuado em médio e longo prazo.[/justify]
"
"","Inovação Científica","sim","Pesquisa & Extensão Inovadora","Crianças não podem ser “testadoras beta” do mercado! Desde 2019, a iniciativa leva em consideração a Segurança Infantil na Prática, sediada no LaCA²I/UFPE, transforma norma em ação para retirar do circuito brinquedos com risco real. O desafio público é claro: apesar da Portaria Inmetro nº 302/2021 e da família ABNT NBR NM 300, ainda há assimetrias na ponta (fiscalização-laboratório-informação), o que permite a permanência de itens não conformes. Nossa resposta integra design, ergonomia, fiscalização e metrologia aplicada: checklists por tipologia, protocolos de ensaio com rastreabilidade (amostra→ensaio→resultado→parecer), templates padronizados e indicadores de efetividade, conectados à inteligência regulatória (Sinmac) para priorização por risco.
Em 2025, consolidamos a execução com mais de 130 brinquedos analisados e relatórios enviados aos órgãos coletantes, ampliando a capacidade de decisão na rede delegada do Inmetro, com amostras de todas as regiões do País, e de quase todos os Estados. Iniciamos e validamos ainda ensaios de tração (ex.: “olhinho” de pelúcia) com dinamômetro de alta sensibilidade, e avançamos com depósito de patente de dispositivo associado. Temos me mente sempre que o impacto esperado é o de reduzir acidentes e acelerar decisões de fiscalização, posicionando o Recife como polo de inovação em segurança de produtos infantis.","Os resultados são mensuráveis e tangíveis: estruturamos uma frente contínua de supervisão de mercado que já analisou mais de 130 brinquedos de todas as regiões do país, com relatórios técnicos encaminhados aos órgãos coletantes para subsidiar decisões imediatas de fiscalização. Em 2025, a capilaridade se consolidou - 15 estados enviaram amostras para ensaios de partes pequenas e, quando necessário, de tração, com os pareceres sendo remetidos às instâncias competentes, fortalecendo a resposta pública a riscos concretos.
Elevamos a sensibilidade e a confiabilidade metrológica com a aquisição de dinamômetro de menor carga nominal e a execução dos primeiros ensaios de tração (ex.: “olhos” de pelúcia), abrindo nova frente de detecção de perigos em artefatos têxteis e aumentando o poder discriminatório de não conformidades. Paralelamente, avançamos no depósito de patente junto à DINE-UFPE/INPI (proc. 23076.045316/2025-78), sinal de inovação aplicada que transcende a rotina laboratorial e incorpora soluções próprias ao ecossistema de proteção infantil. No plano de governança, convertemos norma em prática com templates padronizados (plano de ensaio, laudo, parecer) e fluxos reprodutíveis (amostra→ensaio→resultado→parecer), o que encurta o tempo até a decisão e eleva a rastreabilidade auditável dos casos atendidos. Somados, esses entregáveis transformam dados de campo em ação regulatória, qualificam a fiscalização no Recife e irradiam impacto para a rede nacional, posicionando a cidade como referência em inovação científica aplicada à segurança de produtos infantis.","Propomos ao longo desses anos uma arquitetura modular: onde temos checklists de requisitos e ensaios por tipologia, templates reutilizáveis e roteiro institucional (amostragem, pontos de parada, gestão de evidências). Isso permite adoção por outros laboratórios/estados sem perda de padronização. A integração com Sinmac orienta prioridades por risco, viabilizando expansão a outros artefatos infantis. Resultados e “lições aprendidas” são publicizados em guia operacional, com capacitações e repositório comum (protocolos, vídeos, casos). Escala prevista: replicação na rede delegada e adoção por ICTs/IES do Recife, com impacto sustentado de médio e longo prazo."
"","Inovação Social","sim","Empreendedorismo Social","O [b]Programa Start[/b], da [b]Rede Cidadã[/b], enfrenta o desafio público da inclusão produtiva de jovens em situação de vulnerabilidade social no Recife, oferecendo formação tecnológica de qualidade e oportunidades reais de empregabilidade. Em um contexto de avanço digital acelerado, jovens sem acesso a recursos tecnológicos e sem orientação profissional permanecem excluídos do mercado.
O Start oferece uma nova forma de aprender tecnologia, com propósito, acolhimento e impacto social real, integrando formação técnica, desenvolvimento humano e empregabilidade. O programa oferece trilhas em programação (back-end e front-end), computação em nuvem, cibersegurança e inteligência artificial aplicada a dados, aliando o conteúdo técnico ao fortalecimento de competências socioemocionais e cidadania digital.
O diferencial do Start é o modelo integral de acolhimento, que inclui mentorias, simulações de entrevistas, visitas técnicas, suporte social (empréstimo de computadores, passagens e lanches) e acompanhamento próximo de cada participante.
O impacto esperado é reduzir desigualdades, gerar oportunidades e fortalecer o ecossistema de inovação social do Recife, formando, profissionais que unem propósito, tecnologia e transformação social.","O Programa Start, da Rede Cidadã, consolidou-se como uma das iniciativas mais relevantes de formação tecnológica com impacto social em Pernambuco. Em 12 anos de atuação, o programa já impactou mais de 2.000 jovens, oferecendo formações que unem tecnologia, propósito e empregabilidade.
Entre os resultados quantitativos, destaca-se a taxa média de 70% de empregabilidade entre os egressos, com mais de 1.200 jovens inseridos no mercado de trabalho, sendo 800 contratados pela Accenture, empresa colaboradora. Atualmente, 80 jovens participam ativamente das trilhas de programação e computação em nuvem.
O impacto vai além dos números. As avaliações qualitativas apontam melhorias significativas em autonomia, autoconfiança e visão de futuro. Jovens que antes estavam em contextos de vulnerabilidade relatam aumento da autoestima e do sentimento de pertencimento. O programa também contribui para a diversidade no setor de tecnologia, com 68% dos participantes pretos e pardos, 40% mulheres e 14% LGBTQIA+.
Os resultados reforçam o compromisso da Rede Cidadã com a transformação social por meio da tecnologia, ao criar pontes entre a formação e o mercado de trabalho, reduzir desigualdades e fortalecer o ecossistema de inovação do Recife. O Start demonstra que inclusão e inovação caminham juntas, formando uma nova geração de profissionais que unem conhecimento técnico, propósito e impacto positivo na sociedade. Estou colocando o link do drive com evidências de depoimentos. https://drive.google.com/drive/folders/1Oj8rH4UrM-eMgjfT4Goudq6SNKsssTfw?usp=sharing. Apresentação do Programa Start no ENAP- https://www.youtube.com/watch?v=WOUoHoOYQJE","O Programa Start foi desenhado para ser replicável e escalável, com uma metodologia flexível que integra formação tecnológica, desenvolvimento humano e empregabilidade. Essa estrutura permite sua adaptação a diferentes contextos e públicos, mantendo o mesmo foco na transformação social por meio da tecnologia.
Atualmente, o Start é implementado em algumas cidades brasileiras (Salvador, São Paulo, Belo Horizonte), com resultados consistentes em empregabilidade, inclusão e inovação. A metodologia é baseada em módulos independentes de aprendizado, o que facilita a personalização das trilhas formativas conforme as demandas de cada território e a disponibilidade de parceiros locais.
A escalabilidade também se deve à adoção de plataformas digitais, que ampliam o alcance e reduzem custos, permitindo a formação de turmas presenciais, híbridas e remotas. O modelo conta ainda com monitores e egressos que atuam como multiplicadores, fortalecendo a sustentabilidade e garantindo a continuidade das ações em diferentes comunidades.
O Start possui capacidade comprovada de ser incorporado por políticas públicas voltadas à juventude, inovação e empregabilidade. Sua abordagem de inovação social e tecnológica gera resultados mensuráveis, podendo ser expandida em parceria com o setor privado, governos e instituições educacionais.
Com 12 anos de trajetória, mais de 2.000 jovens impactados e 70% de empregabilidade, o programa demonstra potencial para escala nacional e internacional, consolidando-se como modelo de formação tecnológica inclusiva e de transformação social, capaz de inspirar novas práticas e fortalecer o ecossistema de inovação em diferentes territórios."
"","Inovação Científica","sim","Pesquisa & Extensão Inovadora","O projeto desenvolvido pela Liga Acadêmica da Clínica Escola de Enfermagem da UNIFBV Wyden (Recife/PE) foi concebido para enfrentar um desafio público crítico: o acesso limitado de mulheres em situação de vulnerabilidade social a cuidados de saúde sexual e reprodutiva. Em muitas comunidades, barreiras socioeconômicas, falta de informação e estigmatização dificultam que mulheres recebam orientação adequada sobre métodos contraceptivos, prevenção de infecções sexualmente transmissíveis (ISTs), planejamento familiar e cuidados durante a gestação. Dados do Ministério da Saúde indicam que mulheres em áreas periféricas apresentam taxas mais altas de gravidez na adolescência, infecções sexualmente transmissíveis e complicações relacionadas à saúde reprodutiva, demonstrando a urgência de intervenções direcionadas e integradas.  A dor central endereçada pelo projeto é justamente a lacuna entre o conhecimento teórico e a prática efetiva de cuidado em saúde sexual e reprodutiva, tanto na perspectiva da população atendida quanto na formação acadêmica dos estudantes de enfermagem. Muitos profissionais em formação não têm experiências práticas suficientes que articulem teoria e realidade social, enquanto as mulheres em vulnerabilidade social encontram barreiras para acessar serviços de qualidade. A iniciativa da Liga Acadêmica atua simultaneamente em ambas as frentes, promovendo a integração ensino-serviço e fortalecendo o cuidado centrado nas mulheres. Os objetivos do projeto são claros e multidimensionais: (1) oferecer atenção direta em saúde sexual e reprodutiva para mulheres em situação de vulnerabilidade, com orientações individualizadas, exames preventivos e encaminhamentos quando necessários; (2) capacitar estudantes de enfermagem na aplicação prática de protocolos clínicos e estratégias educativas, promovendo a articulação entre conhecimento acadêmico e realidade comunitária; e (3) fomentar a promoção de saúde, prevenção de agravos e empoderamento feminino por meio da educação em saúde. O impacto esperado é tanto imediato quanto de longo prazo. No curto prazo, o projeto garante que mulheres atendidas recebam cuidado integral, informações seguras e suporte emocional, contribuindo para redução de riscos à saúde sexual e reprodutiva. No médio e longo prazo, a integração ensino-serviço fortalece a formação de profissionais de enfermagem mais preparados, sensíveis às desigualdades sociais e capazes de desenvolver estratégias inovadoras de cuidado comunitário. Além disso, ao engajar mulheres na compreensão e protagonismo sobre sua própria saúde, o projeto contribui para o empoderamento feminino, redução de desigualdades e promoção de direitos de saúde sexual e reprodutiva. A evidência do sucesso dessa abordagem está nos resultados observados durante as atividades: aumento do número de atendimentos qualificados, maior adesão das mulheres às orientações fornecidas, fortalecimento das habilidades clínicas e comunicativas dos estudantes, e relatos de satisfação e confiança por parte da população atendida. Esse modelo evidencia que a integração ensino-serviço não apenas enriquece a formação acadêmica, mas também produz impactos sociais tangíveis, endereçando diretamente o desafio público de garantir saúde sexual e reprodutiva de qualidade para mulheres em situação de vulnerabilidade.","A iniciativa da Liga Acadêmica na Clínica Escola de Enfermagem gerou resultados significativos tanto para o público atendido quanto para os estudantes envolvidos, evidenciando o impacto da integração ensino-serviço na saúde sexual e reprodutiva de mulheres em situação de vulnerabilidade. Foram realizados[b] mais de 150 atendimentos clínicos[/b] em um período de seis meses, incluindo consultas, exames preventivos, orientações contraceptivas e acompanhamento individualizado. Cerca de [b][i]85% das mulheres atendidas relataram aumento no conhecimento sobre saúde sexual e reprodutiva, prevenção de infecções sexualmente transmissíveis e métodos contraceptivos[/i][/b], conforme avaliação pré e pós-atendimento, e[b][i] 90% receberam encaminhamentos adequados quando necessário[/i][/b], garantindo continuidade do cuidado. Para os estudantes, todos relataram aprimoramento em habilidades clínicas, comunicação e educação em saúde, além de maior compreensão sobre os determinantes sociais da saúde feminina. As evidências qualitativas reforçam esses impactos: relatos das mulheres atendidas destacaram a importância da abordagem humanizada, da escuta ativa e da informação clara e acessível, com muitas mencionando sentir-se mais confiantes para tomar decisões sobre sua saúde reprodutiva e buscar serviços de saúde regularmente. Estudantes evidenciaram crescimento em competências de cuidado centrado no paciente, empatia e capacidade de articular teoria e prática, ressaltando o valor da experiência na formação profissional. A interação com a comunidade também fortaleceu vínculos de confiança, evidenciando que a integração ensino-serviço contribui para a percepção de cuidado contínuo e de qualidade. Entre os ganhos concretos para o público-alvo, destacam-se a melhoria no acesso a cuidados de saúde sexual e reprodutiva de qualidade, o aumento da autonomia e empoderamento das mulheres atendidas e a redução do risco de complicações relacionadas à saúde reprodutiva, especialmente em populações vulneráveis. Para o setor de atuação, o projeto consolidou um modelo replicável de integração ensino-serviço, fortalecendo a formação de futuros profissionais de enfermagem, promoveu inovação educacional conectando prática clínica à teoria e contribuiu para políticas locais de saúde ao fornecer dados e evidências que podem orientar estratégias de cuidado feminino em áreas vulneráveis. Em síntese, a iniciativa gerou impactos mensuráveis e transformadores, beneficiando diretamente mulheres em vulnerabilidade social, aprimorando a formação acadêmica e consolidando a Clínica Escola de Enfermagem como referência em cuidado integral e inovador em saúde sexual e reprodutiva.","Apresenta alto potencial de replicabilidade e escala, devido à sua estrutura baseada na integração ensino-serviço e em protocolos de cuidado claros, adaptáveis a diferentes contextos e populações. O modelo desenvolvido combina educação acadêmica prática com atendimento direto à comunidade, permitindo que estudantes de enfermagem adquiram competências clínicas e sociais enquanto promovem cuidado integral a mulheres em situação de vulnerabilidade. Essa abordagem pode ser facilmente implementada em outras clínicas-escola, faculdades ou unidades de atenção primária à saúde, independentemente do porte ou da localização do serviço, desde que haja engajamento institucional e parcerias com a comunidade local. A adaptabilidade da iniciativa é reforçada pela flexibilidade dos protocolos utilizados, que permitem ajustes conforme as necessidades específicas de cada território, perfil sociodemográfico e demandas de saúde da população feminina atendida. Ferramentas educativas, materiais de orientação e estratégias de acolhimento desenvolvidas pelo projeto podem ser reproduzidas em diferentes linguagens e formatos, incluindo oficinas comunitárias, grupos de apoio e atendimentos individuais. Além disso, a capacitação de estudantes e profissionais locais garante que o conhecimento e a prática se mantenham mesmo com a expansão para novos contextos, promovendo sustentabilidade e continuidade da iniciativa. O potencial de impacto de médio e longo prazo é significativo. Em médio prazo, a replicação do modelo pode ampliar o acesso a cuidados de saúde sexual e reprodutiva de qualidade, reduzir desigualdades e fortalecer o empoderamento feminino em diversas comunidades. Em longo prazo, a integração ensino-serviço contribui para a formação de profissionais de saúde mais preparados, sensíveis às vulnerabilidades sociais e capazes de implementar estratégias inovadoras de cuidado centrado na comunidade. A documentação sistemática das ações, indicadores de desempenho e relatos qualitativos fornecem evidências concretas que podem subsidiar a expansão do projeto em outras regiões, além de servir como referência para políticas públicas de saúde reprodutiva. Dessa forma, a iniciativa não apenas atende às necessidades locais, mas se configura como um modelo escalável, capaz de ser adaptado e reproduzido em diferentes contextos, promovendo transformação social e qualificação da formação acadêmica em enfermagem de maneira consistente e sustentável. O enfoque em mulheres, integração ensino-serviço e inovação educacional reforça a relevância do projeto como estratégia de saúde pública replicável e com impacto duradouro em múltiplos territórios."
"sim","","","Pesquisa & Extensão Inovadora","O Circuito Digital da Poesia é uma iniciativa que une Realidade Aumentada (RA) e gamificação para revitalizar a relação entre os cidadãos e o patrimônio cultural do Recife. Desenvolvido no âmbito do doutorado em Engenharia de Software da CESAR School, o projeto responde ao desafio público de Pesquisa & Extensão Inovadora do Prêmio Recife de Inovação 2025, ao propor uma tecnologia que transforma as estátuas do Circuito da Poesia em experiências interativas e educativas.

A dor central identificada é a desconexão entre a população e os monumentos urbanos, frequentemente degradados, vandalizados e sem informação contextual. Em 2022, o vandalismo causou R$ 2,4 milhões de prejuízo aos cofres públicos (Folha PE, 2023), evidenciando o distanciamento da população do patrimônio cultural e a necessidade de estratégias de engajamento.

A solução propõe uma plataforma web interativa que permite apontar o celular para as esculturas e assistir a poetas e artistas, como Ascenso Ferreira e Antônio Maria, declamando suas obras em 3D animado, com som, narração e elementos lúdicos. A experiência inclui trilhas narrativas, recompensas e geolocalização, integrando arte, tecnologia e cidadania digital.

Os objetivos são promover o acesso inclusivo à cultura, fortalecer a identidade local e estimular o turismo criativo por meio de novas práticas educativas e imersivas. Testes realizados in loco mostraram aumento da interação e da percepção de valor simbólico das estátuas.

O impacto esperado inclui o fortalecimento da educação patrimonial, a democratização tecnológica, a valorização da cultura pernambucana e o apoio ao ODS 11 da ONU (Cidades Sustentáveis e Inclusivas). O Circuito Digital da Poesia demonstra que é possível unir ciência, arte e tecnologia para transformar o espaço urbano em um território vivo de aprendizado, memória e inovação social.","O Circuito Digital da Poesia apresentou resultados sólidos e comprovados ao integrar Engenharia de Software, cultura e inovação social em um mesmo ecossistema. Aplicando o método Design Science Research, o projeto passou por dois ciclos de desenvolvimento, com prototipagem, testes e validação de usabilidade realizados in loco junto às estátuas de Ascenso Ferreira e Antônio Maria, no Bairro do Recife.

Na primeira etapa de avaliação, o sistema alcançou 88 pontos na Escala SUS (System Usability Scale), classificação “excelente”. Após ajustes na interface, desempenho e interatividade, baseados nas observações e entrevistas dos usuários, a segunda rodada de testes obteve 95,5 pontos na mesma escala, indicando nível de excelência superior e forte aceitação do público

Além dos dados quantitativos, as evidências qualitativas revelaram alto engajamento emocional e simbólico: usuários relataram sensação de “reencontro com os poetas”, “pertencimento ao espaço urbano” e “orgulho da cultura local”. O uso da Realidade Aumentada (RA) foi identificado como fator determinante para estimular curiosidade, aprendizado e afetividade.

Entre os ganhos concretos destacam-se:

[ml][ul][li indent=0 align=left]Aproximação entre público e patrimônio urbano, revertendo o desinteresse e fortalecendo o cuidado com os monumentos.[/li][/ul][/ml]
[ml][ul][li indent=0 align=left]Acesso ampliado à cultura digital, via plataforma leve e acessível por navegador.[/li][/ul][/ml]
[ml][ul][li indent=0 align=left]Modelo replicável para outras cidades e rotas culturais.[/li][/ul][/ml]
[ml][ul][li indent=0 align=left]Contribuição direta ao ODS 11 da ONU, promovendo cidades mais inclusivas e conectadas à sua memória.[/li][/ul][/ml]
O projeto comprovou, com evidências quantitativas e qualitativas, que a tecnologia pode transformar o espaço urbano em um território vivo de aprendizado, identidade e inovação social.","O Circuito Digital da Poesia apresenta alta capacidade de expansão e adaptação, comprovada por sua arquitetura tecnológica, metodologia replicável e resultados de usabilidade. Desenvolvido com tecnologias web abertas (AR.js, Three.js e Angular), o sistema pode ser executado em qualquer navegador, sem necessidade de aplicativos ou infraestrutura complexa, o que reduz custos e facilita sua aplicação em novos territórios e contextos culturais

O uso de fotogrametria e sensores LiDAR para digitalização 3D das estátuas criou uma metodologia técnica escalável: basta escanear e integrar novas narrativas para replicar o modelo em outras cidades, escolas ou circuitos culturais. Essa estrutura modular permite incorporar diferentes personagens, poetas ou manifestações artísticas, valorizando identidades locais e regionais

Os resultados empíricos reforçam essa adaptabilidade. O projeto passou por dois ciclos de testes de usabilidade, evoluindo de 88,6 para 95,5 pontos na Escala SUS, o que indica excelente aceitação e experiência do usuário. A interface acessível, as trilhas narrativas e a gamificação tornam a solução adequada a diversos públicos, de estudantes a turistas, promovendo educação patrimonial, letramento digital e turismo cultural

Em médio e longo prazo, o sistema pode integrar-se a políticas públicas de cidades criativas e turismo inteligente, além de expandir-se para outros circuitos, como o do Frevo, do Samba ou do Manguebeat, consolidando um ecossistema digital de valorização da memória urbana.

Assim, o Circuito Digital da Poesia comprova potencial de replicabilidade, impacto e sustentabilidade, conectando inovação tecnológica, cultura e cidadania em um modelo vivo de extensão acadêmica e transformação urbana."
"","Inovação Científica","sim","Pesquisa & Extensão Inovadora","O Circuito Digital da Poesia é uma iniciativa que une Realidade Aumentada (RA) e gamificação para revitalizar a relação entre os cidadãos e o patrimônio cultural do Recife. Desenvolvido no âmbito do doutorado em Engenharia de Software da CESAR School, o projeto responde ao desafio público de Pesquisa & Extensão Inovadora do Prêmio Recife de Inovação 2025, ao propor uma tecnologia que transforma as estátuas do Circuito da Poesia em experiências interativas e educativas.

A dor central identificada é a desconexão entre a população e os monumentos urbanos, frequentemente degradados, vandalizados e sem informação contextual. Em 2022, o vandalismo causou R$ 2,4 milhões de prejuízo aos cofres públicos (Folha PE, 2023), evidenciando o distanciamento da população do patrimônio cultural e a necessidade de estratégias de engajamento.

A solução propõe uma plataforma web interativa que permite apontar o celular para as esculturas e assistir a poetas e artistas, como Ascenso Ferreira e Antônio Maria, declamando suas obras em 3D animado, com som, narração e elementos lúdicos. A experiência inclui trilhas narrativas, recompensas e geolocalização, integrando arte, tecnologia e cidadania digital.

Os objetivos são promover o acesso inclusivo à cultura, fortalecer a identidade local e estimular o turismo criativo por meio de novas práticas educativas e imersivas. Testes realizados in loco mostraram aumento da interação e da percepção de valor simbólico das estátuas.

O impacto esperado inclui o fortalecimento da educação patrimonial, a democratização tecnológica, a valorização da cultura pernambucana e o apoio ao ODS 11 da ONU (Cidades Sustentáveis e Inclusivas). O Circuito Digital da Poesia demonstra que é possível unir ciência, arte e tecnologia para transformar o espaço urbano em um território vivo de aprendizado, memória e inovação social.","O Circuito Digital da Poesia apresentou resultados sólidos e comprovados ao integrar Engenharia de Software, cultura e inovação social em um mesmo ecossistema. Aplicando o método Design Science Research, o projeto passou por dois ciclos de desenvolvimento, com prototipagem, testes e validação de usabilidade realizados in loco junto às estátuas de Ascenso Ferreira e Antônio Maria, no Bairro do Recife.

Na primeira etapa de avaliação, o sistema alcançou 88 pontos na Escala SUS (System Usability Scale), classificação “excelente”. Após ajustes na interface, desempenho e interatividade, baseados nas observações e entrevistas dos usuários, a segunda rodada de testes obteve 95,5 pontos na mesma escala, indicando nível de excelência superior e forte aceitação do público

Além dos dados quantitativos, as evidências qualitativas revelaram alto engajamento emocional e simbólico: usuários relataram sensação de “reencontro com os poetas”, “pertencimento ao espaço urbano” e “orgulho da cultura local”. O uso da Realidade Aumentada (RA) foi identificado como fator determinante para estimular curiosidade, aprendizado e afetividade.

Entre os ganhos concretos destacam-se:

[ml][ul][li indent=0 align=left]Aproximação entre público e patrimônio urbano, revertendo o desinteresse e fortalecendo o cuidado com os monumentos.[/li][/ul][/ml]
[ml][ul][li indent=0 align=left]Acesso ampliado à cultura digital, via plataforma leve e acessível por navegador.[/li][/ul][/ml]
[ml][ul][li indent=0 align=left]Modelo replicável para outras cidades e rotas culturais.[/li][/ul][/ml]
[ml][ul][li indent=0 align=left]Contribuição direta ao ODS 11 da ONU, promovendo cidades mais inclusivas e conectadas à sua memória.[/li][/ul][/ml]
O projeto comprovou, com evidências quantitativas e qualitativas, que a tecnologia pode transformar o espaço urbano em um território vivo de aprendizado, identidade e inovação social.","O Circuito Digital da Poesia apresenta alta capacidade de expansão e adaptação, comprovada por sua arquitetura tecnológica, metodologia replicável e resultados de usabilidade. Desenvolvido com tecnologias web abertas (AR.js, Three.js e Angular), o sistema pode ser executado em qualquer navegador, sem necessidade de aplicativos ou infraestrutura complexa, o que reduz custos e facilita sua aplicação em novos territórios e contextos culturais

O uso de fotogrametria e sensores LiDAR para digitalização 3D das estátuas criou uma metodologia técnica escalável: basta escanear e integrar novas narrativas para replicar o modelo em outras cidades, escolas ou circuitos culturais. Essa estrutura modular permite incorporar diferentes personagens, poetas ou manifestações artísticas, valorizando identidades locais e regionais

Os resultados empíricos reforçam essa adaptabilidade. O projeto passou por dois ciclos de testes de usabilidade, evoluindo de 88 para 95,5 pontos na Escala SUS, o que indica excelente aceitação e experiência do usuário. A interface acessível, as trilhas narrativas e a gamificação tornam a solução adequada a diversos públicos, de estudantes a turistas, promovendo educação patrimonial, letramento digital e turismo cultural

Em médio e longo prazo, o sistema pode integrar-se a políticas públicas de cidades criativas e turismo inteligente, além de expandir-se para outros circuitos, como o do Frevo, do Samba ou do Manguebeat, consolidando um ecossistema digital de valorização da memória urbana.

Assim, o Circuito Digital da Poesia comprova potencial de replicabilidade, impacto e sustentabilidade, conectando inovação tecnológica, cultura e cidadania em um modelo vivo de extensão acadêmica e transformação urbana."
"","Inovação Social","sim","Empreendedorismo Social","O Projeto Aconchego nasceu no bairro de Santo Amaro Recife/PE como uma ação social voltada ao acolhimento e fortalecimento de gestantes em situação de vulnerabilidade. A iniciativa surgiu da percepção de uma lacuna no cuidado integral à gestante, que muitas vezes enfrenta a gravidez sem acesso a informações, apoio emocional ou recursos básicos para o bebê. O projeto atua em quatro frentes principais: educação, acolhimento, saúde e solidariedade. Por meio de encontros temáticos, rodas de conversa com profissionais voluntários, oficinas de autocuidado e doação de enxovais, o Aconchego promove informação, autoestima e pertencimento. O objetivo é reduzir desigualdades no ciclo gestacional, prevenindo riscos físicos e emocionais e fortalecendo o vínculo entre mãe e bebê. O impacto esperado é a formação de uma rede de apoio local e a transformação da experiência da maternidade promovendo gestantes mais seguras, saudáveis e empoderadas.","Desde sua criação, o Projeto Aconchego já acolheu mais de 50 gestantes, oferecendo encontros presenciais, doações de kits maternidade e ações comunitárias com apoio de voluntários e parceiros locais.
 Os resultados observados incluem:
·        100% das participantes relataram aumento do sentimento de acolhimento e segurança emocional;
·        Mais de 50 kits de enxoval e sessões de autocuidado entregues;
·        Parcerias consolidadas com moradores locais, lideranças comunitárias e projetos parceiros (como o Tacaruna Social do Shopping Tacaruna);
·        Crescimento contínuo da rede de voluntários e ampliação do engajamento digital.
 Além dos dados quantitativos, o impacto qualitativo é evidenciado pelos relatos das gestantes, que expressam gratidão, fortalecimento emocional e mudança na percepção sobre o parto e a maternidade.","O formato do Projeto Aconchego é simples, colaborativo e de baixo custo, o que permite sua replicação em qualquer território. A metodologia baseia-se em voluntariado, parcerias locais e doações podendo ser adaptada por escolas, igrejas, ONGs ou coletivos.
O modelo pode ser ampliado através de núcleos regionais, formação de multiplicadores e parcerias com o SUS ou secretarias municipais de saúde e assistência social. O impacto de médio e longo prazo está na criação de uma cultura de cuidado comunitário e fortalecimento de políticas públicas voltadas à primeira infância e à saúde materna."
"","Inovação Social","sim","Letramento Digital","O projeto “Trilha de Desenvolvimento da Pessoa Idosa: Letramento Digital e Envelhecimento Ativo” responde diretamente à lacuna de inclusão digital que atinge a população idosa da cidade do Recife.  Em Pernambuco, o percentual de pessoas com 60 anos ou mais que utilizavam a internet saltou de 16,3 % em 2016 para 51,3 % em 2022. Essa realidade mostra que, embora o acesso tenha crescido, uma parte relevante dos idosos permanece vulnerável às transformações digitais, o que compromete o exercício da cidadania, acesso a serviços públicos e a autonomia no cotidiano.
A dor central reside na exclusão digital da pessoa idosa: dificuldade em manusear dispositivos, usar serviços digitais, se comunicar por aplicativos e proteger-se de fraudes online. Este gap acentua-se em contextos de desigualdade social, onde infraestrutura, letramento e suporte familiar são mais frágeis.
Nosso objetivo é capacitar pessoas com 60 anos ou mais, em situação de vulnerabilidade, por meio de oficinas práticas de letramento digital adaptada, incluindo uso de e-mail, aplicativos de mensagens, redes sociais, plataformas do governo (gov.br, Conecta Recife) e segurança digital, fortalecendo a autonomia, a autoestima e a participação social desse público.
O impacto esperado compreende: (1) aumento da proficiência digital dos participantes, (2) maior acesso e utilização de serviços públicos online, (3) redução do isolamento social e (4) fortalecimento da cidadania digital entre os idosos. Ao conectar a pessoa idosa ao mundo digital, a iniciativa contribui para a inclusão, equidade e envelhecimento ativo, alinhando-se às políticas municipais de transformação digital e direitos humanos.","A iniciativa “Trilha de Desenvolvimento da Pessoa Idosa: Letramento Digital e Envelhecimento Ativo” está em andamento no município do Recife desde agosto de 2025 e vem apresentando resultados muito positivos na inclusão digital e social de 34 pessoas idosas em situação de vulnerabilidade. O projeto surgiu da necessidade de enfrentar a exclusão digital que ainda limita o acesso de grande parte da população idosa aos serviços públicos e às novas formas de convivência mediadas pela tecnologia. Em Pernambuco, apenas 51,3% das pessoas com 60 anos ou mais utilizam a internet (Movimento Econômico, 2023), o que reforça a importância de ações que democratizem o uso das ferramentas digitais.
Durante a execução, estão sendo ofertadas oficinas práticas de letramento digital e socioemocional, com foco em temas como uso de e-mail, aplicativos de comunicação, redes sociais, GOV.BR, Meu INSS e segurança digital. As atividades são adaptadas à realidade e às capacidades cognitivas das pessoas idosas, promovendo aprendizado acessível, autonomia e fortalecimento da autoestima. As formações têm carga horária de 80 horas, distribuídas em encontros presenciais que integram aspectos técnicos e humanos.
Os indicadores de desempenho observados até o momento apontam resultados concretos: aumento significativo na confiança e autonomia digital dos participantes, melhoria na frequência e engajamento nas atividades e maior capacidade para utilizar serviços públicos online. Nas avaliações qualitativas, os participantes relatam sentir-se “mais independentes”, “mais conectados com a família” e “mais seguros para usar o celular e a internet”.
O projeto vem proporcionando ganhos diretos para a qualidade de vida dos idosos, ampliando seu acesso à cidadania e fortalecendo o vínculo entre tecnologia, dignidade e envelhecimento ativo. A “Trilha de Desenvolvimento da Pessoa Idosa” reafirma o compromisso da Rede Cidadã com a promoção da inclusão social e a valorização da pessoa idosa como sujeito de direitos, capaz de aprender, ensinar e se reinventar em qualquer etapa da vida. https://drive.google.com/drive/folders/1Ln7q5Z159TyHEahNPqmA2Mi62tnVl5mt?usp=sharing","A iniciativa “Trilha de Desenvolvimento da Pessoa Idosa: Letramento Digital e Envelhecimento Ativo” possui alta capacidade de expansão e replicabilidade, pois foi concebida a partir de uma metodologia flexível, validada em contextos diversos e adaptável a diferentes realidades socioculturais. O formato modular das oficinas, que combina desenvolvimento socioemocional, letramento digital e práticas de cidadania, permite que o conteúdo seja ajustado conforme o perfil do público, os recursos tecnológicos disponíveis e as demandas locais.
A experiência de execução no Recife tem demonstrado que o modelo pode ser facilmente replicado em outros territórios urbanos e rurais, bastando adequar o ritmo das atividades, a infraestrutura e o nível de complexidade tecnológica. As oficinas são estruturadas para funcionarem tanto em espaços comunitários com equipamentos compartilhados quanto em ambientes institucionais, como CRAS, centros de convivência e escolas de educação permanente.
A capacitação dos facilitadores segue um roteiro padronizado e utiliza linguagem acessível, o que amplia o potencial de formação de novas turmas em diferentes municípios. Além disso, o uso de metodologias vivenciais e recursos de fácil aplicação (celulares, tablets e plataformas gratuitas) reduz custos operacionais e garante sustentabilidade e viabilidade financeira da expansão.
Em médio e longo prazo, o impacto esperado é a criação de uma rede de letramento digital para pessoas idosas, articulando sociedade civil, poder público e instituições comunitárias na promoção do envelhecimento ativo. A proposta contribui para consolidar políticas públicas voltadas à inclusão digital e cidadania sênior, favorecendo a construção de cidades mais justas, acessíveis e conectadas.
A replicação da “Trilha de Desenvolvimento da Pessoa Idosa” em outros territórios representa, portanto, uma oportunidade concreta de ampliar o alcance da transformação já observada no Recife, fortalecendo o protagonismo, a autonomia e o direito de todas as pessoas a participarem plenamente da vida digital."
"sim","","","Startup Ascenção","teste","teste","teste"
"","Startup Inovadora","sim","Startup conectada com a cidade","O Polpanet é uma plataforma digital incubada no Instituto de Tecnologia de Pernambuco – ITEP (Programa INCUBATEP), criada para enfrentar uma das principais dores estruturais da cidade do Recife: a falta de integração e transparência na cadeia de abastecimento de frutas e derivados, que gera desperdício, elevação de custos e perda de competitividade das agroindústrias locais.
 Atualmente, estima-se que até 30% das frutas perecíveis não cheguem ao consumo final devido à desarticulação entre campo, indústria e comércio urbano. Essa ineficiência impacta o CEASA-PE, cooperativas e pequenas fábricas da Região Metropolitana, que enfrentam dificuldade para prever oferta, preços e qualidade das matérias-primas.
O Polpanet foi desenvolvido para digitalizar e conectar toda essa cadeia produtiva, criando um ecossistema de oferta, demanda e rastreabilidade em tempo real. A solução reúne produtores rurais, agroindústrias, distribuidores e compradores em um ambiente online que permite negociar, monitorar e planejar com base em dados inteligentes e indicadores territoriais.
 Por meio de módulos de marketplace, rastreabilidade e painel analítico de preços, o Polpanet fornece transparência de informações, reduz perdas logísticas e fortalece a segurança alimentar urbana.
Desde sua fase piloto, a plataforma já integra mais de 40 agroindústrias e 50 produtores da Região Metropolitana do Recife, consolidando um banco de dados inédito sobre produção, sazonalidade e fluxos de comercialização. Estudos indicam potencial de redução de até 20% nas perdas de transporte e armazenagem em operações assistidas, além de ganhos de previsibilidade e valorização dos produtos regionais.
Com base em tecnologia própria e validação em ambiente público de inovação, o Polpanet busca transformar o Recife em referência nacional em inteligência agroindustrial urbana, conectando ciência, tecnologia e sustentabilidade em benefício direto da economia local e da população recifense.
","O Polpanet busca se tornar uma das principais plataformas digitais de integração da cadeia de frutas e derivados do Nordeste, com resultados concretos em eficiência logística, inclusão produtiva e inteligência de mercado.
 Desde o início da incubação no Instituto de Tecnologia de Pernambuco – ITEP (Programa INCUBATEP), o projeto vem sendo acompanhado por métricas técnicas de desempenho, alcançando marcos quantitativos e qualitativos expressivos.
Atualmente, o sistema reúne 92 participantes ativos, sendo 40 agroindústrias, 50 produtores rurais e 1 centrais de distribuição localizadas no Recife. O banco de dados operacional já conta com mais de 450 registros de transações simuladas e reais, envolvendo um volume médio de 260 toneladas mensais de frutas e polpas monitoradas.
 Essas informações serão tratadas e convertidas em indicadores de preço e disponibilidade, permitindo a criação de um Índice de Referência Regional (IRR-Polpanet) para produtos como acerola, manga, caju, goiaba e maracujá.
A aplicação piloto em parceria com agroindústrias locais e o CEASA-PE deve gerar uma redução média de 18% nas perdas logísticas, ganho de 12% na previsibilidade de abastecimento e aumento de 9% na margem média dos pequenos produtores envolvidos. Além disso, a plataforma contribuirá para o encurtamento de 25% no tempo médio de negociação entre produtores e indústrias, e para o mapeamento inédito da rastreabilidade produtiva em 5 cadeias frutícolas regionais.
Em termos qualitativos, o Polpanet fortalece a cooperação entre empresas, produtores e instituições públicas, promovendo a transição de um modelo fragmentado para um ecossistema colaborativo de dados e negócios. O projeto também gera benefícios diretos à cidade do Recife, ao reduzir desperdício de alimentos, ampliar o uso de dados para gestão da cadeia de suprimentos e estimular uma nova cultura de inovação no setor de alimentos.
Com esses resultados, o Polpanet demonstra viabilidade técnica, impacto mensurável e relevância social, consolidando-se como uma referência de inovação conectada ao território e à economia real do Recife.","O Polpanet foi concebido desde sua origem no ITEP/INCUBATEP como uma plataforma modular, replicável e escalável, desenhada para integrar diferentes segmentos agroindustriais e contextos territoriais. Seu modelo combina tecnologia aberta, governança colaborativa e arquitetura de dados parametrizável, permitindo adaptação rápida a outros produtos, regiões e cadeias produtivas — sempre com foco em rastreabilidade, transparência e eficiência.
A solução já demonstra capacidade de expansão territorial e institucional. Após validação no Recife e Região Metropolitana, onde atua junto a mais de 40 agroindústrias e 50 produtores, vamos replicar em polos frutícolas de Garanhuns, Petrolina e Caruaru, em parceria com entidades como SINDDOCES, SEBRAE e FIEPE.
 O mesmo modelo pode ser aplicado a outros setores — como pescado, laticínios, grãos e bioprodutos — com apenas ajustes de nomenclatura e estrutura de dados, sem necessidade de reformulação tecnológica. Essa versatilidade operacional é o principal indicador da escalabilidade do Polpanet.
O impacto de médio prazo está centrado na criação de um ecossistema digital de comercialização e rastreabilidade regional, capaz de conectar milhares de pequenos produtores e indústrias sob uma lógica de mercado transparente e sustentável. Em longo prazo, o Polpanet pretende se consolidar como infraestrutura pública de dados agroindustriais, operando em sinergia com órgãos como CEASA-PE, ADEPE e MAPA, e servindo de modelo exportável para outros estados e países com estrutura agroindustrial semelhante.
A replicabilidade do Polpanet não é apenas tecnológica, mas socioeconômica e institucional: forma redes, fortalece cadeias produtivas e cria inteligência territorial. Isso garante sustentabilidade, continuidade e impacto crescente, transformando o Recife em referência de inovação aberta e digitalização do setor de alimentos no Brasil."
"","Inovação Científica","sim","Instituição de Pesquisa/Extensão Inovadora","[justify]	O Rede Inova é uma iniciativa de inovação científica e social coordenada pelo Hospital das Clínicas da UFPE/Ebserh, em cooperação com o HU-UNIVASF, UNIVASF, Instituto Internacional Despertando Vocações (IIDV), Associação Petrolinense de Atletismo (APA) e Biotech Consultoria, firmada por meio do Acordo de Cooperação Técnica SEI nº 2/2024. A proposta endereça diretamente o desafio público da falta de acesso equitativo à reabilitação e às tecnologias assistivas no SUS, sobretudo em regiões com vazios assistenciais, como o semiárido pernambucano e a Região Metropolitana do Recife.[/justify]
[justify]	O Brasil possui 18,6 milhões de pessoas com deficiência (8,9% da população); em Pernambuco, são 949 mil (10,1%), com maior concentração em áreas vulneráveis. Apesar dessa demanda, a oferta de serviços de protetização e reabilitação é restrita e centralizada, o que limita a autonomia e o retorno funcional de milhares de pessoas. Essa é a dor central que o Rede Inova enfrenta ao substituir processos caros e industrializados por soluções digitais personalizadas, sustentáveis e de baixo custo, baseadas em manufatura aditiva (impressão 3D).[/justify]
[justify]	O projeto desenvolve órteses, próteses e dispositivos assistivos customizados para pacientes em reabilitação do HC-UFPE e HU-UNIVASF, bem como para atletas da APA, enfatizando o caráter inovador das peças, muitas das quais não possuem equivalentes no mercado e apresentam alto potencial de registro de propriedade intelectual. Essas soluções são desenvolvidas a partir das necessidades clínicas identificadas e da expertise conjunta dos terapeutas ocupacionais e engenheiros mecânicos, que co-criam dispositivos assistivos originais e personalizados, integrando engenharia, saúde e design em um modelo colaborativo. A iniciativa promove autonomia funcional, reintegração social e melhoria da qualidade de vida, por meio do acesso gratuito a tecnologias assistivas de alta precisão e baixo custo.[/justify]
[justify]	O Rede Inova atua em três dimensões interdependentes: assistencial, ao oferecer dispositivos personalizados e acompanhamento multiprofissional em reabilitação; formativa, ao capacitar profissionais, residentes e estudantes em inovação tecnológica aplicada à saúde; e científica, ao gerar dados, artigos e produtos com potencial de propriedade intelectual e transferência tecnológica.[/justify]
[justify]	O projeto consolida um modelo inédito de cooperação interinstitucional, integrando hospitais universitários, universidades, sociedade civil e empresas de base tecnológica para reduzir desigualdades de acesso à reabilitação tanto no interior quanto na capital. O Rede Inova transforma o hospital universitário em laboratório vivo de inovação social, aproximando ciência e comunidade e posicionando o Recife como polo de referência nacional em tecnologia assistiva e manufatura aditiva na saúde pública.[/justify]","[justify]	O Rede Inova consolidou uma estrutura interinstitucional que uniu engenharia, saúde e inovação social, com resultados concretos tanto científicos quanto assistenciais. Entre os principais avanços estão a construção e validação de instrumentos de avaliação mecânica e de usabilidade, desenvolvidos conjuntamente pela Engenharia Mecânica e pelos profissionais de Fisioterapia e Terapia Ocupacional, permitindo padronizar o processo de teste e validação clínica de tecnologias assistivas.[/justify]
[justify]	Atualmente, foram desenvolvidos cinco modelos escaláveis de órteses 3D com potencial de reprodutibilidade e dois modelos personalizados, já validados e em produção/utilização pelos pacientes. Outros modelos encontram-se em fase de construção e validação, conforme as demandas específicas dos ambulatórios vinculados ao projeto, todos adaptados à anatomia e às necessidades funcionais dos pacientes e atletas acompanhados. A confecção e validação clínica envolveram a avaliação multiprofissional de pacientes com deficiência física em reabilitação nos ambulatórios do HC-UFPE e HU-UNIVASF, ampliando o acesso a soluções tecnológicas de baixo custo e alta precisão.[/justify]
[justify]	Em termos de formação e capacitação, o projeto realizou minicursos interinstitucionais sobre modelagem 3D, manufatura aditiva e reabilitação funcional, capacitando profissionais, residentes, docentes e discentes das áreas de saúde e engenharia. Foram implementadas ações de teleconsulta interprofissional e de educação permanente, alinhadas às metas do plano de trabalho.[/justify]
[justify]	Entre os indicadores monitorados destacam-se: número de órteses e próteses entregues, atendimentos interprofissionais mensais, artigos e eventos científicos, minicursos e rodas de conversa interinstitucionais.[/justify]
[justify]	Além dos resultados técnicos, a iniciativa obteve ganhos sociais expressivos, com fortalecimento do SUS, interiorização da inovação científica e promoção da inclusão de pessoas com deficiência, impactando diretamente o semiárido pernambucano e a Região Metropolitana do Recife. A identidade visual e comunicação institucional do Rede Inova também foram consolidadas, ampliando sua visibilidade e reconhecimento no ecossistema de inovação em saúde.[/justify]
[justify][/justify]","[justify]	O Rede Inova foi concebido para ser replicável e escalável em diferentes contextos da rede pública de saúde, tanto em hospitais universitários quanto em serviços regionais de reabilitação. Sua metodologia, baseada em cooperação interinstitucional, uso de tecnologias acessíveis e integração multiprofissional, pode ser facilmente adaptada a outros territórios com diferentes níveis de infraestrutura.[/justify]
[justify]	O modelo combina laboratórios de manufatura aditiva (impressão 3D), capacitação de profissionais e validação clínica de dispositivos assistivos, utilizando softwares livres, impressoras de extrusão e polímeros de baixo custo, o que reduz barreiras econômicas e técnicas. Essa estrutura torna o projeto economicamente sustentável e de alta reprodutibilidade, permitindo que qualquer unidade hospitalar da Rede Ebserh ou rede municipal/estadual de saúde possa reproduzir o processo com suporte técnico mínimo.[/justify]
[justify]	A escalabilidade do Rede Inova está sustentada em quatro eixos: infraestrutura modular, que permite replicação progressiva de laboratórios de impressão 3D em saúde; capacitação contínua, com protocolos formativos que já estão sendo convertidos em módulos de ensino a distância; acervo digital compartilhado, contendo modelos 3D validados e prontos para reuso; e governança cooperativa, que articula academia, hospitais e sociedade civil em rede colaborativa.[/justify]
[justify]	Entre os objetivos estratégicos, destaca-se a criação de um repositório internacional de desenhos e modelos de órteses para impressão 3D, a ser disponibilizado em plataformas gratuitas de código aberto, ampliando o acesso a soluções assistivas e promovendo a ciência aberta e colaborativa.[/justify]
[justify]	A expansão já se iniciou com o intercâmbio entre o HC-UFPE e o HU-UNIVASF, com previsão de incluir outros hospitais da Rede Ebserh no Nordeste. No médio e longo prazo, o Rede Inova tende a consolidar-se como política pública replicável, com impacto direto na inclusão social, formação tecnológica e economia de recursos públicos, interiorizando a inovação científica e posicionando o Recife como referência nacional e internacional em tecnologia assistiva e manufatura aditiva aplicada à saúde pública.[/justify]"
"","Inovação Social","sim","Letramento Digital","O FAST - Formação Acelerada em Soluções de TechDesign é um programa de formação híbrida e gratuita que prepara jovens e profissionais de perfis sub-representados para os desafios mais atuais do setor de Tecnologia, buscando promover a inclusão e diversidade no ecossistema tecnológico ao formar pessoas em habilidades e competências digitais. Com mentorias técnicas presenciais realizadas no Recife e transmitidas para todo o país, o FAST busca proporcionar a aceleração e a transição de carreira em tecnologia por meio de trilhas de formação em ritmo acelerado, ofertando o contato com os conceitos, as práticas e as ferramentas necessárias para a pronta atuação profissional no mercado de TIC. Desenvolvido pelo CESAR em parceria com a Softex e o MCTI Futuro, o FAST nasceu com o desafio e a complexidade da oferta em grande escala, assegurando a acessibilidade geográfica, socioeconômica e pedagógica como motores para a inovação e transformação social. Com o objetivo de capacitar anualmente 6 mil estudantes e profissionais recém formados nas tecnologias emergentes mais demandadas pelo setor de TIC no presente e no futuro, o FAST não se limita ao conteúdo técnico: promove experiências práticas e colaborativas, mentorias socioemocionais e networking com empresas parceiras do ecossistema Porto Digital, fortalecendo a inserção de participantes no mercado de trabalho em maior crescimento e perspectivas de futuro no país. Seu processo seletivo com mecanismos bonificadores de inclusão de perfis minorizados no setor de TIC também o diferencia, garantindo diversidade, equidade e inclusão para aqueles que mais precisam das perspectivas de futuro da área digital. Isso amplia o impacto social e posiciona o FAST como modelo inovador de educação tecnológica e o torna, sobretudo, um projeto de esperança para a nossa transformação digital: uma nova forma de pensar educação, diversidade e inclusão em escala, do Recife para o Brasil e o mundo.","No FAST, transformação e inclusão não são apenas palavras, são ações. Desde o início do programa em 2023 ao seu ano de culminância e encerramento no final de 2025, por meio das nossas políticas afirmativas no processo seletivo e mecanismos bonificadores a perfis sub-representados no setor de tecnologia e em vulnerabilidade econômica, já foram mais de 40 mil inscrições nos processos seletivos anuais e chegamos ao perfil de pessoas participantes selecionadas: 50.3% mulheres, pessoas trans e não-binárias, 67.1% pessoas pretas e pardas, 47.9% pessoas LGBTQIAPN+, e 75.4% pessoas com renda familiar até 2 mil reais. São pessoas que ampliaram significativamente suas chances de empregabilidade, seja adquirindo letramento digital nas tecnologias emergentes mais demandadas para ingresso no mercado de tecnologia (FAST Transição de Carreiras), seja alcançando promoções e novos cargos neste setor (FAST Aceleração de Carreiras). Assim, seu impacto social se traduz em aumento de renda familiar, inclusão digital e diversidade no setor tecnológico. Histórias de estudantes revelam mudanças de vida: de profissionais que migraram de empregos informais para carreiras em TIC a mulheres que conquistaram espaço em áreas da tecnologia antes predominantemente masculinas. Mas a inovação social do FAST ao impactar de mais de 6.000 participantes anuais entre 2023 e 2025 não é apenas externa, com a diversidade também em nossa equipe técnica e pedagógica composta predominantemente por mulheres, pessoas trans, negras e indígenas, LGBTQIAPN+, 50+, com neurodivergência e PCD. Vivemos pessoalmente as barreiras de entrada e progresso no setor de TIC e temos, agora, o compromisso em abrir portas da Tecnologia e do Design para outras pessoas como nós.","Desde o início, o FAST foi desenhado como um programa escalável e replicável, em ciclos repetitivos com 1 ano de duração - sendo 6 meses de documentação e relatoria do ciclo anterior; atualização das tecnologias-tema, matrizes de design instrucional e materiais pedagógicos e organização do massivo processo seletivo; e mais 6 meses para a oferta de turmas das trilhas de aprendizagem em ritmo acelerado. O número de trilhas temáticas, turmas ofertadas e vagas por turma podem variar de acordo com a viabilidade técnica e suporte financeiro da entidade mantenedora do ciclo. Assim, com seu ambiente virtual de aprendizagem customizável, modalidade de ensino híbrido (presencial em Recife) e remoto síncrono gravado, materiais didáticos digitais para estudo assíncrono, processos de secretaria e suporte 100% remotos, e trilhas de aprendizagem com design instrucional padronizado, o FAST permite a replicação em diferentes contextos técnicos e financeiros, bem como aplicação atualizável para diversos tipos de tecnologias emergentes de hoje e do futuro. Ainda, assim como na parceria com o MCTI Futuro e a Softex que ampliou a rede de impacto e permitiu uma expansão nacional ainda maior, o FAST é escalável para diversos contextos, municípios ou estados: o programa já foi aplicado em diferentes regiões do país e tem potencial para alcançar ainda mais estudantes e influenciar políticas locais de Letramento digital e educação tecnológica."
"sim","","","Pesquisa & Extensão Inovadora","A iniciativa representa um marco na biotecnologia ambiental brasileira. O projeto resultou na criação do [i]Biogel[/i], uma solução inovadora, atóxica e biodegradável, formulada a partir de insumos naturais e biossurfactantes de alta performance. O produto foi concebido a partir da evolução tecnológica de um projeto de P&D, denominado [i]Biodetergente[/i], inicialmente voltado à limpeza de equipamentos e superfícies contaminadas por óleos e graxas em usinas termelétricas do Nordeste. A solução visa substituir dispersantes químicos convencionais, reconhecidamente tóxicos e carcinogênicos, encontrados em derramamentos ambientais com petróleo.
Durante o derramamento de óleo ocorrido na costa brasileira em 2019, o Biogel demonstrou elevada eficiência na remoção de petróleo em rochas, corais, manguezais e animais marinhos, sendo aplicado com sucesso em campo e amplamente reconhecido pela mídia nacional. Além da ação imediata na mitigação do impacto ambiental, o produto evidenciou segurança no manuseio, viabilidade econômica e potencial de produção em larga escala.
O desenvolvimento do Biogel e do Biodetergente integra uma estratégia de inovação sustentável, liderada por uma equipe de pesquisa com mais de duas décadas de experiência na produção de tensoativos ecológicos. Essa linha de produtos reflete o compromisso da ciência brasileira com a redução da poluição por petroderivados e com o fortalecimento da indústria verde nacional.
A tecnologia proposta alia ciência, responsabilidade social e sustentabilidade, consolidando um modelo replicável de resposta rápida a desastres ambientais e abrindo caminho para novas aplicações industriais, como limpeza ecológica de áreas contaminadas. Assim, o Biogel simboliza a transição para um futuro mais limpo, seguro e alinhado aos Objetivos do Desenvolvimento Sustentável (ODS).","A iniciativa gerou resultados expressivos, tanto em escala laboratorial quanto em campo, evidenciando o potencial transformador da biotecnologia ambiental no enfrentamento da poluição por petróleo. O Biogel, derivado do projeto de biodetergente para usinas termelétricas, apresentou desempenho superior aos dispersantes químicos convencionais, atingindo 100% de remoção do petróleo em superfícies rochosas, corais, manguezais e animais marinhos durante os testes realizados na costa pernambucana.
Ensaios ecotoxicológicos e de biodegradabilidade, conduzidos por laboratórios certificados (Ecolyzer/SP), comprovaram a atoxicidade e segurança ambiental do produto, além de sua estabilidade e facilidade de aplicação. O processo produtivo, baseado em insumos naturais e técnicas biotecnológicas sustentáveis, foi validado para produção em escala industrial de até 200.000 L/mês, garantindo viabilidade econômica e logística para pronta resposta em acidentes ambientais.
Do ponto de vista socioeconômico, o Biogel mobilizou pesquisadores, voluntários e instituições públicas e privadas, resultando na criação de uma rede de cooperação científica e cidadã. A tecnologia também contribuiu para reduzir custos operacionais em até 80% nas empresas parceiras, quando comparada a produtos químicos tradicionalmente utilizados na limpeza de equipamentos industriais.
Além dos impactos imediatos, o projeto consolidou uma plataforma nacional de inovação verde, abrindo novas frentes para o uso de biossurfactantes na indústria, na remediação ambiental e na formulação de produtos sustentáveis. O reconhecimento público e a ampla divulgação na mídia reforçaram o caráter inspirador da iniciativa, que demonstra a capacidade da ciência brasileira de gerar soluções de alto impacto ambiental, social e econômico, alinhadas aos Objetivos do Desenvolvimento Sustentável da ONU.
[b]Equipe envolvida no desenvolvimento do projeto[/b]
Leonie Asfora Sarubbo – Doutora em Química industrial – [url=http://lattes.cnpq.br/4691045388698504]http://lattes.cnpq.br/4691045388698504[/url]
Rita de Cássia Freire Soares da Silva – Doutorado em Biotecnologia - [url=http://lattes.cnpq.br/8889248398759796]http://lattes.cnpq.br/8889248398759796[/url]
Thais Cavalcante de Souza – Doutorado em Ciência de materiais - [url=http://lattes.cnpq.br/0084771728068291]http://lattes.cnpq.br/0084771728068291[/url]
Hugo Morais Meira – Mestrado em engenharia química - [url=http://lattes.cnpq.br/1924471499929178]http://lattes.cnpq.br/1924471499929178[/url]
Charles Bronzo Barbosa Farias – Doutorado em Biotecnologia - [url=http://lattes.cnpq.br/1579589544197466]http://lattes.cnpq.br/1579589544197466[/url]
Ivison Amaro da Silva – Doutorado em Biotecnologia - [url=http://lattes.cnpq.br/3052344954615205]http://lattes.cnpq.br/3052344954615205[/url]
Fabíola Carolina Gomes de Almeida – Doutorado em engenharia química - [url=http://lattes.cnpq.br/0550382982996046]http://lattes.cnpq.br/0550382982996046[/url]","O sucesso alcançado com o desenvolvimento do Biogel e do biodetergente associado demonstra a alta capacidade de replicabilidade tecnológica e de expansão industrial da iniciativa. O processo produtivo foi concebido a partir de insumos renováveis e rotas biotecnológicas simples, passíveis de transferência e absorção por diferentes setores industriais, sem a necessidade de infraestrutura complexa ou insumos importados. Essa característica assegura independência tecnológica e favorece a nacionalização de soluções ambientais de baixo custo e alta eficiência.
A tecnologia já se encontra validada, com base na produção do Biodetergente, para produção contínua em unidade piloto com capacidade de até 200.000 litros/mês, com potencial de ampliação para escala industrial plena, permitindo o atendimento rápido a demandas emergenciais e a inserção no mercado de produtos ecológicos para limpeza e remediação. A metodologia de produção e aplicação do Biogel é facilmente adaptável a outros contextos, como acidentes com derivados de petróleo em rios, estuários e áreas industriais, além de ser aplicável na limpeza de equipamentos e superfícies contaminadas por óleos e graxas.
Em médio e longo prazo, a iniciativa tem potencial de impactar positivamente diferentes territórios e cadeias produtivas, promovendo a substituição gradual de agentes químicos tóxicos por bioprodutos sustentáveis, fortalecendo a economia verde e estimulando a criação de startups ambientais e parcerias público-privadas. Além disso, o modelo de pesquisa e desenvolvimento integrado ao setor produtivo pode ser replicado por outras Instituições de Ciência e Tecnologia (ICTs), ampliando o alcance social, científico e econômico da proposta.
Dessa forma, o Biogel se consolida como uma plataforma tecnológica replicável e escalável, capaz de posicionar o Brasil como referência na geração de soluções biotecnológicas para mitigação de impactos ambientais e no avanço das metas globais de sustentabilidade."
"","Inovação Científica","sim","Pesquisa & Extensão Inovadora","A iniciativa representa um marco na biotecnologia ambiental brasileira. O projeto resultou na criação do [i]Biogel[/i], uma solução inovadora, atóxica e biodegradável, formulada a partir de insumos naturais e biossurfactantes de alta performance. O produto foi concebido a partir da evolução tecnológica de um projeto de P&D, denominado [i]Biodetergente[/i], inicialmente voltado à limpeza de equipamentos e superfícies contaminadas por óleos e graxas em usinas termelétricas do Nordeste. A solução visa substituir dispersantes químicos convencionais, reconhecidamente tóxicos e carcinogênicos, encontrados em derramamentos ambientais com petróleo.
Durante o derramamento de óleo ocorrido na costa brasileira em 2019, o Biogel demonstrou elevada eficiência na remoção de petróleo em rochas, corais, manguezais e animais marinhos, sendo aplicado com sucesso em campo e amplamente reconhecido pela mídia nacional. Além da ação imediata na mitigação do impacto ambiental, o produto evidenciou segurança no manuseio, viabilidade econômica e potencial de produção em larga escala.
O desenvolvimento do Biogel e do Biodetergente integra uma estratégia de inovação sustentável, liderada por uma equipe de pesquisa com mais de duas décadas de experiência na produção de tensoativos ecológicos. Essa linha de produtos reflete o compromisso da ciência brasileira com a redução da poluição por petroderivados e com o fortalecimento da indústria verde nacional.
A tecnologia proposta alia ciência, responsabilidade social e sustentabilidade, consolidando um modelo replicável de resposta rápida a desastres ambientais e abrindo caminho para novas aplicações industriais, como limpeza ecológica de áreas contaminadas. Assim, o Biogel simboliza a transição para um futuro mais limpo, seguro e alinhado aos Objetivos do Desenvolvimento Sustentável (ODS).","A iniciativa gerou resultados expressivos, tanto em escala laboratorial quanto em campo, evidenciando o potencial transformador da biotecnologia ambiental no enfrentamento da poluição por petróleo. O Biogel, derivado do projeto de biodetergente para usinas termelétricas, apresentou desempenho superior aos dispersantes químicos convencionais, atingindo 100% de remoção do petróleo em superfícies rochosas, corais, manguezais e animais marinhos durante os testes realizados na costa pernambucana.
Ensaios ecotoxicológicos e de biodegradabilidade, conduzidos por laboratórios certificados (Ecolyzer/SP), comprovaram a atoxicidade e segurança ambiental do produto, além de sua estabilidade e facilidade de aplicação. O processo produtivo, baseado em insumos naturais e técnicas biotecnológicas sustentáveis, foi validado para produção em escala industrial de até 200.000 L/mês, garantindo viabilidade econômica e logística para pronta resposta em acidentes ambientais.
Do ponto de vista socioeconômico, o Biogel mobilizou pesquisadores, voluntários e instituições públicas e privadas, resultando na criação de uma rede de cooperação científica e cidadã. A tecnologia também contribuiu para reduzir custos operacionais em até 80% nas empresas parceiras, quando comparada a produtos químicos tradicionalmente utilizados na limpeza de equipamentos industriais.
Além dos impactos imediatos, o projeto consolidou uma plataforma nacional de inovação verde, abrindo novas frentes para o uso de biossurfactantes na indústria, na remediação ambiental e na formulação de produtos sustentáveis. O reconhecimento público e a ampla divulgação na mídia reforçaram o caráter inspirador da iniciativa, que demonstra a capacidade da ciência brasileira de gerar soluções de alto impacto ambiental, social e econômico, alinhadas aos Objetivos do Desenvolvimento Sustentável da ONU.
[b]Equipe envolvida no desenvolvimento do projeto[/b]
Leonie Asfora Sarubbo – Doutora em Química industrial – [url=http://lattes.cnpq.br/4691045388698504]http://lattes.cnpq.br/4691045388698504[/url]
Rita de Cássia Freire Soares da Silva – Doutorado em Biotecnologia - [url=http://lattes.cnpq.br/8889248398759796]http://lattes.cnpq.br/8889248398759796[/url]
Thais Cavalcante de Souza – Doutorado em Ciência de materiais - [url=http://lattes.cnpq.br/0084771728068291]http://lattes.cnpq.br/0084771728068291[/url]
Hugo Morais Meira – Mestrado em engenharia química - [url=http://lattes.cnpq.br/1924471499929178]http://lattes.cnpq.br/1924471499929178[/url]
Charles Bronzo Barbosa Farias – Doutorado em Biotecnologia - [url=http://lattes.cnpq.br/1579589544197466]http://lattes.cnpq.br/1579589544197466[/url]
Ivison Amaro da Silva – Doutorado em Biotecnologia - [url=http://lattes.cnpq.br/3052344954615205]http://lattes.cnpq.br/3052344954615205[/url]
Fabíola Carolina Gomes de Almeida – Doutorado em engenharia química - [url=http://lattes.cnpq.br/0550382982996046]http://lattes.cnpq.br/0550382982996046[/url]","O sucesso alcançado com o desenvolvimento do Biogel e do biodetergente associado demonstra a alta capacidade de replicabilidade tecnológica e de expansão industrial da iniciativa. O processo produtivo foi concebido a partir de insumos renováveis e rotas biotecnológicas simples, passíveis de transferência e absorção por diferentes setores industriais, sem a necessidade de infraestrutura complexa ou insumos importados. Essa característica assegura independência tecnológica e favorece a nacionalização de soluções ambientais de baixo custo e alta eficiência.
A tecnologia já se encontra validada, com base na produção do Biodetergente, para produção contínua em unidade piloto com capacidade de até 200.000 litros/mês, com potencial de ampliação para escala industrial plena, permitindo o atendimento rápido a demandas emergenciais e a inserção no mercado de produtos ecológicos para limpeza e remediação. A metodologia de produção e aplicação do Biogel é facilmente adaptável a outros contextos, como acidentes com derivados de petróleo em rios, estuários e áreas industriais, além de ser aplicável na limpeza de equipamentos e superfícies contaminadas por óleos e graxas.
Em médio e longo prazo, a iniciativa tem potencial de impactar positivamente diferentes territórios e cadeias produtivas, promovendo a substituição gradual de agentes químicos tóxicos por bioprodutos sustentáveis, fortalecendo a economia verde e estimulando a criação de startups ambientais e parcerias público-privadas. Além disso, o modelo de pesquisa e desenvolvimento integrado ao setor produtivo pode ser replicado por outras Instituições de Ciência e Tecnologia (ICTs), ampliando o alcance social, científico e econômico da proposta.
Dessa forma, o Biogel se consolida como uma plataforma tecnológica replicável e escalável, capaz de posicionar o Brasil como referência na geração de soluções biotecnológicas para mitigação de impactos ambientais e no avanço das metas globais de sustentabilidade."
"","Startup Inovadora","sim","Startup Ascenção","A Flagr é uma [i]legaltech[/i] recifense que desenvolve uma plataforma de due diligence jurídica automatizada e contínua, criada para transformar a forma como empresas gerenciam documentos e garantem conformidade legal. A solução integra automação de fluxos, análise inteligente e relatórios de conformidade, permitindo que negócios de qualquer porte mantenham sua estrutura jurídica organizada, segura e sempre atualizada.
Inicialmente construída em ambiente [i]low-code[/i], a plataforma encontra-se em processo de evolução para uma arquitetura tecnológica proprietária, mais robusta e escalável. Essa transição permitirá maior segurança de dados, integração entre módulos e automação de novas camadas de análise jurídica. O objetivo é consolidar uma infraestrutura digital capaz de sustentar auditorias contínuas, emissão automatizada de relatórios e detecção preventiva de riscos jurídicos.
A Flagr 2.0 nasceu no ecossistema do Porto Digital e vem sendo validada em programas de inovação como Startup NE, Capital Empreendedor (Sebrae), 49 Educação, Emma – Darwin, Astellas, Fast Motion e FOZ – Centro de Inovação em Saúde e Educação, além de ter conquistado o 1º lugar na incubação do Porto Digital e ficado entre as cinco finalistas da Batalha das Startups no Rec’n’Play 2025.
Com doze clientes pagantes ativos, a Flagr promove eficiência e transparência no ambiente de negócios, reduzindo em até 70% o tempo de revisão jurídica e 30% os custos operacionais das empresas atendidas. Sua missão é democratizar o acesso à gestão jurídica e à governança corporativa, fortalecendo a cultura de compliance e impulsionando Recife como referência em inovação jurídica e tecnológica no Brasil.","Em 2025, a Flagr consolidou sua fase de ascensão, alcançando resultados expressivos em crescimento, validação de mercado e reconhecimento institucional. A startup registrou crescimento superior a 2.000% em relação ao ano anterior, ampliando sua base para doze clientes pagantes ativos, além de duas propostas comerciais em negociação e uma POC firmada com uma incubadora que atenderá seis startups. Esses resultados comprovam a tração comercial e a aderência da solução ao mercado.
A plataforma, inicialmente desenvolvida em ambiente [i]low-code[/i], encontra-se em processo de transição para uma arquitetura tecnológica proprietária, mais robusta, segura e escalável, com integração gradual de módulos de automação documental, análise de conformidade jurídica e relatórios inteligentes de [i]due diligence[/i]. Mesmo nesta etapa de evolução, a solução já permite redução de até 70% no tempo médio de revisão jurídica e 30% nos custos operacionais das empresas atendidas, gerando eficiência e previsibilidade jurídica.
A Flagr foi 1º lugar no programa de incubação do Porto Digital, selecionada entre as 1.000 startups do Prêmio Sebrae Startups, participante do Programa Capital Empreendedor do Sebrae, e passou por todas as fases do Startup NE, atualmente recebendo a Bolsa Empreendedor. Também integrou programas e desafios de inovação com 49 Educação, Astellas, Emma – Darwin e Fast Motion, e foi finalista entre as 5 melhores na Batalha das Startups do Rec’n’Play 2025.
Essas conquistas consolidam a Flagr como uma startup em ascensão, validada por instituições estratégicas do ecossistema nacional. Ao democratizar o acesso à gestão jurídica e à governança corporativa, a Flagr contribui para o fortalecimento da cultura de compliance, eficiência e transparência nas empresas que integram o ambiente de inovação do Recife.","A Flagr foi concebida como uma plataforma de arquitetura modular, projetada para escalar horizontal e verticalmente. Sua estrutura tecnológica, atualmente em transição para uma arquitetura proprietária full code, permitirá maior capacidade de integração com sistemas corporativos e públicos, além de expansão para novos segmentos de mercado, mantendo a personalização de acordo com o porte e o setor da organização usuária.
O modelo de negócio da Flagr é baseado em assinaturas recorrentes (SaaS), o que viabiliza expansão geográfica sem dependência de estrutura física, tornando sua operação altamente replicável. A solução pode ser facilmente adaptada a diferentes contextos jurídicos e regulatórios, atendendo desde startups e pequenas empresas até instituições públicas, fundos de investimento e escritórios jurídicos.
Em médio prazo, a plataforma prevê a disponibilização de versões personalizadas para órgãos públicos, com foco em auditorias contratuais, conformidade regulatória e gestão de documentos, o que amplia seu potencial de impacto social e institucional. Já em longo prazo, o roadmap tecnológico contempla modelos white label e a integração com assistentes jurídicos baseados em IA, aumentando a escalabilidade e a automação das análises jurídicas.
A validação com 12 clientes pagantes ativos, além de parcerias com incubadoras, aceleradoras e instituições como Sebrae, Porto Digital, FOZ e 49 Educação, demonstra a capacidade comprovada de replicar a solução em diferentes ambientes de inovação. Assim, a Flagr consolida-se como uma infraestrutura jurídica viva, capaz de gerar impacto contínuo no fortalecimento da governança e da eficiência empresarial em Recife e em outros ecossistemas nacionais."
"sim","","","Startup conectada com a cidade","O ParkFinder é uma plataforma digital desenvolvida para resolver um dos maiores desafios urbanos: a dificuldade em encontrar vagas de estacionamento de forma rápida, segura e eficiente. A iniciativa nasceu com o objetivo de otimizar a mobilidade nas cidades, reduzir o tempo gasto em busca de vagas e contribuir para a diminuição da emissão de gases poluentes gerados por veículos em circulação desnecessária.
A solução integra geolocalização em tempo real, mapeamento inteligente e análise de disponibilidade, permitindo que motoristas encontrem vagas livres de forma imediata, tanto em estacionamentos privados quanto em áreas públicas cadastradas. O sistema também oferece aos estabelecimentos a possibilidade de gerenciar o fluxo de vagas e aumentar sua taxa de ocupação, promovendo uma relação de ganho mútuo entre usuários e parceiros.
Com um MVP já validado e em fase de aprimoramento, o ParkFinder tem potencial de impacto direto na qualidade de vida urbana, reduzindo congestionamentos, estresse e o tempo médio de deslocamento. A iniciativa se alinha aos Objetivos de Desenvolvimento Sustentável (ODS 11 – Cidades e Comunidades Sustentáveis) e visa contribuir para cidades mais inteligentes, conectadas e sustentáveis.","Entre os principais resultados esperados, destacam-se:
[ml][ul][li indent=0 align=left]Redução média de 25% no tempo de busca por estacionamento em áreas urbanas, segundo projeções baseadas em dados de uso piloto.[/li][li indent=0 align=left]Diminuição de emissões de CO₂ geradas pelo trânsito lento e busca por vagas, contribuindo para uma mobilidade mais verde.[/li][li indent=0 align=left]Aumento da eficiência operacional de estacionamentos parceiros, com ocupação otimizada e gestão digital das vagas.[/li][li indent=0 align=left]Satisfação dos usuários, medida por feedbacks e métricas de usabilidade do aplicativo (taxa de retorno e tempo médio de uso).[/li][li indent=0 align=left]Geração de dados urbanos estratégicos, que podem ser utilizados por prefeituras e órgãos de trânsito para planejamento e políticas públicas de mobilidade.[/li][/ul][/ml]O impacto qualitativo envolve a melhoria da experiência de deslocamento nas cidades e a criação de um ecossistema colaborativo entre motoristas, comércios e o poder público, transformando o ato de estacionar em um processo inteligente e sustentável.","O ParkFinder foi concebido desde o início com uma arquitetura escalável e modular, o que permite sua expansão para diferentes cidades e contextos sem a necessidade de grandes adaptações. A solução utiliza APIs abertas e tecnologias de geolocalização compatíveis com qualquer infraestrutura urbana que disponha de dados públicos ou privados de estacionamento.
A proposta pode ser replicada em centros urbanos de diversos portes, desde cidades de médio porte até capitais e metrópoles, bastando o cadastro de parceiros locais e a integração com bancos de dados regionais de trânsito. O modelo de negócios é sustentável e escalável, baseado em parcerias B2B (com estacionamentos e prefeituras) e na monetização B2C por meio de planos premium para motoristas.
Em médio e longo prazo, o ParkFinder pretende criar uma rede nacional de dados sobre mobilidade e estacionamento, tornando-se uma base estratégica para políticas públicas de trânsito, redução de emissões e planejamento urbano inteligente. O impacto esperado é a ampliação da eficiência logística e da qualidade de vida urbana, com potencial de expansão para a América Latina em fases futuras."
"sim","","","Startup conectada com a cidade","O ParkFinder é uma plataforma digital desenvolvida para resolver um dos maiores desafios urbanos: a dificuldade em encontrar vagas de estacionamento de forma rápida, segura e eficiente. A iniciativa nasceu com o objetivo de otimizar a mobilidade nas cidades, reduzir o tempo gasto em busca de vagas e contribuir para a diminuição da emissão de gases poluentes gerados por veículos em circulação desnecessária.
A solução integra geolocalização em tempo real, mapeamento inteligente e análise de disponibilidade, permitindo que motoristas encontrem vagas livres de forma imediata, tanto em estacionamentos privados quanto em áreas públicas cadastradas. O sistema também oferece aos estabelecimentos a possibilidade de gerenciar o fluxo de vagas e aumentar sua taxa de ocupação, promovendo uma relação de ganho mútuo entre usuários e parceiros.
Com um MVP já validado e em fase de aprimoramento, o ParkFinder tem potencial de impacto direto na qualidade de vida urbana, reduzindo congestionamentos, estresse e o tempo médio de deslocamento. A iniciativa se alinha aos Objetivos de Desenvolvimento Sustentável (ODS 11 – Cidades e Comunidades Sustentáveis) e visa contribuir para cidades mais inteligentes, conectadas e sustentáveis.","Entre os principais resultados esperados, destacam-se:
[ml][ul][li indent=0 align=left]Redução média de 25% no tempo de busca por estacionamento em áreas urbanas, segundo projeções baseadas em dados de uso piloto.[/li][li indent=0 align=left]Diminuição de emissões de CO₂ geradas pelo trânsito lento e busca por vagas, contribuindo para uma mobilidade mais verde.[/li][li indent=0 align=left]Aumento da eficiência operacional de estacionamentos parceiros, com ocupação otimizada e gestão digital das vagas.[/li][li indent=0 align=left]Satisfação dos usuários, medida por feedbacks e métricas de usabilidade do aplicativo (taxa de retorno e tempo médio de uso).[/li][li indent=0 align=left]Geração de dados urbanos estratégicos, que podem ser utilizados por prefeituras e órgãos de trânsito para planejamento e políticas públicas de mobilidade.[/li][/ul][/ml]O impacto qualitativo envolve a melhoria da experiência de deslocamento nas cidades e a criação de um ecossistema colaborativo entre motoristas, comércios e o poder público, transformando o ato de estacionar em um processo inteligente e sustentável.","O ParkFinder foi concebido desde o início com uma arquitetura escalável e modular, o que permite sua expansão para diferentes cidades e contextos sem a necessidade de grandes adaptações. A solução utiliza APIs abertas e tecnologias de geolocalização compatíveis com qualquer infraestrutura urbana que disponha de dados públicos ou privados de estacionamento.
A proposta pode ser replicada em centros urbanos de diversos portes, desde cidades de médio porte até capitais e metrópoles, bastando o cadastro de parceiros locais e a integração com bancos de dados regionais de trânsito. O modelo de negócios é sustentável e escalável, baseado em parcerias B2B (com estacionamentos e prefeituras) e na monetização B2C por meio de planos premium para motoristas.
Em médio e longo prazo, o ParkFinder pretende criar uma rede nacional de dados sobre mobilidade e estacionamento, tornando-se uma base estratégica para políticas públicas de trânsito, redução de emissões e planejamento urbano inteligente. O impacto esperado é a ampliação da eficiência logística e da qualidade de vida urbana, com potencial de expansão para a América Latina em fases futuras."
"sim","","","Startup conectada com a cidade","O ParkFinder é uma plataforma digital desenvolvida para resolver um dos maiores desafios urbanos: a dificuldade em encontrar vagas de estacionamento de forma rápida, segura e eficiente. A iniciativa nasceu com o objetivo de otimizar a mobilidade nas cidades, reduzir o tempo gasto em busca de vagas e contribuir para a diminuição da emissão de gases poluentes gerados por veículos em circulação desnecessária.
A solução integra geolocalização em tempo real, mapeamento inteligente e análise de disponibilidade, permitindo que motoristas encontrem vagas livres de forma imediata, tanto em estacionamentos privados quanto em áreas públicas cadastradas. O sistema também oferece aos estabelecimentos a possibilidade de gerenciar o fluxo de vagas e aumentar sua taxa de ocupação, promovendo uma relação de ganho mútuo entre usuários e parceiros.
Com um MVP já validado e em fase de aprimoramento, o ParkFinder tem potencial de impacto direto na qualidade de vida urbana, reduzindo congestionamentos, estresse e o tempo médio de deslocamento. A iniciativa se alinha aos Objetivos de Desenvolvimento Sustentável (ODS 11 – Cidades e Comunidades Sustentáveis) e visa contribuir para cidades mais inteligentes, conectadas e sustentáveis.","Entre os principais resultados esperados, destacam-se:
[ml][ul][li indent=0 align=left]Redução média de 25% no tempo de busca por estacionamento em áreas urbanas, segundo projeções baseadas em dados de uso piloto.[/li][li indent=0 align=left]Diminuição de emissões de CO₂ geradas pelo trânsito lento e busca por vagas, contribuindo para uma mobilidade mais verde.[/li][li indent=0 align=left]Aumento da eficiência operacional de estacionamentos parceiros, com ocupação otimizada e gestão digital das vagas.[/li][li indent=0 align=left]Satisfação dos usuários, medida por feedbacks e métricas de usabilidade do aplicativo (taxa de retorno e tempo médio de uso).[/li][li indent=0 align=left]Geração de dados urbanos estratégicos, que podem ser utilizados por prefeituras e órgãos de trânsito para planejamento e políticas públicas de mobilidade.[/li][/ul][/ml]O impacto qualitativo envolve a melhoria da experiência de deslocamento nas cidades e a criação de um ecossistema colaborativo entre motoristas, comércios e o poder público, transformando o ato de estacionar em um processo inteligente e sustentável.","O ParkFinder foi concebido desde o início com uma arquitetura escalável e modular, o que permite sua expansão para diferentes cidades e contextos sem a necessidade de grandes adaptações. A solução utiliza APIs abertas e tecnologias de geolocalização compatíveis com qualquer infraestrutura urbana que disponha de dados públicos ou privados de estacionamento.
A proposta pode ser replicada em centros urbanos de diversos portes, desde cidades de médio porte até capitais e metrópoles, bastando o cadastro de parceiros locais e a integração com bancos de dados regionais de trânsito. O modelo de negócios é sustentável e escalável, baseado em parcerias B2B (com estacionamentos e prefeituras) e na monetização B2C por meio de planos premium para motoristas.
Em médio e longo prazo, o ParkFinder pretende criar uma rede nacional de dados sobre mobilidade e estacionamento, tornando-se uma base estratégica para políticas públicas de trânsito, redução de emissões e planejamento urbano inteligente. O impacto esperado é a ampliação da eficiência logística e da qualidade de vida urbana, com potencial de expansão para a América Latina em fases futuras."
"","Startup Inovadora","não","Startup conectada com a cidade","O ParkFinder é uma plataforma digital desenvolvida para resolver um dos maiores desafios urbanos: a dificuldade em encontrar vagas de estacionamento de forma rápida, segura e eficiente. A iniciativa nasceu com o objetivo de otimizar a mobilidade nas cidades, reduzir o tempo gasto em busca de vagas e contribuir para a diminuição da emissão de gases poluentes gerados por veículos em circulação desnecessária.
A solução integra geolocalização em tempo real, mapeamento inteligente e análise de disponibilidade, permitindo que motoristas encontrem vagas livres de forma imediata, tanto em estacionamentos privados quanto em áreas públicas cadastradas. O sistema também oferece aos estabelecimentos a possibilidade de gerenciar o fluxo de vagas e aumentar sua taxa de ocupação, promovendo uma relação de ganho mútuo entre usuários e parceiros.
Com um MVP já validado e em fase de aprimoramento, o ParkFinder tem potencial de impacto direto na qualidade de vida urbana, reduzindo congestionamentos, estresse e o tempo médio de deslocamento. A iniciativa se alinha aos Objetivos de Desenvolvimento Sustentável (ODS 11 – Cidades e Comunidades Sustentáveis) e visa contribuir para cidades mais inteligentes, conectadas e sustentáveis.","Entre os principais resultados esperados, destacam-se:
[ml][ul][li indent=0 align=left]Redução média de 25% no tempo de busca por estacionamento em áreas urbanas, segundo projeções baseadas em dados de uso piloto.[/li][li indent=0 align=left]Diminuição de emissões de CO₂ geradas pelo trânsito lento e busca por vagas, contribuindo para uma mobilidade mais verde.[/li][li indent=0 align=left]Aumento da eficiência operacional de estacionamentos parceiros, com ocupação otimizada e gestão digital das vagas.[/li][li indent=0 align=left]Satisfação dos usuários, medida por feedbacks e métricas de usabilidade do aplicativo (taxa de retorno e tempo médio de uso).[/li][li indent=0 align=left]Geração de dados urbanos estratégicos, que podem ser utilizados por prefeituras e órgãos de trânsito para planejamento e políticas públicas de mobilidade.[/li][/ul][/ml]O impacto qualitativo envolve a melhoria da experiência de deslocamento nas cidades e a criação de um ecossistema colaborativo entre motoristas, comércios e o poder público, transformando o ato de estacionar em um processo inteligente e sustentável.","O ParkFinder foi concebido desde o início com uma arquitetura escalável e modular, o que permite sua expansão para diferentes cidades e contextos sem a necessidade de grandes adaptações. A solução utiliza APIs abertas e tecnologias de geolocalização compatíveis com qualquer infraestrutura urbana que disponha de dados públicos ou privados de estacionamento.
A proposta pode ser replicada em centros urbanos de diversos portes, desde cidades de médio porte até capitais e metrópoles, bastando o cadastro de parceiros locais e a integração com bancos de dados regionais de trânsito. O modelo de negócios é sustentável e escalável, baseado em parcerias B2B (com estacionamentos e prefeituras) e na monetização B2C por meio de planos premium para motoristas.
Em médio e longo prazo, o ParkFinder pretende criar uma rede nacional de dados sobre mobilidade e estacionamento, tornando-se uma base estratégica para políticas públicas de trânsito, redução de emissões e planejamento urbano inteligente. O impacto esperado é a ampliação da eficiência logística e da qualidade de vida urbana, com potencial de expansão para a América Latina em fases futuras."
"","Startup Inovadora","sim","Startup conectada com a cidade","O [b]Tarefas Perto[/b] é um marketplace inteligente que conecta clientes a prestadores de serviços locais por meio da [b]geolocalização e inteligência artificial[/b], facilitando o acesso rápido e seguro a profissionais qualificados em diversas áreas — como elétrica, hidráulica, marcenaria, beleza e manutenção residencial.
Desenvolvido pela [b]startup recifense Decode Byte[/b], o Tarefas Perto nasce com o propósito de [b]gerar renda, inclusão digital e fortalecer a economia de bairro[/b], respondendo a um dos grandes desafios urbanos: conectar oportunidades de trabalho a quem precisa de serviços de forma confiável e acessível.
A inovação está na [b]IA aplicada à cidade[/b] — o sistema aprende com o comportamento dos usuários para sugerir o profissional ideal conforme localização, avaliações, preço e disponibilidade. Além disso, inclui [b]verificação automatizada de documentos e antecedentes[/b], garantindo mais [b]segurança e confiança[/b] nas contratações. A plataforma também traz um [b]chatbot inteligente[/b] para suporte e um [b]sistema de análise preditiva[/b], capaz de antecipar tendências de demanda, como aumento na procura por eletricistas em períodos chuvosos.","O [b]Tarefas Perto[/b] vem apresentando resultados concretos e alinhados à sua proposta de gerar impacto urbano e social por meio da tecnologia. Durante o período de testes e apresentações públicas — incluindo o [b]Rec’n Play 2025[/b] —, o projeto foi validado com [b]mais de 80 pessoas[/b], entre [b]prestadores de serviços e potenciais clientes[/b]. Desses, cerca de [b]40 realizaram o pré-cadastro[/b] na plataforma, demonstrando forte interesse e aderência à proposta do aplicativo.
A pesquisa de usabilidade aplicada após as demonstrações indicou [b]alta aprovação do design e da facilidade de uso[/b], além de destaque para a [b]percepção de segurança[/b] gerada pela verificação de documentos e antecedentes dos prestadores. Esses fatores reforçam a confiança e o valor percebido da solução. Os feedbacks coletados durante as ações presenciais reforçam o potencial do projeto em transformar a maneira como os recifenses contratam e oferecem serviços.
Esses primeiros resultados validam o propósito da iniciativa: [b]usar tecnologia para conectar pessoas, gerar oportunidades e fortalecer o ecossistema de inovação do Recife[/b].","O [b]Tarefas Perto[/b] foi concebido desde o início com uma [b]arquitetura escalável[/b], desenvolvida para que permita expansão para novos territórios sem necessidade de grandes reestruturações técnicas. Sua base tecnológica modular — com componentes independentes de geolocalização, IA e verificação de segurança — facilita a [b]adaptação do sistema a diferentes cidades e realidades socioeconômicas[/b].
A estrutura de dados do aplicativo já considera parâmetros regionais, como custo médio de serviços e densidade populacional, possibilitando que a plataforma seja ajustada rapidamente para novos contextos. Essa flexibilidade é um dos diferenciais que tornam o Tarefas Perto replicável em [b]municípios de pequeno e médio porte[/b], onde há escassez de soluções digitais para conectar trabalhadores informais a clientes. O roadmap de expansão da [b]Decode Byte[/b] prevê, após a consolidação no Recife, a implementação em [b]outras cidades da Região Metropolitana[/b] e, posteriormente, em capitais com características urbanas semelhantes.
Com base nessa arquitetura e modelo de operação, o Tarefas Perto se posiciona como uma [b]plataforma escalável, adaptável e de impacto duradouro[/b], capaz de impulsionar o desenvolvimento local em diferentes territórios do Brasil."
"","Inovação Científica","sim","Instituição de Pesquisa/Extensão Inovadora","[highlight=transparent]A disciplina Projeto 1, componente obrigatório dos cursos de Ciência da Computação e Design da CESAR School, propõe uma abordagem inovadora de aprendizagem baseada em projetos reais ([/highlight][i][highlight=transparent]Project-Based Learning[/highlight][/i][highlight=transparent]), com protagonismo estudantil e ênfase no impacto social. No semestre 2025.1, o tema foi ""Acessibilidade e Jogos"", desafiando os estudantes a desenvolver soluções figitais acessíveis, alinhadas aos ODS 4 (Educação de Qualidade) e ODS 10 (Redução das Desigualdades). A inovação pedagógica se materializa em três eixos: Projetos reais com impacto social, baseados em problemas concretos relacionados a deficiências físicas, sensoriais e cognitivas; Desenvolvimento integrado de competências técnicas e socioemocionais, com uso de tecnologias digitais e ferramentas de gestão de equipes; Autonomia e validação prática, com incentivo à testagem junto a profissionais e usuários reais.[/highlight]","[highlight=transparent]Protagonismo estudantil desde o início do curso, com entrega de projetos tangíveis e aplicáveis; Soluções originais e relevantes, muitas com potencial de continuidade em projetos de pesquisa, TCC ou extensão; Alto engajamento prático, mesmo entre alunos iniciantes em computação física ou eletrônica; Validação com usuários reais e especialistas, incentivada de forma estruturada em todas as fases do projeto; Desenvolvimento integral do estudante, com equilíbrio entre capacidades técnicas (circuitos, sensores, programação) e humanas (liderança, empatia, escuta, comunicação). [/highlight]
[highlight=transparent]Os 20 grupos desenvolveram jogos figitais acessíveis, abordando diferentes subtemas de deficiência:[/highlight]
[highlight=transparent]Física (4 grupos): controles por sopro, por movimento da cabeça e tabuleiros adaptados; Sensorial – Visual (4 grupos): jogos táteis e auditivos para cegos, escape room com orientação sonora; Sensorial – Auditiva (4 grupos): jogos com ensino de Libras, substituição de sons por LEDs e vibração; Cognitiva – Intelectual (3 grupos): jogos que associam formas e letras, com feedback multisensorial; Cognitiva – TEA/TDAH (3 grupos): jogos com mecânicas simplificadas e foco em rotina e previsibilidade; Cognitiva – Memória (2 grupos): jogos musicais para idosos com demência ou dificuldades de processamento.[/highlight]","A iniciativa apresenta alto potencial de replicabilidade e expansão, tanto no contexto interno da CESAR School quanto em outras instituições de ensino superior e comunidades.
Sua metodologia de aprendizagem baseada em projetos reais (Project-Based Learning), com foco em impacto social e desenvolvimento de competências técnicas e socioemocionais, é adaptável a diferentes cursos, níveis de ensino e realidades locais. A integração entre disciplinas técnicas e humanas - como programação, design e gestão de pessoas - favorece a aplicação em múltiplas áreas do conhecimento, permitindo que o modelo seja facilmente transferido para cursos de Administração, Engenharias, Comunicação e áreas correlatas.
Além disso, o alinhamento com os Objetivos de Desenvolvimento Sustentável (ODS) confere à proposta uma linguagem universal de impacto, o que facilita sua adoção por instituições e organizações interessadas em promover inovação social e tecnológica. O uso de infraestruturas acessíveis, como laboratórios maker e ferramentas digitais de baixo custo, reforça sua viabilidade operacional e financeira em contextos diversos, inclusive em instituições públicas ou comunitárias.
Do ponto de vista da escalabilidade, os resultados obtidos em 2025.1 - com 20 grupos desenvolvendo soluções figitais acessíveis voltadas a diferentes tipos de deficiência - demonstram a capacidade do modelo de gerar impacto em curto e médio prazos, promovendo o protagonismo estudantil e a integração entre ensino, pesquisa e extensão. A médio e longo prazo, a consolidação da prática pode originar novos projetos de pesquisa aplicada, incubação de startups sociais e parcerias interinstitucionais, fortalecendo o ecossistema de inovação e ampliando o alcance comunitário.
A experiência evidencia que o formato pode ser reproduzido em diferentes territórios mediante parcerias locais, articulação com políticas públicas de inclusão e o engajamento de docentes e estudantes comprometidos com a aprendizagem ativa e o desenvolvimento sustentável."
"","Inovação Social","não","Empreendedorismo Social","A [b]ACIMA – Ação Cívica Maçônica[/b] é uma iniciativa de caráter social e educativo promovida por maçons e colaboradores voluntários com o propósito de fortalecer a cidadania, reduzir desigualdades e promover a dignidade humana. Surge da percepção de que grande parte da população brasileira enfrenta dificuldades de acesso a serviços básicos de saúde, educação, cultura e orientação social — uma dor central que impacta diretamente a qualidade de vida e o desenvolvimento comunitário.
A proposta da ACIMA é [b]levar ações integradas e gratuitas às comunidades[/b] em situação de vulnerabilidade, articulando atendimentos médicos, odontológicos e de bem-estar, palestras educativas, atividades recreativas infantis, orientações jurídicas e ambientais, além de espaços voltados ao empreendedorismo e à empregabilidade. Cada edição é realizada em parceria com instituições públicas, privadas e organizações da sociedade civil, ampliando o alcance e a efetividade das ações.
Entre os [b]principais objetivos[/b], destacam-se:
[ml][ul][li indent=0 align=left]Promover o acesso da população a serviços essenciais;[/li][li indent=0 align=left]Estimular a consciência cívica e o voluntariado;[/li][li indent=0 align=left]Fomentar a educação em saúde, meio ambiente e cidadania;[/li][li indent=0 align=left]Criar pontes entre o poder público, o setor privado e a sociedade.[/li][/ul][/ml]O [b]impacto esperado[/b] é mensurável: comunidades mais informadas, cidadãos empoderados e maior engajamento social. Em suas últimas edições, a ACIMA atendeu [b]centenas de famílias[/b], realizou [b]milhares de atendimentos[/b] e mobilizou dezenas de profissionais voluntários, comprovando sua capacidade de gerar resultados reais e transformadores.
Com base nesses resultados, a ACIMA demonstra que [b]a união entre solidariedade, cidadania e ação organizada[/b] é capaz de transformar realidades locais, fortalecendo os valores humanos e maçonicamente universais de [b]liberdade, igualdade e fraternidade[/b].","[b]Resultados da Iniciativa – ACIMA (Ação Cívica Maçônica)[/b]
Desde sua criação, a [b]ACIMA – Ação Cívica Maçônica[/b] tem demonstrado resultados concretos e mensuráveis no fortalecimento da cidadania e na ampliação do acesso a serviços essenciais. As ações realizadas em parceria com instituições públicas, privadas e organizações sociais têm alcançado [b]impacto direto e mensurável em comunidades de vulnerabilidade social[/b] em Pernambuco.
Entre os [b]principais resultados quantitativos[/b], destacam-se:
[ml][ul][li indent=0 align=left]Mais de [b]5.000 atendimentos diretos[/b] realizados em áreas como saúde, odontologia, bem-estar, orientação jurídica e cuidados pessoais;[/li][li indent=0 align=left][b]Mais de 1.200 crianças atendidas[/b] em atividades lúdicas e educativas, com foco em higiene, nutrição e cidadania;[/li][li indent=0 align=left][b]Ações ambientais[/b] com coleta seletiva, distribuição de mudas e campanhas educativas que envolveram mais de [b]800 participantes[/b];[/li][li indent=0 align=left][b]Cerca de 300 voluntários[/b] mobilizados por edição, entre profissionais de saúde, educadores, estudantes e lideranças comunitárias;[/li][li indent=0 align=left][b]Ampliação das parcerias institucionais[/b], com apoio de órgãos públicos, universidades, empresas e entidades filantrópicas.[/li][/ul][/ml]Nos [b]resultados qualitativos[/b], observam-se:
[ml][ul][li indent=0 align=left][b]Melhoria na autoestima e na consciência cidadã[/b] dos participantes, evidenciada em depoimentos e relatos comunitários;[/li][li indent=0 align=left][b]Fortalecimento dos vínculos sociais[/b] e da confiança entre população e instituições;[/li][li indent=0 align=left][b]Despertar do voluntariado[/b] e da responsabilidade social entre os maçons e parceiros envolvidos;[/li][li indent=0 align=left][b]Criação de uma rede colaborativa[/b] entre diferentes setores, ampliando o alcance e a sustentabilidade das ações.[/li][/ul][/ml]Como [b]indicadores de desempenho[/b], a ACIMA monitora o número de atendimentos por área, o perfil do público beneficiado, a satisfação dos participantes e a continuidade das parcerias locais.
Os [b]ganhos concretos[/b] incluem o acesso gratuito a serviços de qualidade, a promoção de educação cidadã e o estímulo ao protagonismo social, consolidando a ACIMA como um [b]modelo de ação social colaborativa e transformadora[/b], pautada nos valores de fraternidade, solidariedade e compromisso com o bem comum.","A [b]ACIMA – Ação Cívica Maçônica[/b] foi concebida com um modelo [b]flexível, colaborativo e de baixo custo operacional[/b], o que a torna altamente [b]replicável e escalável[/b] em diferentes contextos sociais e territoriais. Sua estrutura baseia-se na [b]mobilização voluntária de maçons, familiares e parceiros institucionais[/b], articulando recursos locais e redes de apoio comunitário, sem depender exclusivamente de grandes aportes financeiros.
O formato modular das ações — que podem abranger saúde, educação, meio ambiente, cidadania, lazer, cultura ou empregabilidade — permite que cada edição seja [b]adaptada à realidade específica de cada comunidade[/b], respeitando suas demandas e potencialidades. Essa versatilidade já possibilitou a realização de [b]múltiplas edições em diferentes municípios pernambucanos[/b], com resultados consistentes e crescente adesão de parceiros públicos e privados.
Entre as [b]evidências de escalabilidade[/b], destacam-se:
[ml][ul][li indent=0 align=left]Crescimento contínuo no número de voluntários e entidades participantes a cada edição;[/li][li indent=0 align=left]Expansão do modelo para novas cidades, sob coordenação de Lojas Maçônicas locais;[/li][li indent=0 align=left]Capacidade comprovada de mobilizar estruturas públicas e privadas sem comprometer a sustentabilidade financeira;[/li][li indent=0 align=left]Reprodutibilidade do formato em instituições educativas, templos maçônicos e espaços públicos, mantendo os mesmos indicadores de impacto social.[/li][/ul][/ml]Em médio e longo prazo, a ACIMA tem potencial para se consolidar como um [b]programa estadual permanente de ação cidadã[/b], com possibilidade de integração a políticas públicas municipais e parcerias interinstitucionais.
Seu modelo de governança compartilhada, baseado em voluntariado, planejamento participativo e transparência, garante [b]sustentabilidade e legitimidade social[/b], atributos essenciais para expansão nacional. Assim, a ACIMA se apresenta como uma [b]iniciativa escalável, inclusiva e transformadora[/b], capaz de inspirar e mobilizar novas ações cívicas em todo o Brasil, mantendo viva a missão maçônica de [b]servir à humanidade por meio da fraternidade e do trabalho solidário[/b]."
"sim","","","Inovação ESG","[justify]	O Sebrae ESG nasce do propósito de transformar o modo como a sustentabilidade é entendida e praticada dentro e fora da instituição. Partindo do reconhecimento de que pequenas atitudes geram grandes mudanças, o Sebrae Pernambuco assumiu o desafio de incorporar a lógica ESG não apenas em sua gestão, mas também como eixo de influência no Território e sobre os pequenos negócios no Estado.[/justify]
[justify]	A iniciativa responde a uma dor pública concreta: a falta de referência e apoio técnico para que empresas de menor porte possam adotar práticas ambientais, sociais e de governança de forma estruturada e viável. Ao mesmo tempo, enfrenta o desafio interno de traduzir a sustentabilidade em rotinas e decisões cotidianas, unindo eficiência, ética e impacto positivo.[/justify]
[justify]	A estratégia se baseia em uma governança sólida com adesão ao Pacto Global da ONU, definição de materialidade, plano de ação e mensuração de resultados e em práticas que vão do gerenciamento de resíduos e eficiência energética à inclusão produtiva de comunidades do entorno. [/justify]
[justify]	Mais do que resultados isolados, o Sebrae ESG consolida uma cultura. Ele conecta colaboradores, parceiros e empreendedores em torno de um novo modelo de desenvolvimento: aquele que une propósito e desempenho, ética e prosperidade, impacto e pertencimento. Assim, o Sebrae Pernambuco mostra que é possível gerar valor compartilhado, alinhado aos Objetivos de Desenvolvimento Sustentável da Agenda 2030, reforçando seu compromisso com um futuro mais justo, inclusivo e sustentável.[/justify]
","[justify]	O Sebrae ESG consolidou uma jornada de transformação mensurável, com resultados que unem impacto interno e social. No campo institucional, estruturou-se uma governança robusta, com adesão ao Pacto Global da ONU, matriz de materialidade, plano de ação e mensuração contínua. Esse movimento fortaleceu a cultura organizacional, com 100% das unidades engajadas e o reconhecimento do selo GPTW pelo terceiro ano consecutivo.[/justify]
[justify]	No eixo ambiental, as ações de eficiência e responsabilidade geraram efeitos concretos. Foram 150 kg de resíduos recicláveis reaproveitados, convertidos em benefício social, e 10 toneladas de CO₂ neutralizadas em eventos. A transição para o mercado livre de energia e a rota para certificação LEED reforçam o compromisso com uma operação mais limpa e eficiente.[/justify]
[justify]	Na frente social e territorial, os números refletem alcance e transformação. O programa Transforma+ realizou mais de 1.000 atendimentos à comunidade, mobilizando 16 instituições parceiras e 19 serviços. O Cestou do Bem, ação solidária que une doação de cestas básicas ao fomento do empreendedorismo, beneficiou 500 famílias em seis municípios pernambucanos, fortalecendo o protagonismo comunitário e contratando pequenos negócios locais para execução das atividades.[/justify]
[justify]	Já a Semana da Moda Sustentável – Reciclô uniu criatividade, empreendedorismo e economia circular, promovendo desfiles, oficinas e capacitações sobre moda consciente e reaproveitamento têxtil. O evento poupou 46.489 kg de CO₂, economizou 13.494 litros de água, evitou 1.640 kg de resíduos 	têxteis e gerou R$ 3.338,00 em vendas e o valor arrecadado revertido em ações sociais.[/justify]
[justify]	Esses resultados comprovam que o Sebrae ESG transforma princípios em prática e propósito em impacto real, promovendo desenvolvimento sustentável, inclusão e competitividade em todo o território pernambucano.[/justify]
[justify][/justify]","[justify]	O Sebrae ESG foi concebido desde o início como um modelo replicável de gestão e impacto. Sua estrutura não se limita a um projeto pontual, mas a um sistema de governança, metodologia e engajamento que pode ser adaptado a diferentes contextos e territórios. A lógica é simples e poderosa: o que o Sebrae aplica em si mesmo, com propósito, mensuração e melhoria contínua, torna-se referência viva para os pequenos negócios que apoia.[/justify]
[justify]	A integração à estratégia institucional garante sustentabilidade e escalabilidade. As unidades do Sebrae Pernambuco incorporaram metas e indicadores ESG às suas entregas, gerando uma base sólida para expansão nacional. O plano de ação e a matriz de materialidade, por exemplo, são instrumentos padronizados e facilmente replicáveis por outras unidades federativas ou instituições públicas que desejem implantar políticas semelhantes.[/justify]
[justify]	Além do impacto interno, o Sebrae ESG se expande por meio de suas soluções para pequenos negócios, que traduzem os princípios de sustentabilidade em trilhas de capacitação, consultorias e metodologias práticas. São conteúdos sobre economia circular, gestão de resíduos, eficiência energética, inclusão produtiva, diversidade e governança ética, temas que fortalecem a competitividade e a perenidade das micro e pequenas empresas.[/justify]
[justify]	A experiência prática também inspirou novas frentes. O Conexão ESG, evento anual neutro em carbono, e o Transforma+, voltado à comunidade do entorno, mostraram viabilidade de parcerias multissetoriais e de formatos acessíveis, replicáveis e de alto impacto.[/justify]
[justify]	A médio e longo prazo, o Sebrae ESG consolida uma rede de práticas sustentáveis, conectando instituições, empreendedores e comunidades em torno da Agenda 2030, demonstrando que inovar com propósito é o caminho mais sólido para o desenvolvimento coletivo.[/justify]
"
"","Inovação Empresarial","sim","Inovação ESG","[justify]	O Sebrae ESG nasce do propósito de transformar o modo como a sustentabilidade é entendida e praticada dentro e fora da instituição. Partindo do reconhecimento de que pequenas atitudes geram grandes mudanças, o Sebrae Pernambuco assumiu o desafio de incorporar a lógica ESG não apenas em sua gestão, mas também como eixo de influência no Território e sobre os pequenos negócios no Estado.[/justify]
[justify]	A iniciativa responde a uma dor pública concreta: a falta de referência e apoio técnico para que empresas de menor porte possam adotar práticas ambientais, sociais e de governança de forma estruturada e viável. Ao mesmo tempo, enfrenta o desafio interno de traduzir a sustentabilidade em rotinas e decisões cotidianas, unindo eficiência, ética e impacto positivo.[/justify]
[justify]	A estratégia se baseia em uma governança sólida com adesão ao Pacto Global da ONU, definição de materialidade, plano de ação e mensuração de resultados e em práticas que vão do gerenciamento de resíduos e eficiência energética à inclusão produtiva de comunidades do entorno. [/justify]
[justify]	Mais do que resultados isolados, o Sebrae ESG consolida uma cultura. Ele conecta colaboradores, parceiros e empreendedores em torno de um novo modelo de desenvolvimento: aquele que une propósito e desempenho, ética e prosperidade, impacto e pertencimento. Assim, o Sebrae Pernambuco mostra que é possível gerar valor compartilhado, alinhado aos Objetivos de Desenvolvimento Sustentável da Agenda 2030, reforçando seu compromisso com um futuro mais justo, inclusivo e sustentável.[/justify]
","[justify]	O Sebrae ESG consolidou uma jornada de transformação mensurável, com resultados que unem impacto interno e social. No campo institucional, estruturou-se uma governança robusta, com adesão ao Pacto Global da ONU, matriz de materialidade, plano de ação e mensuração contínua. Esse movimento fortaleceu a cultura organizacional, com 100% das unidades engajadas e o reconhecimento do selo GPTW pelo terceiro ano consecutivo.[/justify]
[justify]	No eixo ambiental, as ações de eficiência e responsabilidade geraram efeitos concretos. Foram 150 kg de resíduos recicláveis reaproveitados, convertidos em benefício social, e 10 toneladas de CO₂ neutralizadas em eventos. A transição para o mercado livre de energia e a rota para certificação LEED reforçam o compromisso com uma operação mais limpa e eficiente.[/justify]
[justify]	Na frente social e territorial, os números refletem alcance e transformação. O programa Transforma+ realizou mais de 1.000 atendimentos à comunidade, mobilizando 16 instituições parceiras e 19 serviços. O Cestou do Bem, ação solidária que une doação de cestas básicas ao fomento do empreendedorismo, beneficiou 500 famílias em seis municípios pernambucanos, fortalecendo o protagonismo comunitário e contratando pequenos negócios locais para execução das atividades.[/justify]
[justify]	Já a Semana da Moda Sustentável – Reciclô uniu criatividade, empreendedorismo e economia circular, promovendo desfiles, oficinas e capacitações sobre moda consciente e reaproveitamento têxtil. O evento poupou 46.489 kg de CO₂, economizou 13.494 litros de água, evitou 1.640 kg de resíduos 	têxteis e gerou R$ 3.338,00 em vendas e o valor arrecadado revertido em ações sociais.[/justify]
[justify]	Esses resultados comprovam que o Sebrae ESG transforma princípios em prática e propósito em impacto real, promovendo desenvolvimento sustentável, inclusão e competitividade em todo o território pernambucano.[/justify]
[justify][/justify]","[justify]	O Sebrae ESG foi concebido desde o início como um modelo replicável de gestão e impacto. Sua estrutura não se limita a um projeto pontual, mas a um sistema de governança, metodologia e engajamento que pode ser adaptado a diferentes contextos e territórios. A lógica é simples e poderosa: o que o Sebrae aplica em si mesmo, com propósito, mensuração e melhoria contínua, torna-se referência viva para os pequenos negócios que apoia.[/justify]
[justify]	A integração à estratégia institucional garante sustentabilidade e escalabilidade. As unidades do Sebrae Pernambuco incorporaram metas e indicadores ESG às suas entregas, gerando uma base sólida para expansão nacional. O plano de ação e a matriz de materialidade, por exemplo, são instrumentos padronizados e facilmente replicáveis por outras unidades federativas ou instituições públicas que desejem implantar políticas semelhantes.[/justify]
[justify]	Além do impacto interno, o Sebrae ESG se expande por meio de suas soluções para pequenos negócios, que traduzem os princípios de sustentabilidade em trilhas de capacitação, consultorias e metodologias práticas. São conteúdos sobre economia circular, gestão de resíduos, eficiência energética, inclusão produtiva, diversidade e governança ética, temas que fortalecem a competitividade e a perenidade das micro e pequenas empresas.[/justify]
[justify]	A experiência prática também inspirou novas frentes. O Conexão ESG, evento anual neutro em carbono, e o Transforma+, voltado à comunidade do entorno, mostraram viabilidade de parcerias multissetoriais e de formatos acessíveis, replicáveis e de alto impacto.[/justify]
[justify]	A médio e longo prazo, o Sebrae ESG consolida uma rede de práticas sustentáveis, conectando instituições, empreendedores e comunidades em torno da Agenda 2030, demonstrando que inovar com propósito é o caminho mais sólido para o desenvolvimento coletivo.[/justify]
"
"","Inovação Social","sim","Empreendedorismo Social","[justify]O HUB Sesc de Tecnologias Sociais é uma iniciativa voltada à promoção da inovação social em territórios vulneráveis do Recife, articulando universidade, SESC e comunidades para o desenvolvimento de soluções sustentáveis nos territórios, a partir dos territórios e para os territórios. O projeto busca responder a um desafio central: a baixa inclusão produtiva de populações periféricas, agravada pela desigualdade de acesso a oportunidades de formação, tecnologia e geração de renda.[/justify]
[justify]Nesse sentido, o HUB propõe uma metodologia inovadora que integra cartografia social, educação empreendedora, inclusão digital, maratona de inovação social e pré-incubação de negócios sociais. O processo parte do reconhecimento coletivo dos territórios, Alto José do Pinho e Mangabeira, por meio da cartografia social, que mapeou potencialidades, desafios e vulnerabilidades com base nos eixos de atuação do SESC (Educação, Cultura, Saúde, Assistência e Lazer) e nos ODS 1, 8, 10 e 11.[/justify]
[justify]A partir dessas leituras, as comunidades foram envolvidas em oficinas de educação empreendedora e letramento digital. Em seguida, seguiram para maratonas de inovação social, nas quais foram desenvolvidas ideias e projetos voltados à geração de trabalho, renda e sustentabilidade local. Essas ideias, então, estão finalizando o processo de pré-incubação, com oferta de capacitação técnica e metodológica para o fortalecimento dos negócios sociais.[/justify]
[justify]O impacto esperado é a formação de lideranças comunitárias inovadoras, a estruturação de empreendimentos de base territorial e o fortalecimento das redes locais de cooperação. Além disso, o projeto vem consolidando uma tecnologia social replicável, capaz de ser adotada em outros territórios vulneráveis, promovendo o direito à cidade, a inclusão digital e o desenvolvimento sustentável a partir da escuta e do protagonismo local.[/justify]","[justify]O HUB Sesc de Tecnologias Sociais alcançou resultados expressivos ao longo de sua implementação, promovendo inclusão produtiva, fortalecimento comunitário e difusão de práticas inovadoras em dois territórios do Recife: Mangabeira e Alto José do Pinho. A partir da metodologia desenvolvida, que combina cartografia social, letramento digital, educação empreendedora e inovação social, foi possível transformar o conhecimento territorial em soluções concretas de impacto positivo para os territórios.[/justify]
[justify]Entre os resultados quantitativos, destaca-se a pré-incubação de 15 negócios sociais criados por moradores e coletivos dos dois territórios. Esses negócios emergiram das maratonas de inovação social, realizadas com base nos desafios e potencialidades mapeados na cartografia. As iniciativas envolvem áreas como economia criativa, alimentação saudável, meio ambiente e reciclagem, cultura e patrimônio, e serviços comunitários de assistência, saúde, educação e esportes, e representam novos caminhos de geração de trabalho e renda com foco na sustentabilidade local.[/justify]
[justify]Além disso, o projeto envolveu moradores, empreendedores, lideranças locais, pesquisadores da Universidade de Pernambuco, estudantes extensionistas de graduação e educadores populares. Foram realizadas oficinas de formação, trabalhos de campo, ações de mentoria e avaliação individual, que contribuíram para o desenvolvimento de competências digitais, empreendedoras e socioemocionais.[/justify]
[justify]Como evidências qualitativas, observou-se o fortalecimento das redes locais de cooperação, o aumento do sentimento de pertencimento e reconhecimento do território e a presença de mulheres e jovens nos processos de transformação social. O desenvolvimento do SIGWeb (Sistema de Informações Geográficas online) e da cartografia temática dos territórios vem consolidando uma base de dados inédita sobre dinâmicas socioeconômicas locais, acessível para futuras políticas públicas e ações do SESC.[/justify]
[justify]Os ganhos concretos incluem a criação de uma metodologia replicável, o empoderamento comunitário e a valorização dos saberes locais como instrumentos de inovação social, demonstrando que o desenvolvimento sustentável é possível quando a tecnologia está a serviço das pessoas e dos territórios.[/justify]","[justify]O HUB Sesc de Tecnologias Sociais foi concebido desde sua origem como uma tecnologia social replicável, capaz de ser adaptada a diferentes contextos territoriais e institucionais. Sua metodologia foi desenhada de forma modular e flexível, articulando quatro eixos integrados, cartografia social, inclusão digital, educação empreendedora e inovação social, que podem ser aplicados isoladamente ou de maneira integrada, conforme as especificidades de cada território.[/justify]
[justify]A iniciativa está consolidando um Guia Metodológico de Transferência Tecnológica, que sistematiza as etapas, ferramentas e aprendizados do projeto, servindo como referência prática para gestores públicos, educadores e instituições interessadas em promover processos de desenvolvimento local sustentáveis. Esse guia está sendo transferido ao SESC Pernambuco como tecnologia social validada, permitindo sua replicação em novas comunidades urbanas, com suporte técnico e pedagógico já estruturado.[/justify]
[justify]O modelo do HUB se baseia na lógica de formação em rede, estimulando a criação de núcleos locais de inovação social (“mini-HUBs”) em parceria com escolas, coletivos culturais, associações e universidades. Essa característica fortalece a autonomia comunitária e o protagonismo dos territórios, favorecendo a sustentabilidade social e econômica das ações.[/justify]
[justify]Em termos de potencial de escala, a metodologia dialoga diretamente com os Objetivos de Desenvolvimento Sustentável (ODS 1, 8, 10 e 11), o que possibilita sua integração a políticas públicas de combate à pobreza, redução das desigualdades e promoção de cidades mais sustentáveis. Além disso, o uso de ferramentas geoespaciais (SIGWeb) e o registro de dados sistematizados tornam o modelo facilmente replicável em diferentes regiões, preservando a identidade e o contexto local.[/justify]
[justify]Comprovadamente efetivo em dois territórios do Recife, o HUB Sesc de Tecnologias Sociais demonstra viabilidade metodológica, técnica e social para ser expandido a outros territórios, fortalecendo redes interinstitucionais e consolidando um ecossistema de inovação social territorializada.[/justify]"
"","Inovação Social","sim","Empreendedorismo Social","Um banho de chuveiro através de uma estrutura móvel, levando dignidade a moradores em situação de rua.","[quote]Através da ação do banho, onde levamos um kit de higiene composto por sabonete, toalha, creme dental, escova de dente promovemos o bem na vida dessas pessoas, e no final é servido uma refeição para aqueles que não tiveram o que comer e estão famintos, gerando conforto e atenção na vida deles. Faça o bem sem olhar a quem...[/quote]","Por se tratar de uma estrutura móvel tem alcance de escala, pois pode chegar em muitos lugares. Tudo começa com uma boa programação, pois a comunidade precisa ter conhecimento do alcance e do propósito para que vidas sejam alcançadas e restauradas."
"sim","","","Empreendedorismo Social","O [b]Berlim Social[/b] é um programa de inclusão e impacto social criado pela [b]Berlim Digital[/b], escola referência em Comunicação, Marketing, Dados e Inovação localizada no Porto Digital (Recife-PE). A iniciativa nasceu da crença de que o conhecimento transforma realidades e de que o acesso à educação de qualidade deve ser um direito de todos. Seu propósito é [b]capacitar pessoas em vulnerabilidade social, especialmente pessoas trans, travestis e de baixa renda, para inseri-las no mercado de trabalho e fortalecer o ecossistema criativo e tecnológico local[/b].
A dor central enfrentada é a [b]exclusão educacional e profissional[/b] de grupos historicamente marginalizados, que encontram barreiras econômicas e institucionais para acessar formação e oportunidades de trabalho em áreas digitais.
O programa oferece [b]bolsas integrais (100%) em cursos presenciais e online[/b], abrangendo temas como redes sociais, UX Design, Tráfego Pago, Análise de Dados, Audiovisual e outros campos estratégicos do futuro do trabalho digital.
Com iniciativas como o [b]TransFree[/b], voltado à comunidade trans e travesti, e o [b]Baixa Renda[/b], para pessoas inscritas no CadÚnico ou com renda familiar até dois salários mínimos, o Berlim Social atua como ponte entre talentos e oportunidades. O impacto esperado é [b]a redução da desigualdade social, o aumento da empregabilidade e o fortalecimento da diversidade no mercado criativo e tecnológico[/b].

Também já fizemos outras ações como ""Paguem quanto puder"" para auxiliar profissionais e empresas que perderam seus negócios durante a pandemia.","Desde sua origem, a Berlim Digital vem realizando ações sociais contínuas, como palestras, eventos e mentorias voltadas à comunidade LGBTQIAPN+  e consolidou o [b]Berlim Social[/b] como uma política institucional de inclusão.
Nos últimos anos, mais de [b]250 pessoas foram impactadas diretamente[/b] por meio de cursos, mentorias e ações abertas. As turmas do programa [b]TransFree[/b] registraram [b]aumento de 70% na autoconfiança profissional[/b] das participantes e [b]40% de inserção no mercado formal ou freelance[/b] após a conclusão dos cursos.

Entre os resultados qualitativos, destacam-se [b]a criação de redes de apoio e empregabilidade[/b], o engajamento com empresas parceiras e a consolidação da Berlim Digital como [b]um polo de educação inclusiva dentro do ecossistema do Porto Digital[/b].","O modelo do [b]Berlim Social[/b] é totalmente [b]replicável e escalável[/b]. Ele foi desenhado de forma modular, podendo ser adaptado por outras escolas e hubs de inovação que desejem implementar políticas de inclusão semelhantes.

A metodologia baseia-se em três pilares: [b]educação acessível[/b], [b]formação prática para o mercado digital[/b] e [b]acompanhamento pós-curso[/b]. Por sua natureza de baixo custo e alto impacto, o programa pode ser [b]expandido para outros territórios[/b] por meio de parcerias com ONGs, empresas de tecnologia e governos municipais ou estaduais.

A Berlim Digital já estuda a ampliação do programa para ooutras capitais do [b]Nordeste[/b], priorizando cidades com polos criativos emergentes. A longo prazo, o objetivo é [b]criar uma rede nacional de inclusão digital[/b] que forme novos profissionais e reduza as desigualdades regionais no acesso ao conhecimento."
"","Inovação Empresarial","sim","Inovação ESG","O [b]Berlim Social[/b] é um programa de inclusão e impacto social criado pela [b]Berlim Digital[/b], escola referência em Comunicação, Marketing, Dados e Inovação localizada no Porto Digital (Recife-PE). A iniciativa nasceu da crença de que o conhecimento transforma realidades e de que o acesso à educação de qualidade deve ser um direito de todos. Seu propósito é [b]capacitar pessoas em vulnerabilidade social, especialmente pessoas trans, travestis e de baixa renda, para inseri-las no mercado de trabalho e fortalecer o ecossistema criativo e tecnológico local[/b].
A dor central enfrentada é a [b]exclusão educacional e profissional[/b] de grupos historicamente marginalizados, que encontram barreiras econômicas e institucionais para acessar formação e oportunidades de trabalho em áreas digitais.
O programa oferece [b]bolsas integrais (100%) em cursos presenciais e online[/b], abrangendo temas como redes sociais, UX Design, Tráfego Pago, Análise de Dados, Audiovisual e outros campos estratégicos do futuro do trabalho digital.
Com iniciativas como o [b]TransFree[/b], voltado à comunidade trans e travesti, e o [b]Baixa Renda[/b], para pessoas inscritas no CadÚnico ou com renda familiar até dois salários mínimos, o Berlim Social atua como ponte entre talentos e oportunidades. O impacto esperado é [b]a redução da desigualdade social, o aumento da empregabilidade e o fortalecimento da diversidade no mercado criativo e tecnológico[/b].

Também já fizemos outras ações como ""Paguem quanto puder"" para auxiliar profissionais e empresas que perderam seus negócios durante a pandemia.","Desde sua origem, a Berlim Digital vem realizando ações sociais contínuas, como palestras, eventos e mentorias voltadas à comunidade LGBTQIAPN+  e consolidou o [b]Berlim Social[/b] como uma política institucional de inclusão.
Nos últimos anos, mais de [b]250 pessoas foram impactadas diretamente[/b] por meio de cursos, mentorias e ações abertas. As turmas do programa [b]TransFree[/b] registraram [b]aumento de 70% na autoconfiança profissional[/b] das participantes e [b]40% de inserção no mercado formal ou freelance[/b] após a conclusão dos cursos.

Entre os resultados qualitativos, destacam-se [b]a criação de redes de apoio e empregabilidade[/b], o engajamento com empresas parceiras e a consolidação da Berlim Digital como [b]um polo de educação inclusiva dentro do ecossistema do Porto Digital[/b].","O modelo do [b]Berlim Social[/b] é totalmente [b]replicável e escalável[/b]. Ele foi desenhado de forma modular, podendo ser adaptado por outras escolas e hubs de inovação que desejem implementar políticas de inclusão semelhantes.

A metodologia baseia-se em três pilares: [b]educação acessível[/b], [b]formação prática para o mercado digital[/b] e [b]acompanhamento pós-curso[/b]. Por sua natureza de baixo custo e alto impacto, o programa pode ser [b]expandido para outros territórios[/b] por meio de parcerias com ONGs, empresas de tecnologia e governos municipais ou estaduais.

A Berlim Digital já estuda a ampliação do programa para ooutras capitais do [b]Nordeste[/b], priorizando cidades com polos criativos emergentes. A longo prazo, o objetivo é [b]criar uma rede nacional de inclusão digital[/b] que forme novos profissionais e reduza as desigualdades regionais no acesso ao conhecimento."
"","Startup Inovadora","sim","Startup conectada com a cidade","As mudanças climáticas intensificam problemas urbanos como chuvas extremas, ondas de calor e alagamentos, agravados pela impermeabilização do solo e pela perda de áreas verdes. Esses fatores comprometem a infraestrutura, elevam o consumo energético e reduzem a qualidade de vida. A drenagem urbana insuficiente e o aumento das precipitações ampliam riscos de enchentes e deslizamentos, exigindo soluções sustentáveis e acessíveis.
Nesse contexto, a infraestrutura verde surge como estratégia essencial para restaurar o ciclo natural da água e reduzir os impactos ambientais. Telhados verdes, jardins de chuva e pavimentos permeáveis integram abordagens como o [i]Low Impact Development (LID)[/i] e o [i]Water Sensitive Urban Design (WSUD)[/i], amplamente aplicadas em cidades resilientes. No Brasil, legislações municipais, como as de Recife e Caruaru, já incentivam o uso de telhados verdes por meio de benefícios fiscais e exigências construtivas.
Contudo, o uso dessa tecnologia ainda é limitado por desconhecimento, percepção de alto custo e resistência do mercado. Para enfrentar esses desafios, a Moverdes desenvolveu o [b]MoTIVE (Módulo de Telhado Inovador Verde Extensivo)[/b] — um sistema modular leve, sustentável e de fácil instalação, fabricado com materiais reciclados.
O MoTIVE reduz a temperatura urbana e o consumo de energia, melhora o conforto térmico e retém água pluvial, mitigando enchentes e promovendo eficiência hídrica. Sua modularidade permite ampla aplicação em edificações residenciais, comerciais e industriais, além de facilitar certificações ambientais como LEED e AQUA-HQE e gerar benefícios fiscais via IPTU Verde.
Com essa inovação, a Moverdes atua como agente de transformação urbana, oferecendo uma solução que alia impacto ambiental positivo, viabilidade econômica e escalabilidade, contribuindo diretamente para o desenvolvimento de cidades mais verdes, resilientes e adaptadas às mudanças climáticas.","[justify][highlight=transparent]A base científica que embasa o desenvolvimento do MoTIVE está profundamente vinculada às pesquisas acadêmicas conduzidas pela nossa equipe de telhados verdes do Grupo de Recursos Hídricos da Universidade Federal de Pernambuco. Conforme Leonardo (2021), telhados verdes e ecológicos apresentam considerável desempenho térmico, reduzindo a temperatura interna em relação às coberturas convencionais. A utilização de telhados ecológicos feitos com materiais reciclados, como garrafas PET e embalagens Tetra Pak, mostrou-se eficaz na conservação da temperatura e na melhoria do conforto térmico. Além disso, tais soluções contribuem para a regulação da umidade do ar em períodos de maior precipitação. Esses resultados evidenciam o potencial sustentável e funcional dessas tipologias de cobertura para áreas urbanas.[/highlight][/justify]
[justify][/justify]
[justify][highlight=transparent]Segundo Rocha (2020), sistemas de cobertura vegetada executados com garrafas PET e embalagens TetraPak podem reduzir a temperatura interna em até 2,7 °C em relação às máximas externas e em 1,6 °C quando comparados a telhados convencionais, evidenciando sua eficiência em regiões de clima semiárido.[/highlight][/justify]
[justify][/justify]
[justify][highlight=transparent]De acordo com Vilarim (2022), em região de clima tropical úmido, telhados verdes garantiram conforto térmico em até 80,6% dos dias avaliados, em comparação a apenas 51,6% observados em edificações com telhados convencionais. Este resultado reforça a eficiência e a aplicabilidade da tecnologia em regiões de clima tropical úmido. [/highlight][/justify]
[justify][/justify]
[justify][highlight=transparent]Outros estudos complementares reforçam os impactos positivos da tecnologia em múltiplas dimensões. Conforme Gomes (2019), pesquisas sobre qualidade da água coletada em telhados ecológicos em clima tropical úmido revelam a necessidade de cuidados como a filtragem das primeiras águas de chuva, mas confirmam a viabilidade de aproveitamento para usos não potáveis.[/highlight][/justify]
[justify][/justify]
[justify][highlight=transparent]Ademais, Santos, Rocha e Leonardo (2022), em artigo publicado sobre os desafios da apropriação das tecnologias verdes por comunidades de baixa renda, destacam a importância de democratizar o acesso às soluções sustentáveis, de modo a promover inclusão social e redução das desigualdades ambientais.[/highlight][/justify]
[justify][/justify]
[justify][highlight=transparent]Por fim, esses resultados se articulam com a literatura internacional, que reforça a amplitude dos benefícios dos telhados verdes. Segundo Oberndorfer et al. (2007), os telhados verdes desempenham papel crucial na resiliência urbana, favorecendo a biodiversidade, a retenção hídrica e a regulação climática. Enquanto Vijayaraghavan (2016) ressalta que a escalabilidade e a replicabilidade desses sistemas os tornam instrumentos estratégicos para a adaptação das cidades frente às mudanças climáticas globais.[/highlight][/justify]
","O entregável é o [b]Módulo de Telhado Inovador Verde Extensivo (MoTIVE)[/b], produzido a partir de resíduos plásticos descartados. Esse produto inovador oferece benefícios térmicos, como a redução da temperatura interna; financeiros, ao diminuir custos com energia para refrigeração; e hidrológicos, ao mitigar riscos de alagamentos no local de instalação. Seu design modular permite a aplicação em diferentes tipos e tamanhos de coberturas, adequando-se às necessidades de cada cliente.
[b]Características operacionais:[/b] os principais recursos necessários à viabilidade do negócio incluem fontes confiáveis de materiais reciclados, tanto em qualidade quanto em quantidade; equipe técnica especializada para projetar, confeccionar e instalar o MoTIVE; uma plataforma de e-commerce robusta para comercialização; parcerias estratégicas com fornecedores e distribuidores; além de tecnologias e equipamentos adequados aos processos de fabricação.

[b]Clientela e modelo de negócios:[/b] embora proprietários residenciais possam se interessar pela melhoria estética e eficiência energética de suas casas, o público-alvo principal se concentra nos modelos [b]B2G (business-to-government)[/b] — órgãos públicos e instituições interessadas em edificações sustentáveis — e [b]B2B (business-to-business)[/b] — empresas construtoras, profissionais da construção civil, urbanistas, engenheiros e arquitetos que buscam incorporar práticas sustentáveis em seus projetos.
[b]Tamanho de mercado:[/b] o setor de tecnologias sustentáveis na construção civil, onde o MoTIVE se insere, movimenta atualmente cerca de [b]R$ 5 milhões por ano[/b], com taxa média de crescimento de [b]2% ao ano[/b], podendo dobrar em uma década e atingir aproximadamente [b]R$ 10 milhões anuais[/b]. Essa projeção reflete o potencial de expansão e a relevância de soluções inovadoras como o MoTIVE para o mercado da construção sustentável.

[b]Concorrência:[/b] os telhados verdes disponíveis atualmente são, em geral, construídos in loco ou pré-moldados, priorizando critérios estéticos e métodos tradicionais. A proposta da Moverdes diferencia-se por reunir amplo conhecimento experimental, laboratorial e de modelagem numérica, resultando em um telhado verde modular otimizado para retenção de águas pluviais e conforto térmico, utilizando resíduos plásticos reciclados — uma inovação ainda inexistente no mercado nacional.

[b]Estratégias de comercialização:[/b] as fontes de receita incluem a venda direta dos MoTIVEs, serviços de manutenção periódica, consultorias e projetos personalizados, além de possíveis parcerias com construtoras e participação em licitações públicas.

[b]Divulgação:[/b] o plano de comunicação envolve o site institucional e o e-commerce, redes sociais, participação em feiras e eventos do setor, contatos diretos com construtoras e arquitetos, e atuação de uma equipe de vendas especializada.

[b]Relacionamento com clientes:[/b] prevê-se atendimento personalizado com consultorias, suporte técnico durante e após a instalação, espaço no site para depoimentos e avaliações, além de programas de fidelidade com descontos e benefícios para clientes recorrentes.

O [b]MoTIVE[/b] possui [b]alto potencial de replicabilidade[/b], uma vez que sua tecnologia modular permite adaptação a diferentes tipologias de edificações — de grandes empreendimentos comerciais e industriais a residências unifamiliares — e sua aplicação pode ser expandida para diversos contextos urbanos e climáticos, tornando-o uma solução escalável no Brasil e no exterior.
[b]Condições para replicabilidade:[/b]
[ml][ul][li indent=0 align=left][b]Infraestrutura de produção e logística:[/b] fornecimento contínuo de materiais reciclados e processos padronizados para garantir qualidade e viabilidade econômica;[/li][li indent=0 align=left][b]Apoio regulatório e incentivos:[/b] programas de IPTU Verde, certificações ambientais e políticas públicas de incentivo à construção sustentável;[/li][li indent=0 align=left][b]Engajamento do setor imobiliário e da construção civil:[/b] adesão de incorporadoras, construtoras e arquitetos como agentes de difusão da tecnologia;[/li][li indent=0 align=left][b]Capacitação técnica:[/b] formação de profissionais qualificados para instalação e manutenção, fortalecendo uma cadeia de serviços sustentáveis;[/li][li indent=0 align=left][b]Acesso ao mercado e modelos de negócio sustentáveis:[/b] expansão via parcerias estratégicas, franquias ou licenciamento da tecnologia para empresas e governos comprometidos com infraestrutura verde.[/li][/ul][/ml]"
"","Startup Inovadora","sim","Startup Ascenção","A Liga FFPE - Free Fire Pernambuco - é uma iniciativa de movimentar novamente o cenário esportivo competitivo eletrônico de Free Fire no estado de Pernambuco. Após o fim da pandemia, surgiram várias iniciativas de campeonatos que duraram pouco. A Liga FFPE visa retomar um cenário organizado com jogadores e times de Free Fire.","Após o primeiro evento presencial realizado na cidade de Buenos Aires, surgiram várias propostas de realização do evento presencial em outras cidades do estado.","Assim como no futebol, há público e demanda para que o evento presencial cresça e conte com públicos espectadores a partir de 10 mil pessoas."
"sim","","","Inovação empresarial","[color=rgb(68, 68, 68)]A Keycore Tech Hub é uma aceleradora de inovação que ajuda novos negócios a transformar ideias em MVPs (mínimos produtos viáveis) de forma simples, rápida e acessível. Nossa iniciativa responde a um desafio comum do ecossistema recifense: a dificuldade de validar soluções tecnológicas em tempo hábil e com baixo custo, o que muitas vezes impede startups e empreendedores de testar suas ideias e gerar impacto real na cidade.[/color]

[color=rgb(68, 68, 68)]Por meio de um modelo de aceleração ágil, oferecemos infraestrutura tecnológica, mentoria técnica e apoio estratégico para a criação e validação de produtos digitais voltados a desafios urbanos, como mobilidade, educação, meio ambiente e gestão pública. A Keycore atua como ponte entre empreendedores, universidades e órgãos públicos, conectando inovação privada às necessidades concretas do Recife.[/color]

[color=rgb(68, 68, 68)]Desde o início do programa, já apoiamos o desenvolvimento de mais de 20 MVPs, com tempo médio de entrega reduzido em 60% e custo operacional até 40% menor em comparação com modelos tradicionais. Esses resultados fortalecem o ecossistema local de inovação e estimulam o surgimento de soluções tecnológicas voltadas para a melhoria da qualidade de vida do cidadão recifense.[/color]

[color=rgb(68, 68, 68)]Nosso objetivo é democratizar o acesso à inovação, permitindo que mais empreendedores validem suas ideias, gerem emprego e criem impacto positivo na cidade. Com a Keycore, a inovação deixa de ser um processo distante e passa a ser uma ferramenta prática de transformação urbana e social.[/color]","[color=rgb(68, 68, 68)]A Keycore Tech Hub vem acelerando ideias e transformando projetos em soluções reais. Já apoiamos o desenvolvimento de MVPs e produtos como [/color][b][color=rgb(68, 68, 68)]StridApp[/color][/b][color=rgb(68, 68, 68)], [/color][b][color=rgb(68, 68, 68)]3H DataHosp[/color][/b][color=rgb(68, 68, 68)], [/color][b][color=rgb(68, 68, 68)]Bystone[/color][/b][color=rgb(68, 68, 68)], [/color][b][color=rgb(68, 68, 68)]BeSail[/color][/b][color=rgb(68, 68, 68)], [/color][b][color=rgb(68, 68, 68)]Navicomex[/color][/b][color=rgb(68, 68, 68)], [/color][b][color=rgb(68, 68, 68)]JuryScan[/color][/b][color=rgb(68, 68, 68)] e [/color][b][color=rgb(68, 68, 68)]Jurys[/color][/b][color=rgb(68, 68, 68)], todos criados ou aprimorados dentro do nosso ecossistema de inovação.[/color]

[color=rgb(68, 68, 68)]Entre as iniciativas próprias, destacamos o [/color][b][color=rgb(68, 68, 68)]IoT for Baby[/color][/b][color=rgb(68, 68, 68)], que une tecnologia e propósito social na doação de fraldas com sensores de umidade e monitoramento em tempo real. Também atuamos na [/color][b][color=rgb(68, 68, 68)]escrita de livros técnicos[/color][/b][color=rgb(68, 68, 68)], como “Segurança e Privacidade de Dados” e “O que é IoT”, com foco em educação e inclusão digital.[/color]

[color=rgb(68, 68, 68)]Mantemos o programa [/color][b][color=rgb(68, 68, 68)]“Quarta Conecta”[/color][/b][color=rgb(68, 68, 68)], no qual doamos semanalmente uma [/color][b][color=rgb(68, 68, 68)]landing page gratuita[/color][/b][color=rgb(68, 68, 68)] para pequenos empreendedores e criadores locais. Já realizamos mais de [/color][b][color=rgb(68, 68, 68)]5 entregas completas[/color][/b][color=rgb(68, 68, 68)], fortalecendo a presença digital de quem está começando.[/color]

[color=rgb(68, 68, 68)]Oferecemos [/color][b][color=rgb(68, 68, 68)]consultorias gratuitas[/color][/b][color=rgb(68, 68, 68)] para startups da [/color][b][color=rgb(68, 68, 68)]comunidade Manguezal[/color][/b][color=rgb(68, 68, 68)], apoiando planejamento e validação de negócios. Atualmente, [/color][b][color=rgb(68, 68, 68)]mais de 15 estagiários[/color][/b][color=rgb(68, 68, 68)] participam ativamente de projetos internos, como [/color][b][color=rgb(68, 68, 68)]SmartDrink (IoT)[/color][/b][color=rgb(68, 68, 68)], [/color][b][color=rgb(68, 68, 68)]Barbearia Social[/color][/b][color=rgb(68, 68, 68)] e uma plataforma de [/color][b][color=rgb(68, 68, 68)]gamificação voltada ao turismo, cultura e educação[/color][/b][color=rgb(68, 68, 68)].[/color]


[color=rgb(68, 68, 68)]Esses resultados mostram que a Keycore não apenas cria tecnologia, mas constrói pontes, entre pessoas, ideias e oportunidades, fortalecendo o ecossistema recifense com propósito, colaboração e impacto real.[/color]","[color=rgb(68, 68, 68)]A Keycore Tech Hub nasceu com um modelo naturalmente escalável. Nossa estrutura combina tecnologia acessível, metodologia ágil e colaboração com a comunidade, o que nos permite [/color][b][color=rgb(68, 68, 68)]reproduzir e adaptar a aceleração de negócios em diferentes contextos e territórios[/color][/b][color=rgb(68, 68, 68)].[/color]

[color=rgb(68, 68, 68)]O formato de mentoria e desenvolvimento rápido de MVPs pode ser aplicado em qualquer cidade que busque fortalecer seu ecossistema de inovação. Já apoiamos iniciativas de fora do Recife, mantendo o mesmo padrão de entrega, o que comprova nossa [/color][b][color=rgb(68, 68, 68)]capacidade de replicar resultados com consistência[/color][/b][color=rgb(68, 68, 68)].[/color]

[color=rgb(68, 68, 68)]Projetos como [/color][b][color=rgb(68, 68, 68)]StridApp[/color][/b][color=rgb(68, 68, 68)], [/color][b][color=rgb(68, 68, 68)]BeSail[/color][/b][color=rgb(68, 68, 68)] e [/color][b][color=rgb(68, 68, 68)]SmartDrink[/color][/b][color=rgb(68, 68, 68)] foram desenvolvidos em ciclos curtos e podem ser facilmente replicados por outros hubs ou prefeituras que desejem criar soluções locais de alto impacto. Além disso, programas como o [/color][b][color=rgb(68, 68, 68)]“Quarta Conecta”[/color][/b][color=rgb(68, 68, 68)] e as [/color][b][color=rgb(68, 68, 68)]consultorias gratuitas para startups do Manguezal[/color][/b][color=rgb(68, 68, 68)] mostram que é possível levar o mesmo formato de apoio comunitário e digitalização a novos públicos, com baixo custo e alto retorno social.[/color]

[color=rgb(68, 68, 68)]A metodologia da Keycore se baseia em ferramentas abertas e infraestrutura modular, o que permite [/color][b][color=rgb(68, 68, 68)]ampliar operações sem aumentar proporcionalmente os custos[/color][/b][color=rgb(68, 68, 68)]. Isso garante sustentabilidade e potencial de expansão para médio e longo prazo, mantendo a essência de inclusão, aprendizado e impacto positivo.[/color]

[color=rgb(68, 68, 68)]Nosso propósito é claro: mostrar que inovação pode ser simples, humana e expansiva. A Keycore é uma iniciativa viva, pronta para crescer com a cidade, e com qualquer comunidade que acredite no poder de transformar boas ideias em soluções reais.[/color]"
"","Inovação Empresarial","sim","Inovação empresarial","[color=rgb(68, 68, 68)]A Keycore Tech Hub é uma aceleradora de inovação que ajuda novos negócios a transformar ideias em MVPs (mínimos produtos viáveis) de forma simples, rápida e acessível. Nossa iniciativa responde a um desafio comum do ecossistema recifense: a dificuldade de validar soluções tecnológicas em tempo hábil e com baixo custo, o que muitas vezes impede startups e empreendedores de testar suas ideias e gerar impacto real na cidade.[/color]

[color=rgb(68, 68, 68)]Por meio de um modelo de aceleração ágil, oferecemos infraestrutura tecnológica, mentoria técnica e apoio estratégico para a criação e validação de produtos digitais voltados a desafios urbanos, como mobilidade, educação, meio ambiente e gestão pública. A Keycore atua como ponte entre empreendedores, universidades e órgãos públicos, conectando inovação privada às necessidades concretas do Recife.[/color]

[color=rgb(68, 68, 68)]Desde o início do programa, já apoiamos o desenvolvimento de mais de 20 MVPs, com tempo médio de entrega reduzido em 60% e custo operacional até 40% menor em comparação com modelos tradicionais. Esses resultados fortalecem o ecossistema local de inovação e estimulam o surgimento de soluções tecnológicas voltadas para a melhoria da qualidade de vida do cidadão recifense.[/color]

[color=rgb(68, 68, 68)]Nosso objetivo é democratizar o acesso à inovação, permitindo que mais empreendedores validem suas ideias, gerem emprego e criem impacto positivo na cidade. Com a Keycore, a inovação deixa de ser um processo distante e passa a ser uma ferramenta prática de transformação urbana e social.[/color]","[color=rgb(68, 68, 68)]A Keycore Tech Hub vem acelerando ideias e transformando projetos em soluções reais. Já apoiamos o desenvolvimento de MVPs e produtos como [/color][b][color=rgb(68, 68, 68)]StridApp[/color][/b][color=rgb(68, 68, 68)], [/color][b][color=rgb(68, 68, 68)]3H DataHosp[/color][/b][color=rgb(68, 68, 68)], [/color][b][color=rgb(68, 68, 68)]Bystone[/color][/b][color=rgb(68, 68, 68)], [/color][b][color=rgb(68, 68, 68)]BeSail[/color][/b][color=rgb(68, 68, 68)], [/color][b][color=rgb(68, 68, 68)]Navicomex[/color][/b][color=rgb(68, 68, 68)], [/color][b][color=rgb(68, 68, 68)]JuryScan[/color][/b][color=rgb(68, 68, 68)] e [/color][b][color=rgb(68, 68, 68)]Jurys[/color][/b][color=rgb(68, 68, 68)], todos criados ou aprimorados dentro do nosso ecossistema de inovação.[/color]

[color=rgb(68, 68, 68)]Entre as iniciativas próprias, destacamos o [/color][b][color=rgb(68, 68, 68)]IoT for Baby[/color][/b][color=rgb(68, 68, 68)], que une tecnologia e propósito social na doação de fraldas com sensores de umidade e monitoramento em tempo real. Também atuamos na [/color][b][color=rgb(68, 68, 68)]escrita de livros técnicos[/color][/b][color=rgb(68, 68, 68)], como “Segurança e Privacidade de Dados” e “O que é IoT”, com foco em educação e inclusão digital.[/color]

[color=rgb(68, 68, 68)]Mantemos o programa [/color][b][color=rgb(68, 68, 68)]“Quarta Conecta”[/color][/b][color=rgb(68, 68, 68)], no qual doamos semanalmente uma [/color][b][color=rgb(68, 68, 68)]landing page gratuita[/color][/b][color=rgb(68, 68, 68)] para pequenos empreendedores e criadores locais. Já realizamos mais de [/color][b][color=rgb(68, 68, 68)]5 entregas completas[/color][/b][color=rgb(68, 68, 68)], fortalecendo a presença digital de quem está começando.[/color]

[color=rgb(68, 68, 68)]Oferecemos [/color][b][color=rgb(68, 68, 68)]consultorias gratuitas[/color][/b][color=rgb(68, 68, 68)] para startups da [/color][b][color=rgb(68, 68, 68)]comunidade Manguezal[/color][/b][color=rgb(68, 68, 68)], apoiando planejamento e validação de negócios. Atualmente, [/color][b][color=rgb(68, 68, 68)]mais de 15 estagiários[/color][/b][color=rgb(68, 68, 68)] participam ativamente de projetos internos, como [/color][b][color=rgb(68, 68, 68)]SmartDrink (IoT)[/color][/b][color=rgb(68, 68, 68)], [/color][b][color=rgb(68, 68, 68)]Barbearia Social[/color][/b][color=rgb(68, 68, 68)] e uma plataforma de [/color][b][color=rgb(68, 68, 68)]gamificação voltada ao turismo, cultura e educação[/color][/b][color=rgb(68, 68, 68)].[/color]


[color=rgb(68, 68, 68)]Esses resultados mostram que a Keycore não apenas cria tecnologia, mas constrói pontes, entre pessoas, ideias e oportunidades, fortalecendo o ecossistema recifense com propósito, colaboração e impacto real.[/color]","[color=rgb(68, 68, 68)]A Keycore Tech Hub nasceu com um modelo naturalmente escalável. Nossa estrutura combina tecnologia acessível, metodologia ágil e colaboração com a comunidade, o que nos permite [/color][b][color=rgb(68, 68, 68)]reproduzir e adaptar a aceleração de negócios em diferentes contextos e territórios[/color][/b][color=rgb(68, 68, 68)].[/color]

[color=rgb(68, 68, 68)]O formato de mentoria e desenvolvimento rápido de MVPs pode ser aplicado em qualquer cidade que busque fortalecer seu ecossistema de inovação. Já apoiamos iniciativas de fora do Recife, mantendo o mesmo padrão de entrega, o que comprova nossa [/color][b][color=rgb(68, 68, 68)]capacidade de replicar resultados com consistência[/color][/b][color=rgb(68, 68, 68)].[/color]

[color=rgb(68, 68, 68)]Projetos como [/color][b][color=rgb(68, 68, 68)]StridApp[/color][/b][color=rgb(68, 68, 68)], [/color][b][color=rgb(68, 68, 68)]BeSail[/color][/b][color=rgb(68, 68, 68)] e [/color][b][color=rgb(68, 68, 68)]SmartDrink[/color][/b][color=rgb(68, 68, 68)] foram desenvolvidos em ciclos curtos e podem ser facilmente replicados por outros hubs ou prefeituras que desejem criar soluções locais de alto impacto. Além disso, programas como o [/color][b][color=rgb(68, 68, 68)]“Quarta Conecta”[/color][/b][color=rgb(68, 68, 68)] e as [/color][b][color=rgb(68, 68, 68)]consultorias gratuitas para startups do Manguezal[/color][/b][color=rgb(68, 68, 68)] mostram que é possível levar o mesmo formato de apoio comunitário e digitalização a novos públicos, com baixo custo e alto retorno social.[/color]

[color=rgb(68, 68, 68)]A metodologia da Keycore se baseia em ferramentas abertas e infraestrutura modular, o que permite [/color][b][color=rgb(68, 68, 68)]ampliar operações sem aumentar proporcionalmente os custos[/color][/b][color=rgb(68, 68, 68)]. Isso garante sustentabilidade e potencial de expansão para médio e longo prazo, mantendo a essência de inclusão, aprendizado e impacto positivo.[/color]

[color=rgb(68, 68, 68)]Nosso propósito é claro: mostrar que inovação pode ser simples, humana e expansiva. A Keycore é uma iniciativa viva, pronta para crescer com a cidade, e com qualquer comunidade que acredite no poder de transformar boas ideias em soluções reais.[/color]"
"","Inovação Científica","sim","Instituição de Pesquisa/Extensão Inovadora","[justify]O Centro de Tecnologias Estratégicas do Nordeste (CETENE), unidade do Ministério da Ciência, Tecnologia e Inovação (MCTI), atua como vetor de inovação para o desenvolvimento sustentável e inclusivo da região. A dor central é o baixo aproveitamento do potencial científico e tecnológico nordestino para enfrentar desafios locais. A proposta do CETENE é transformar conhecimento em soluções tecnológicas aplicáveis e acessíveis, fortalecendo a bioeconomia regional e reduzindo desigualdades estruturais.[/justify]
[justify] [/justify]
[justify]Com mais de 500 equipamentos em 15 laboratórios e duas unidades produtivas, o CETENE viabiliza a criação de bioprodutos, biofertilizantes e nanomateriais voltados à recomposição ambiental, energias renováveis e agricultura sustentável. Como Unidade EMBRAPII BiotecCETENE, fomenta parcerias com empresas e startups para desenvolver tecnologias limpas e viáveis economicamente, promovendo geração de renda e inclusão produtiva. Essa abordagem responde diretamente ao desafio público de estimular inovação e sustentabilidade urbana, articulando ciência, setor produtivo e sociedade. Destaca-se, ainda, a IncubaScience, primeira incubadora de deeptechs do Nordeste.[/justify]
[justify] [/justify]
[justify]Entre os resultados, destacam-se o Programa Mata Atlântica, que aplica biotecnologia na recuperação do bioma; a criação de bioplásticos biodegradáveis a partir de resíduos agroindustriais; o Programa Futuras Cientistas, que insere alunas da rede pública no mundo da pesquisa; e o Programa de Inovações Científicas Empreendedoras para o Combate à Desertificação do Nordeste – CODE.NE, com ações integradas de PD&I. Tais soluções alinham-se a 16 dos 17 ODS da ONU, sobretudo os de ação climática, consumo responsável e preservação ambiental.[/justify]
[justify] [/justify]
[justify]O impacto esperado é o fortalecimento da capacidade científica regional, a geração de empregos qualificados e a expansão da economia verde. O CETENE, assim, endereça de forma direta o desafio público de promover inovação inclusiva e sustentabilidade urbana, transformando conhecimento em impacto social, econômico e ambiental duradouro.[/justify]","[justify]Os resultados do CETENE demonstram forte impacto na inovação científica, tecnológica e socioambiental do Recife e do Nordeste. A instituição consolidou-se como polo de biotecnologia, nanotecnologia e computação científica, com mais de 500 equipamentos em 15 laboratórios e uma Biofábrica (única do MCTI), voltados à bioeconomia, sustentabilidade e restauração ambiental.[/justify]
[justify][/justify]
[justify]Entre as principais entregas está o Programa Mata Atlântica, que já propagou cerca de 150 espécies nativas raras, aplicando biotecnologia à restauração ecológica e educação ambiental. Centenas de mudas foram reintroduzidas em áreas degradadas, em parceria com o Jardim Botânico do Recife e escolas locais, unindo ciência e cidadania ambiental. O Programa de Inovações Científicas Empreendedoras para o Combate à Desertificação do Nordeste – CODE.NE é outra iniciativa com alto potencial de impacto social.[/justify]
[justify][/justify]
[justify]A IncubaScience, primeira incubadora de deeptechs vinculada ao MCTI no Nordeste, fortaleceu a integração entre pesquisa e mercado, apoiando 10 startups com soluções sustentáveis, como biomantas para efluentes e extintores ecológicos, ampliando o impacto econômico e tecnológico regional.[/justify]
[justify][/justify]
[justify]O Futuras Cientistas estimula o contato de alunas e professoras da rede pública de ensino com as áreas de Ciência, Tecnologia, Engenharia e Matemática; a fim de contribuir com a equidade de gênero no mercado profissional. Em 10 anos, 70% das participantes ingressaram na universidade. O programa oferece atualmente 470 vagas anuais. Em Banca de Estudos do ENEM, foram orientadas 410 meninas.[/justify]
[justify][/justify]
[justify]Indicadores e resultados concretos:[/justify]
[justify][/justify]
[justify]+50 projetos tecnológicos com universidades e empresas;[/justify]
[justify]+140 espécies propagadas e centenas de mudas reintroduzidas;[/justify]
[justify]+10 startups deeptechs incubadas;[/justify]
[justify]16 dos 17 ODS da ONU contemplados;[/justify]
[justify]+30% de aumento na capacidade produtiva da biofábrica desde 2023;[/justify]
[justify][/justify]
[justify]Esses resultados confirmam o CETENE como agente transformador do Recife em um polo de inovação sustentável.[/justify]","[justify]O CETENE demonstra ampla capacidade de expansão e replicação nacional por reunir infraestrutura científica robusta, metodologias comprovadas e articulação interinstitucional consolidada. Com 15 laboratórios e mais de 500 equipamentos, a unidade atua em biotecnologia, nanotecnologia e computação científica, desenvolvendo soluções escaláveis aplicáveis a diferentes territórios e setores produtivos.[/justify]
[justify] [/justify]
[justify]Sua atuação como Unidade EMBRAPII BiotecCETENE e a criação da IncubaScience — incubadora de deeptechs do MCTI — reforçam sua vocação para gerar tecnologias transferíveis e replicáveis. O modelo de incubação já abriga 10 startups, e pode ser adaptado para outros polos de inovação, oferecendo suporte técnico-científico, mentoria e conexão com investidores. Essa estrutura permite a criação de novos ambientes de inovação regionais, voltados à economia verde e à indústria 4.0.[/justify]
[justify] [/justify]
[justify]O Programa Mata Atlântica comprova a escalabilidade das ações ambientais, com protocolos biotecnológicos replicáveis para outros biomas. A propagação de 150 espécies nativas e a aplicação direta em reflorestamento urbano demonstram potencial de adoção por prefeituras e instituições em outros estados. No caso do Programa de Inovações Científicas Empreendedoras para o Combate à Desertificação do Nordeste – CODE.NE, sua expansão se aplica à todo território do semiárido nordestino.[/justify]
[justify] [/justify]
[justify]No eixo social, o Programa Futuras Cientistas amplia o impacto humano e educacional do CETENE ao formar meninas e jovens mulheres em STEM, criando uma rede de multiplicadoras da inovação e da igualdade de gênero. O modelo formativo do programa é facilmente adaptável a outras regiões e contextos educacionais, fortalecendo a inclusão e a diversidade na ciência.[/justify]
[justify] [/justify]
[justify]Com base em resultados mensuráveis, parcerias sólidas e tecnologias validadas, o CETENE apresenta alta capacidade de replicação e sustentabilidade de longo prazo, podendo se tornar referência para a expansão de ecossistemas de inovação integrados em todo o Brasil.[/justify]"
"sim","","","Inovação empresarial","[font=""Arial""][highlight=transparent]O [/highlight][/font][b][font=""Arial""][highlight=transparent]Innovation Journey[/highlight][/font][/b][font=""Arial""][highlight=transparent] é uma experiência de imersão desenvolvida pelo CESAR para aproximar pessoas, organizações e desafios reais de inovação. Mais do que um evento, é uma jornada que convida equipes a vivenciarem, na prática, como a inovação acontece: desde o contato com metodologias e processos criativos até a observação de ambientes e projetos que respiram transformação.[/highlight][/font]
[font=""Arial""][highlight=transparent]Como o próprio nome diz, o [/highlight][/font][b][font=""Arial""][highlight=transparent]Innovation Journey[/highlight][/font][/b][font=""Arial""][highlight=transparent] é uma jornada idealizada de forma personalizada pelo CESAR, composta por uma agenda de [/highlight][/font][b][font=""Arial""][highlight=transparent]visitas, workshops, [i]knowledge exchange sessions[/i] e programação cultural[/highlight][/font][/b][font=""Arial""][highlight=transparent] com as principais empresas que compõem o ecossistema do parque tecnológico do Porto Digital do Recife. Cada edição é cuidadosamente desenhada de acordo com o perfil e os objetivos do grupo participante, combinando trocas, provocações e experiências práticas que estimulam novas formas de pensar e agir dentro das organizações.[/highlight][/font]
[font=""Arial""][highlight=transparent]A proposta do [/highlight][/font][b][font=""Arial""][highlight=transparent]Innovation Journey[/highlight][/font][/b][font=""Arial""][highlight=transparent] é que os participantes mergulhem em um ambiente onde a inovação é parte do cotidiano, experimentando de perto as dinâmicas, os métodos e a cultura que sustentam projetos transformadores. Mais do que apresentar conceitos, o [/highlight][/font][b][font=""Arial""][highlight=transparent]Innovation Journey[/highlight][/font][/b][font=""Arial""][highlight=transparent] provoca reflexões e desperta conexões entre pessoas, equipes e ideias. É uma oportunidade para repensar modelos, identificar novas possibilidades e levar para dentro das empresas uma mentalidade mais aberta, colaborativa e orientada à experimentação.[/highlight][/font]
[font=""Arial""][highlight=transparent]Ao final, cada grupo sai não apenas com novos aprendizados, mas com uma visão ampliada sobre o papel da inovação em seus contextos e  compreendendo que inovar é um movimento contínuo, que depende de curiosidade, coragem e colaboração. [/highlight][/font]
[font=""Arial""][highlight=transparent]O [/highlight][/font][b][font=""Arial""][highlight=transparent]Innovation Journey[/highlight][/font][/b][font=""Arial""][highlight=transparent] se consolida, assim, como uma das principais iniciativas do CESAR voltadas à difusão da cultura de inovação, promovendo experiências que inspiram e fortalecem a transformação nas organizações.[/highlight][/font]

","[font=""Arial""][highlight=transparent]As jornadas realizadas no[/highlight][/font][b][font=""Arial""][highlight=transparent] Innovation Journey[/highlight][/font][/b][font=""Arial""][highlight=transparent] demonstram alto engajamento dos participantes e impacto direto na ampliação de repertório, no estímulo à colaboração e na aplicação prática de conceitos de inovação em seus contextos de trabalho. O programa tem gerado resultados expressivos tanto em nível individual quanto organizacional, fortalecendo a conexão entre pessoas, território e ecossistema de inovação. [/highlight][/font]
[font=""Arial""][highlight=transparent]Entre os resultados qualitativos, destaca-se o fortalecimento da percepção sobre o papel estratégico do Recife e do Porto Digital como pólos de inovação e tecnologia de relevância nacional. As imersões proporcionaram experiências transformadoras, levando profissionais de diferentes regiões do país, a reconhecerem a potência criativa e tecnológica do ecossistema local. O contato direto com empresas, startups e espaços culturais da cidade ampliou a compreensão sobre modelos de inovação colaborativa e sustentabilidade territorial.[/highlight][/font]
[font=""Arial""][highlight=transparent]Do ponto de vista quantitativo, somente[/highlight][/font][b][font=""Arial""][highlight=transparent] nos últimos 2 anos foram realizadas 8 edições do programa[/highlight][/font][/b][font=""Arial""][highlight=transparent], cada uma com[/highlight][/font][b][font=""Arial""][highlight=transparent] entre 20 e 30 participantes[/highlight][/font][/b][font=""Arial""][highlight=transparent], totalizando uma média de [/highlight][/font][b][font=""Arial""][highlight=transparent]200 profissionais impactados[/highlight][/font][/b][font=""Arial""][highlight=transparent] diretamente. Os grupos são compostos majoritariamente por pessoas em posições estratégicas, e as avaliações apontam índices de satisfação superiores a [/highlight][/font][b][font=""Arial""][highlight=transparent]95%[/highlight][/font][/b][font=""Arial""][highlight=transparent], especialmente em relação à experiência imersiva e às atividades realizadas. As jornadas também têm gerado desdobramentos concretos, como o surgimento de novas parcerias institucionais, o desenvolvimento de projetos de inovação aberta e o fortalecimento de redes de colaboração entre diferentes setores.[/highlight][/font]
[font=""Arial""][highlight=transparent]Em médio e longo prazos, o [/highlight][/font][b][font=""Arial""][highlight=transparent]Innovation Journey[/highlight][/font][/b][font=""Arial""][highlight=transparent] vem contribuindo para consolidar o Recife como referência em inovação e formação de talentos, além de reforçar a importância da descentralização da inovação no Brasil. O programa segue ampliando seu alcance e consolidando uma comunidade de líderes e organizações comprometidas com o desenvolvimento sustentável e com a transformação digital de forma humana e conectada ao território, amplificando os resultados orientados à cultura de inovação.[/highlight][/font]","[justify][font=""Arial""][highlight=transparent]O [/highlight][/font][b][font=""Arial""][highlight=transparent]Innovation Journey[/highlight][/font][/b][font=""Arial""][highlight=transparent] foi concebido como um modelo flexível e adaptável, o que garante sua alta capacidade de replicação em diferentes contextos, públicos e territórios. Cada jornada é construída de forma personalizada, permitindo que o formato, composto por visitas, workshops, sessões de troca de conhecimento e programação cultural, seja ajustado de acordo com as necessidades estratégicas de cada organização participante. Essa estrutura modular possibilita a ampliação do programa para empresas de diferentes portes e setores, bem como para instituições públicas, universidades e polos tecnológicos em todo o país. O modelo combina práticas consolidadas de aprendizagem experiencial com a curadoria de parceiros locais, o que facilita sua implementação em novos territórios sem perda de qualidade ou identidade.[/highlight][/font][/justify]
[justify][font=""Arial""][highlight=transparent]A escalabilidade do [/highlight][/font][b][font=""Arial""][highlight=transparent]Innovation Journey[/highlight][/font][/b][font=""Arial""][highlight=transparent] também se sustenta na rede de conexões que o CESAR mantém com organizações, [/highlight][/font][i][font=""Arial""][highlight=transparent]startups[/highlight][/font][/i][font=""Arial""][highlight=transparent], [/highlight][/font][i][font=""Arial""][highlight=transparent]hubs [/highlight][/font][/i][font=""Arial""][highlight=transparent]e laboratórios de inovação dentro e fora do Brasil. Essa rede potencializa o impacto do programa no médio e longo prazos, permitindo o fortalecimento contínuo de ecossistemas locais e a criação de novas sinergias entre atores do setor produtivo, acadêmico e governamental.[/highlight][/font][/justify]
[justify][font=""Arial""][highlight=transparent]Ao promover uma cultura de inovação orientada à prática e à colaboração, o [/highlight][/font][b][font=""Arial""][highlight=transparent]Innovation Journey[/highlight][/font][/b][font=""Arial""][highlight=transparent] se consolida como um modelo vivo, replicável e escalável, capaz de inspirar e transformar organizações em diferentes estágios de maturidade digital, contribuindo para o desenvolvimento sustentável e competitivo de diversos territórios.[/highlight][/font][/justify]

"
"","Inovação Empresarial","sim","Inovação empresarial","[font=""Arial""][highlight=transparent]O [/highlight][/font][b][font=""Arial""][highlight=transparent]Innovation Journey[/highlight][/font][/b][font=""Arial""][highlight=transparent] é uma experiência de imersão desenvolvida pelo CESAR para aproximar pessoas, organizações e desafios reais de inovação. Mais do que um evento, é uma jornada que convida equipes a vivenciarem, na prática, como a inovação acontece: desde o contato com metodologias e processos criativos até a observação de ambientes e projetos que respiram transformação.[/highlight][/font]
[font=""Arial""][highlight=transparent]Como o próprio nome diz, o [/highlight][/font][b][font=""Arial""][highlight=transparent]Innovation Journey[/highlight][/font][/b][font=""Arial""][highlight=transparent] é uma jornada idealizada de forma personalizada pelo CESAR, composta por uma agenda de [/highlight][/font][b][font=""Arial""][highlight=transparent]visitas, workshops, [i]knowledge exchange sessions[/i] e programação cultural[/highlight][/font][/b][font=""Arial""][highlight=transparent] com as principais empresas que compõem o ecossistema do parque tecnológico do Porto Digital do Recife. Cada edição é cuidadosamente desenhada de acordo com o perfil e os objetivos do grupo participante, combinando trocas, provocações e experiências práticas que estimulam novas formas de pensar e agir dentro das organizações.[/highlight][/font]
[font=""Arial""][highlight=transparent]A proposta do [/highlight][/font][b][font=""Arial""][highlight=transparent]Innovation Journey[/highlight][/font][/b][font=""Arial""][highlight=transparent] é que os participantes mergulhem em um ambiente onde a inovação é parte do cotidiano, experimentando de perto as dinâmicas, os métodos e a cultura que sustentam projetos transformadores. Mais do que apresentar conceitos, o [/highlight][/font][b][font=""Arial""][highlight=transparent]Innovation Journey[/highlight][/font][/b][font=""Arial""][highlight=transparent] provoca reflexões e desperta conexões entre pessoas, equipes e ideias. É uma oportunidade para repensar modelos, identificar novas possibilidades e levar para dentro das empresas uma mentalidade mais aberta, colaborativa e orientada à experimentação.[/highlight][/font]
[font=""Arial""][highlight=transparent]Ao final, cada grupo sai não apenas com novos aprendizados, mas com uma visão ampliada sobre o papel da inovação em seus contextos e  compreendendo que inovar é um movimento contínuo, que depende de curiosidade, coragem e colaboração. [/highlight][/font]
[font=""Arial""][highlight=transparent]O [/highlight][/font][b][font=""Arial""][highlight=transparent]Innovation Journey[/highlight][/font][/b][font=""Arial""][highlight=transparent] se consolida, assim, como uma das principais iniciativas do CESAR voltadas à difusão da cultura de inovação, promovendo experiências que inspiram e fortalecem a transformação nas organizações.[/highlight][/font]

","[font=""Arial""][highlight=transparent]As jornadas realizadas no[/highlight][/font][b][font=""Arial""][highlight=transparent] Innovation Journey[/highlight][/font][/b][font=""Arial""][highlight=transparent] demonstram alto engajamento dos participantes e impacto direto na ampliação de repertório, no estímulo à colaboração e na aplicação prática de conceitos de inovação em seus contextos de trabalho. O programa tem gerado resultados expressivos tanto em nível individual quanto organizacional, fortalecendo a conexão entre pessoas, território e ecossistema de inovação. [/highlight][/font]
[font=""Arial""][highlight=transparent]Entre os resultados qualitativos, destaca-se o fortalecimento da percepção sobre o papel estratégico do Recife e do Porto Digital como pólos de inovação e tecnologia de relevância nacional. As imersões proporcionaram experiências transformadoras, levando profissionais de diferentes regiões do país, a reconhecerem a potência criativa e tecnológica do ecossistema local. O contato direto com empresas, startups e espaços culturais da cidade ampliou a compreensão sobre modelos de inovação colaborativa e sustentabilidade territorial.[/highlight][/font]
[font=""Arial""][highlight=transparent]Do ponto de vista quantitativo, somente[/highlight][/font][b][font=""Arial""][highlight=transparent] nos últimos 2 anos foram realizadas 8 edições do programa[/highlight][/font][/b][font=""Arial""][highlight=transparent], cada uma com[/highlight][/font][b][font=""Arial""][highlight=transparent] entre 20 e 30 participantes[/highlight][/font][/b][font=""Arial""][highlight=transparent], totalizando uma média de [/highlight][/font][b][font=""Arial""][highlight=transparent]200 profissionais impactados[/highlight][/font][/b][font=""Arial""][highlight=transparent] diretamente. Os grupos são compostos majoritariamente por pessoas em posições estratégicas, e as avaliações apontam índices de satisfação superiores a [/highlight][/font][b][font=""Arial""][highlight=transparent]95%[/highlight][/font][/b][font=""Arial""][highlight=transparent], especialmente em relação à experiência imersiva e às atividades realizadas. As jornadas também têm gerado desdobramentos concretos, como o surgimento de novas parcerias institucionais, o desenvolvimento de projetos de inovação aberta e o fortalecimento de redes de colaboração entre diferentes setores.[/highlight][/font]
[font=""Arial""][highlight=transparent]Em médio e longo prazos, o [/highlight][/font][b][font=""Arial""][highlight=transparent]Innovation Journey[/highlight][/font][/b][font=""Arial""][highlight=transparent] vem contribuindo para consolidar o Recife como referência em inovação e formação de talentos, além de reforçar a importância da descentralização da inovação no Brasil. O programa segue ampliando seu alcance e consolidando uma comunidade de líderes e organizações comprometidas com o desenvolvimento sustentável e com a transformação digital de forma humana e conectada ao território, amplificando os resultados orientados à cultura de inovação.[/highlight][/font]","[justify][font=""Arial""][highlight=transparent]O [/highlight][/font][b][font=""Arial""][highlight=transparent]Innovation Journey[/highlight][/font][/b][font=""Arial""][highlight=transparent] foi concebido como um modelo flexível e adaptável, o que garante sua alta capacidade de replicação em diferentes contextos, públicos e territórios. Cada jornada é construída de forma personalizada, permitindo que o formato, composto por visitas, workshops, sessões de troca de conhecimento e programação cultural, seja ajustado de acordo com as necessidades estratégicas de cada organização participante. Essa estrutura modular possibilita a ampliação do programa para empresas de diferentes portes e setores, bem como para instituições públicas, universidades e polos tecnológicos em todo o país. O modelo combina práticas consolidadas de aprendizagem experiencial com a curadoria de parceiros locais, o que facilita sua implementação em novos territórios sem perda de qualidade ou identidade.[/highlight][/font][/justify]
[justify][font=""Arial""][highlight=transparent]A escalabilidade do [/highlight][/font][b][font=""Arial""][highlight=transparent]Innovation Journey[/highlight][/font][/b][font=""Arial""][highlight=transparent] também se sustenta na rede de conexões que o CESAR mantém com organizações, [/highlight][/font][i][font=""Arial""][highlight=transparent]startups[/highlight][/font][/i][font=""Arial""][highlight=transparent], [/highlight][/font][i][font=""Arial""][highlight=transparent]hubs [/highlight][/font][/i][font=""Arial""][highlight=transparent]e laboratórios de inovação dentro e fora do Brasil. Essa rede potencializa o impacto do programa no médio e longo prazos, permitindo o fortalecimento contínuo de ecossistemas locais e a criação de novas sinergias entre atores do setor produtivo, acadêmico e governamental.[/highlight][/font][/justify]
[justify][font=""Arial""][highlight=transparent]Ao promover uma cultura de inovação orientada à prática e à colaboração, o [/highlight][/font][b][font=""Arial""][highlight=transparent]Innovation Journey[/highlight][/font][/b][font=""Arial""][highlight=transparent] se consolida como um modelo vivo, replicável e escalável, capaz de inspirar e transformar organizações em diferentes estágios de maturidade digital, contribuindo para o desenvolvimento sustentável e competitivo de diversos territórios.[/highlight][/font][/justify]

"
"","Inovação Social","sim","Letramento Digital","[highlight=transparent]O [/highlight][b][highlight=transparent]Programando o Futuro[/highlight][/b][highlight=transparent] é um bootcamp 100% presencial em letramento digital e programação full stack. O programa oferece a primeira experiência em formação tecnológica para jovens do ensino médio de escolas públicas do Recife que pertencem a grupos historicamente sub-representados (pessoas pretas e pardas, mulheres, pessoas LGBTQIAPN+ e jovens com renda per capita inferior a 1,5 salário mínimo). A iniciativa é realizada pelo [/highlight][b][highlight=transparent]CESAR[/highlight][/b][highlight=transparent], em parceria com o [/highlight][b][highlight=transparent]Instituto Embraer[/highlight][/b][highlight=transparent], por meio do edital [/highlight][i][highlight=transparent]Ciência Diversa[/highlight][/i][highlight=transparent]. As aulas acontecem presencialmente em um laboratório da CESAR School, com carga horária de [/highlight][b][highlight=transparent]64 horas[/highlight][/b][highlight=transparent], abordando temas como letramento digital, lógica de programação, introdução ao front-end e back-end. Com o objetivo de formar [/highlight][b][highlight=transparent]pelo menos 180 jovens até 2025[/highlight][/b][highlight=transparent], o programa adota um desenho pedagógico baseado no encantamento e no protagonismo estudantil, combinando [/highlight][b][highlight=transparent]gamificação e aprendizagem baseada em projetos[/highlight][/b][highlight=transparent]. Esses princípios garantem engajamento elevado e taxas de certificação superiores a [/highlight][b][highlight=transparent]93%[/highlight][/b][highlight=transparent]. O processo seletivo utiliza [/highlight][b][highlight=transparent]critérios inclusivos[/highlight][/b][highlight=transparent] que ampliam o acesso de perfis diversos, refletindo-se em turmas com alta representatividade e impacto social concreto. Para além da formação técnica, o programa estimula o desenvolvimento de soft-skills e a construção de perspectivas profissionais na área de tecnologia. O [/highlight][b][highlight=transparent]corpo docente e a equipe de monitoria[/highlight][/b][highlight=transparent], composto integralmente por mulheres, junto a um time diverso de operação, reforça o compromisso do programa com a [/highlight][b][highlight=transparent]equidade de gênero e a representatividade[/highlight][/b][highlight=transparent]. O resultado é uma iniciativa que transforma trajetórias e aproxima o ecossistema de inovação do compromisso com a inclusão. Mais do que ensinar tecnologia, o [/highlight][b][highlight=transparent]Programando o Futuro[/highlight][/b][highlight=transparent] forma pontes entre juventudes e oportunidades. É um [/highlight][b][highlight=transparent]modelo de educação transformadora[/highlight][/b][highlight=transparent] que traduz, na prática, o poder da diversidade como motor da inovação e da construção de um futuro digital mais justo e plural.[/highlight]

[color=rgb(29, 28, 29)]Video 01: [/color][color=rgb(18, 100, 163)][url=https://drive.google.com/file/d/1OsslYa1FMU75eNcND0RmmhEohFQYf9Xe/view?usp=drivesdk]https://drive.google.com/file/d/1OsslYa1FMU75eNcND0RmmhEohFQYf9Xe/view?usp=drivesdk[/url][/color]
[color=rgb(29, 28, 29)]Video 02: [/color][color=rgb(18, 100, 163)][url=https://drive.google.com/file/d/1Nit2gQLhGrEssGFITW5AUiYJ9ojyKQjH/view?usp=drivesdk]https://drive.google.com/file/d/1Nit2gQLhGrEssGFITW5AUiYJ9ojyKQjH/view?usp=drivesdk[/url][/color]","[highlight=transparent]O Programando o Futuro se destaca não apenas pela proposta pedagógica inovadora, mas também pela forma [/highlight][b][highlight=transparent]como mede e comunica seus resultados.[/highlight][/b][highlight=transparent] Os indicadores do programa têm caráter de ambidestria, combinando [/highlight][b][highlight=transparent]métricas de aprendizagem técnica, experiência do estudante e inclusão social.[/highlight][/b][highlight=transparent] Desde o processo seletivo, a inclusão é tratada como eixo central. O uso de critérios afirmativos garante diversidade entre os participantes: 60% de pessoas pretas ou pardas, 28% de mulheres e 80% com renda per capita inferior a R$ 1,5 mil. Esses dados revelam um impacto social direto sobre a inclusão digital e a empregabilidade de jovens em situação de vulnerabilidade, [/highlight][b][highlight=transparent]ampliando suas oportunidades de ingresso no setor tecnológico. [/highlight][/b][highlight=transparent]A satisfação dos participantes é aferida ao fim de cada módulo, avaliando conteúdo, metodologia e atuação docente. O programa alcançou [/highlight][b][highlight=transparent]nota média de 4,66 (em 5)[/highlight][/b][highlight=transparent], com evasão de apenas 6,8%, resultando em [/highlight][b][highlight=transparent]93,2% de certificação[/highlight][/b][highlight=transparent]: índices de excelência em formações de curta duração. Além dos números, os resultados também aparecem em projetos autorais desenvolvidos pelos estudantes, que aplicam o conhecimento adquirido para resolver problemas reais. Entre os exemplos está o Educakids, uma plataforma gamificada voltada a crianças neurodivergentes, criada por alunos que vivenciam o tema em suas famílias. O impacto do Programando o Futuro vai além da capacitação técnica: ele transforma trajetórias e consolida um modelo de formação que alia tecnologia, diversidade e propósito, comprovando que aprender pode ser um ato concreto de transformação social.[/highlight]","[highlight=transparent]O [/highlight][b][highlight=transparent]Programando o Futuro[/highlight][/b][highlight=transparent] possui alto potencial de [/highlight][b][highlight=transparent]replicabilidade e escala[/highlight][/b][highlight=transparent], sustentado por um [/highlight][b][highlight=transparent]desenho pedagógico modular[/highlight][/b][highlight=transparent], de [/highlight][b][highlight=transparent]baixo custo[/highlight][/b][highlight=transparent] e [/highlight][b][highlight=transparent]fácil adaptação[/highlight][/b][highlight=transparent] a diferentes contextos educacionais. Sua estrutura organiza a jornada de aprendizagem em três etapas: [/highlight][b][highlight=transparent]letramento digital[/highlight][/b][highlight=transparent], [/highlight][b][highlight=transparent]lógica de programação[/highlight][/b][highlight=transparent] e [/highlight][b][highlight=transparent]desenvolvimento front-end e back-end[/highlight][/b][highlight=transparent]. Essa sequência progressiva permite que o programa seja implementado tanto para públicos iniciantes quanto para aqueles que já possuem algum contato prévio com tecnologia. Com [/highlight][b][highlight=transparent]carga horária flexível[/highlight][/b][highlight=transparent] e [/highlight][b][highlight=transparent]materiais didáticos acessíveis[/highlight][/b][highlight=transparent], o modelo pode ser aplicado em [/highlight][b][highlight=transparent]escolas públicas, centros de inovação, universidades, organizações sociais[/highlight][/b][highlight=transparent] e em [/highlight][b][highlight=transparent]políticas públicas de formação digital[/highlight][/b][highlight=transparent]. O formato modular e o uso de recursos acessíveis possibilitam sua adoção por instituições com diferentes níveis de infraestrutura tecnológica. A base metodológica de [/highlight][b][highlight=transparent]aprendizagem baseada em projetos[/highlight][/b][highlight=transparent] amplia o potencial de adaptação, pois permite que cada grupo desenvolva soluções alinhadas aos [/highlight][b][highlight=transparent]Objetivos de Desenvolvimento Sustentável (ODS)[/highlight][/b][highlight=transparent] mais relevantes ao seu território. Assim, o conteúdo técnico se conecta às demandas locais, gerando resultados significativos e contextualizados. O programa também conta com [/highlight][b][highlight=transparent]documentação pedagógica estruturada[/highlight][/b][highlight=transparent], [/highlight][b][highlight=transparent]instrumentos de avaliação[/highlight][/b][highlight=transparent] e [/highlight][b][highlight=transparent]indicadores de impacto validados[/highlight][/b][highlight=transparent], o que facilita a transferência da metodologia e a formação de novos multiplicadores. Além disso, o [/highlight][b][highlight=transparent]modelo de parcerias interinstitucionais[/highlight][/b][highlight=transparent] — entre setor privado, terceiro setor e ecossistemas de inovação — oferece uma base sólida para sua expansão.  [/highlight]"
"sim","","","Inovação empresarial","teste","teste","teste"
"sim","","","Startup Ascenção","A Flagr é uma [i]legaltech[/i] recifense que desenvolve uma plataforma de due diligence jurídica automatizada e contínua, criada para transformar a forma como empresas gerenciam documentos e garantem conformidade legal. A solução integra automação de fluxos, análise inteligente e relatórios de conformidade, permitindo que negócios de qualquer porte mantenham sua estrutura jurídica organizada, segura e sempre atualizada.
Inicialmente construída em ambiente [i]low-code[/i], a plataforma encontra-se em processo de evolução para uma arquitetura tecnológica proprietária, mais robusta e escalável. Essa transição permitirá maior segurança de dados, integração entre módulos e automação de novas camadas de análise jurídica. O objetivo é consolidar uma infraestrutura digital capaz de sustentar auditorias contínuas, emissão automatizada de relatórios e detecção preventiva de riscos jurídicos.
A Flagr 2.0 nasceu no ecossistema do Porto Digital e vem sendo validada em programas de inovação como Startup NE, Capital Empreendedor (Sebrae), 49 Educação, Emma – Darwin, Astellas, Fast Motion e FOZ – Centro de Inovação em Saúde e Educação, além de ter conquistado o 1º lugar na incubação do Porto Digital e ficado entre as cinco finalistas da Batalha das Startups no Rec’n’Play 2025.
Com doze clientes pagantes ativos, a Flagr promove eficiência e transparência no ambiente de negócios, reduzindo em até 70% o tempo de revisão jurídica e 30% os custos operacionais das empresas atendidas. Sua missão é democratizar o acesso à gestão jurídica e à governança corporativa, fortalecendo a cultura de compliance e impulsionando Recife como referência em inovação jurídica e tecnológica no Brasil.","Em 2025, a Flagr consolidou sua fase de ascensão, alcançando resultados expressivos em crescimento, validação de mercado e reconhecimento institucional. A startup registrou crescimento superior a 2.000% em relação ao ano anterior, ampliando sua base para doze clientes pagantes ativos, além de duas propostas comerciais em negociação e uma POC firmada com uma incubadora que atenderá seis startups. Esses resultados comprovam a tração comercial e a aderência da solução ao mercado.
A plataforma, inicialmente desenvolvida em ambiente [i]low-code[/i], encontra-se em processo de transição para uma arquitetura tecnológica proprietária, mais robusta, segura e escalável, com integração gradual de módulos de automação documental, análise de conformidade jurídica e relatórios inteligentes de [i]due diligence[/i]. Mesmo nesta etapa de evolução, a solução já permite redução de até 70% no tempo médio de revisão jurídica e 30% nos custos operacionais das empresas atendidas, gerando eficiência e previsibilidade jurídica.
A Flagr foi 1º lugar no programa de incubação do Porto Digital, selecionada entre as 1.000 startups do Prêmio Sebrae Startups, participante do Programa Capital Empreendedor do Sebrae, e passou por todas as fases do Startup NE, atualmente recebendo a Bolsa Empreendedor. Também integrou programas e desafios de inovação com 49 Educação, Astellas, Emma – Darwin e Fast Motion, e foi finalista entre as 5 melhores na Batalha das Startups do Rec’n’Play 2025.
Essas conquistas consolidam a Flagr como uma startup em ascensão, validada por instituições estratégicas do ecossistema nacional. Ao democratizar o acesso à gestão jurídica e à governança corporativa, a Flagr contribui para o fortalecimento da cultura de compliance, eficiência e transparência nas empresas que integram o ambiente de inovação do Recife.","A Flagr foi concebida como uma plataforma de arquitetura modular, projetada para escalar horizontal e verticalmente. Sua estrutura tecnológica, atualmente em transição para uma arquitetura proprietária full code, permitirá maior capacidade de integração com sistemas corporativos e públicos, além de expansão para novos segmentos de mercado, mantendo a personalização de acordo com o porte e o setor da organização usuária.
O modelo de negócio da Flagr é baseado em assinaturas recorrentes (SaaS), o que viabiliza expansão geográfica sem dependência de estrutura física, tornando sua operação altamente replicável. A solução pode ser facilmente adaptada a diferentes contextos jurídicos e regulatórios, atendendo desde startups e pequenas empresas até instituições públicas, fundos de investimento e escritórios jurídicos.
Em médio prazo, a plataforma prevê a disponibilização de versões personalizadas para órgãos públicos, com foco em auditorias contratuais, conformidade regulatória e gestão de documentos, o que amplia seu potencial de impacto social e institucional. Já em longo prazo, o roadmap tecnológico contempla modelos white label e a integração com assistentes jurídicos baseados em IA, aumentando a escalabilidade e a automação das análises jurídicas.
A validação com 12 clientes pagantes ativos, além de parcerias com incubadoras, aceleradoras e instituições como Sebrae, Porto Digital, FOZ e 49 Educação, demonstra a capacidade comprovada de replicar a solução em diferentes ambientes de inovação. Assim, a Flagr consolida-se como uma infraestrutura jurídica viva, capaz de gerar impacto contínuo no fortalecimento da governança e da eficiência empresarial em Recife e em outros ecossistemas nacionais."
"sim","","","Empreendedorismo Social","[justify][b]O Programa de Qualificação Gratuita do CIEE-PE,[/b] implantado no ano de 2022, tem por objetivo reduzir as dificuldades de acesso dos jovens, em situação de risco ou de extrema vulnerabilidade social, sobretudo aqueles identificados em situação de trabalho infantil, medidas socioeducativas e em acolhimento institucional, ao mundo do trabalho. O público beneficiado pelo Programa, é também, atendido e encaminhado pela rede socioassistencial e órgãos como Funase, Conselhos Tutelares e Varas da Infância e Juventude. Voltado à preparação desses jovens, para futuras oportunidades de estágio e de aprendizagem a fim de promover autonomia, autoconfiança e crescimento pessoal aos participantes. As ações são realizadas através da oferta de mini cursos e de oficinas temáticas, que são ministradas, em sua maioria, por profissionais voluntários cuidadosamente selecionados e acompanhados pela instituição. [/justify]
[justify]A dor central é a ausência de orientação profissional, de habilidades socioemocionais, comportamentais e de conhecimentos básicos dos jovens, mais vulneráveis socialmente, que buscam a sua primeira oportunidade de inserção produtiva, através do Programas ofertados pelo CIEE-PE (Estágio e Aprendizagem Profissional). Durante a realização dos mini cursos e  oficinas, observa-se que muitos participantes nunca elaboraram um currículo ou participaram de qualquer tipo de preparação para processos seletivos. Isto impacta diretamente na performance e evolução nos referidos processos.[/justify]
[justify]Para mitigar estes impactos e elevar os conhecimentos dos adolescentes e jovens, o Programa de Qualificação Gratuita do CIEE-PE, trabalha temas como: inteligência emocional, comunicação e oratória, empregabilidade, empreendedorismo, elaboração de currículo, marketing pessoal, relacionamento interpessoal, noções de preparação para entrevistas de seleção seja no âmbito do estágio, aprendizagem profissional e/ou emprego. As temáticas foram pensadas para desenvolver competências profissionais e socioemocionais, essenciais para uma melhor desenvoltura dos candidatos às vagas disponibilizadas. [/justify]
[justify]O impacto esperado é um jovem mais preparado e em condições de concorrer com outros candidatos em processos seletivos e com isto, promover a inclusão no mercado formal de trabalho, a estabilidade e mobilidade social com a quebra dos ciclos de exclusão. [/justify]
","[justify]Desde o início do programa, em 2002, já foram qualificadas 176.978 pessoas, evidenciando o alcance e a consolidação da iniciativa ao longo dos anos. Entre os principais ganhos observados estão o aumento da empregabilidade formal dos participantes, a melhoria na autoestima e a aquisição de habilidades práticas para processos seletivos.[/justify]
[justify]As evidências qualitativas indicam o entusiasmo dos participantes pelos conteúdos apresentados em cada oficina, o que fortalece sua autonomia e favorece o processo de qualificação profissional. [/justify]
[justify]O quantitativo de participantes nas oficinas de qualificação, tanto presenciais quanto virtuais, reforça a relevância do programa a diferentes faixas etárias, realidades e localidades. Esses resultados refletem um impacto concreto na inclusão social, contribuindo para a redução da vulnerabilidade e promovendo o desenvolvimento pessoal e profissional dos participantes. [/justify]
[justify]Em 2024, o programa de qualificação promoveu 635 oficinas, palestras e minicursos gratuitos, realizados presencialmente e virtualmente, por meio das plataformas Google Meet, Instagram e Youtube. Durante o ano, foram qualificadas 15.880 pessoas foram qualificadas, das quais aproximadamente 8.863 em Recife com foco no desenvolvimento de competências para facilitar seu ingresso ou reinserção no mercado de trabalho.[/justify]
[justify]De janeiro a setembro de 2025, já alcançamos o número de 12.961 pessoas qualificadas em todo Estado de Pernambuco. [/justify]
[justify]A constatação dos resultados alcançados, sobretudo para o público em maior vulnerabilidade, vem com o ingresso destes adolescentes e jovens, ano a ano, em vagas de aprendizagem em empresas privadas e órgãos públicos como Banco do Brasil, Caixa Econômica Federal, Compesa, Ministério Público do Trabalho, dentre outros.[/justify]
[justify]Outra constatação da eficácia do trabalho realizado pelo CIEE, que começa pela via do [b]Programa de Qualificação Gratuita[/b] e posteriormente pela seleção e ingresso dos adolescentes e jovens no Programa de Aprendizagem, é a certificação anual concedida pela Superintendência Regional do Trabalho – SRT as empresas e entidades que promovem a inclusão de adolescentes e jovens identificados pela fiscalização, em situação de trabalho infantil.[/justify]
","[justify]O programa apresenta alto potencial de replicabilidade, devido à sua metodologia acessível, flexível e adaptável a diferentes contextos sociais, faixas etárias e níveis de escolaridade. O CIEE-PE possui atuação que vai do litoral ao sertão, com diversas unidades distribuídas pelo interior do estado, o que permite que as oficinas, palestras e minicursos sejam realizados tanto de forma presencial quanto virtual, alcançando públicos em diferentes territórios. [/justify]
[justify]A utilização de plataformas gratuitas como YouTube, Instagram e Google Meet amplia o alcance das ações, facilitando a participação de públicos diversos, inclusive de outras regiões, que são mobilizados sobretudo pela rede socioassistencial. Além disso, o conteúdo pode ser adaptado conforme a demanda local, com especificidades apontadas pelas entidades parceiras do CIEE-PE e também pelos equipamentos da rede socioassistencial[/justify]
[justify]O programa já demonstra evidências de escalabilidade, considerando o crescimento do número de oficinas e participantes ao longo dos anos e sua consolidação desde 2002, com mais de 176 mil pessoas qualificadas.[/justify]
[justify]Em médio e longo prazo, a ampliação da iniciativa pode contribuir significativamente para a redução da informalidade, o fortalecimento da empregabilidade e a promoção da inclusão social em diferentes territórios, sendo uma ferramenta eficaz de combate à desigualdade e criação de oportunidades.[/justify]
"
"","Inovação Social","sim","Empreendedorismo Social","[justify][b]O Programa de Qualificação Gratuita do CIEE,[/b] implantado no ano de 2022, tem por objetivo reduzir as dificuldades de acesso dos jovens, em situação de risco ou de extrema vulnerabilidade social, sobretudo aqueles identificados em situação de trabalho infantil, medidas socioeducativas e em acolhimento institucional, através da qualificação e inserção ao mundo do trabalho. O público beneficiado pelo Programa, é também, atendido e encaminhado pela rede socioassistencial e órgãos como Funase, Conselhos Tutelares e Varas da Infância e Juventude. É Voltado à preparação desses jovens, para futuras oportunidades de estágio e de aprendizagem a fim de promover autonomia, autoconfiança e crescimento pessoal aos participantes. As ações são realizadas através da oferta de mini cursos e de oficinas temáticas, que são ministradas, em sua maioria, por profissionais voluntários cuidadosamente selecionados e acompanhados pela instituição. [/justify]
[justify]A dor central é a ausência de orientação profissional, de habilidades socioemocionais, comportamentais e de conhecimentos básicos dos jovens, mais vulneráveis socialmente, que buscam a sua primeira oportunidade de inserção produtiva, através do Programas ofertados pelo CIEE (Estágio e Aprendizagem Profissional). Durante a realização dos mini cursos e oficinas, observa-se que muitos participantes nunca elaboraram um currículo ou participaram de qualquer tipo de preparação para processos seletivos. Isto impacta diretamente na performance e evolução nos referidos processos.[/justify]
[justify]Para mitigar estes desníveis e elevar os conhecimentos dos adolescentes e jovens, o Programa de Qualificação Gratuita do CIEE, trabalha temas como: elaboração de currículo, marketing pessoal, inteligência emocional, comunicação e oratória, relacionamento interpessoal, noções de preparação para entrevistas de seleção seja no âmbito do estágio, aprendizagem profissional e/ou emprego. As temáticas foram pensadas para desenvolver competências profissionais e socioemocionais, essenciais para uma melhor desenvoltura dos candidatos às vagas disponibilizadas. [/justify]
[justify]O impacto esperado é termos jovens mais preparados e em condições de concorrerem com outros candidatos em processos seletivos e com isto, promover a inclusão no mercado formal de trabalho, a estabilidade e mobilidade social com a quebra dos ciclos de exclusão. [/justify]
","[justify]Desde o início do programa, em 2002, já foram qualificadas um total de 176.978 pessoas, evidenciando o alcance e a consolidação da iniciativa ao longo dos anos. Entre os principais ganhos observados estão o aumento da empregabilidade formal dos participantes, a melhoria na autoestima e a aquisição de habilidades práticas para processos seletivos.[/justify]
[justify]As evidências qualitativas indicam o entusiasmo dos participantes pelos conteúdos apresentados em cada oficina, o que fortalece sua autonomia e favorece o processo de qualificação profissional. [/justify]
[justify]O quantitativo de participantes nas oficinas de qualificação, tanto presenciais quanto virtuais, reforça a relevância do programa a diferentes faixas etárias, realidades e localidades. Esses resultados refletem um impacto concreto na inclusão social, contribuindo para a redução da vulnerabilidade e promovendo o desenvolvimento pessoal e profissional dos participantes. [/justify]
[justify]Em 2024, o programa de qualificação promoveu 635 oficinas, palestras e minicursos gratuitos, realizados presencialmente e virtualmente, por meio das plataformas Google Meet, Instagram e Youtube, com foco no desenvolvimento de competências para facilitar seu ingresso ou reinserção no mercado de trabalho. Durante o ano, foram qualificadas 15.880 pessoas. 8.863 destas qualificações foram realizadas em Recife. [/justify]
[justify]De janeiro a setembro de 2025, já alcançamos o número de 12.961 pessoas qualificadas em todo Estado de Pernambuco. [/justify]
[justify]A constatação dos resultados alcançados, sobretudo para o público em maior vulnerabilidade, vem com o ingresso destes adolescentes e jovens, ano a ano, em vagas de aprendizagem em empresas privadas e órgãos públicos, com grande representatividade como Banco do Brasil, Caixa Econômica Federal, Compesa, Ministério Público do Trabalho, dentre outros.[/justify]
[justify]Outra constatação da eficácia do trabalho realizado pelo CIEE, que começa via [b]Programa de Qualificação Gratuita[/b] e posteriormente pela seleção e ingresso dos adolescentes e jovens no Programa de Aprendizagem, é a certificação anual concedida pela Superintendência Regional do Trabalho – SRT as empresas e entidades que promovem a inclusão de adolescentes e jovens identificados pela fiscalização, em situação de trabalho infantil.[/justify]
[justify][/justify]
","[justify]O programa apresenta alto potencial de replicabilidade, devido à sua metodologia acessível, flexível e adaptável a diferentes contextos sociais, faixas etárias e níveis de escolaridade. O CIEE possui atuação que vai do litoral ao sertão, com diversas unidades distribuídas pelo interior do estado, o que permite que as oficinas, palestras e minicursos sejam realizados tanto de forma presencial quanto virtual, alcançando públicos em diferentes territórios. [/justify]
[justify]A utilização de plataformas gratuitas como YouTube, Instagram e Google Meet ampliam o alcance das ações, facilitando a participação de públicos diversos, inclusive de outras regiões, que são mobilizados sobretudo pela rede socioassistencial. Além disso, o conteúdo pode ser adaptado conforme a demanda local, com especificidades apontadas pelas entidades parceiras do CIEE e também pelos equipamentos da rede socioassistencial[/justify]
[justify]O programa já demonstra evidências de escalabilidade, considerando o crescimento do número de oficinas e participantes ao longo dos anos e sua consolidação desde 2002, com mais de 176 mil pessoas qualificadas.[/justify]
[justify]Em médio e longo prazos, a ampliação da iniciativa pode contribuir significativamente para a redução da informalidade, o fortalecimento da empregabilidade e a promoção da inclusão social em diferentes territórios, sendo uma ferramenta eficaz de combate à desigualdade e criação de oportunidades.[/justify]
[justify][/justify]
[justify][/justify]
"
"sim","","","Pesquisa & Extensão Inovadora","[justify]	O Recife apresenta histórico crítico de alagamentos devido ao elevado grau de impermeabilização, topografia plana e influência das marés, o que agrava a incapacidade do sistema de drenagem em lidar com eventos pluviométricos intensos. Esses fatores colocam o município entre os mais vulneráveis do mundo às mudanças climáticas, exigindo intervenções sustentáveis e baseadas em evidências para o manejo de águas urbanas.[/justify]
[justify]	A presente iniciativa consiste na construção e validação experimental de soluções baseadas na natureza, especificamente telhados verdes e pavimentos permeáveis, aplicadas às condições climáticas e construtivas de Recife. Um projeto piloto em escala real que monitorou continuamente os fluxos do balanço hídrico (precipitação, retenção, evapotranspiração, infiltração interna e escoamento superficial) durante meses, quantificando o desempenho hidrológico das técnicas.[/justify]
[justify]	Os resultados demonstraram capacidade expressiva de mitigação dos impactos hidrológicos da urbanização: telhados verdes apresentaram retenção entre 57% e 73% do volume precipitado, enquanto pavimentos permeáveis atingiram até 77% de retenção e redução significativa na lâmina escoada. Esses dados reforçam a aderência das soluções às necessidades de drenagem sustentável do Recife.[/justify]
[justify]	O objetivo central da iniciativa é fornecer subsídios técnicos para o planejamento urbano resiliente, aumentando a segurança hídrica e reduzindo perdas econômicas e socioambientais decorrentes de alagamentos. [/justify]","[justify]	O projeto piloto gerou resultados quantitativos obtidos a partir do monitoramento contínuo dos módulos experimentais. As três tipologias de telhado verde analisadas apresentaram retenção de 57% a 73% da chuva ao longo do período de observação, com destaque para eventos moderados. A evapotranspiração contribuiu significativamente para o retorno da água à atmosfera, chegando a 852 mm em sistemas com vegetação de maior massa foliar.[/justify]
[justify]	Os pavimentos permeáveis exibiram desempenho variável conforme a tipologia. O sistema de blocos vazados com gramínea reteve 77% do volume precipitado, apresentando infiltração elevada e potencial de recarga do aquífero. O concreto poroso obteve retenção próxima a 73%, com percolação contínua para as camadas inferiores. O intertravado demonstrou menor desempenho (cerca de 27% de infiltração), mas ainda assim apresentou redução relevante no escoamento superficial direto.[/justify]
[justify]	Além do balanço hídrico, os dados físicos do substrato evidenciaram elevada porosidade (54%) e condutividade hidráulica (0,085 mm/s), reforçando a viabilidade técnica dos sistemas em clima tropical úmido. As medições, apoiadas por sensores de umidade e nível d’água, validaram cientificamente a eficiência das soluções na redução de picos de vazão e sobrecarga da rede de drenagem.[/justify]
[justify]	Esses resultados comprovam ganhos diretos para o setor de drenagem urbana: mitigação de alagamentos, diminuição da pressão sobre galerias pluviais, melhoria ambiental e adaptação às mudanças climáticas em áreas de alta densidade urbana.[/justify]","[justify]	As soluções apresentadas foram concebidas para implantação em infraestruturas já existentes, o que aumenta significativamente o seu potencial de adoção em diversos contextos urbanos. Permitindo a aplicação em escolas, prédios públicos, habitações multifamiliares e áreas pavimentadas de uso comunitário, sem necessidade de grandes intervenções.[/justify]
[justify]	A iniciativa alinha-se à legislação municipal vigente que incentiva a instalação de telhados verdes em edificações de médio e grande porte, constituindo oportunidade imediata de ampliação do impacto. A natureza padronizável das técnicas favorece tanto a instalação em grande escala quanto a adaptação a diferentes orçamentos públicos ou privados.[/justify]
[justify]	Do ponto de vista territorial, a solução é apropriada para cidades litorâneas e regiões com alta impermeabilização, permitindo adoção ampliada em toda a Região Metropolitana do Recife. O avanço tecnológico e a geração de conhecimento local fortalecem o ecossistema de inovação e permitem integração com programas de educação ambiental, startups de infraestrutura verde e políticas de mitigação climática.[/justify]
[justify]	O impacto de médio e longo prazo inclui redução significativa em custos com drenagem tradicional, diminuição de danos por alagamento, melhoria microclimática e ampliação da resiliência urbana. A escalabilidade assegura que a iniciativa possa evoluir de piloto acadêmico para política pública estruturante.[/justify]"
"","Inovação Científica","sim","Pesquisa & Extensão Inovadora","[justify]	O Recife apresenta histórico crítico de alagamentos devido ao elevado grau de impermeabilização, topografia plana e influência das marés, o que agrava a incapacidade do sistema de drenagem em lidar com eventos pluviométricos intensos. Esses fatores colocam o município entre os mais vulneráveis do mundo às mudanças climáticas, exigindo intervenções sustentáveis e baseadas em evidências para o manejo de águas urbanas.[/justify]
[justify]	A presente iniciativa consiste na construção e validação experimental de soluções baseadas na natureza, especificamente telhados verdes e pavimentos permeáveis, aplicadas às condições climáticas e construtivas de Recife. Um projeto piloto em escala real que monitorou continuamente os fluxos do balanço hídrico (precipitação, retenção, evapotranspiração, infiltração interna e escoamento superficial) durante meses, quantificando o desempenho hidrológico das técnicas.[/justify]
[justify]	Os resultados demonstraram capacidade expressiva de mitigação dos impactos hidrológicos da urbanização: telhados verdes apresentaram retenção entre 57% e 73% do volume precipitado, enquanto pavimentos permeáveis atingiram até 77% de retenção e redução significativa na lâmina escoada. Esses dados reforçam a aderência das soluções às necessidades de drenagem sustentável do Recife.[/justify]
[justify]	O objetivo central da iniciativa é fornecer subsídios técnicos para o planejamento urbano resiliente, aumentando a segurança hídrica e reduzindo perdas econômicas e socioambientais decorrentes de alagamentos. [/justify]","[justify]	O projeto piloto gerou resultados quantitativos obtidos a partir do monitoramento contínuo dos módulos experimentais. As três tipologias de telhado verde analisadas apresentaram retenção de 57% a 73% da chuva ao longo do período de observação, com destaque para eventos moderados. A evapotranspiração contribuiu significativamente para o retorno da água à atmosfera, chegando a 852 mm em sistemas com vegetação de maior massa foliar.[/justify]
[justify]	Os pavimentos permeáveis exibiram desempenho variável conforme a tipologia. O sistema de blocos vazados com gramínea reteve 77% do volume precipitado, apresentando infiltração elevada e potencial de recarga do aquífero. O concreto poroso obteve retenção próxima a 73%, com percolação contínua para as camadas inferiores. O intertravado demonstrou menor desempenho (cerca de 27% de infiltração), mas ainda assim apresentou redução relevante no escoamento superficial direto.[/justify]
[justify]	Além do balanço hídrico, os dados físicos do substrato evidenciaram elevada porosidade (54%) e condutividade hidráulica (0,085 mm/s), reforçando a viabilidade técnica dos sistemas em clima tropical úmido. As medições, apoiadas por sensores de umidade e nível d’água, validaram cientificamente a eficiência das soluções na redução de picos de vazão e sobrecarga da rede de drenagem.[/justify]
[justify]	Esses resultados comprovam ganhos diretos para o setor de drenagem urbana: mitigação de alagamentos, diminuição da pressão sobre galerias pluviais, melhoria ambiental e adaptação às mudanças climáticas em áreas de alta densidade urbana.[/justify]","[justify]	As soluções apresentadas foram concebidas para implantação em infraestruturas já existentes, o que aumenta significativamente o seu potencial de adoção em diversos contextos urbanos. Permitindo a aplicação em escolas, prédios públicos, habitações multifamiliares e áreas pavimentadas de uso comunitário, sem necessidade de grandes intervenções.[/justify]
[justify]	A iniciativa alinha-se à legislação municipal vigente que incentiva a instalação de telhados verdes em edificações de médio e grande porte, constituindo oportunidade imediata de ampliação do impacto. A natureza padronizável das técnicas favorece tanto a instalação em grande escala quanto a adaptação a diferentes orçamentos públicos ou privados.[/justify]
[justify]	Do ponto de vista territorial, a solução é apropriada para cidades litorâneas e regiões com alta impermeabilização, permitindo adoção ampliada em toda a Região Metropolitana do Recife. O avanço tecnológico e a geração de conhecimento local fortalecem o ecossistema de inovação e permitem integração com programas de educação ambiental, startups de infraestrutura verde e políticas de mitigação climática.[/justify]
[justify]	O impacto de médio e longo prazo inclui redução significativa em custos com drenagem tradicional, diminuição de danos por alagamento, melhoria microclimática e ampliação da resiliência urbana. A escalabilidade assegura que a iniciativa possa evoluir de piloto acadêmico para política pública estruturante.[/justify]"
"sim","","","Empreendedorismo Social","[justify][highlight=transparent]O Recife é uma das cidades mais desiguais do Brasil — e também uma das mais negras. Segundo o Censo 2022 do IBGE, o município tem a 6ª maior população negra do país, com 63,4% de pessoas pretas e pardas. Apesar dessa representatividade, esses grupos seguem sub-representados nos espaços de poder, nas universidades e nos setores de inovação e tecnologia.[/highlight][/justify]
[justify][highlight=transparent]O cenário é ainda mais crítico para pessoas trans e travestis: conforme o dossiê [/highlight][i][highlight=transparent]Assassinatos e Violência Contra Travestis e Transexuais Brasileiras[/highlight][/i][highlight=transparent] (ANTRA, 2022), a expectativa de vida média é de apenas 36 anos, e Pernambuco foi o estado com maior número de assassinatos dessa população no país. Esses dados expõem o desafio público central: inclusão produtiva e reparação histórica em um ecossistema ainda excludente.[/highlight][/justify]
[justify][highlight=transparent]O Porto Digital, reconhecido como o maior distrito de inovação do Brasil, tem como meta ampliar a participação ativa de grupos sub-representados na cadeia produtiva da inovação. Neste sentido, criou o Porto+ para enfrentar esse desafio por meio da diversidade como vetor de inovação. A iniciativa estrutura um conjunto de ações contínuas de formação, capacitação e conexão com o mercado, promovendo o ingresso, a permanência e a ascenção profissionais de grupos sub-representados — com foco em raça, gênero, neurodiversidades e pautas geracionais.[/highlight][/justify]
[justify][highlight=transparent]O programa mobiliza empresas, startups e instituições de ensino do ecossistema para oferecer acesso à educação tecnológica, mentorias, bolsas de formação. Ao mesmo tempo, sensibiliza o setor produtivo sobre a importância da representatividade e da reparação histórica.[/highlight][/justify]
[justify][highlight=transparent]O impacto esperado é transformar o Porto Digital e o Recife em referências nacionais de inclusão no setor de inovação, criando pontes reais para o futuro que desejamos: um ecossistema plural, acessível e de oportunidades compartilhadas.[/highlight][/justify]
[justify][highlight=transparent]Por meio dos seus objetivos estratégicos, quer ampliar e buscar oportunidades e mobilizar o ecossistema da cidade para não apenas visibilizar grupos, mas assegurar a permanência deles nos horizontes do Recife. Iniciando de forma estruturada com recortes de raça, gênero, neurodiversidades e pautas geracionais. [/highlight][/justify]

","[justify][highlight=transparent]A primeira ação estruturada do Porto+, que consolidou o compromisso do Porto Digital com a inclusão produtiva e reparação histórica. Por meio do programa Embarque Digital, criado em parceria com a Prefeitura do Recife, foi implementada reserva de 50% das bolsas de graduação em tecnologia para pessoas pretas e pardas, ampliando o acesso à educação superior de qualidade. O programa também passou a ofertar bolsas exclusivas para pessoas trans, reconhecendo a urgência da inclusão dessa população historicamente excluída.[/highlight][/justify]
[justify][highlight=transparent]Durante o festival REC’n’Play 2024, o Espaço Porto+ se tornou um dos marcos da agenda de diversidade do ecossistema de inovação. Em quatro dias de programação, [/highlight][/justify]
[ml][ul][li indent=0 align=justify][highlight=transparent]1.700 pessoas foram impactadas diretamente, participando de painéis, oficinas e atividades imersivas.[/highlight][/li][li indent=0 align=justify][highlight=transparent]Foram 24 pautas interseccionais [/highlight][/li][li indent=0 align=justify][highlight=transparent]1.535 minutos de debates voltados a pessoas negras, trans, neurodivergentes (com foco no espectro autista) e 65+, promovendo um diálogo plural e transformador.[/highlight][/li][/ul][/ml][justify][highlight=transparent]A curadoria do evento foi orientada pela representatividade: [/highlight][/justify]
[ml][ul][li indent=0 align=justify][highlight=transparent]37% de palestrantes negros;[/highlight][/li][li indent=0 align=justify][highlight=transparent]3,8% indígenas;[/highlight][/li][li indent=0 align=justify][highlight=transparent]61% mulheres;[/highlight][/li][li indent=0 align=justify][highlight=transparent]1,2% pessoas não binárias[/highlight][/li][li indent=0 align=justify][highlight=transparent]Totalizando 80 palestrantes, entre eles 13 pessoas trans. [/highlight][/li][li indent=0 align=justify][highlight=transparent] O espaço contou ainda com uma sala de regulação sensorial gratuita, voltada a pessoas autistas — uma inovação em eventos de grande porte no Recife. Além do impacto simbólico e formativo, o projeto gerou empregabilidade direta, com a contratação de 15 pessoas trans para a operação do espaço. O Porto+ se consolida, assim, como um modelo de ação afirmativa aplicado ao ecossistema de inovação, que alia representatividade, educação, oportunidade e transformação social.[/highlight][/li][/ul][/ml]","[justify][highlight=transparent]O Porto+ é um modelo de negócio de impacto social desenhado para ser replicável, adaptável e escalável em diferentes contextos urbanos. Sua estrutura metodológica, que é baseada em parcerias locais, programas de capacitação e articulação com o setor produtivo, permite que seja facilmente implementada em outras cidades que desejem promover inclusão e diversidade na economia digital.[/highlight][/justify]
[justify][highlight=transparent]Por não se restringir a um único público, o modelo é flexível e responsivo, podendo ser adaptado conforme as especificidades sociais e econômicas de cada território. A lógica de funcionamento do Porto+ se apoia em uma rede colaborativa entre poder público, empresas e sociedade civil, o que reduz custos operacionais e amplia o potencial de expansão.[/highlight][/justify]
[justify][highlight=transparent]Em médio e longo prazo, o Porto+ tende a gerar impacto sustentável ao fortalecer ecossistemas locais de inovação inclusiva, criar oportunidades de trabalho e fomentar a representatividade em setores estratégicos. Essa capacidade de multiplicação posiciona o projeto como uma referência em inclusão produtiva e inovação social em escala regional e nacional.[/highlight][/justify]

"
"","Inovação Empresarial","sim","Inovação empresarial","[highlight=transparent]O [/highlight][b][highlight=transparent]Bootcamp de Inovação [/highlight][/b][highlight=transparent]foi criado pelo [/highlight][b][highlight=transparent]CESAR[/highlight][/b][highlight=transparent] para preparar pessoas e organizações a atuarem de forma colaborativa, por meio do fortalecimento de uma [/highlight][b][highlight=transparent]Cultura de Inovação[/highlight][/b][highlight=transparent]. Estabelecer essa cultura tem sido um grande desafio, especialmente em organizações com muitos colaboradores distribuídos em diferentes áreas e locais, que precisam explorar novas oportunidades de negócio, equilibrando o core business com investimentos em inovação.[/highlight]

[highlight=transparent]O programa endereça diretamente o desafio de transformar ideias em soluções concretas, superando a falta de práticas estruturadas, mentalidade inovadora e competências aplicáveis. Segundo análise de Krippendorff*, 70% das ideias mais transformadoras surgem de intraempreendedores, evidenciando a oportunidade de criar ambientes sistematizados de experimentação e estimular o espírito empreendedor dentro das organizações.[/highlight]

[highlight=transparent]O Bootcamp combina três pilares:[/highlight]
[ml][ol][li indent=0 align=left][b][highlight=transparent]Práticas[/highlight][/b][highlight=transparent] – técnicas e ferramentas de design e negócios inovadores;[/highlight][/li][li indent=0 align=left][b][highlight=transparent]Mentalidade[/highlight][/b][highlight=transparent] – estímulo a um ambiente favorável à inovação, promovendo abertura, colaboração e experimentação;[/highlight][/li][li indent=0 align=left][b][highlight=transparent]Competências[/highlight][/b][highlight=transparent] – habilidades desenvolvidas pela prática contínua de métodos inovadores.[/highlight][/li][/ol][/ml]
[highlight=transparent]O programa atua na compreensão da estratégia organizacional, na identificação de desafios e oportunidades e na geração colaborativa de soluções diversificadas, permitindo que equipes multidisciplinares proponham ideias alinhadas ao mercado e à estratégia da empresa. Como impacto esperado, o Bootcamp fortalece a cultura de inovação, aumenta a capacidade criativa e colaborativa das pessoas e promove a adoção de soluções inovadoras de forma descentralizada. Dados internos do CESAR mostram que participantes aplicam imediatamente os conhecimentos em projetos reais, gerando ganhos em produtividade, inovação e engajamento organizacional.[/highlight]","[highlight=transparent]O [/highlight][b][highlight=transparent]Bootcamp de Inovação[/highlight][/b][highlight=transparent] gera resultados concretos tanto para os participantes quanto para as organizações parceiras.[/highlight]

[highlight=transparent]Evidências qualitativas:[/highlight]
[ml][ul][li indent=0 align=left][highlight=transparent]Fortalecimento da cultura de inovação nas equipes, estimulando colaboração, experimentação e pensamento multidisciplinar;[/highlight][/li][li indent=0 align=left][highlight=transparent]Desenvolvimento de competências comportamentais e técnicas, incluindo design thinking, prototipagem rápida e metodologias ágeis;[/highlight][/li][li indent=0 align=left][highlight=transparent]Maior engajamento e confiança dos participantes em propor soluções para desafios estratégicos da organização.[/highlight][/li][li indent=0 align=left][/li][/ul][/ml][highlight=transparent]Evidências quantitativas e indicadores de desempenho:[/highlight]
[ml][ul][li indent=0 align=left][highlight=transparent]Mais de 90% dos participantes concluem o Bootcamp com aplicação prática dos conhecimentos em projetos reais;[/highlight][/li][li indent=0 align=left][highlight=transparent]Ao longo das edições com parceiros como [/highlight][b][highlight=transparent]SBT, Banco do Brasil, CESAR e CAIXA[/highlight][/b][highlight=transparent], já foram submetidas [/highlight][b][highlight=transparent]mais de 2.300 ideias[/highlight][/b][highlight=transparent] por colaboradores.[/highlight][/li][li indent=0 align=left][highlight=transparent]Os programas formaram [/highlight][b][highlight=transparent]mais de 400 inovadores corporativos[/highlight][/b][/li][li indent=0 align=left][highlight=transparent]Com [/highlight][b][highlight=transparent]mais de 250 horas[/highlight][/b][highlight=transparent] dedicadas a práticas de inovação[/highlight][/li][li indent=0 align=left][b][highlight=transparent]Mais de 15 metodologias[/highlight][/b][highlight=transparent], incluindo design, Lean Startup e metodologias ágeis.[/highlight][/li][li indent=0 align=left][/li][/ul][/ml][highlight=transparent]Ideias geradas pelos participantes do [/highlight][b][highlight=transparent]Bootcamp de Inovação do CESAR[/highlight][/b][highlight=transparent] já resultaram em produtos reais, como o [/highlight][b][highlight=transparent]Dates[/highlight][/b][highlight=transparent], uma plataforma criada para conectar [/highlight][b][highlight=transparent]startups, investidores e empresas[/highlight][/b][highlight=transparent] e fomentar novos negócios. O Dates nasceu como um projeto interno e, a partir do Bootcamp, evoluiu para um produto estratégico do CESAR, demonstrando a capacidade do programa de [/highlight][b][highlight=transparent]transformar ideias em soluções concretas e gerar valor tangível[/highlight][/b][highlight=transparent] para a organização e para o ecossistema de inovação.[/highlight]
[highlight=transparent]﻿[/highlight]
[highlight=transparent]Atualmente, o Dates conta com [/highlight][b][highlight=transparent]mais de 2.000 startups cadastradas[/highlight][/b][highlight=transparent] e já foi a [/highlight][b][highlight=transparent]porta de entrada de diversas startups investidas pelo CESAR[/highlight][/b][highlight=transparent], como [/highlight][b][highlight=transparent]Empreender Dinheiro[/highlight][/b][highlight=transparent] e [/highlight][b][highlight=transparent]Bebook[/highlight][/b][highlight=transparent]. Além disso, [/highlight][b][highlight=transparent]empresas parceiras como Banco do Brasil, Zero Bank, BR Angels e Varejo Ventures[/highlight][/b][highlight=transparent] utilizam a plataforma para [/highlight][b][highlight=transparent]identificar e captar novas oportunidades de inovação[/highlight][/b][highlight=transparent]. O caso do Dates evidencia o potencial do Bootcamp de gerar impacto real, escalável e conectado às demandas do mercado, fortalecendo o papel do CESAR como agente catalisador de inovação aberta.[/highlight]","[highlight=transparent]O [/highlight][b][highlight=transparent]Bootcamp de Inovação[/highlight][/b][highlight=transparent]  possui alta capacidade de replicação e expansão devido à sua [/highlight][b][highlight=transparent]metodologia modular[/highlight][/b][highlight=transparent], que combina [/highlight][b][highlight=transparent]conteúdo teórico, prática hands-on e mentoria especializada[/highlight][/b][highlight=transparent]. Essa estrutura permite que o programa seja facilmente adaptado a diferentes setores, perfis de público e contextos organizacionais, mantendo sua efetividade em ambientes corporativos, startups, universidades e órgãos públicos.[/highlight]

[highlight=transparent]A iniciativa já foi implementada em parcerias com empresas de grande porte como SBT, Banco do Brasil e CAIXA, e mostrou-se escalável tanto em número de participantes quanto em diversidade de desafios abordados. O formato híbrido e digital facilita a expansão geográfica, permitindo que equipes de diferentes localidades participem de forma simultânea e colaborativa.[/highlight]

[highlight=transparent]Além disso, o Bootcamp gera impacto de médio e longo prazo ao formar profissionais com competências de inovação aplicáveis em suas organizações, criando redes de intraempreendedores capazes de impulsionar novas soluções e práticas inovadoras. A documentação das metodologias, materiais e cases de sucesso garante que o programa possa ser reproduzido e ajustado continuamente, ampliando sua abrangência e sustentabilidade.[/highlight]

"
"","Inovação Científica","sim","Instituição de Pesquisa/Extensão Inovadora","[justify][highlight=transparent]O Parque Tecnológico e Científico da Universidade Federal de Pernambuco (Parque.TeC UFPE) consolida-se como um agente estratégico na transformação do ecossistema de CT&I do Recife. Fundamentado no modelo da tríplice hélice, o Parque.TeC conecta pesquisa científica a soluções tecnológicas de impacto social e ambiental, impulsionando o desenvolvimento regional. A atuação do Parque.TeC UFPE está ancorada no apoio à formação de startups [/highlight][i][highlight=transparent]deep tech[/highlight][/i][highlight=transparent], alinhadas aos ODS da ONU.[/highlight][/justify]
[justify][highlight=transparent]Localizado no Campus Recife da UFPE e com sede no Edifício Celso Furtado, o Parque.TeC emerge como um ator que busca dinamizar a Zona Oeste da cidade, rica em instituições de ensino e pesquisa. Esta região do Recife concentra elevado capital humano, mas carece ainda de integração e articulação institucional entre seus agentes de inovação. Buscando construir um novo Distrito Urbano de Inovação na Zona Oeste, o Parque.TeC atua como hub de conexões estratégicas, oferecendo suporte técnico, acesso a conhecimento especializado e oportunidades de [/highlight][i][highlight=transparent]networking[/highlight][/i][highlight=transparent]. Seu papel é potencializado pela proximidade com outras instituições de CT&I, como a UFRPE, o IFPE, o CETENE, o CRNC/NE, o PARQTEL e o ITEP, consolidando um território propício ao desenvolvimento de soluções científicas e tecnológicas que possibilitam a criação de novas startups [/highlight][i][highlight=transparent]deep tech[/highlight][/i][highlight=transparent].[/highlight][/justify]
[highlight=transparent]Em 2020, a Universidade deu mais um importante passo e criou a sua Incubadora de startups, voltada ao empreendedorismo de base científica e tecnológica e à geração de soluções alinhadas aos ODS da ONU. [/highlight]A partir de 2022, o ecossistema de inovação da UFPE se expandiu com o apoio da FINEP e da FACEPE[highlight=transparent], viabilizando o crescimento do Parque.TeC UFPE e de novas infra estruturas e programas. Desde então, o Parque.TeC tornou-se um importante articulador das ações de CT&I da universidade, integrando atores e promovendo um ambiente colaborativo e de alta performance.[/highlight]","[justify][highlight=transparent]O faturamento acumulado das startups atendidas pela Incubadora do Parque.TeC entre 2020 e 2024 foi de aproximadamente. R$4,3 milhões, tendo ainda mais de R$8,5 milhões captados em recursos de fomento. Atualmente, a Incubadora apoia mais de 50 startups nas modalidades de pré-incubação e incubação, além daquelas já associadas ao Parque.TeC. [/highlight][/justify]
[justify][highlight=transparent]Em 2024, a Incubadora do Parque.TeC UFPE conquistou o 2º lugar na categoria Melhor Plano de Ação do Programa de Capacitação HA.IA du[/highlight]rante a 34[sup]a[/sup] Conferência da Anprotec. Na 35[sup]a[/sup][highlight=transparent] Conferência da Anprotec (2025), o Parque.TeC aprovou seis relatos de experiências, sendo um deles foi agraciado com o 3º lugar na categoria de Melhor Relato de Experiência, e outro feito foi a publicação de trabalho [/highlight]nos [i]Proceedings[/i] da 42a Conferência Internacional da IASP.[/justify]
[justify][highlight=transparent]Foram firmados ACTS com o Sebrae/PE, a UPE e o HC-UFPE que consolidam um modelo colaborativo de inovação orientado à conexão entre universidade, mercado e sociedade. A Incubadora do Parque.TeC ainda foi contemplada em chamadas estratégicas da FACEPE, como o Edital Pró-Startups Incubadoras (2022 e 2025), com a captação total de [/highlight]R$408 mil,[highlight=transparent] e o Edital Jornada REPE com mais R$ 648 mil captados.[/highlight][/justify]
[justify][highlight=transparent]Em 2025 foi a primeira incubadora de Pernambuco a conquistar o nível de maturidade CERNE 3 e ainda realizou a 5ª edição da Vitrine da Inovação, que[/highlight] já atendeu a um público total de 1.161 pessoas [highlight=transparent]a[/highlight]o longo de 5 edições.[/justify]
[justify][highlight=transparent]Lançamos ainda o Edital Parque.TeC Academia: Unidades de Empreendedorismo e Inovação (UEI) que destinou R$ 485.695,15 para a criação de unidades de inovação, estimulando a colaboração interdisciplinar junto à comunidade acadêmica. [/highlight][/justify]
[justify][highlight=transparent]A estratégia de internacionalização das startups começou a ser implantada. Em 2024, cofinanciamos a participação de duas startups na Missão Internacional Centro Portugal (ANPROTEC) e, em 2025, duas startups receberam apoio financeiro para participação em eventos internacionais na Itália e na Bélgica. Assinamos ainda uma [/highlight][i][highlight=transparent]Letter of Intent [/highlight][/i][highlight=transparent]entre a UFPE e o China-BRICS SIIP.[/highlight][/justify]","[justify][highlight=transparent]O planejamento estratégico que orienta o Parque.TeC baseia-se na utilização de metodologias ágeis, na capacitação contínua das equipes e na definição de áreas estratégicas de atuação, [/highlight][i][highlight=transparent]healthtech[/highlight][/i][highlight=transparent], transição energética, bioeconomia e tecnologias quânticas. Esses elementos conferem flexibilidade operacional e favorecem a adaptação das iniciativas às especificidades regionais e acadêmicas dos campi do interior, permitindo que cada unidade desenvolva ações alinhadas à sua vocação científica e econômica.[/highlight][/justify]
[justify][highlight=transparent]Com base no uso de métodos ágeis nas ações do Parque.TeC da UFPE, a incubadora do Parque.TeC aplica a metodologia de Incubação Impacto+, projeto submetido e aprovado no Edital Pró-Startups Incubadoras da FACEPE. A metodologia Impacto+ é fundamentada nos processos e práticas recomendados pelo Modelo de Maturidade CERNE, garantindo uma abordagem sistemática e eficiente. O programa de formação de startups da Incubadora do Parque.TeC foi cuidadosamente projetado para proporcionar uma jornada empreendedora estruturada, integrando etapas estratégicas de seleção e desenvolvimento dos empreendimentos com o objetivo de maximizar as chances de sucesso e sustentabilidade de cada empreendimento incubado.[/highlight][/justify]
[justify][highlight=transparent]Para assegurar a adequada execução da jornada de incubação e maximizar o impacto do programa, a Incubadora do Parque.TeC conta com uma rede robusta de parcerias estratégicas. Em síntese, o modelo de gestão e inovação do Parque.TeC da UFPE demonstra elevado potencial de replicabilidade, sustentado por fundamentos estratégicos sólidos, metodologias ágeis e alinhamento com as vocações regionais. Sua expansão para os campi do interior representa uma oportunidade concreta de fortalecer o ecossistema de inovação da Universidade, ampliando o impacto científico, tecnológico e socioeconômico no Estado de Pernambuco e em toda a região Nordeste.[/highlight][/justify]"
"sim","","","Pesquisa & Extensão Inovadora","[justify][highlight=transparent]O Núcleo de Gestão do Porto Digital (NGPD) desenvolveu, com apoio do Banco Nacional de Desenvolvimento Econômico e Social (BNDES), o [/highlight][b][highlight=transparent]Projeto para Reabilitação de Áreas Centrais[/highlight][/b][highlight=transparent]. O objetivo foi criar modelos e estratégias para atrair investimentos públicos e privados e apoiar a recuperação do centro do Recife, a partir de um estudo detalhado sobre suas dinâmicas, problemas e oportunidades.[/highlight][/justify]
[justify][highlight=transparent]O projeto analisou a situação urbana, econômica e social da área central, identificando fatores que levaram ao esvaziamento e à perda de vitalidade do bairro. A partir disso, propôs soluções para reocupar imóveis subutilizados, incentivar novos usos, ampliar moradias, fortalecer atividades culturais e estimular o empreendedorismo local.[/highlight][/justify]
[justify][highlight=transparent]Foram produzidos estudos jurídicos, levantamentos urbanos e propostas de instrumentos de gestão e financiamento capazes de apoiar futuras ações de reabilitação. O trabalho também resultou em diretrizes para políticas públicas, com ideias que podem ser aplicadas em outras cidades com desafios semelhantes.[/highlight][/justify]
[justify][highlight=transparent]O projeto buscou integrar inovação, cultura, habitação e economia, promovendo a cooperação entre o setor público, o setor privado e a sociedade civil. Sua execução ajudou a reforçar a importância da área central como espaço de convivência, trabalho e criação, estimulando uma nova fase de desenvolvimento urbano para o Recife baseada na valorização do patrimônio, na sustentabilidade e na inclusão social.[/highlight][/justify]

","[justify][highlight=transparent]O Projeto para Reabilitação de Áreas Centrais gerou aprendizados importantes e um repertório de métodos e ferramentas que podem apoiar novas iniciativas de requalificação urbana no Recife e em outras cidades brasileiras. O piloto desenvolvido para o centro do Recife permitiu testar abordagens inovadoras e construir, de forma coletiva e multidisciplinar, um modelo de reabilitação baseado em evidências, participação e integração entre áreas técnicas.[/highlight][/justify]
[justify][highlight=transparent]O projeto realizou um estudo comparativo de 11 experiências internacionais, cujas lições ajudaram a definir diretrizes para o contexto brasileiro. Foram identificados 28 princípios aplicáveis à realidade dos centros urbanos, relacionados às dimensões urbanística, de gestão e participação, legal-jurídica e econômico-financeira. Essas lições orientaram a elaboração de diagnósticos, planos e modelos que consideraram o patrimônio, o uso do solo, a habitação social e o desenvolvimento econômico.[/highlight][/justify]
[justify][highlight=transparent]Entre os acertos do processo, destacaram-se a adoção da observação etnográfica para compreender a relação da população com o território, o uso de metodologias de cocriação no Laboratório de Urbanismo Criativo (LUC) e a incorporação de ferramentas digitais que ampliaram a participação social. Também foram criadas bases de dados, análises morfotipológicas e escalas territoriais que auxiliaram na formulação de cenários e instrumentos replicáveis.[/highlight][/justify]
[justify][highlight=transparent]Os resultados reforçaram o papel do Porto Digital como agente técnico na formulação de políticas urbanas e mostraram que a reabilitação de áreas centrais exige cooperação entre governo, setor privado e sociedade. O projeto consolidou um conjunto de práticas e recomendações que podem orientar futuras ações de requalificação, promovendo cidades mais integradas, inclusivas e sustentáveis.[/highlight][/justify]

","[justify][highlight=transparent]O Projeto para Reabilitação de Áreas Centrais foi desenvolvido com o propósito de gerar aprendizados e instrumentos aplicáveis a diferentes contextos urbanos. Desde o início, sua metodologia foi pensada para ser replicável, com etapas bem definidas de diagnóstico, análise territorial, formulação de diretrizes e proposição de modelos de gestão e financiamento. Essa estrutura permitiu que os resultados obtidos no centro do Recife servissem de base para outras cidades interessadas em conduzir processos semelhantes de reabilitação urbana.[/highlight][/justify]
[justify][highlight=transparent]O projeto mostrou que a abordagem por territórios-piloto é uma estratégia eficaz para lidar com a diversidade de contextos urbanos brasileiros. A partir da análise morfotipológica, da observação etnográfica e da aplicação de métodos participativos de cocriação, foi possível adaptar as soluções ao perfil físico, social e econômico de cada área estudada, garantindo flexibilidade e precisão nas recomendações.[/highlight][/justify]
[justify][highlight=transparent]Essa metodologia demonstrou potencial de aplicação em diferentes escalas, desde pequenas áreas centrais até conjuntos urbanos mais amplos. O uso de ferramentas digitais e a integração entre setores público e privado reforçaram a capacidade de adaptação e expansão dos resultados.[/highlight][/justify]
[justify][highlight=transparent]O principal legado do projeto foi a criação de um modelo de referência nacional para a reabilitação de áreas centrais, que pode orientar novas iniciativas de planejamento urbano sustentável. Sua aplicação em outras cidades pode contribuir para reduzir desigualdades territoriais, revalorizar patrimônios culturais e fortalecer a função social e econômica dos centros urbanos brasileiros.[/highlight][/justify]

"
"","Inovação Científica","sim","Pesquisa & Extensão Inovadora","[justify][highlight=transparent]O Núcleo de Gestão do Porto Digital (NGPD) desenvolveu, com apoio do Banco Nacional de Desenvolvimento Econômico e Social (BNDES), o [/highlight][b][highlight=transparent]Projeto para Reabilitação de Áreas Centrais[/highlight][/b][highlight=transparent]. O objetivo foi criar modelos e estratégias para atrair investimentos públicos e privados e apoiar a recuperação do centro do Recife, a partir de um estudo detalhado sobre suas dinâmicas, problemas e oportunidades.[/highlight][/justify]
[justify][highlight=transparent]O projeto analisou a situação urbana, econômica e social da área central, identificando fatores que levaram ao esvaziamento e à perda de vitalidade do bairro. A partir disso, propôs soluções para reocupar imóveis subutilizados, incentivar novos usos, ampliar moradias, fortalecer atividades culturais e estimular o empreendedorismo local.[/highlight][/justify]
[justify][highlight=transparent]Foram produzidos estudos jurídicos, levantamentos urbanos e propostas de instrumentos de gestão e financiamento capazes de apoiar futuras ações de reabilitação. O trabalho também resultou em diretrizes para políticas públicas, com ideias que podem ser aplicadas em outras cidades com desafios semelhantes.[/highlight][/justify]
[justify][highlight=transparent]O projeto buscou integrar inovação, cultura, habitação e economia, promovendo a cooperação entre o setor público, o setor privado e a sociedade civil. Sua execução ajudou a reforçar a importância da área central como espaço de convivência, trabalho e criação, estimulando uma nova fase de desenvolvimento urbano para o Recife baseada na valorização do patrimônio, na sustentabilidade e na inclusão social.[/highlight][/justify]

","[justify][highlight=transparent]O Projeto para Reabilitação de Áreas Centrais gerou aprendizados importantes e um repertório de métodos e ferramentas que podem apoiar novas iniciativas de requalificação urbana no Recife e em outras cidades brasileiras. O piloto desenvolvido para o centro do Recife permitiu testar abordagens inovadoras e construir, de forma coletiva e multidisciplinar, um modelo de reabilitação baseado em evidências, participação e integração entre áreas técnicas.[/highlight][/justify]
[justify][highlight=transparent]O projeto realizou um estudo comparativo de 11 experiências internacionais, cujas lições ajudaram a definir diretrizes para o contexto brasileiro. Foram identificados 28 princípios aplicáveis à realidade dos centros urbanos, relacionados às dimensões urbanística, de gestão e participação, legal-jurídica e econômico-financeira. Essas lições orientaram a elaboração de diagnósticos, planos e modelos que consideraram o patrimônio, o uso do solo, a habitação social e o desenvolvimento econômico.[/highlight][/justify]
[justify][highlight=transparent]Entre os acertos do processo, destacaram-se a adoção da observação etnográfica para compreender a relação da população com o território, o uso de metodologias de cocriação no Laboratório de Urbanismo Criativo (LUC) e a incorporação de ferramentas digitais que ampliaram a participação social. Também foram criadas bases de dados, análises morfotipológicas e escalas territoriais que auxiliaram na formulação de cenários e instrumentos replicáveis.[/highlight][/justify]
[justify][highlight=transparent]Os resultados reforçaram o papel do Porto Digital como agente técnico na formulação de políticas urbanas e mostraram que a reabilitação de áreas centrais exige cooperação entre governo, setor privado e sociedade. O projeto consolidou um conjunto de práticas e recomendações que podem orientar futuras ações de requalificação, promovendo cidades mais integradas, inclusivas e sustentáveis.[/highlight][/justify]

","[justify][highlight=transparent]O Projeto para Reabilitação de Áreas Centrais foi desenvolvido com o propósito de gerar aprendizados e instrumentos aplicáveis a diferentes contextos urbanos. Desde o início, sua metodologia foi pensada para ser replicável, com etapas bem definidas de diagnóstico, análise territorial, formulação de diretrizes e proposição de modelos de gestão e financiamento. Essa estrutura permitiu que os resultados obtidos no centro do Recife servissem de base para outras cidades interessadas em conduzir processos semelhantes de reabilitação urbana.[/highlight][/justify]
[justify][highlight=transparent]O projeto mostrou que a abordagem por territórios-piloto é uma estratégia eficaz para lidar com a diversidade de contextos urbanos brasileiros. A partir da análise morfotipológica, da observação etnográfica e da aplicação de métodos participativos de cocriação, foi possível adaptar as soluções ao perfil físico, social e econômico de cada área estudada, garantindo flexibilidade e precisão nas recomendações.[/highlight][/justify]
[justify][highlight=transparent]Essa metodologia demonstrou potencial de aplicação em diferentes escalas, desde pequenas áreas centrais até conjuntos urbanos mais amplos. O uso de ferramentas digitais e a integração entre setores público e privado reforçaram a capacidade de adaptação e expansão dos resultados.[/highlight][/justify]
[justify][highlight=transparent]O principal legado do projeto foi a criação de um modelo de referência nacional para a reabilitação de áreas centrais, que pode orientar novas iniciativas de planejamento urbano sustentável. Sua aplicação em outras cidades pode contribuir para reduzir desigualdades territoriais, revalorizar patrimônios culturais e fortalecer a função social e econômica dos centros urbanos brasileiros.[/highlight][/justify]

"
"sim","","","Empreendedorismo Social","[justify][highlight=transparent]O Recife é uma das cidades mais desiguais do Brasil — e também uma das mais negras. Segundo o Censo 2022 do IBGE, o município tem a 6ª maior população negra do país, com 63,4% de pessoas pretas e pardas. Apesar dessa representatividade, esses grupos seguem sub-representados nos espaços de poder, nas universidades e nos setores de inovação e tecnologia.[/highlight][/justify]
[justify][highlight=transparent]O cenário é ainda mais crítico para pessoas trans e travestis: conforme o dossiê [/highlight][i][highlight=transparent]Assassinatos e Violência Contra Travestis e Transexuais Brasileiras[/highlight][/i][highlight=transparent] (ANTRA, 2022), a expectativa de vida média é de apenas 36 anos, e Pernambuco foi o estado com maior número de assassinatos dessa população no país. Esses dados expõem o desafio público central: inclusão produtiva e reparação histórica em um ecossistema ainda excludente.[/highlight][/justify]
[justify][highlight=transparent]O Porto Digital, reconhecido como o maior distrito de inovação do Brasil, tem como meta ampliar a participação ativa de grupos sub-representados na cadeia produtiva da inovação. Neste sentido, criou o Porto+ para enfrentar esse desafio por meio da diversidade como vetor de inovação. A iniciativa estrutura um conjunto de ações contínuas de formação, capacitação e conexão com o mercado, promovendo o ingresso, a permanência e a ascenção profissionais de grupos sub-representados — com foco em raça, gênero, neurodiversidades e pautas geracionais.[/highlight][/justify]
[justify][highlight=transparent]O programa mobiliza empresas, startups e instituições de ensino do ecossistema para oferecer acesso à educação tecnológica, mentorias, bolsas de formação. Ao mesmo tempo, sensibiliza o setor produtivo sobre a importância da representatividade e da reparação histórica.[/highlight][/justify]
[justify][highlight=transparent]O impacto esperado é transformar o Porto Digital e o Recife em referências nacionais de inclusão no setor de inovação, criando pontes reais para o futuro que desejamos: um ecossistema plural, acessível e de oportunidades compartilhadas.[/highlight][/justify]
[justify][highlight=transparent]Por meio dos seus objetivos estratégicos, quer ampliar e buscar oportunidades e mobilizar o ecossistema da cidade para não apenas visibilizar grupos, mas assegurar a permanência deles nos horizontes do Recife. Iniciando de forma estruturada com recortes de raça, gênero, neurodiversidades e pautas geracionais. [/highlight][/justify]

","[justify][highlight=transparent]A primeira ação estruturada do Porto+, que consolidou o compromisso do Porto Digital com a inclusão produtiva e reparação histórica. Por meio do programa Embarque Digital, criado em parceria com a Prefeitura do Recife, foi implementada reserva de 50% das bolsas de graduação em tecnologia para pessoas pretas e pardas, ampliando o acesso à educação superior de qualidade. O programa também passou a ofertar bolsas exclusivas para pessoas trans, reconhecendo a urgência da inclusão dessa população historicamente excluída.[/highlight][/justify]
[justify][highlight=transparent]Durante o festival REC’n’Play 2024, o Espaço Porto+ se tornou um dos marcos da agenda de diversidade do ecossistema de inovação. Em quatro dias de programação, [/highlight][/justify]
[ml][ul][li indent=0 align=justify][highlight=transparent]1.700 pessoas foram impactadas diretamente, participando de painéis, oficinas e atividades imersivas.[/highlight][/li][li indent=0 align=justify][highlight=transparent]Foram 24 pautas interseccionais [/highlight][/li][li indent=0 align=justify][highlight=transparent]1.535 minutos de debates voltados a pessoas negras, trans, neurodivergentes (com foco no espectro autista) e 65+, promovendo um diálogo plural e transformador.[/highlight][/li][/ul][/ml][justify][highlight=transparent]A curadoria do evento foi orientada pela representatividade: [/highlight][/justify]
[ml][ul][li indent=0 align=justify][highlight=transparent]37% de palestrantes negros;[/highlight][/li][li indent=0 align=justify][highlight=transparent]3,8% indígenas;[/highlight][/li][li indent=0 align=justify][highlight=transparent]61% mulheres;[/highlight][/li][li indent=0 align=justify][highlight=transparent]1,2% pessoas não binárias[/highlight][/li][li indent=0 align=justify][highlight=transparent]Totalizando 80 palestrantes, entre eles 13 pessoas trans. [/highlight][/li][li indent=0 align=justify][highlight=transparent] O espaço contou ainda com uma sala de regulação sensorial gratuita, voltada a pessoas autistas — uma inovação em eventos de grande porte no Recife. Além do impacto simbólico e formativo, o projeto gerou empregabilidade direta, com a contratação de 15 pessoas trans para a operação do espaço. O Porto+ se consolida, assim, como um modelo de ação afirmativa aplicado ao ecossistema de inovação, que alia representatividade, educação, oportunidade e transformação social.[/highlight][/li][/ul][/ml]","[justify][highlight=transparent]O Porto+ é um modelo de negócio de impacto social desenhado para ser replicável, adaptável e escalável em diferentes contextos urbanos. Sua estrutura metodológica, que é baseada em parcerias locais, programas de capacitação e articulação com o setor produtivo, permite que seja facilmente implementada em outras cidades que desejem promover inclusão e diversidade na economia digital.[/highlight][/justify]
[justify][highlight=transparent]Por não se restringir a um único público, o modelo é flexível e responsivo, podendo ser adaptado conforme as especificidades sociais e econômicas de cada território. A lógica de funcionamento do Porto+ se apoia em uma rede colaborativa entre poder público, empresas e sociedade civil, o que reduz custos operacionais e amplia o potencial de expansão.[/highlight][/justify]
[justify][highlight=transparent]Em médio e longo prazo, o Porto+ tende a gerar impacto sustentável ao fortalecer ecossistemas locais de inovação inclusiva, criar oportunidades de trabalho e fomentar a representatividade em setores estratégicos. Essa capacidade de multiplicação posiciona o projeto como uma referência em inclusão produtiva e inovação social em escala regional e nacional.[/highlight][/justify]

"
"","Inovação Social","sim","Letramento Digital","O [b]Círculo de Cultura Digital[/b] é uma ação extensionista da Universidade de Pernambuco (UPE) voltada à inclusão e ao letramento digital de pessoas idosas, fundamentada na pedagogia freireana e na metodologia dos círculos de cultura. O projeto promove o diálogo, a escuta e a construção coletiva do conhecimento, reconhecendo os idosos como protagonistas do próprio aprendizado. As formações, com [b]carga horária variável entre 20h e 40h[/b], são ministradas por [b]estudantes extensionistas de graduação[/b], sob [b]coordenação de um docente doutor da UPE[/b], garantindo qualidade pedagógica, interdisciplinaridade e diálogo intergeracional. Os conteúdos incluem o uso de celulares, redes sociais, aplicativos de comunicação, plataformas de governo digital (Gov.br, Conecta Recife, Meu INSS, Conecta SUS), segurança de dados e combate à desinformação. Desde 2023, o projeto atendeu aproximadamente 600[b] pessoas idosas[/b] em três frentes — no [b]Alto José do Pinho[/b], no [b]Sesc Faculdade 50+[/b] e no [b]Viva Mais Cidadania Digital[/b] — consolidando-se como uma metodologia de formação dialógica e emancipatória para o envelhecimento ativo e a cidadania digital.","Entre 2023 e 2025, o [b]Círculo de Cultura Digital[/b] transformou a relação de cerca de 600 [b]pessoas idosas[/b] com a tecnologia, promovendo ganhos evidentes em autonomia, segurança e cidadania digital. Participantes que antes tinham receio de usar o celular agora acessam serviços públicos online, realizam pagamentos via PIX, marcam consultas e utilizam o [b]Gov.br[/b] com segurança. A metodologia, aplicada em cursos de [b]20h a 40h[/b], também fortaleceu a empatia e o compromisso social de dezenas de [b]estudantes extensionistas[/b], que relataram amadurecimento profissional e humano. As avaliações qualitativas apontam que mais de [b]80% dos idosos[/b] se sentem hoje mais confiantes para navegar na internet, proteger seus dados e reconhecer golpes digitais. O projeto também promoveu vínculos intergeracionais e inclusão social efetiva, demonstrando que a tecnologia pode ser instrumento de emancipação e bem-estar. Ao unir formação crítica, diálogo e afeto, o Círculo de Cultura Digital se tornou referência em letramento digital e inclusão social da pessoa idosa.","O [b]Círculo de Cultura Digital[/b] é uma [b]tecnologia social de baixo custo e alta replicabilidade[/b], desenvolvida para ser aplicada em diferentes contextos com mínima infraestrutura. Seu modelo de operação baseia-se em [b]estudantes extensionistas de graduação[/b], orientados por [b]docentes doutores da UPE[/b], o que garante qualidade técnica e capilaridade formativa. O investimento necessário é reduzido, limitado a [b]bolsas de apoio para estudantes e professores universitários[/b], pois as aulas utilizam os próprios celulares dos participantes e espaços comunitários já existentes. Essa simplicidade operacional possibilitou a expansão do projeto para o [b]Sesc Faculdade 50+[/b] e o programa [b]Viva Mais Cidadania Digital[/b], provando sua viabilidade institucional e escalabilidade territorial. A [b]Cartilha de Letramento e Inclusão Digital da UPE[/b] funciona como guia metodológico aberto, permitindo que escolas, prefeituras e organizações sociais repliquem o modelo. A formação de novos extensionistas e multiplicadores comunitários garante a sustentabilidade e o potencial de disseminação do Círculo de Cultura Digital como política pública de inclusão e envelhecimento ativo."
"","Startup Inovadora","sim","Startup Ascenção","A Matech é uma startup (spin-off acadêmica) que tem como propósito democratizar o acesso das empresas brasileiras aos mecanismos públicos de fomento à inovação. Atuamos para reduzir a assimetria de informação e a complexidade operacional que ainda impedem micro, pequenas e médias empresas de utilizarem diferentes instrumentos, um exemplo: a Lei do Bem — principal política federal de incentivo à inovação no setor produtivo. De acordo com dados do Ministério da Ciência, Tecnologia e Inovação (MCTI, 2023), menos de 1% das empresas que investem em pesquisa e desenvolvimento, e são elegíveis, utilizam a Lei do Bem. O último dado do MCTI, apenas 3500 empresas fizeram uso do benefício em 2023. O problema não está na ausência de investimentos, mas nas dificuldades de comprovação técnica das atividades de P&D, no desconhecimento dos critérios legais e no alto custo de consultorias especializadas. Esse cenário gera perda de competitividade e reduz o potencial de uso de recursos públicos destinados à inovação, impactando negativamente a produtividade e o desenvolvimento tecnológico do país.
Para enfrentar essa lacuna, a Matech desenvolveu a Plataforma InovaBEM, uma solução SaaS baseada em inteligência artificial voltada à automação do processo de enquadramento, acompanhamento e prestação de contas de projetos beneficiados pela Lei do Bem. A plataforma utiliza modelos de [i]Machine Learning[/i] e [i]Large Language Models[/i] (LLMs) para identificar automaticamente projetos de inovação tecnológica em conformidade com o MCTI, o Manual de Oslo e o Manual de Frascati, além de gerar relatórios técnicos, demonstrativos de despesas e análises de conformidade de forma automatizada. Essa arquitetura permite transformar um processo manual e restrito em um fluxo digital, auditável e acessível, reduzindo custos e ampliando o alcance da política pública.
A solução endereça diretamente o desafio de ampliar o uso efetivo dos instrumentos de fomento à inovação no Brasil. Seu impacto é econômico, ao aumentar o número de empresas inovadoras que usufruem dos incentivos fiscais e estimulam novos investimentos privados em P&D; tecnológico, ao consolidar uma base nacional de dados sobre inovação empresarial; e social, ao promover inclusão, fortalecer a cultura de inovação e reduzir desigualdades no acesso às políticas de Ciência, Tecnologia e Inovação. A InovaBEM converte a burocracia em inteligência e transforma o potencial inovador das empresas brasileiras em resultados concretos para o país.
","Desde 2023, a Matech tem atuado de forma estratégica para ampliar o acesso das empresas brasileiras aos mecanismos públicos de fomento à inovação. Nascida com o propósito de democratizar o uso desses instrumentos, a startup já contribuiu para a captação de mais de R$ 25 milhões em recursos não reembolsáveis, apoiando seus clientes de diferentes portes e setores a estruturarem projetos de P&D com alto rigor técnico e aderência às diretrizes dos editais de fomento. Essa trajetória consolida a Matech como uma referência no apoio à inovação empresarial, promovendo o uso inteligente de políticas públicas que estimulam o desenvolvimento tecnológico e a competitividade industrial.
No contexto específico da Lei do Bem, o parecer técnico emitido em 2023 teve como resultado que todos os projetos submetidos pela Matech foram integralmente aprovados pelo MCTI, demonstrando a robustez metodológica, a qualidade técnica das entregas e a precisão dos enquadramentos realizados. Esse resultado reflete não apenas a competência da equipe multidisciplinar da empresa — composta por especialistas em políticas públicas de C,T&I, contabilidade e inteligência artificial — mas também a seriedade do trabalho que tem sido desenvolvido pela startup bem como a potência do artefato tecnológico da plataforma Inovabem.","As políticas públicas de fomento à inovação são práticas consolidadas em diversos países que compreendem a importância da ciência, tecnologia e inovação como vetores de desenvolvimento econômico e social. Nações como Estados Unidos, Alemanha, Japão, França e Coreia do Sul estruturam seus mecanismos de incentivo fiscal e financeiro para fortalecer a competitividade industrial e estimular o investimento privado em pesquisa e desenvolvimento (P&D). O Brasil, ao adotar instrumentos semelhantes, como a Lei do Bem, se insere nesse movimento global de estímulo à inovação tecnológica como base para o aumento da produtividade e da geração de valor.
A Lei do Bem também existe em outros territorios internacionais. Temos o R&D Tax Credit nos Estados Unidos, o Patent Box na União Europeia e programas de dedução fiscal no Japão e Canadá. Nesse contexto, a Matech, por meio da Plataforma InovaBEM, consegue ter capilaridade de inserção em outros mercados dada a similaridade dos processos e requisitos legais comuns à Lei do bem brasileira.
A InovaBEM é fundamentada nos preceitos do Manual de Oslo (OCDE, 2018) e do Manual de Frascati (OCDE, 2015), referências mundiais para a mensuração e classificação de atividades de pesquisa e inovação. Essa base conceitual internacional garante a compatibilidade da plataforma com diferentes legislações e sistemas de fomento, possibilitando sua expansão para outros países que adotam metodologias semelhantes.
No território nacional, a InovaBEM possui potencial de atuação em todas as regiões do Brasil, atendendo médios/grandes grupos empresariais que desejam otimizar sua gestão de projetos de inovação para o benefício fiscal. A escalabilidade da solução decorre de sua arquitetura SaaS baseada em inteligência artificial, que permite crescimento exponencial, personalização por setor econômico e reprodutibilidade em diferentes contextos jurídicos e culturais.
Em médio e longo prazo, o impacto esperado é a consolidação de uma infraestrutura digital de apoio à inovação que possa ser adaptada a políticas públicas de fomento no país e em escala global. "
"","Inovação Científica","sim","Deeptech destaque","Somos a imogen, uma startup 100% Pernambucana que está determinada em desenvolver tecnologias de ponta para dar suporte à fertilização in vitro. A infertilidade é um desafio crescente tanto na reprodução humana quanto na produção animal, onde identificar o embrião de maior potencial para se tornar uma gravidez bem sucedida é uma etapa sensível e de muita responsabilidade. No processo tradicional, as decisões sobre quais embriões possuem melhor qualidade só podem ser tomadas a cada sete dias, ao fim do cultivo, com base em observações pontuais e subjetivas da morfologia do mesmo. Esse modelo reduz a precisão da análise e aumenta o risco de perdas, pois exige a retirada dos embriões do ambiente controlado, comprometendo a estabilidade do cultivo.
A Imogen desenvolveu uma incubadora inteligente com microscopia embutida e tecnologia time-lapse, capaz de capturar imagens a cada 20 minutos e, por meio de inteligência artificial, auxiliar na classificação e acompanhamento do desenvolvimento embrionário em tempo real. Todas as informações são integradas a uma plataforma em nuvem, acessível remotamente, permitindo que profissionais em laboratórios ou fazendas acompanhem o processo à distância de forma segura e contínua.
Com controle preciso de temperatura, gases e pressão, o equipamento simula o ambiente uterino e garante estabilidade durante todo o cultivo. O objetivo é aumentar a eficiência reprodutiva e reduzir o número de ciclos necessários, o que pode representar até 15% de ganho na taxa de prenhez quando comparado a sistemas convencionais. A iniciativa conta com parcerias firmadas com UPE, UFPE e UFRPE. A empresa está embarcada no CAT Parqtel, parque tecnológico voltado ao desenvolvimento de novos dispositivos eletrônicos. A proposta posiciona Recife como um polo de inovação em biotecnologia e automação aplicada ao agro, com potencial de impacto global.","A Imogen já desenvolveu e testou um protótipo funcional de sua incubadora inteligente, atualmente validado no Laboratório de Biotecnologias Aplicadas à Reprodução (LBR-UFRPE), com embriões bovinos cultivados em condições estáveis durante sete dias — o ciclo completo da FIV. O equipamento mantém controle de temperatura e gases e captura de imagens contínuas, que já são utilizadas em testes preliminares com o módulo de inteligência artificial. A equipe é composta por profissionais de alto nível técnico, com atuação complementar: um engenheiro mecatrônico, dois engenheiros da computação, duas biomédicas, um médico veterinário e um especialista em redes. Essa multidisciplinaridade permite integrar hardware, software e biotecnologia em uma única solução.
A empresa já foi selecionada em diversos editais e programas de inovação, podendo destacar CNPq, FACEPE/SECTI, Sebrae-PE e a Prefeitura do Recife, totalizando aproximadamente R$ 550 mil em recursos captados em menos de dois anos. O primeiro artigo técnico sobre a incubadora foi publicado no SBPC 77º edição, e há uma patente em preparação referente à tecnologia de captura e análise automatizada. Os resultados obtidos indicam avanços consistentes no aumento da viabilidade embrionária e da previsibilidade dos cultivos, com resultados laboratoriais iguais ou superiores nas comparações com equipamentos já existentes no mercado. O projeto se destaca por gerar conhecimento científico validado em campo e por consolidar a capacidade da Imogen em desenvolver tecnologias complexas no ecossistema pernambucano.","Toda a solução da Imogen desde o hardware, passando pelo software e também a inteligência artificial, é integralmente desenvolvida pela própria equipe, o que permite total domínio técnico e facilidade de customização. Essa característica garante grande potencial de replicabilidade e escalabilidade, uma vez que o mesmo sistema pode ser adaptado a diferentes espécies e protocolos laboratoriais. O Brasil conta com cerca de 600 empresas com atividades relacionadas à inseminação artificial e FIV animal, todas mapeadas pela Imogen por meio de dados do CNAE. Esse conhecimento detalhado do mercado-alvo fortalece a estratégia de penetração comercial. O agronegócio, que movimenta cerca de R$ 238 bilhões por ano, é o primeiro foco de atuação, com potencial de expansão para laboratórios e fazendas em todo o mundo. A tecnologia é validada em colaboração com a UPE, UFPE e UFRPE, universidades de relevância nacional em biotecnologia e engenharia. Essa base científica assegura a confiabilidade e o aprimoramento contínuo do sistema. No médio e longo prazo, a incubadora inteligente tem potencial para se tornar um padrão tecnológico global na produção in vitro de embriões, ampliando a eficiência reprodutiva, reduzindo desperdícios e contribuindo diretamente para o ODS 2 (Fome Zero e Agricultura Sustentável) por meio da criação de rebanhos com maior valor genético, estes que além de consumirem menos pasto proporcionalmente ao material (carne ou leite) produzido, também tem correlação direta com uma menor emissão de gases nocivos à atmosfera."
"sim","","","Deeptech destaque","A Biotec Tecnologia e Inovações apresenta uma solução sustentável e de alto impacto voltada à [b]valorização de biomassas agroindustriais[/b], transformando resíduos antes sem destinação adequada em [b]produtos de alto valor agregado[/b], como [b]xilitol, sorbitol e lignina[/b]. A iniciativa responde diretamente ao desafio público de promover a [b]economia circular, a redução de resíduos e a transição para uma indústria de baixo carbono[/b], integrando ciência, tecnologia e sustentabilidade.
Atualmente, o setor sucroenergético e madeireiro em Pernambuco gera [b]milhares de toneladas de bagaço de cana e resíduos de eucalipto[/b] que, em grande parte, são subutilizados ou descartados de forma inadequada, contribuindo para emissões de CO₂ e impactos ambientais. A Biotec propõe reverter esse cenário com [b]processos biotecnológicos e químicos avançados[/b], desenvolvidos a partir de pesquisas acadêmicas, validações laboratoriais, escalas pilotos e futuras escalas industriais que convertem esses resíduos em insumos aplicáveis nas indústrias [b]alimentícia, farmacêutica, química e cosmética[/b].
O projeto tem como objetivos principais:
[ml][ul][li indent=0 align=left][b]Reduzir o volume de resíduos[/b], promovendo o reaproveitamento integral da biomassa;[/li][li indent=0 align=left][b]Gerar novos produtos sustentáveis[/b], com alto valor comercial e potencial de exportação;[/li][li indent=0 align=left][b]Estimular a economia verde e a inovação regional[/b], fortalecendo o ecossistema tecnológico pernambucano;[/li][li indent=0 align=left][b]Diminuir as emissões de carbono[/b] associadas ao descarte e à queima de resíduos;[/li][li indent=0 align=left][b]Criar oportunidades de emprego e renda[/b] a partir da bioeconomia.[/li][/ul][/ml]O impacto esperado é significativo: a iniciativa tem potencial de [b]reduzir até 60% dos resíduos orgânicos industriais[/b], gerar [b]novas cadeias produtivas sustentáveis[/b] e posicionar Pernambuco como referência em [b]inovação em biomassa e biotecnologia aplicada[/b]. A Biotec representa uma [b]resposta concreta ao desafio público da sustentabilidade urbana e industrial[/b], conectando inovação científica, responsabilidade ambiental e desenvolvimento econômico.
","A iniciativa de valorização de biomassas da [b]Biotec Tecnologia e Inovações[/b] já apresenta resultados concretos que comprovam seu potencial técnico, econômico e ambiental. A partir de pesquisas realizadas em laboratório, a Biotec desenvolveu processos eficientes para a [b]produção de xilitol, sorbitol e lignina[/b] a partir de resíduos de biomassas diversas como: [b]bagaço de cana ,eucalipto[/b], casca de coco, bambu, palha de milho, palha de cana, entre outros, alcançando [b]índices de conversão superiores a 70%[/b], com [b]purezas acima de 95%[/b] — níveis compatíveis com os padrões industriais.
Esses resultados confirmam a [b]viabilidade tecnológica e comercial[/b] da solução, evidenciada por parcerias estratégicas com [b]usinas do setor sucroenergético[/b], como [b]Trapiche, Petribu, Olho D’Água [/b], além do interesse de empresas do setor alimentício e cosmético, como a [b]Nestlé[/b]. Os testes demonstraram a [b]redução de até 60% no volume de resíduos orgânicos[/b] e [b]diminuição direta das emissões de CO₂[/b] associadas ao descarte e queima de biomassas.
Em termos econômicos, os produtos gerados têm [b]valor de mercado até 10 vezes superior[/b] ao da biomassa bruta, o que representa um [b]ganho expressivo de rentabilidade e sustentabilidade[/b] para as empresas parceiras. A Biotec também contribui com o fortalecimento do ecossistema de inovação de Pernambuco, ao promover a integração entre [b]pesquisa acadêmica, setor produtivo e políticas públicas de sustentabilidade[/b].
Do ponto de vista qualitativo, o projeto tem impacto direto na [b]mudança de mentalidade empresarial[/b], mostrando que resíduos podem ser transformados em insumos nobres e rentáveis. Além disso, fomenta a [b]formação de talentos em biotecnologia[/b], com a participação de pesquisadores, estudantes e profissionais da indústria em suas etapas de desenvolvimento.
Com base nos resultados obtidos, a Biotec consolida-se como [b]referência em inovação sustentável e bioeconomia no Nordeste[/b], contribuindo efetivamente para a [b]descarbonização industrial e o fortalecimento da economia circular em Pernambuco[/b].","A iniciativa da [b]Biotec Tecnologia e Inovações[/b] apresenta alta capacidade de [b]replicabilidade e escalabilidade[/b], graças à flexibilidade tecnológica dos processos desenvolvidos e à ampla disponibilidade de biomassas em diferentes regiões do Brasil. O modelo baseia-se em [b]tecnologias modulares[/b], que podem ser implantadas em [b]unidades descentralizadas ou integradas a plantas industriais já existentes[/b], reduzindo custos e otimizando o aproveitamento de resíduos locais.
O processo pode ser facilmente adaptado para diversos tipos de biomassa, como:  [b]bagaço de cana, resíduos de eucalipto, palha de milho, casca de coco e outros resíduos agroindustriais,[/b] o que amplia sua aplicação em diferentes cadeias produtivas. Essa versatilidade possibilita a [b]reprodução da tecnologia em contextos regionais distintos[/b], respeitando as características de cada polo produtivo e as demandas específicas de mercado.
A Biotec também adota um [b]modelo colaborativo de inovação[/b], envolvendo universidades, centros de pesquisa, usinas, governo e empresas privadas. Essa estratégia facilita a transferência de tecnologia e a criação de [b]arranjos produtivos locais baseados na bioeconomia[/b], favorecendo o [b]desenvolvimento regional sustentável[/b].
O potencial de escala é reforçado pela [b]demanda crescente por insumos verdes e soluções de baixo carbono[/b] nas indústrias [b]alimentícia, cosmética e farmacêutica[/b], setores em que o xilitol, sorbitol e lignina têm aplicações consolidadas e valor agregado elevado. Em médio prazo, a expansão do projeto pode gerar [b]redução significativa de resíduos sólidos industriais[/b], [b]novos polos de produção sustentável[/b] e [b]o fortalecimento da economia circular[/b] no Nordeste.
Em longo prazo, a Biotec pretende replicar a iniciativa em outros estados brasileiros, criando uma [b]rede nacional de valorização de biomassas[/b], capaz de transformar resíduos em riqueza e posicionar o Brasil como [b]referência em inovação sustentável e descarbonização industrial[/b]."
"","Inovação Científica","sim","Deeptech destaque","A Biotec Tecnologia e Inovações apresenta uma solução sustentável e de alto impacto voltada à [b]valorização de biomassas agroindustriais[/b], transformando resíduos antes sem destinação adequada em [b]produtos de alto valor agregado[/b], como [b]xilitol, sorbitol e lignina[/b]. A iniciativa responde diretamente ao desafio público de promover a [b]economia circular, a redução de resíduos e a transição para uma indústria de baixo carbono[/b], integrando ciência, tecnologia e sustentabilidade.
Atualmente, o setor sucroenergético e madeireiro em Pernambuco gera [b]milhares de toneladas de bagaço de cana e resíduos de eucalipto[/b] que, em grande parte, são subutilizados ou descartados de forma inadequada, contribuindo para emissões de CO₂ e impactos ambientais. A Biotec propõe reverter esse cenário com [b]processos biotecnológicos e químicos avançados[/b], desenvolvidos a partir de pesquisas acadêmicas, validações laboratoriais, escalas pilotos e futuras escalas industriais que convertem esses resíduos em insumos aplicáveis nas indústrias [b]alimentícia, farmacêutica, química e cosmética[/b].
O projeto tem como objetivos principais:
[ml][ul][li indent=0 align=left][b]Reduzir o volume de resíduos[/b], promovendo o reaproveitamento integral da biomassa;[/li][li indent=0 align=left][b]Gerar novos produtos sustentáveis[/b], com alto valor comercial e potencial de exportação;[/li][li indent=0 align=left][b]Estimular a economia verde e a inovação regional[/b], fortalecendo o ecossistema tecnológico pernambucano;[/li][li indent=0 align=left][b]Diminuir as emissões de carbono[/b] associadas ao descarte e à queima de resíduos;[/li][li indent=0 align=left][b]Criar oportunidades de emprego e renda[/b] a partir da bioeconomia.[/li][/ul][/ml]O impacto esperado é significativo: a iniciativa tem potencial de [b]reduzir até 60% dos resíduos orgânicos industriais[/b], gerar [b]novas cadeias produtivas sustentáveis[/b] e posicionar Pernambuco como referência em [b]inovação em biomassa e biotecnologia aplicada[/b]. A Biotec representa uma [b]resposta concreta ao desafio público da sustentabilidade urbana e industrial[/b], conectando inovação científica, responsabilidade ambiental e desenvolvimento econômico.
","A iniciativa de valorização de biomassas da [b]Biotec Tecnologia e Inovações[/b] já apresenta resultados concretos que comprovam seu potencial técnico, econômico e ambiental. A partir de pesquisas realizadas em laboratório, a Biotec desenvolveu processos eficientes para a [b]produção de xilitol, sorbitol e lignina[/b] a partir de resíduos de biomassas diversas como: [b]bagaço de cana ,eucalipto[/b], casca de coco, bambu, palha de milho, palha de cana, entre outros, alcançando [b]índices de conversão superiores a 70%[/b], com [b]purezas acima de 95%[/b] — níveis compatíveis com os padrões industriais.
Esses resultados confirmam a [b]viabilidade tecnológica e comercial[/b] da solução, evidenciada por parcerias estratégicas com [b]usinas do setor sucroenergético[/b], como [b]Trapiche, Petribu, Olho D’Água [/b], além do interesse de empresas do setor alimentício e cosmético, como a [b]Nestlé[/b]. Os testes demonstraram a [b]redução de até 60% no volume de resíduos orgânicos[/b] e [b]diminuição direta das emissões de CO₂[/b] associadas ao descarte e queima de biomassas.
Em termos econômicos, os produtos gerados têm [b]valor de mercado até 10 vezes superior[/b] ao da biomassa bruta, o que representa um [b]ganho expressivo de rentabilidade e sustentabilidade[/b] para as empresas parceiras. A Biotec também contribui com o fortalecimento do ecossistema de inovação de Pernambuco, ao promover a integração entre [b]pesquisa acadêmica, setor produtivo e políticas públicas de sustentabilidade[/b].
Do ponto de vista qualitativo, o projeto tem impacto direto na [b]mudança de mentalidade empresarial[/b], mostrando que resíduos podem ser transformados em insumos nobres e rentáveis. Além disso, fomenta a [b]formação de talentos em biotecnologia[/b], com a participação de pesquisadores, estudantes e profissionais da indústria em suas etapas de desenvolvimento.
Com base nos resultados obtidos, a Biotec consolida-se como [b]referência em inovação sustentável e bioeconomia no Nordeste[/b], contribuindo efetivamente para a [b]descarbonização industrial e o fortalecimento da economia circular em Pernambuco[/b].","A iniciativa da [b]Biotec Tecnologia e Inovações[/b] apresenta alta capacidade de [b]replicabilidade e escalabilidade[/b], graças à flexibilidade tecnológica dos processos desenvolvidos e à ampla disponibilidade de biomassas em diferentes regiões do Brasil. O modelo baseia-se em [b]tecnologias modulares[/b], que podem ser implantadas em [b]unidades descentralizadas ou integradas a plantas industriais já existentes[/b], reduzindo custos e otimizando o aproveitamento de resíduos locais.
O processo pode ser facilmente adaptado para diversos tipos de biomassa, como:  [b]bagaço de cana, resíduos de eucalipto, palha de milho, casca de coco e outros resíduos agroindustriais,[/b] o que amplia sua aplicação em diferentes cadeias produtivas. Essa versatilidade possibilita a [b]reprodução da tecnologia em contextos regionais distintos[/b], respeitando as características de cada polo produtivo e as demandas específicas de mercado.
A Biotec também adota um [b]modelo colaborativo de inovação[/b], envolvendo universidades, centros de pesquisa, usinas, governo e empresas privadas. Essa estratégia facilita a transferência de tecnologia e a criação de [b]arranjos produtivos locais baseados na bioeconomia[/b], favorecendo o [b]desenvolvimento regional sustentável[/b].
O potencial de escala é reforçado pela [b]demanda crescente por insumos verdes e soluções de baixo carbono[/b] nas indústrias [b]alimentícia, cosmética e farmacêutica[/b], setores em que o xilitol, sorbitol e lignina têm aplicações consolidadas e valor agregado elevado. Em médio prazo, a expansão do projeto pode gerar [b]redução significativa de resíduos sólidos industriais[/b], [b]novos polos de produção sustentável[/b] e [b]o fortalecimento da economia circular[/b] no Nordeste.
Em longo prazo, a Biotec pretende replicar a iniciativa em outros estados brasileiros, criando uma [b]rede nacional de valorização de biomassas[/b], capaz de transformar resíduos em riqueza e posicionar o Brasil como [b]referência em inovação sustentável e descarbonização industrial[/b]."
"sim","","","Startup conectada com a cidade","[color=rgb(120, 116, 134)]""Eu Vi"" é um aplicativo que mapeia locais de cidades onde foram filmados filmes, séries, novelas e onde surgiram inspirações para músicas e livros. [/color]
[color=rgb(120, 116, 134)]Vendemos para prefeituras e firmamos parcerias com plataformas de streaming para promover o turismo cultural. [/color]
[color=rgb(120, 116, 134)]Usuários finais podem explorar essas rotas e acessar conteúdo exclusivo, criando uma conexão única entre cultura pop e turismo, enriquecendo a experiência de visitantes e moradores[/color]","Desde o lançamento da versão web do Eu Vi, alcançamos resultados significativos que demonstram o potencial de engajamento e impacto da iniciativa na promoção da cultura e do turismo urbano.
Atualmente, o projeto conta com mais de 400 seguidores no Instagram (@euvi.tech), o que evidencia o interesse crescente do público em redescobrir a cidade por meio de suas conexões com o cinema, a música e a literatura.
Na versão web do aplicativo, já foram mapeados 12 pontos culturais — locais de Recife e de outras cidades que serviram como cenário ou inspiração para produções audiovisuais e obras literárias. Esses pontos compõem rotas interativas que incentivam o turismo criativo, o pertencimento cultural e a valorização dos espaços urbanos.
O sistema já possui 20 usuários ativos, que acessam a plataforma e exploram o conteúdo disponibilizado. Mesmo em estágio de MVP, esses indicadores quantitativos refletem o engajamento do público e validam o interesse pela proposta.
Do ponto de vista qualitativo, o Eu Vi vem despertando o interesse de agentes públicos e culturais, reforçando o potencial da tecnologia como ferramenta de preservação da memória, valorização do patrimônio cultural e incentivo à economia criativa local. O projeto demonstra como a inovação digital pode fortalecer a relação entre cidadãos e cidade, conectando história, arte e tecnologia de forma acessível e interativa.","O Eu Vi foi concebido com uma arquitetura tecnológica escalável e de fácil adaptação a diferentes contextos urbanos e culturais. A plataforma utiliza uma estrutura modular e baseada em dados georreferenciados, o que permite que novas cidades sejam integradas rapidamente, bastando cadastrar seus pontos de interesse e produções audiovisuais ou literárias associadas.
Essa característica torna o projeto replicável em qualquer município que deseje valorizar sua identidade cultural e estimular o turismo criativo. O modelo de expansão prevê parcerias com prefeituras, secretarias de cultura e turismo, bem como com plataformas de streaming e produtoras de conteúdo, ampliando o alcance e fortalecendo o ecossistema de inovação cultural.
Além disso, o Eu Vi adota um modelo sustentável de crescimento: o acesso à plataforma pelo público final é gratuito, enquanto o modelo de receita se baseia em contratos de licenciamento e personalização com municípios e instituições culturais, garantindo viabilidade econômica e impacto contínuo.
Em médio e longo prazo, o objetivo é que o Eu Vi se torne uma referência nacional em turismo audiovisual e mapeamento cultural, integrando-se a políticas de memória, educação patrimonial e economia criativa. Essa abordagem combina tecnologia acessível, engajamento comunitário e valorização da cultura local, elementos essenciais para sua expansão e consolidação em diferentes territórios."
"","Startup Inovadora","sim","Startup conectada com a cidade","[color=rgb(120, 116, 134)]""Eu Vi"" é um aplicativo que mapeia locais de cidades onde foram filmados filmes, séries, novelas e onde surgiram inspirações para músicas e livros. [/color]
[color=rgb(120, 116, 134)]Vendemos para prefeituras e firmamos parcerias com plataformas de streaming para promover o turismo cultural. [/color]
[color=rgb(120, 116, 134)]Usuários finais podem explorar essas rotas e acessar conteúdo exclusivo, criando uma conexão única entre cultura pop e turismo, enriquecendo a experiência de visitantes e moradores[/color]","Desde o lançamento da versão web do Eu Vi, alcançamos resultados significativos que demonstram o potencial de engajamento e impacto da iniciativa na promoção da cultura e do turismo urbano.
Atualmente, o projeto conta com mais de 400 seguidores no Instagram (@euvi.tech), o que evidencia o interesse crescente do público em redescobrir a cidade por meio de suas conexões com o cinema, a música e a literatura.
Na versão web do aplicativo, já foram mapeados 12 pontos culturais — locais de Recife e de outras cidades que serviram como cenário ou inspiração para produções audiovisuais e obras literárias. Esses pontos compõem rotas interativas que incentivam o turismo criativo, o pertencimento cultural e a valorização dos espaços urbanos.
O sistema já possui 20 usuários ativos, que acessam a plataforma e exploram o conteúdo disponibilizado. Mesmo em estágio de MVP, esses indicadores quantitativos refletem o engajamento do público e validam o interesse pela proposta.
Do ponto de vista qualitativo, o Eu Vi vem despertando o interesse de agentes públicos e culturais, reforçando o potencial da tecnologia como ferramenta de preservação da memória, valorização do patrimônio cultural e incentivo à economia criativa local. O projeto demonstra como a inovação digital pode fortalecer a relação entre cidadãos e cidade, conectando história, arte e tecnologia de forma acessível e interativa.","O Eu Vi foi concebido com uma arquitetura tecnológica escalável e de fácil adaptação a diferentes contextos urbanos e culturais. A plataforma utiliza uma estrutura modular e baseada em dados georreferenciados, o que permite que novas cidades sejam integradas rapidamente, bastando cadastrar seus pontos de interesse e produções audiovisuais ou literárias associadas.
Essa característica torna o projeto replicável em qualquer município que deseje valorizar sua identidade cultural e estimular o turismo criativo. O modelo de expansão prevê parcerias com prefeituras, secretarias de cultura e turismo, bem como com plataformas de streaming e produtoras de conteúdo, ampliando o alcance e fortalecendo o ecossistema de inovação cultural.
Além disso, o Eu Vi adota um modelo sustentável de crescimento: o acesso à plataforma pelo público final é gratuito, enquanto o modelo de receita se baseia em contratos de licenciamento e personalização com municípios e instituições culturais, garantindo viabilidade econômica e impacto contínuo.
Em médio e longo prazo, o objetivo é que o Eu Vi se torne uma referência nacional em turismo audiovisual e mapeamento cultural, integrando-se a políticas de memória, educação patrimonial e economia criativa. Essa abordagem combina tecnologia acessível, engajamento comunitário e valorização da cultura local, elementos essenciais para sua expansão e consolidação em diferentes territórios."
"","Inovação Social","sim","Empreendedorismo Social","O Jovens de Impacto é uma tecnologia social genuinamente recifense, validada em 2021 na capital pernambucana, que atua em escolas públicas de áreas de vulnerabilidade do Sertão ao Litoral. Seu objetivo é [b]empoderar estudantes e suas comunidades[/b] para enfrentarem ativamente os desafios sociais e ambientais locais, transformando a realidade onde escassez de recursos e oportunidades limitam o desenvolvimento.

O programa capacita alunos (em parceria estratégica com o Sebrae/PE) a desenvolverem projetos de [b]Empreendedorismo Social[/b] baseados nos 17 ODS da Agenda 2030. Isso estimula a cidadania ativa e o protagonismo, melhorando indicadores sociais e promovendo um impacto tangível — desde melhoria da infraestrutura escolar até a resolução de problemas ambientais locais, envolvendo toda a comunidade (alunos, professores e moradores).

Idealizado e executado pela Verda, empresa recifense com 13 anos de experiência e metodologia atestada (apresentada em eventos como TEDx), o projeto busca ser reconhecido como política pública, para ser adotado pela Secretaria de Educação e [b]transformar o Recife na primeira capital do país a implementar a inovação social em todas as suas escolas municipais[/b].

[h4]Desafio Público: Qualidade da Educação e Combate à Vulnerabilidade Social através do Protagonismo Juvenil e Inovação Social.[/h4]

[b]Dor Central (O Problema Identificado):[/b]
A dor central reside na [b]Baixa Efetividade da Educação Formal para o Combate Direto à Vulnerabilidade Social e no Déficit de Protagonismo Cidadão em Áreas de Risco[/b]. Em escolas públicas de áreas vulneráveis do Recife, a escassez de recursos e o alto índice de desafios sociais (violência, evasão escolar, baixo IDH) perpetuam um ciclo de carência, onde a educação, por si só, não consegue ser a principal alavanca de transformação. [b]Evidências:[/b] O Índice de Desenvolvimento da Educação Básica (IDEB) do Recife, embora venha melhorando, ainda reflete grandes disparidades, especialmente em escolas localizadas em Zonas Especiais de Interesse Social (ZEIS) e áreas periféricas, onde a infraestrutura e os indicadores sociais costumam ser os mais críticos. Além disso, a falta de engajamento e a evasão escolar, muitas vezes motivadas pela necessidade de renda ou pela falta de perspectiva, são altos nesses contextos.

[b]Como a Solução Endereça o Desafio:[/b]

O projeto Jovens de Impacto oferece uma [b]metodologia de inovação social aplicada[/b] que transforma a escola num laboratório de inovação social para ajudar a mitigar os desafios socioembientais.
[ml][ul][li indent=0 align=left][b]Foco em Protagonismo e Cidadania Ativa:[/b] Capacita os jovens a enxergarem problemas locais (violência, lixo, falta de água, etc.) como oportunidades de projeto. Ao desenvolverem iniciativas baseadas nos [b]17 ODS da Agenda 2030[/b], os estudantes se tornam [b]agentes de mudança[/b], aplicando conhecimento de forma prática e imediata.[/li][li indent=0 align=left][b]Empreendedorismo Social:[/b] O programa, com parceria do Sebrae/PE, introduz a lógica do empreendedorismo como ferramenta para gerar valor social, econômico e ambiental, fornecendo um caminho para o desenvolvimento local e reduzindo a dependência de assistencialismo.[/li][li indent=0 align=left][b]Tecnologia Social Genuinamente Recifense:[/b] A solução foi desenvolvida e validada nas escolas do Recife em 2021, garantindo sua aderência e eficácia ao contexto local.[/li][/ul][/ml]
[b]Objetivos do Projeto:[/b]
[ml][ul][li indent=0 align=left][b]Empoderar 100% dos jovens participantes[/b] com ferramentas de inovação social e empreendedorismo para desenvolverem soluções sustentáveis.[/li][li indent=0 align=left][b]Melhorar o ambiente escolar e comunitário[/b] através de projetos de impacto tangível (ex: hortas, infraestrutura, reciclagem).[/li][li indent=0 align=left][b]Promover a cidadania ativa[/b] e o engajamento comunitário, transformando a escola em um polo de desenvolvimento local.[/li][li indent=0 align=left][b]Garantir a replicabilidade e escalabilidade[/b] da solução para se tornar política pública em todas as escolas municipais do Recife.[/li][/ul][/ml]
[b]Impacto Esperado:[/b]
[ml][ul][li indent=0 align=left][b]Melhoria em Indicadores Sociais:[/b] Espera-se a redução da evasão escolar e o aumento do interesse pela educação, pois o aprendizado se torna relevante e ligado à sua realidade.[/li][li indent=0 align=left][b]Geração de Valor Comunitário:[/b] Os projetos desenvolvidos impactam diretamente a vida dos moradores, desde a melhoria da infraestrutura até a conscientização ambiental, provando o valor do jovem para a comunidade.[/li][li indent=0 align=left][b]Formação de uma Geração de Inovadores:[/b] O principal impacto é a criação de uma nova mentalidade na juventude de vulnerabilidade: a de que eles são capazes de resolver problemas complexos, posicionando o Recife na vanguarda da [b]Inovação Social na Educação[/b]. A aspiração é que o Recife seja a [b]primeira cidade do país a implementar a inovação social[/b] como pilar na sua rede municipal de ensino.[/li][/ul][/ml]","O projeto Jovens de Impacto apresenta resultados notáveis que atestam sua eficácia como uma tecnologia social escalável, gerando [b]impacto quantitativo (escala)[/b] e [b]qualitativo (protagonismo e competências)[/b] no sistema educacional e nas comunidades do Recife.

[h4][b]1. Escala e Abrangência: Ganhos Concretos para o Setor Educacional[/b][/h4]
Em termos de escala, o principal resultado da iniciativa é o número absoluto de escolas e alunos envolvidos. O projeto já alcançou [b]91.808 alunos[/b] em [b]234 escolas da rede pública[/b] – uma demonstração robusta de sua capacidade de levar a inovação social a um grande volume de estudantes em áreas de vulnerabilidade, potencializando o capital humano do Recife. A abrangência em centenas de escolas valida o modelo para diferentes contextos, do Sertão ao Litoral, confirmando sua replicabilidade e preparando a solução para ser adotada como política pública municipal.
[h3]
[/h3]
[h4][b]2. Protagonismo Juvenil e Consciência Cidadã (ODS 4, Meta 4.7)[/b][/h4]
A metodologia de engajamento— que inclui eventos de sensibilização, maratonas de cocriação de ações de impacto e mentorias de apoio à execução — demonstra alta eficácia na promoção do protagonismo juvenil.
Como indicador, [b]803 alunos de 1.169 respostas[/b] (aproximadamente [b]$68,7\%$[/b]) afirmam ter senso crítico quanto aos desafios socioambientais e sentem-se preparados para desenhar e liderar ações de impacto. Este resultado comprova que o projeto converte o aprendizado teórico em [b]cidadania ativa e liderança prática[/b], cumprindo diretamente o [b]ODS 4 (Educação de Qualidade), Meta 4.7[/b], que visa garantir que os alunos adquiram as habilidades necessárias para promover o desenvolvimento sustentável.
O ganho concreto é que o estudante deixa de ser um receptor passivo para se tornar um [b]""Jovem de Impacto""[/b], atuando como agente de transformação que gera resultados tangíveis (como revitalização de espaços, projetos de reciclagem ou campanhas de saúde) nas comunidades mais carentes do Recife.
[h3]
[/h3]
[h4][b]3. Desenvolvimento de Habilidades Socioemocionais (ODS 4, Meta 4.4)[/b][/h4]
O projeto também é um vetor eficiente para o desenvolvimento de competências para o século XXI. As atividades em grupo, estimulando habilidades como colaboração, empatia, comunicação e comprometimento, produziram resultados significativos.
Na autoavaliação dos participantes, [b]25 alunos de 32 que responderam[/b] (cerca de [b]$78,1\%$[/b]) relatam melhora em, ao menos, duas dessas habilidades socioemocionais. Essa alta taxa endereça o [b]ODS 4 (Educação de Qualidade), Meta 4.4[/b], que foca em aumentar o número de jovens com habilidades relevantes para o emprego e o [b]empreendedorismo[/b].

O ganho concreto aqui é a melhoria no clima escolar e a elevação da capacidade de trabalho em equipe, bases essenciais para o [b]Empreendedorismo Social[/b] e para a empregabilidade futura dos jovens em áreas de vulnerabilidade.","O projeto Jovens de Impacto possui um alto e comprovado potencial de replicabilidade e escalabilidade, posicionando-o como uma solução ideal para ser transformada em política pública na cidade do Recife e além.

[h4][b]1. Comprovação da Replicabilidade e Adaptação[/b][/h4]
[ml][ul][li indent=0 align=left][b]Evidência de Replicabilidade Interna (Pernambuco):[/b] A principal evidência é o alcance atual da iniciativa. O projeto foi desenvolvido e validado em escolas do Recife em 2021 e, desde então, já foi replicado com sucesso em [b]234 escolas da rede pública[/b] em diferentes regiões de Pernambuco, atuando do Sertão ao Litoral. Essa diversidade territorial (urbana, rural, alta e baixa vulnerabilidade) demonstra que a metodologia é robusta e adaptável a variados contextos geográficos e sociais.[/li][li indent=0 align=left][b]Adaptação Interterritorial (Nordeste):[/b] A capacidade de expansão para outros contextos e públicos já está em curso. O projeto está sendo [b]requisitado por instituições de outros estados do Nordeste (Bahia e Paraíba)[/b]. Isso sinaliza que o modelo é reconhecido como uma tecnologia social de alto valor fora de Pernambuco, pronto para ser adaptado em outras redes de ensino do país.[/li][/ul][/ml]
[h4][b]2. Potencial de Escala e Sustentabilidade de Longo Prazo[/b][/h4]
A metodologia do Jovens de Impacto está estruturada para a expansão contínua, com foco na sua adoção como política pública.
[ml][ul][li indent=0 align=left][b]Prontidão para Política Pública:[/b] A iniciativa está [b]pronta para se transformar em política pública[/b] na cidade do Recife. O sonho de ser adotada pela Secretaria de Educação para todas as escolas municipais é plenamente viável, dado que a estrutura, os indicadores e a comprovação de impacto já estão estabelecidos. A adoção como política pública garantiria a escala máxima e a sustentabilidade de longo prazo.[/li][li indent=0 align=left][b]Parceria Estratégica:[/b] O contrato e a parceria com o [b]Sebrae Pernambuco[/b] são um atestado da solidez metodológica e da capacidade de escala. O Sebrae, com sua capilaridade e foco em empreendedorismo, não só valida a tecnologia social, mas também oferece um canal estruturado para levar a metodologia do Recife para outros territórios e redes de parceiros.[/li][li indent=0 align=left][b]Documentação e Atestado de Atuação:[/b] A existência de [b]relatórios comprobatórios, atas de alunos e/ou atestados de atuação assinados pelos gestores[/b] das 234 escolas envolvidas garante a transparência, a rastreabilidade do impacto e a facilidade de [i]onboarding[/i] para novos gestores e parceiros.[/li][/ul][/ml]
[h4][b]Impacto de Médio e Longo Prazo[/b][/h4]
[ml][ul][li indent=0 align=left][b]Médio Prazo:[/b] A replicação em larga escala na rede municipal do Recife criará uma [b]massa crítica de jovens transformadores[/b], resultando em melhoria visível nos indicadores de engajamento escolar, redução de problemas comunitários (ODS 11 - Cidades Sustentáveis) e no aumento do Índice de Senso Crítico e Protagonismo (ODS 4.7) em toda a capital. O Recife se consolidaria como a [b]primeira capital do país[/b] a implementar a inovação social na educação.[/li][li indent=0 align=left][b]Longo Prazo:[/b] A iniciativa contribuirá para a formação de uma [b]nova geração de líderes sociais e empreendedores[/b] nas comunidades vulneráveis. Isso impactará o desenvolvimento econômico local, a redução da desigualdade (ODS 10) e a consolidação de uma cultura de inovação e cidadania ativa, promovendo a sustentabilidade dos ganhos sociais no futuro da cidade.[/li][/ul][/ml]"
"","Inovação Empresarial","sim","Inovação ESG","A [b]ESG Verda[/b] é uma consultoria estratégica genuinamente recifense, criada em 2025 pela [b]Verda[/b], um laboratório de inovação social com 14 anos de mercado, para ser a principal parceira ESG de Recife.

[b]A Dor Central:[/b] Apesar da vocação para inovação e desenvolvimento social (evidenciada pelo próprio ecossistema), o mercado recifense, como o Brasil, enfrenta o desafio da maturidade e aplicabilidade estratégica em [b]ESG (Ambiental, Social e Governança)[/b]. Muitas empresas e organizações têm iniciativas isoladas, mas carecem de uma estratégia robusta, integrada e com ""sotaque recifense"", que as alinhe a padrões globais (GRI, ISSB) e, ao mesmo tempo, as conecte às necessidades socioambientais locais. O risco é a ineficácia, o [i]greenwashing[/i] e a perda de competitividade em um cenário de crescentes exigências regulatórias e de mercado.

[b]Objetivos da Proposta:[/b]
[ml][ol][li indent=0 align=left][b]Estruturação Estratégica:[/b] Oferecer um ciclo completo de serviços (Diagnóstico, Materialidade, Estratégia, Gestão Tática e Relatório de Sustentabilidade) para transformar iniciativas avulsas em planos ESG robustos e de alto impacto financeiro e social.[/li][li indent=0 align=left][b]Letramento e Engajamento:[/b] Disseminar o conhecimento ESG na cidade através de capacitações customizadas e do evento [b]Experiência Verda[/b] (imersão de 8h, patrocinada pelo Banco do Nordeste), elevando o nível de compreensão e apropriação do tema no ecossistema.[/li][li indent=0 align=left][b]Geração de Valor Local:[/b] Apoiar a economia local, utilizando a expertise em inovação social da Verda (que já atua com governos, empresas e OCSs) para construir soluções ESG que gerem impacto positivo e sejam rastreáveis e mensuráveis.[/li][/ol][/ml]
[b]Impacto Esperado e Evidências Iniciais:[/b] A ESG Verda se posiciona como um motor para a inovação empresarial sustentável em Recife. O impacto esperado é a elevação do padrão de gestão ESG nas organizações da cidade, promovendo a captação de recursos, a mitigação de riscos e a atração de talentos.

O alinhamento estratégico com o ecossistema recifense é imediato, comprovado pelos primeiros clientes: [b]Porto Digital, RecNPLay, CESAR, Fenearte e Copergás[/b]. Estes [i]cases[/i] demonstram a relevância da ESG Verda para os principais [i]players[/i] de inovação, tecnologia e cultura da cidade, consolidando-a como o parceiro estratégico para a construção de um futuro mais sustentável e competitivo para Recife.","A ESG Verda, embora sendo uma unidade de negócio criada em 2025, beneficia-se da solidez e dos 14 anos de [i]know-how[/i] da Verda em inovação social, o que permitiu um impacto imediato e acelerado no ecossistema de Recife. Nossos resultados iniciais comprovam a urgência e a relevância da proposta para o setor empresarial da cidade, enquanto os ganhos projetados indicam a sustentabilidade da iniciativa.

[h4][b]Evidências de Validação e Credibilidade (Resultados Qualitativos Imediatos)[/b][/h4]
O principal resultado imediato da ESG Verda é a [b]validação estratégica e a alta adesão[/b] dos principais [i]players[/i] de inovação e grandes empresas de Pernambuco. O início das operações em 2025 já conta com a parceria e/ou prestação de serviços para instituições de peso como [b]Porto Digital, RecNPLay, CESAR, Fenearte e Copergás[/b]. Esta carteira inicial atesta a credibilidade da Verda e estabelece a ESG Verda como um parceiro de alta confiança, definindo um [i]benchmark[/i] positivo que encoraja outras empresas recifenses a investirem em uma gestão ESG estruturada e não apenas superficial.
O [b]diferencial de liderança e expertise[/b] é outro ganho concreto. A presença ativa e a atuação direta dos fundadores – Lud Valença, especialista em ESG pelo Insper, e Pedro Verda, especialista em Inovação Social – garantem que os clientes tenham acesso a um nível estratégico elevado na discussão e implantação das ações.

[h4][b]Resultados de Letramento e Estrutura (Ganhos Quantitativos e Qualitativos)[/b][/h4]
No eixo de [b]Letramento e Engajamento[/b], a ESG Verda já assegurou um resultado fundamental para a disseminação do conhecimento: a realização do evento [b]Experiência Verda[/b], uma imersão de 8 horas sobre a temática ESG, que será [b]patrocinada pelo Banco do Nordeste (BNB)[/b]. O patrocínio de uma instituição de fomento regional valida a importância da iniciativa e garante que a capacitação de alto nível atinja um público mais amplo, democratizando o conhecimento ESG na cidade.
Do ponto de vista da [b]Estrutura de Serviços[/b], o lançamento da unidade com um portfólio completo (Diagnóstico, Materialidade, Estratégia, Gestão Tática e Relatório de Sustentabilidade alinhado a padrões globais como GRI, ISSB e SASB) representa a [b]profissionalização da agenda ESG[/b] em Recife. O ganho aqui é a capacitação das empresas para migrarem de iniciativas pontuais para planos robustos, rastreáveis e mensuráveis, essenciais para o [b]acesso a crédito, atração de investimentos[/b] e o aumento da [b]competitividade[/b] no mercado global.

[h4][b]Ganhos Estratégicos e Impacto no Setor (Resultados Projetados)[/b][/h4]
O impacto esperado para o setor de atuação é a [b]elevação da maturidade e da qualidade do impacto social[/b] gerado pelas empresas recifenses.
[ml][ul][li indent=0 align=left][b]Competitividade Aumentada:[/b] O suporte técnico para alinhamento a padrões internacionais garante que as empresas de Recife estejam aptas a competir por investimentos e licitações que exigem relatórios de sustentabilidade rigorosos, transformando a agenda ESG em um diferencial financeiro.[/li][li indent=0 align=left][b]Qualificação do Impacto Social:[/b] A expertise em Inovação Social da Verda garante que as estratégias do pilar Social (o ""S"" do ESG) sejam autênticas, relevantes para as necessidades de Recife e, crucialmente, sujeitas a [b]Monitoramento e Avaliação de Impacto[/b]. Isso assegura que as empresas clientes gerem valor real para a comunidade, indo além do [i]compliance[/i] e contribuindo de forma mensurável para o desenvolvimento socioeconômico da cidade.[/li][/ul][/ml]
A ESG Verda não é apenas uma consultoria, mas um motor de [b]inovação empresarial sustentável[/b] que nasceu credibilizado e pronto para alavancar a agenda ESG da capital pernambucana, fornecendo tanto o [i]know-how[/i] estratégico quanto a [b]capacitação massiva[/b] necessária para a cidade.","A ESG Verda possui um notável potencial de replicabilidade e escalabilidade, que é uma característica intrínseca do seu modelo de consultoria estratégica e letramento, e que é potencializado pela sólida base de 14 anos da Verda em inovação social.

A [b]replicabilidade[/b] da iniciativa é alta porque os serviços são estruturados com base em metodologias e padrões globais universalmente aceitos (como GRI, ISSB e SASB), o que garante que o [i]framework[/i] de trabalho seja adaptável a [b]qualquer setor, porte de empresa ou território[/b]. O modelo já demonstrou essa versatilidade inicial ao atender segmentos tão distintos em Recife quanto Tecnologia (CESAR, Porto Digital), Energia (Copergás) e Cultura/Eventos (Fenearte, RecNPLay). Essa base metodológica robusta permite que as soluções sejam facilmente ajustadas às necessidades regulatórias e de materialidade de diferentes contextos geográficos, mantendo apenas a customização local necessária, como a análise de riscos específicos do Nordeste.

A [b]escalabilidade[/b] da ESG Verda se manifesta em múltiplas dimensões, permitindo a multiplicação do impacto sem o aumento linear da estrutura:
[ml][ol][li indent=0 align=left][b]Escalabilidade Geográfica (Médio Prazo):[/b] Recife, como [i]hub[/i] de inovação do Nordeste, atua como a plataforma de lançamento. Após a consolidação dos [i]cases[/i] estratégicos e a prova de conceito com líderes de mercado na cidade, a expansão para outras capitais do Nordeste (Salvador, Fortaleza, Natal) é um passo natural e de baixo risco. A expertise em [b]Inovação Social[/b] local será o diferencial competitivo para penetrar nesses novos mercados regionais.[/li][li indent=0 align=left][b]Escalabilidade por Produto de Conhecimento (Longo Prazo):[/b] O evento de letramento [b]Experiência Verda[/b], que já conta com o patrocínio estratégico do Banco do Nordeste (BNB), é o protótipo de um produto de alto potencial de escala. O conhecimento e o conteúdo podem ser facilmente transformados em [b]cursos online (EAD)[/b]. Essa digitalização permite que a ESG Verda alcance milhares de profissionais simultaneamente, gerando uma nova linha de receita recorrente e escalável e, mais importante, promovendo um [b]impacto massivo[/b] na disseminação da cultura ESG no país.[/li][li indent=0 align=left][b]Escalabilidade Tática:[/b] O modelo de [b]Gestão Tática ESG[/b] inclui o treinamento de equipes internas dos clientes. Isso permite à Verda atuar mais estrategicamente, ""treinando o treinador"" e delegando a execução do monitoramento de rotina, o que amplia a capacidade da consultoria de gerenciar um número maior de clientes de forma eficiente.[/li][/ol][/ml]
O [b]impacto de longo prazo[/b] da ESG Verda, em escala, é a [b]transformação do panorama ESG no Nordeste[/b]. Ao capacitar gestores, alinhar estratégias aos padrões globais e garantir que o impacto social seja rastreável e autêntico, a ESG Verda contribui para que as empresas da região se tornem mais competitivas, atraiam investimentos internacionais e, sobretudo, fortaleçam o capital humano e o desenvolvimento sustentável em todo o território."
"sim","","","Startup Ascenção","O Gymtime Go é um aplicativo mobile que conecta prática e quem precisa praticar com serviços de forma justa e simples. Com o sistema FITNESS ON DEMAND, embarcado, o app proporciona os usuários a frequentarem centros fitness pagando apenas a hora de uso. Além disso, o app possui integração direta com várias academias sendo o ""aplicativo do aluno"" delas e carrega diversos programas gamificados e digitais de autocuidado com a saúde, como o Cuidaa, para diabéticos e Hipertensos. E o Recovery, programa de atividades física para superação das sequelas da COVID19. Toda as ações realizadas no app gera recompensa de ganhos em MIRREIS DIGITAL, a moeda digital dos bons hábitos. Em breve, esse mirreis seea monetizado na compra de cupons de descontos em uma plataforma marketplace no sistema ""pague e retire"". ","+ de 10 mil usuários Ativos
Aquisição 100% organica. 
Presente em todas as microrregiões de Pernambuco. 
Mais de 50 mil downloads 
Mais de 100k horas intermediadas
NPS 9.7
Pesquisa em andamento com a Universidade de São Carlos sobre as sequelas motoras da COVID19.


","Adaptação para o contexto público já em andamento, podendo ser usado para a estratégia de tratamento de doentes crônicos (diabetes, hipertensão, dor, etc) na atenção básica a saúde melhorando o mapeamento de pacientes e engajamento ao tratamento não farmacológico."
"sim","","","Startup Ascenção","O Gymtime Go é um aplicativo mobile que conecta prática e quem precisa praticar com serviços de forma justa e simples. Com o sistema FITNESS ON DEMAND, embarcado, o app proporciona os usuários a frequentarem centros fitness pagando apenas a hora de uso. Além disso, o app possui integração direta com várias academias sendo o ""aplicativo do aluno"" delas e carrega diversos programas gamificados e digitais de autocuidado com a saúde, como o Cuidaa, para diabéticos e Hipertensos. E o Recovery, programa de atividades física para superação das sequelas da COVID19. Toda as ações realizadas no app gera recompensa de ganhos em MIRREIS DIGITAL, a moeda digital dos bons hábitos. Em breve, esse mirreis seea monetizado na compra de cupons de descontos em uma plataforma marketplace no sistema ""pague e retire"". ","+ de 10 mil usuários Ativos
Aquisição 100% organica. 
Presente em todas as microrregiões de Pernambuco. 
Mais de 50 mil downloads 
Mais de 100k horas intermediadas
NPS 9.7
Pesquisa em andamento com a Universidade de São Carlos sobre as sequelas motoras da COVID19.


","Adaptação para o contexto público já em andamento, podendo ser usado para a estratégia de tratamento de doentes crônicos (diabetes, hipertensão, dor, etc) na atenção básica a saúde melhorando o mapeamento de pacientes e engajamento ao tratamento não farmacológico."
"","Startup Inovadora","sim","Startup Ascenção","O Gymtime Go é um aplicativo mobile que conecta prática e quem precisa praticar com serviços de forma justa e simples. Com o sistema FITNESS ON DEMAND, embarcado, o app proporciona os usuários a frequentarem centros fitness pagando apenas a hora de uso. Além disso, o app possui integração direta com várias academias sendo o ""aplicativo do aluno"" delas e carrega diversos programas gamificados e digitais de autocuidado com a saúde, como o Cuidaa, para diabéticos e Hipertensos. E o Recovery, programa de atividades física para superação das sequelas da COVID19. Toda as ações realizadas no app gera recompensa de ganhos em MIRREIS DIGITAL, a moeda digital dos bons hábitos. Em breve, esse mirreis seea monetizado na compra de cupons de descontos em uma plataforma marketplace no sistema ""pague e retire"". ","+ de 10 mil usuários Ativos
Aquisição 100% organica. 
Presente em todas as microrregiões de Pernambuco. 
Mais de 50 mil downloads 
Mais de 100k horas intermediadas
NPS 9.7
Pesquisa em andamento com a Universidade de São Carlos sobre as sequelas motoras da COVID19.


","Adaptação para o contexto público já em andamento, podendo ser usado para a estratégia de tratamento de doentes crônicos (diabetes, hipertensão, dor, etc) na atenção básica a saúde melhorando o mapeamento de pacientes e engajamento ao tratamento não farmacológico."
"","Inovação Empresarial","sim","Inovação ESG","O Inova.Ação PCD é uma iniciativa do CESAR, em parceria com a Télos, que enfrenta um dos maiores desafios do setor de tecnologia: a baixa inclusão de pessoas com deficiência no mercado de trabalho. Segundo o IBGE (2022), apenas 28,3% das pessoas com deficiência em idade ativa estão empregadas, contra 66,3% das pessoas sem deficiência. No setor de TI, o cenário é ainda mais excludente: apenas 1 em cada 100 profissionais se declara PCD, enquanto o país enfrenta um déficit estimado de 530 mil vagas na área (Brasscom, 2025).

Para responder a essa lacuna, o CESAR lançou em 2025 o Inova.Ação PCD, programa de education recruiting que integra, de forma inédita, seleção acessível, formação técnica e aceleração de carreira. O objetivo foi empregar e capacitar até 35 pessoas com deficiência em desenvolvimento de software, garantindo sua inserção direta nas equipes de tecnologia do centro.

A inovação central do programa está em inverter a lógica tradicional da inclusão corporativa: no Inova.Ação PCD a ordem é primeiro selecionar e contratar, depois formar. Essa abordagem fortalece o vínculo de pertencimento, reduz barreiras e garante que a qualificação esteja conectada às demandas reais de trabalho.

Com processos seletivos acessíveis, formação intensiva de seis meses pós-contratação e mentoria contínua, o Inova.Ação PCD alia impacto social e estratégia empresarial. A condução pelas áreas de Cultura & ESG e Capital Humano assegura que o projeto esteja alinhado à governança inclusiva do CESAR, conectando diversidade a metas de inovação e competitividade.

Os resultados iniciais comprovam o potencial de transformação: 300 inscritos, 29 contratações efetivas e representatividade cinco vezes acima da média nacional do setor. Além disso, a iniciativa ganhou ampla repercussão na mídia, inspirando outras organizações a adotar práticas semelhantes.

O Inova.Ação PCD é um movimento de mudança cultural, que reforça o papel da diversidade como vetor de inovação, equidade e desenvolvimento sustentável.","O Inova.Ação PCD alcançou resultados expressivos tanto em impacto social quanto em fortalecimento da cultura organizacional do CESAR. O programa registrou mais de 300 inscritos, dos quais 80 foram selecionados para um hackathon cujo tema era Acessibilidade 360º no CESAR. Destes 30 receberam convite formal de contratação, resultando em 29 contratações efetivas — o equivalente a 5% da força de trabalho em tecnologia, índice cinco vezes superior à média nacional de inclusão de PCDs no setor (1%).

Os indicadores de desempenho vão além da empregabilidade. Durante o ciclo formativo de seis meses, as pessoas contratadas participarão de trilhas intensivas em programação, dados, inglês e soft skills, com 100% de acessibilidade garantida. 

Em paralelo, o CESAR está implementando ações estruturantes de suporte à inclusão, incluindo a formação de líderes diretos em gestão inclusiva e a adaptação de rotinas de acompanhamento e feedback. Essa abordagem tem como objetivo reduzir o turnover e fortalecer o clima organizacional, reforçando um dos valores da organização que é Inclusão e Diversidade.

O impacto externo também foi relevante: o programa gerou sete reportagens em emissoras de TV locais, uma em rádio e diversas inserções em veículos impressos e digitais, ampliando o debate sobre empregabilidade de pessoas com deficiência em tecnologia e inspirando outras organizações a adotar modelos semelhantes.

Os resultados vêm comprovando que a diversidade, quando aliada à inovação e à governança ESG, produz ganhos tangíveis: aumento de representatividade e fortalecimento de uma cultura empresarial mais justa e competitiva.","O Inova.Ação PCD foi concebido desde sua origem como um modelo escalável e adaptável, capaz de inspirar outras organizações e setores a transformar práticas de inclusão em estratégias estruturadas de inovação e competitividade. A arquitetura do programa — que integra recrutamento acessível, formação técnica e acompanhamento contínuo — pode ser replicada em diferentes contextos corporativos e para diferentes públicos, bastando ajustar trilhas formativas e tecnologias de apoio às especificidades de cada área.

O principal fator de escalabilidade está na metodologia de inversão da lógica tradicional: contratar primeiro e formar depois. Essa abordagem pode ser aplicada em qualquer setor que enfrente déficit de talentos, especialmente nas áreas de inovação, engenharia, design e serviços digitais. Além disso, o programa é modular e de baixo custo de adaptação, utilizando parcerias educacionais e recursos internos já existentes.

A capacidade de articulação intersetorial — envolvendo áreas de ESG, Capital Humano, Educação e Tecnologia — torna o programa um case de governança inclusiva, com potencial para influenciar políticas corporativas e públicas.

Em longo prazo, o impacto esperado é a consolidação de uma nova lógica de recrutamento inclusivo no setor de tecnologia, elevando a empregabilidade de pessoas com deficiência e de outros grupos sub-representados, como pessoas negras, LGBTQIAPN+ ou com mais de 50 anos de idade, e promovendo a diversidade como vetor de inovação, desenvolvimento regional e transformação social."
"","Startup Inovadora","sim","Startup Ascenção","A Aicury, por meio da solução AiVital, enfrenta o desafio do acompanhamento pós-operatório no SUS, uma lacuna crítica que impacta diretamente a segurança dos pacientes. Após a alta hospitalar, muitas pessoas enfrentam complicações cirúrgicas que não são detectadas a tempo, o que leva à reinternações, agravamento do quadro clínico e aumento de custos ao sistema público de saúde.
A dor central está na ausência de um acompanhamento estruturado, contínuo e acessível para esses pacientes, principalmente em contextos de alta demanda e escassez de equipes. O AiVital resolve esse desafio ao automatizar o acompanhamento pós-cirúrgico de maneira inovadora através do uso de Inteligência Artificial. A solução funciona por meio da Luci, uma assistente virtual que conversa com os pacientes pelo WhatsApp ou por voz, checando diariamente o estado de saúde e identificando precocemente sinais de alerta — como dor, febre ou secreção na ferida.
Ao detectar qualquer risco, o sistema envia um alerta imediato à equipe de controle de infecção hospitalar (CCIH), que pode agir rapidamente, evitando complicações maiores. Além disso, o AiVital orienta o autocuidado e gera dados clínicos estruturados, otimizando o trabalho da equipe médica.","Desde sua implantação no Hospital das Clínicas da UFPE, o AiVital tem demonstrado resultados expressivos em indicadores clínicos, operacionais e econômicos. Mais de 1.000 pacientes em pós-operatório já foram acompanhados pela assistente virtual Luci, com uma taxa de engajamento superior a 95% nas interações diárias.
A detecção precoce de sinais de infecção reduziu a taxa de reinternações de 12% para 5% — uma queda de mais de 58%. O tempo médio para identificar uma infecção caiu de até 15 dias para apenas 2 dias, permitindo intervenções mais rápidas e eficazes.
Além dos ganhos clínicos, o hospital alcançou uma economia mensal de aproximadamente R$ 249 mil, somando quase R$ 3 milhões por ano. A automação da triagem e do acompanhamento também gerou uma redução de 45% na carga de trabalho da equipe da Comissão de Controle de Infecção Hospitalar (CCIH).
O impacto vai além dos números. A confiança dos pacientes na continuidade do cuidado aumentou significativamente. Em um dos relatos, uma mãe expressa sua gratidão após receber orientações da Luci via WhatsApp. Seu filho, com suspeita de infecção, foi prontamente atendido — e graças à triagem da plataforma, descobriu-se que se tratava apenas de uma crosta superficial.
Reconhecida como boa prática de inovação em saúde, a solução foi destaque em eventos nacionais e internacionais, como o Prêmio Fundación MAPFRE e o programa BNDES Garagem.[highlight=transparent][img width=551px]//2eb0cd16e008139946c2510a2de49dd6.cdn.bubble.io/f1761398094444x387716693244574140/richtext_content.png[/img][/highlight]","O AiVital foi desenhado desde o início para ser escalável, acessível e facilmente integrado a diferentes contextos hospitalares, públicos ou privados. Sua tecnologia 100% SaaS e arquitetura interoperável permite implantação ágil em instituições com variados níveis de maturidade digital, utilizando apenas o WhatsApp como canal de interação com o paciente.
Atualmente, a solução está sendo expandida para o Hospital Barão de Lucena (SES-PE), por meio de contratação via edital público, e em fase final de negociação com a rede EBSERH, o que pode levar o AiVital a até 45 hospitais universitários federais. Também há negociações em curso com a Secretaria de Saúde da Bahia (SES-BA), com início pelo Hospital Ana Nery, além de prospecções no setor privado e em clínicas de cirurgia plástica.
A estratégia da Aicury prevê, ainda em 2026, a expansão para hospitais estaduais em Pernambuco, entrada em novas verticais (como procedimentos eletivos) e, a partir de 2027, atuação em mercados internacionais, começando por Espanha e Portugal.
Com impacto já validado no SUS, modelo de negócio baseado em assinatura por paciente e baixo custo marginal por nova instalação, o AiVital possui elevado potencial de replicação e impacto de médio e longo prazo. A solução responde a um problema sistêmico com uma abordagem simples, adaptável e comprovadamente eficaz."
"","Inovação Científica","sim","Pesquisa & Extensão Inovadora","O desafio público enfrentado pela iniciativa é o baixo grau de implementação da Base Nacional Comum Curricular (BNCC) nas creches públicas do Recife, que compromete a qualidade e a equidade na Educação Infantil. Embora a BNCC tenha sido instituída em 2018 como referência nacional, as unidades de ensino ainda apresentam desafios práticos para sua efetiva implementação. Essa lacuna contribui para a manutenção de um caráter assistencialista e pouco formativo em termos de desenvolvimento de aprendizagem na primeira infância. A pesquisa propõe uma solução científica aplicada: compreender como a BNCC é implementada na prática, analisando as relações entre gestores, professores e famílias, e identificando os fatores organizacionais e comportamentais que favorecem ou limitam sua efetivação. O estudo utilizou observação direta, entrevistas e análise documental, com o suporte do software IRAMUTEQ e análise de conteúdo categorial. A metodologia combina abordagens [i]top down[/i] e [i]bottom up[/i] de implementação de políticas, permitindo conhecer a política “como ela é”.
Entre as evidências, destacam-se:
[ml][ul][li indent=0 align=left]100 % das creches analisadas possuíam PPPs desatualizados;[/li][li indent=0 align=left]Ausência de diretrizes claras de planejamento curricular;[/li][li indent=0 align=left]Baixa articulação entre gestores e professores;[/li][li indent=0 align=left]Influência direta da capacitação e do controle institucional sobre a qualidade da implementação[/li][/ul][/ml]O impacto esperado é a transformação do conhecimento acadêmico em ferramenta de gestão e avaliação para redes municipais, subsidiando políticas de formação docente, planejamento curricular e controle externo da educação. A iniciativa inova ao propor uma metodologia replicável, que integra pesquisa empírica e diagnóstico institucional, oferecendo ao Recife (e a outros municípios) um modelo de inovação científica aplicada à gestão pública educacional.","A pesquisa resultou em um diagnóstico inédito e detalhado sobre a implementação da BNCC nas creches públicas do Recife, evidenciando avanços pontuais e desafios estruturais que impactam a qualidade da Educação Infantil. Foram analisadas três unidades de ensino municipais, envolvendo professores, gestores e auxiliares de desenvolvimento infantil, além da análise documental de 33 avaliações infantis e dos Projetos Político-Pedagógicos (PPPs) de cada instituição. Como pontos centrais da análise dos resultados, o controle do espaço para a discricionariedade do agente implementador mostrou-se como o fator que mais contribui para a implementação da política curricular na creche, enquanto que a relação dos agentes com as famílias dos alunos mostrou-se como o fator mais desafiador ao sucesso da implementação da BNCC.","A iniciativa apresenta elevada capacidade de replicação e escalabilidade, pois combina rigor científico, baixo custo e aplicabilidade prática em diferentes contextos municipais. O modelo metodológico de coleta de dados, baseado em observação direta, entrevistas e análise documental, bem como o de análise, baseado na metodologia de análise de conteúdo categorial, uso de software livre de análise lexical (IRAMUTEQ) e triangulação de dados podem ser facilmente adaptados por secretarias de educação, universidades e outros atores para avaliar a implementação de políticas públicas em outras cidades. Sua simplicidade operacional e caráter formativo permitem que equipes locais sejam capacitadas para reproduzir o processo, gerando diagnósticos e recomendações específicas sem necessidade de alto investimento técnico."
"sim","","","Pesquisa & Extensão Inovadora","O Programa Futuras Cientistas, criado em 2012 pela Dra. Giovanna Machado no Centro de Tecnologias Estratégicas do Nordeste (CETENE/MCTI), nasceu com o propósito de enfrentar a baixa representatividade feminina nas ciências e nas carreiras tecnológicas, é uma idéia inovadora que enfrenta um desafio nacional: a sub-representação feminina na ciência e tecnologia. A iniciativa responde diretamente ao desafio promover a equidade de gênero e o acesso de jovens mulheres à educação científica e à inovação, atuando desde a base escolar até a formação superior.
O programa promove oportunidades reais para que meninas e professoras da rede pública desenvolvam seu potencial nas áreas de Ciência, Tecnologia, Engenharia e Matemática (STEM). Dados da UNESCO e do CNPq indicam que, embora as mulheres representem mais de 50% dos estudantes de graduação, elas ainda ocupam menos de 30% das posições em pesquisa nas áreas tecnológicas.  
A solução proposta pelo programa é um modelo de formação científica e cidadã em rede, que articula meninas do ensino médio público, professoras e pesquisadoras em ações integradas: Imersão Científica Banca de Estudos, Mentoria e Estágio. Essas etapas promovem vivências práticas em laboratórios, desenvolvimento de projetos de pesquisa e construção de planos de futuro acadêmico e profissional.
O programa atua atualmente nas 27 unidades federativas do Brasil e já alcançou mais de 3.000 participantes, consolidando-se como uma plataforma nacional de inclusão, formação científica e inovação social. Seus resultados são expressivos: 87% das jovens participantes optaram por seguir carreiras nas áreas STEM após vivenciarem as etapas do programa, evidenciando seu impacto real na ampliação da presença feminina na ciência e na tecnologia brasileiras. O impacto esperado é a redução das desigualdades de gênero na ciência e a criação de uma geração de jovens mulheres capacitadas e engajadas em transformar seus contextos sociais. 
 ","O Programa Futuras Cientistas é estruturada em três eixos: 
participação, desempenho e impacto social, com indicadores quantitativos e qualitativos que permitem mensurar de forma precisa o alcance e a efetividade das ações.
[ml][ol][li indent=0 align=left]Eixo de Participação: analisa o engajamento e a representatividade das alunas e professoras de escolas públicas, público exclusivo do programa. São considerados indicadores como número de inscrições válidas, taxa de conclusão das etapas formativas e cobertura territorial. Em 2025, o programa alcançou as 27 unidades federativas e atendeu 570 participantes diretas, demonstrando ampla adesão e capilaridade nacional.[/li][li indent=0 align=left]Eixo de Desempenho: avalia  o impacto educacional das participantes. A análise inclui questionários, relatórios de atividades. Entre os resultados, 70% das meninas que participaram da Banca de Estudos foram aprovadas em universidades públicas ou privadas, e, dentre essas, 87% optaram por cursos nas áreas STEM (Ciência, Tecnologia, Engenharia e Matemática). Esses dados evidenciam o fortalecimento da formação científica e o estímulo à continuidade dos estudos em áreas estratégicas para o país.[/li][li indent=0 align=left]Eixo de Impacto Social: observa os efeitos de médio e longo prazo, considerando mudanças de percepção, empoderamento e multiplicação de práticas científicas nas escolas. Depoimentos e análises qualitativas demonstram ganhos significativos em autoconfiança, liderança e permanência feminina na ciência.[/li][/ol][/ml]Esses critérios e resultados comprovam que o Futuras Cientistas constitui um programa efetivo e replicável, capaz de transformar trajetórias individuais e fortalecer a presença de mulheres na ciência brasileira.","O Programa Futuras Cientistas apresenta alta capacidade de replicabilidade e escalabilidade, sustentada por um modelo metodológico flexível, validado em diferentes regiões do país e fundamentado em parcerias interinstitucionais. O programa foi concebido para funcionar como uma plataforma modular de formação científica, composta por etapas adaptáveis – Imersão Científica, Mentoria, Estágio e Banca de Estudos – que podem ser reproduzidas em contextos locais com diferentes níveis de infraestrutura e apoio técnico.
A metodologia foi testada, aprimorada e expandida ao longo dos anos, possui a adesão de mais de 150 instituições parceiras (institutos federais, universidades e empresas). Essa expansão demonstra a escalabilidade comprovada do modelo e sua capacidade de integração às políticas públicas de ciência e tecnologia em nível estadual e nacional.
A replicação é favorecida pelo uso de materiais pedagógicos padronizados na banca de estudos, capacitação online das alunas com o paoio de tutoras e pela estrutura digital da plataforma Futuras Cientistas, que centraliza inscrições, acompanhamento e avaliação de desempenho. Tais recursos reduzem custos operacionais e garantem a sustentabilidade e uniformidade metodológica da iniciativa.
No médio e longo prazo, o programa evidencia impacto estrutural: cria redes locais de apoio feminino à ciência, amplia o ingresso de jovens em carreiras STEM e fortalece a cultura científica nas escolas públicas. O modelo pode ser adaptado para outras faixas etárias, níveis de ensino ou áreas temáticas (como sustentabilidade, energia limpa ou biotecnologia), preservando seu eixo central — formar, inspirar e conectar meninas e mulheres à ciência brasileira."
"sim","","","Pesquisa & Extensão Inovadora","O Programa Futuras Cientistas, criado em 2012 pela Dra. Giovanna Machado no Centro de Tecnologias Estratégicas do Nordeste (CETENE/MCTI), nasceu com o propósito de enfrentar a baixa representatividade feminina nas ciências e nas carreiras tecnológicas, é uma idéia inovadora que enfrenta um desafio nacional: a sub-representação feminina na ciência e tecnologia. A iniciativa responde diretamente ao desafio promover a equidade de gênero e o acesso de jovens mulheres à educação científica e à inovação, atuando desde a base escolar até a formação superior.
O programa promove oportunidades reais para que meninas e professoras da rede pública desenvolvam seu potencial nas áreas de Ciência, Tecnologia, Engenharia e Matemática (STEM). Dados da UNESCO e do CNPq indicam que, embora as mulheres representem mais de 50% dos estudantes de graduação, elas ainda ocupam menos de 30% das posições em pesquisa nas áreas tecnológicas.  
A solução proposta pelo programa é um modelo de formação científica e cidadã em rede, que articula meninas do ensino médio público, professoras e pesquisadoras em ações integradas: Imersão Científica Banca de Estudos, Mentoria e Estágio. Essas etapas promovem vivências práticas em laboratórios, desenvolvimento de projetos de pesquisa e construção de planos de futuro acadêmico e profissional.
O programa atua atualmente nas 27 unidades federativas do Brasil e já alcançou mais de 3.000 participantes, consolidando-se como uma plataforma nacional de inclusão, formação científica e inovação social. Seus resultados são expressivos: 87% das jovens participantes optaram por seguir carreiras nas áreas STEM após vivenciarem as etapas do programa, evidenciando seu impacto real na ampliação da presença feminina na ciência e na tecnologia brasileiras. O impacto esperado é a redução das desigualdades de gênero na ciência e a criação de uma geração de jovens mulheres capacitadas e engajadas em transformar seus contextos sociais. 
 ","O Programa Futuras Cientistas é estruturada em três eixos: 
participação, desempenho e impacto social, com indicadores quantitativos e qualitativos que permitem mensurar de forma precisa o alcance e a efetividade das ações.
[ml][ol][li indent=0 align=left]Eixo de Participação: analisa o engajamento e a representatividade das alunas e professoras de escolas públicas, público exclusivo do programa. São considerados indicadores como número de inscrições válidas, taxa de conclusão das etapas formativas e cobertura territorial. Em 2025, o programa alcançou as 27 unidades federativas e atendeu 570 participantes diretas, demonstrando ampla adesão e capilaridade nacional.[/li][li indent=0 align=left]Eixo de Desempenho: avalia  o impacto educacional das participantes. A análise inclui questionários, relatórios de atividades. Entre os resultados, 70% das meninas que participaram da Banca de Estudos foram aprovadas em universidades públicas ou privadas, e, dentre essas, 87% optaram por cursos nas áreas STEM (Ciência, Tecnologia, Engenharia e Matemática). Esses dados evidenciam o fortalecimento da formação científica e o estímulo à continuidade dos estudos em áreas estratégicas para o país.[/li][li indent=0 align=left]Eixo de Impacto Social: observa os efeitos de médio e longo prazo, considerando mudanças de percepção, empoderamento e multiplicação de práticas científicas nas escolas. Depoimentos e análises qualitativas demonstram ganhos significativos em autoconfiança, liderança e permanência feminina na ciência.[/li][/ol][/ml]Esses critérios e resultados comprovam que o Futuras Cientistas constitui um programa efetivo e replicável, capaz de transformar trajetórias individuais e fortalecer a presença de mulheres na ciência brasileira.","O Programa Futuras Cientistas apresenta alta capacidade de replicabilidade e escalabilidade, sustentada por um modelo metodológico flexível, validado em diferentes regiões do país e fundamentado em parcerias interinstitucionais. O programa foi concebido para funcionar como uma plataforma modular de formação científica, composta por etapas adaptáveis – Imersão Científica, Mentoria, Estágio e Banca de Estudos – que podem ser reproduzidas em contextos locais com diferentes níveis de infraestrutura e apoio técnico.
A metodologia foi testada, aprimorada e expandida ao longo dos anos, possui a adesão de mais de 150 instituições parceiras (institutos federais, universidades e empresas). Essa expansão demonstra a escalabilidade comprovada do modelo e sua capacidade de integração às políticas públicas de ciência e tecnologia em nível estadual e nacional.
A replicação é favorecida pelo uso de materiais pedagógicos padronizados na banca de estudos, capacitação online das alunas com o paoio de tutoras e pela estrutura digital da plataforma Futuras Cientistas, que centraliza inscrições, acompanhamento e avaliação de desempenho. Tais recursos reduzem custos operacionais e garantem a sustentabilidade e uniformidade metodológica da iniciativa.
No médio e longo prazo, o programa evidencia impacto estrutural: cria redes locais de apoio feminino à ciência, amplia o ingresso de jovens em carreiras STEM e fortalece a cultura científica nas escolas públicas. O modelo pode ser adaptado para outras faixas etárias, níveis de ensino ou áreas temáticas (como sustentabilidade, energia limpa ou biotecnologia), preservando seu eixo central — formar, inspirar e conectar meninas e mulheres à ciência brasileira."
"","Inovação Científica","sim","Pesquisa & Extensão Inovadora","O Programa Futuras Cientistas, criado em 2012 pela Dra. Giovanna Machado no Centro de Tecnologias Estratégicas do Nordeste (CETENE/MCTI), nasceu com o propósito de enfrentar a baixa representatividade feminina nas ciências e nas carreiras tecnológicas, é uma idéia inovadora que enfrenta um desafio nacional: a sub-representação feminina na ciência e tecnologia. A iniciativa responde diretamente ao desafio promover a equidade de gênero e o acesso de jovens mulheres à educação científica e à inovação, atuando desde a base escolar até a formação superior.
O programa promove oportunidades reais para que meninas e professoras da rede pública desenvolvam seu potencial nas áreas de Ciência, Tecnologia, Engenharia e Matemática (STEM). Dados da UNESCO e do CNPq indicam que, embora as mulheres representem mais de 50% dos estudantes de graduação, elas ainda ocupam menos de 30% das posições em pesquisa nas áreas tecnológicas.  
A solução proposta pelo programa é um modelo de formação científica e cidadã em rede, que articula meninas do ensino médio público, professoras e pesquisadoras em ações integradas: Imersão Científica Banca de Estudos, Mentoria e Estágio. Essas etapas promovem vivências práticas em laboratórios, desenvolvimento de projetos de pesquisa e construção de planos de futuro acadêmico e profissional.
O programa atua atualmente nas 27 unidades federativas do Brasil e já alcançou mais de 3.000 participantes, consolidando-se como uma plataforma nacional de inclusão, formação científica e inovação social. Seus resultados são expressivos: 87% das jovens participantes optaram por seguir carreiras nas áreas STEM após vivenciarem as etapas do programa, evidenciando seu impacto real na ampliação da presença feminina na ciência e na tecnologia brasileiras. O impacto esperado é a redução das desigualdades de gênero na ciência e a criação de uma geração de jovens mulheres capacitadas e engajadas em transformar seus contextos sociais. 
 ","O Programa Futuras Cientistas é estruturada em três eixos: 
participação, desempenho e impacto social, com indicadores quantitativos e qualitativos que permitem mensurar de forma precisa o alcance e a efetividade das ações.
[ml][ol][li indent=0 align=left]Eixo de Participação: analisa o engajamento e a representatividade das alunas e professoras de escolas públicas, público exclusivo do programa. São considerados indicadores como número de inscrições válidas, taxa de conclusão das etapas formativas e cobertura territorial. Em 2025, o programa alcançou as 27 unidades federativas e atendeu 570 participantes diretas, demonstrando ampla adesão e capilaridade nacional.[/li][li indent=0 align=left]Eixo de Desempenho: avalia  o impacto educacional das participantes. A análise inclui questionários, relatórios de atividades. Entre os resultados, 70% das meninas que participaram da Banca de Estudos foram aprovadas em universidades públicas ou privadas, e, dentre essas, 87% optaram por cursos nas áreas STEM (Ciência, Tecnologia, Engenharia e Matemática). Esses dados evidenciam o fortalecimento da formação científica e o estímulo à continuidade dos estudos em áreas estratégicas para o país.[/li][li indent=0 align=left]Eixo de Impacto Social: observa os efeitos de médio e longo prazo, considerando mudanças de percepção, empoderamento e multiplicação de práticas científicas nas escolas. Depoimentos e análises qualitativas demonstram ganhos significativos em autoconfiança, liderança e permanência feminina na ciência.[/li][/ol][/ml]Esses critérios e resultados comprovam que o Futuras Cientistas constitui um programa efetivo e replicável, capaz de transformar trajetórias individuais e fortalecer a presença de mulheres na ciência brasileira.","O Programa Futuras Cientistas apresenta alta capacidade de replicabilidade e escalabilidade, sustentada por um modelo metodológico flexível, validado em diferentes regiões do país e fundamentado em parcerias interinstitucionais. O programa foi concebido para funcionar como uma plataforma modular de formação científica, composta por etapas adaptáveis – Imersão Científica, Mentoria, Estágio e Banca de Estudos – que podem ser reproduzidas em contextos locais com diferentes níveis de infraestrutura e apoio técnico.
A metodologia foi testada, aprimorada e expandida ao longo dos anos, possui a adesão de mais de 150 instituições parceiras (institutos federais, universidades e empresas). Essa expansão demonstra a escalabilidade comprovada do modelo e sua capacidade de integração às políticas públicas de ciência e tecnologia em nível estadual e nacional.
A replicação é favorecida pelo uso de materiais pedagógicos padronizados na banca de estudos, capacitação online das alunas com o paoio de tutoras e pela estrutura digital da plataforma Futuras Cientistas, que centraliza inscrições, acompanhamento e avaliação de desempenho. Tais recursos reduzem custos operacionais e garantem a sustentabilidade e uniformidade metodológica da iniciativa.
No médio e longo prazo, o programa evidencia impacto estrutural: cria redes locais de apoio feminino à ciência, amplia o ingresso de jovens em carreiras STEM e fortalece a cultura científica nas escolas públicas. O modelo pode ser adaptado para outras faixas etárias, níveis de ensino ou áreas temáticas (como sustentabilidade, energia limpa ou biotecnologia), preservando seu eixo central — formar, inspirar e conectar meninas e mulheres à ciência brasileira."
"sim","","","Inovação empresarial","RESUMO DO CASE

O case apresenta o processo de testes de campo para homologação e implementação de conectores de emendas elétricas à prova d’água, com duplo nível de proteção IP68/IPX8, no âmbito do programa de modernização e padronização da rede semafórica e de lombadas eletrônicas da CTTU Recife.
A iniciativa foi conduzida pela BCPE Consultoria e Representações Comerciais Ltda, em cooperação técnica com a equipe de Tecnologia e Inovação da CTTU, com o objetivo de solucionar falhas elétricas recorrentes e garantir maior confiabilidade, segurança e durabilidade ao sistema de controle urbano da capital pernambucana.

PROBLEMA IDENTIFICADO

O sistema semafórico e de fiscalização eletrônica do Recife apresentava falhas constantes causadas pela infiltração de água em pontos de emenda e conexão subterrânea, agravadas pela alta incidência de maresia, umidade, alagamentos em dias de chuva e oxidação constante das fiações e conectores tipo barras de sindal.
Esses fatores comprometiam o desempenho dos semáforos e lombadas eletrônicas, gerando interrupções operacionais, riscos de curto-circuito e altos custos de manutenção corretiva, especialmente nos conjuntos porta-foco e nas emendas subterrâneas e aéreas dos pórticos metálicos. A ausência de um padrão técnico de estanqueidade e durabilidade era um obstáculo à eficiência e à sustentabilidade da infraestrutura urbana de mobilidade.","SOLUÇÃO IMPLEMENTADA

A BCPE Consultoria desenvolveu e coordenou os testes de campo para posterior homologação técnica de conectores elétricos à prova d’água, com certificações IP68 e IPX8, assegurando vedação total contra poeira, maresia e submersão prolongada sob pressão hidráulica.
O projeto contemplou:
Ensaios de campo supervisionados pela CTTU, realizados na rede semafórica da Rua Pereira da Costa (Avenida Boa Viagem) e no Controlador e Medidores de Velocidade da Lombada Eletrônica localizada no Cais José Estelita;
Testes de estanqueidade, resistência dielétrica e durabilidade sob imersão e exposição contínua à umidade e salinidade;
Comparativo técnico de desempenho entre conectores homologados e conexões convencionais;
Padronização técnica e documentação final para aplicação em toda a rede de semáforos e lombadas eletrônicas.
O resultado foi a criação de um novo padrão de conexão elétrica urbana, garantindo integridade e continuidade operacional mesmo sob condições extremas.

RESULTADOS E IMPACTO

Redução de 87% nas falhas elétricas por infiltração, maresia e oxidação;
Diminuição de 65% nos custos de manutenção corretiva da rede semafórica;
Aumento da disponibilidade operacional e do tempo médio entre falhas;
Maior segurança viária e eficiência da mobilidade urbana, com funcionamento contínuo dos equipamentos em períodos chuvosos;
Contribuição direta à sustentabilidade, reduzindo o descarte prematuro de componentes e o consumo de recursos públicos.
O case reforça a eficiência da parceria público-privada e o papel da engenharia nacional na modernização dos sistemas urbanos do Recife.","REPLICABILIDADE E POTENCIAL DE ESCALA

O modelo técnico adotado pela BCPE Consultoria pode ser replicado integralmente por outras prefeituras e concessionárias de energia, especialmente em cidades litorâneas ou com alta umidade.
Sua aplicação também é viável em redes de iluminação pública, sistemas fotovoltaicos, telecomunicações e monitoramento urbano, com potencial para se tornar referência nacional em conectividade elétrica segura e durável."
"","Inovação Empresarial","sim","Inovação empresarial","RESUMO DO CASE

O case apresenta o processo de testes de campo para homologação e implementação de conectores de emendas elétricas à prova d’água, com duplo nível de proteção IP68/IPX8, no âmbito do programa de modernização e padronização da rede semafórica e de lombadas eletrônicas da CTTU Recife.
A iniciativa foi conduzida pela BCPE Consultoria e Representações Comerciais Ltda, em cooperação técnica com a equipe de Tecnologia e Inovação da CTTU, com o objetivo de solucionar falhas elétricas recorrentes e garantir maior confiabilidade, segurança e durabilidade ao sistema de controle urbano da capital pernambucana.

PROBLEMA IDENTIFICADO

O sistema semafórico e de fiscalização eletrônica do Recife apresentava falhas constantes causadas pela infiltração de água em pontos de emenda e conexão subterrânea, agravadas pela alta incidência de maresia, umidade, alagamentos em dias de chuva e oxidação constante das fiações e conectores tipo barras de sindal.
Esses fatores comprometiam o desempenho dos semáforos e lombadas eletrônicas, gerando interrupções operacionais, riscos de curto-circuito e altos custos de manutenção corretiva, especialmente nos conjuntos porta-foco e nas emendas subterrâneas e aéreas dos pórticos metálicos. A ausência de um padrão técnico de estanqueidade e durabilidade era um obstáculo à eficiência e à sustentabilidade da infraestrutura urbana de mobilidade.","SOLUÇÃO IMPLEMENTADA

A BCPE Consultoria desenvolveu e coordenou os testes de campo para posterior homologação técnica de conectores elétricos à prova d’água, com certificações IP68 e IPX8, assegurando vedação total contra poeira, maresia e submersão prolongada sob pressão hidráulica.
O projeto contemplou:
Ensaios de campo supervisionados pela CTTU, realizados na rede semafórica da Rua Pereira da Costa (Avenida Boa Viagem) e no Controlador e Medidores de Velocidade da Lombada Eletrônica localizada no Cais José Estelita;
Testes de estanqueidade, resistência dielétrica e durabilidade sob imersão e exposição contínua à umidade e salinidade;
Comparativo técnico de desempenho entre conectores homologados e conexões convencionais;
Padronização técnica e documentação final para aplicação em toda a rede de semáforos e lombadas eletrônicas.
O resultado foi a criação de um novo padrão de conexão elétrica urbana, garantindo integridade e continuidade operacional mesmo sob condições extremas.

RESULTADOS E IMPACTO

Redução de 87% nas falhas elétricas por infiltração, maresia e oxidação;
Diminuição de 65% nos custos de manutenção corretiva da rede semafórica;
Aumento da disponibilidade operacional e do tempo médio entre falhas;
Maior segurança viária e eficiência da mobilidade urbana, com funcionamento contínuo dos equipamentos em períodos chuvosos;
Contribuição direta à sustentabilidade, reduzindo o descarte prematuro de componentes e o consumo de recursos públicos.
O case reforça a eficiência da parceria público-privada e o papel da engenharia nacional na modernização dos sistemas urbanos do Recife.","REPLICABILIDADE E POTENCIAL DE ESCALA

O modelo técnico adotado pela BCPE Consultoria pode ser replicado integralmente por outras prefeituras e concessionárias de energia, especialmente em cidades litorâneas ou com alta umidade.
Sua aplicação também é viável em redes de iluminação pública, sistemas fotovoltaicos, telecomunicações e monitoramento urbano, com potencial para se tornar referência nacional em conectividade elétrica segura e durável."
"","Startup Inovadora","sim","Startup Ascenção","O [b]Hawk App[/b] é uma plataforma digital desenvolvida pela [b]BCPE Consultoria e Representações Comerciais Ltda[/b], sediada em Recife/PE, que integra [b]ERP corporativo e aplicativo móvel[/b] voltados à gestão técnica, financeira e ambiental de obras de engenharia civil, industrial e ESG. A solução, criada com tecnologia 100% nacional, promove a transformação digital da engenharia, unindo eficiência, rastreabilidade e sustentabilidade.
Com arquitetura em nuvem (SaaS), o sistema oferece controle em tempo real de cronogramas, contratos, custos, medições e indicadores ESG, otimizando a comunicação entre campo e escritório. O [b]Hawk App[/b] foi concebido para reduzir desperdícios, evitar falhas de planejamento e elevar o nível de governança técnica e financeira em empreendimentos públicos e privados.
O aplicativo opera de forma integrada a um ERP web, permitindo gestão por módulos: [b]Hawk App Alpha[/b] (pequenas empresas e MEIs), [b]Hawk App Beta[/b] (médias e grandes empresas) e [b]Hawk App Pro-X[/b], voltado para certificação [b]LEED[/b] e projetos sustentáveis baseados no conceito [b]Power-to-X[/b], aplicável à descarbonização e eficiência energética.
O projeto representa um marco no setor de [b]Construtechs[/b] e [b]GovTechs[/b], destacando-se pela combinação de engenharia, tecnologia e ESG em uma mesma plataforma. Desenvolvido no Recife, o Hawk App simboliza o potencial inovador da cidade como polo nacional de tecnologia e transformação digital em obras e infraestrutura.","O setor de engenharia civil e industrial brasileiro ainda enfrenta um cenário de baixa digitalização, dependência de planilhas e ausência de integração entre as áreas de planejamento, execução e controle. A inexistência de plataformas específicas que unam gestão de obras e critérios ESG resulta em gargalos operacionais, desperdícios financeiros e dificuldades de rastreabilidade e transparência.
Entre os principais desafios identificados estão: desorganização de informações técnicas e contratuais; falta de padronização de relatórios e indicadores; ausência de gestão integrada de CapEx e Opex em tempo real; e a desconexão entre equipes de campo e engenharia corporativa. Tais limitações geram atrasos, retrabalhos, riscos contratuais e perdas financeiras, impactando diretamente a produtividade e a sustentabilidade das obras.
O [b]Hawk App[/b] foi desenvolvido para reverter esse cenário, atuando como uma plataforma digital de alto desempenho que integra engenharia, tecnologia e governança ESG. O sistema conecta campo e escritório em tempo real, automatiza medições, centraliza relatórios, controla indicadores e garante rastreabilidade total de dados técnicos e financeiros.
Os resultados obtidos comprovam a eficiência do modelo: redução média de [b]32% no tempo de elaboração de relatórios e medições[/b], aumento de [b]40% na produtividade das equipes de campo e fiscalização[/b], e diminuição de [b]até 25% nos custos administrativos e retrabalhos[/b]. Além disso, o Hawk App promoveu ganhos significativos em [b]governança corporativa[/b], [b]transparência de dados[/b] e [b]integração de critérios ESG[/b] em obras industriais e de infraestrutura. O impacto alcançado demonstra o potencial da solução para transformar o setor, elevando o padrão de gestão e sustentabilidade da engenharia nacional.","O [b]Hawk App[/b] foi projetado para ser amplamente replicável e escalável. Sua arquitetura modular e baseada em nuvem (SaaS) permite rápida implementação em qualquer empresa, município ou indústria, sem necessidade de infraestrutura local complexa.
A plataforma pode ser adotada por:
[ml][ul][li indent=0 align=left][b]Órgãos públicos[/b], para gestão e fiscalização de obras municipais e estaduais;[/li][li indent=0 align=left][b]Empresas de engenharia e construtoras[/b], em diferentes portes e segmentos;[/li][li indent=0 align=left][b]Indústrias e plantas fabris[/b], em projetos de expansão e manutenção;[/li][li indent=0 align=left][b]Empreendimentos sustentáveis[/b], com foco em certificações ambientais (LEED, ISO 14001 e Power-to-X).[/li][/ul][/ml]Com suporte multilíngue e compatibilidade com sistemas internacionais de gestão, o [b]Hawk App[/b] possui potencial de expansão global, especialmente para países da América Latina, Europa e África.
A escalabilidade é sustentada por sua flexibilidade técnica, modelo de licenciamento acessível e integração com plataformas como [b]Power BI, MS Project, Revit e BIM 3D[/b]. O sistema pode se conectar a bancos de dados públicos e APIs de transparência, contribuindo também para o avanço das políticas de cidades inteligentes e gestão sustentável de infraestrutura."
"","Inovação Científica","sim","Deeptech destaque","A ZeaTech é uma deep tech recifense que transforma ciência em soluções tecnológicas de impacto para a agricultura sustentável. A iniciativa nasceu no Laboratório de Armazenagem de Produtos Agrícolas da UFRPE, com o propósito de democratizar o monitoramento ambiental de grãos por meio de sensoriamento inteligente, inteligência artificial e conectividade IoT.
O desafio público enfrentado é o alto índice de perdas pós-colheita, que atinge até 20% da produção agrícola nacional, causado por condições inadequadas de temperatura e umidade no armazenamento. Em Pernambuco, pequenos e médios produtores ainda dependem de métodos manuais ou intuitivos para monitorar silos e galpões, resultando em deterioração e prejuízos econômicos.
A ZeaTech desenvolve uma solução modular, acessível e escalável, capazes de identificar precocemente alterações metabólicas dos grãos. Os dados são enviados a um banco de dados em nuvem e analisados em tempo real pelo aplicativo ZeaApp, que utiliza o ZeaBot, assistente virtual baseado em IA, para orientar o produtor sobre práticas corretivas e boas práticas de armazenagem.
Além da inovação técnica, a ZeaTech propõe um modelo inclusivo de acesso tecnológico, com instalação simplificada, suporte remoto e planos escaláveis, permitindo que agricultores familiares usufruam da mesma eficiência de grandes armazéns industriais. Testes já realizados em unidades experimentais em Paudalho (PE), no silo piloto da UFRPE em Recife comprovam sua eficiência e robustez.
Com impacto direto nos ODS 2, 8, 9, 12 e 17, a ZeaTech promove redução de perdas, otimiza o uso de recursos naturais e fortalece o ecossistema de inovação do Recife, convertendo pesquisa científica em tecnologia acessível, sustentável e transformadora — conectando ciência, mercado e sociedade em um mesmo propósito.","A ZeaTech alcançou resultados expressivos ao validar uma tecnologia inédita de monitoramento inteligente e sustentável para armazenagem de grãos, integrando sensores ambientais, conectividade IoT e inteligência artificial em uma plataforma acessível aos pequenos e médios produtores.
Nos testes laboratoriais e de campo — realizados no silo piloto da UFRPE, em uma propriedade rural em Paudalho (PE) — o sistema demonstrou alta estabilidade operacional (acima de 95% de uptime) e precisão superior a 90% nas leituras de temperatura, umidade e CO₂ em comparação com equipamentos de referência. Esses resultados confirmam a confiabilidade do hardware desenvolvido e sua aplicabilidade em diferentes contextos produtivos.
Do ponto de vista qualitativo, os produtores participantes relataram melhoria significativa na tomada de decisão, redução de perdas e maior controle sobre o ambiente de armazenagem. A integração do aplicativo ZeaApp e do assistente virtual ZeaBot possibilitou o acesso em tempo real aos dados, emitindo alertas automatizados sobre risco de deterioração e recomendações de ações corretivas, como aeração e secagem.
Entre os ganhos quantitativos observados, destacam-se:
Redução nas perdas pós-colheita em estruturas artesanais;
Aumento de até na vida útil dos grãos armazenados, prolongando o período seguro de comercialização;
Acesso remoto e contínuo a dados climáticos e ambientais, mesmo em áreas de baixa conectividade rural.
Além dos resultados técnicos, a ZeaTech gerou impacto social e econômico ao empoderar agricultores familiares, reduzir desperdícios e promover o uso consciente de recursos naturais. O avanço da startup para TRL 6–7 representa um marco no desenvolvimento de deep techs agrícolas no Recife, consolidando uma ponte entre pesquisa científica, inovação tecnológica e sustentabilidade social.","A ZeaTech foi concebida desde sua origem para ser uma solução modular, acessível e escalável, capaz de se adaptar a diferentes contextos produtivos — de unidades artesanais de agricultura familiar a grandes estruturas industriais de armazenagem. Sua arquitetura tecnológica, baseada em hardware, sensores padronizados e comunicação via GSM, permite a reprodução em qualquer região, mesmo em áreas de baixa conectividade.
A simplicidade de instalação e a robustez dos sensores possibilitam que o sistema seja montado e mantido pelo próprio produtor, sem a necessidade de técnicos especializados. Essa característica reduz barreiras de adoção e viabiliza sua expansão por meio de programas de extensão rural, cooperativas e políticas públicas de inovação agrícola.
A replicabilidade da ZeaTech já foi comprovada em dois níveis de operação:
Silo piloto da UFRPE – calibração e padronização dos sensores;
Estação experimental em Paudalho (PE) – validação em contextos rurais e de agricultura familiar;
Essas etapas consolidam a flexibilidade tecnológica e operacional da ZeaTech, validando sua aplicabilidade em múltiplos territórios e condições climáticas.
A médio e longo prazo, a plataforma tem potencial de expansão nacional e internacional, podendo ser adaptada para monitoramento de sementes crioulas, silos cooperativos e estufas. O banco de dados em nuvem e os algoritmos preditivos alimentados por IA garantem a aprendizagem contínua e escalabilidade digital, transformando a ZeaTech em uma infraestrutura tecnológica aberta e replicável para o agronegócio sustentável.
Com essa abordagem, a ZeaTech se consolida como uma solução de impacto sistêmico, conectando ciência, tecnologia e inclusão produtiva, e fortalecendo o Recife como polo nacional de inovação de base científica e agrícola."
"sim","","","Empreendedorismo Social","O [b]Porto Social[/b] é a [b]escola de empreendedorismo social da Rede Muda Mundo[/b], criada no Recife para formar, conectar e fortalecer líderes e iniciativas que transformam realidades.
 Por meio do [b]Programa CAIS (Capacitação, Aceleração, Impacto e Sustentabilidade)[/b], o Porto Social oferece trilhas formativas, mentorias e conexões estratégicas que desenvolvem competências de gestão, liderança e mensuração de impacto em organizações e projetos sociais.
A iniciativa nasceu para responder a uma dor concreta: a falta de [b]formação empreendedora e sustentabilidade institucional[/b] no campo social.
 Muitas organizações surgem de causas legítimas, mas desaparecem por falta de estrutura, gestão e visão de longo prazo. O Porto Social atua nesse ponto crítico — [b]profissionalizando o setor social e transformando propósito em resultado[/b].
Sua metodologia alia [b]educação empreendedora, inovação social e impacto coletivo[/b], com uma rede de [b]mentores voluntários da academia, do mercado e de diversos setores[/b], que compartilham conhecimento prático e técnico para o fortalecimento das lideranças sociais.
a","Os números do Porto Social comprovam seu impacto concreto e mensurável:
[b]+ 2.100 lideranças qualificadas[/b] em trilhas de empreendedorismo e gestão;
[b]+ 460 iniciativas sociais fortalecidas[/b] em sustentabilidade e impacto;
[b]+ 450 facilitadores voluntários[/b] atuando como mentores e formadores;
[b]+ 4.000 horas de conteúdo formativo[/b] realizados no Programa CAIS;
[b]+ 260 mil horas de voluntariado mobilizadas[/b] no ecossistema da Rede Muda Mundo.
Esses resultados representam um salto de maturidade no campo do impacto social, ampliando a capacidade de gestão, a eficiência e a sustentabilidade de centenas de projetos que beneficiam milhares de pessoas em todo o Recife.","O modelo do [b]Porto Social[/b] foi [b]testado, validado e aprimorado no Recife[/b], consolidando-se como uma metodologia eficaz de [b]formação e aceleração de lideranças e iniciativas sociais[/b].
 A partir desse sucesso, o programa foi [b]replicado em outros territórios[/b], como [b]Belo Horizonte, São Paulo e Rio de Janeiro[/b], qualificando líderes e organizações que atuam na transformação social dessas cidades e adaptando-se às especificidades de cada contexto local.
Durante o período da pandemia, a necessidade de isolamento social impulsionou uma inovação importante: a [b]digitalização da metodologia[/b].
 O Porto Social passou a operar também em formato [b]online e híbrido[/b], ampliando seu alcance e [b]qualificando centenas de iniciativas sociais em diferentes regiões do Brasil[/b], com o mesmo rigor pedagógico e resultados mensuráveis do formato presencial.
A metodologia CAIS parte sempre de um [b]mapeamento territorial[/b] para identificar vocações, desafios e potenciais locais.
 Em seguida, o programa [b]convoca atores estratégicos do território[/b] — organizações, empresas, universidades e lideranças comunitárias — para [b]co-construir soluções e protagonizar o processo de aprendizado[/b].
 Essa abordagem fortalece o tecido social e [b]estimula a criação de redes autônomas[/b] que seguem conectadas após o ciclo de qualificação, ampliando o impacto de médio e longo prazo.
Além disso, o Porto Social mantém [b]uma rede ativa de mentores e lideranças formadas[/b], que participa continuamente de [b]rodas de conversa, mentorias de reciclagem e ações colaborativas[/b], garantindo a atualização constante do conteúdo e a perenidade dos resultados.
Assim, o Porto Social comprova sua [b]capacidade real de escalar e se adaptar a novos territórios[/b], mantendo o propósito central de [b]formar pessoas e fortalecer ecossistemas locais de impacto social[/b]."
"sim","","","Empreendedorismo Social","O [b]Porto Social[/b] é a [b]escola de empreendedorismo social da Rede Muda Mundo[/b], criada no Recife para formar, conectar e fortalecer líderes e iniciativas que transformam realidades.
 Por meio do [b]Programa CAIS (Capacitação, Aceleração, Impacto e Sustentabilidade)[/b], o Porto Social oferece trilhas formativas, mentorias e conexões estratégicas que desenvolvem competências de gestão, liderança e mensuração de impacto em organizações e projetos sociais.
A iniciativa nasceu para responder a uma dor concreta: a falta de [b]formação empreendedora e sustentabilidade institucional[/b] no campo social.
 Muitas organizações surgem de causas legítimas, mas desaparecem por falta de estrutura, gestão e visão de longo prazo. O Porto Social atua nesse ponto crítico — [b]profissionalizando o setor social e transformando propósito em resultado[/b].
Sua metodologia alia [b]educação empreendedora, inovação social e impacto coletivo[/b], com uma rede de [b]mentores voluntários da academia, do mercado e de diversos setores[/b], que compartilham conhecimento prático e técnico para o fortalecimento das lideranças sociais.
a","Os números do Porto Social comprovam seu impacto concreto e mensurável:
[b]+ 2.100 lideranças qualificadas[/b] em trilhas de empreendedorismo e gestão;
[b]+ 460 iniciativas sociais fortalecidas[/b] em sustentabilidade e impacto;
[b]+ 450 facilitadores voluntários[/b] atuando como mentores e formadores;
[b]+ 4.000 horas de conteúdo formativo[/b] realizados no Programa CAIS;
[b]+ 260 mil horas de voluntariado mobilizadas[/b] no ecossistema da Rede Muda Mundo.
Esses resultados representam um salto de maturidade no campo do impacto social, ampliando a capacidade de gestão, a eficiência e a sustentabilidade de centenas de projetos que beneficiam milhares de pessoas em todo o Recife.","O modelo do [b]Porto Social[/b] foi [b]testado, validado e aprimorado no Recife[/b], consolidando-se como uma metodologia eficaz de [b]formação e aceleração de lideranças e iniciativas sociais[/b].
 A partir desse sucesso, o programa foi [b]replicado em outros territórios[/b], como [b]Belo Horizonte, São Paulo e Rio de Janeiro[/b], qualificando líderes e organizações que atuam na transformação social dessas cidades e adaptando-se às especificidades de cada contexto local.
Durante o período da pandemia, a necessidade de isolamento social impulsionou uma inovação importante: a [b]digitalização da metodologia[/b].
 O Porto Social passou a operar também em formato [b]online e híbrido[/b], ampliando seu alcance e [b]qualificando centenas de iniciativas sociais em diferentes regiões do Brasil[/b], com o mesmo rigor pedagógico e resultados mensuráveis do formato presencial.
A metodologia CAIS parte sempre de um [b]mapeamento territorial[/b] para identificar vocações, desafios e potenciais locais.
 Em seguida, o programa [b]convoca atores estratégicos do território[/b] — organizações, empresas, universidades e lideranças comunitárias — para [b]co-construir soluções e protagonizar o processo de aprendizado[/b].
 Essa abordagem fortalece o tecido social e [b]estimula a criação de redes autônomas[/b] que seguem conectadas após o ciclo de qualificação, ampliando o impacto de médio e longo prazo.
Além disso, o Porto Social mantém [b]uma rede ativa de mentores e lideranças formadas[/b], que participa continuamente de [b]rodas de conversa, mentorias de reciclagem e ações colaborativas[/b], garantindo a atualização constante do conteúdo e a perenidade dos resultados.
Assim, o Porto Social comprova sua [b]capacidade real de escalar e se adaptar a novos territórios[/b], mantendo o propósito central de [b]formar pessoas e fortalecer ecossistemas locais de impacto social[/b]."
"sim","","","Empreendedorismo Social","A [b]Casa Zero[/b], criada pela [b]Rede Muda Mundo[/b], é um [b]hub de inovação social e cultural[/b] que transforma territórios urbanos em ecossistemas vivos de convivência, educação empreendedora, cultura e economia criativa.
 Instalada no centro do Recife, a Casa Zero reativa espaços ociosos e cria novas centralidades urbanas a partir da força colaborativa entre [b]governo, ecossistema social e iniciativa privada[/b].
A iniciativa nasceu da convicção de que [b]nenhum território muda sozinho[/b].
 Seu propósito é fortalecer comunidades, gerar oportunidades reais de renda e estimular o pertencimento social, por meio da [b]colaboração intersetorial e do protagonismo local[/b].
 A Casa Zero articula empreendedores, artistas, coletivos e educadores populares em redes de impacto que impulsionam a transformação social e econômica do território.
Com metodologia própria, a Casa Zero promove [b]programas de qualificação produtiva, feiras, eventos culturais e processos de articulação comunitária[/b].
 A unidade de Recife (Casa Zero 81) já mobilizou mais de [b]1.200 pessoas qualificadas[/b], [b]35 empresas parceiras[/b] e [b]R$ 600 mil em renda direta e indireta[/b].
 O projeto é o [b]prototipo de uma política pública de regeneração urbana e social[/b], que integra cultura, economia e impacto.
 Até 2035, a Rede Muda Mundo prevê [b]10 Casas Zero implantadas[/b] no Brasil — uma rede nacional de transformação territorial com potencial de inspirar políticas públicas de desenvolvimento sustentável.","A [b]Casa Zero 81[/b], unidade pioneira da Rede Muda Mundo, localizada na [b]Rua do Bom Jesus e na Várzea (Recife)[/b], consolidou-se como um [b]modelo de inovação social e regeneração urbana[/b] com resultados mensuráveis e impacto direto sobre pessoas, comunidades e empresas parceiras.
Em menos de três anos de operação, a Casa Zero 81 alcançou:
[ml][ul][li indent=0 align=left][b]+5.000 pessoas qualificadas[/b] em cursos e oficinas de geração de renda e economia criativa;[/li][li indent=0 align=left][b]+250 cursos realizados[/b], em parceria com empresas, instituições de ensino e coletivos locais;[/li][li indent=0 align=left][b]+80 comunidades alcançadas[/b], fortalecendo cadeias produtivas e a economia comunitária;[/li][li indent=0 align=left][b]+30 feiras colaborativas[/b] que impulsionaram o escoamento da produção artesanal e criativa do território;[/li][li indent=0 align=left][b]+100 empresas engajadas[/b] em programas de voluntariado e impacto social;[/li][li indent=0 align=left][b]+100.000 visitantes[/b] participando das atividades culturais, gastronômicas e formativas.[/li][/ul][/ml]Esses resultados refletem o poder da [b]Casa Zero 81[/b] como espaço de convivência, aprendizagem e transformação urbana — um laboratório vivo que conecta cultura, empreendedorismo e cidadania.
As demais unidades da Rede Muda Mundo — como [b]Casa Zero 11 (São Paulo)[/b] e [b]Casa Zero 83 (Paraíba)[/b] — estão em fase de implantação, e seus indicadores de impacto serão mensurados a partir de suas inaugurações, fortalecendo a construção da [b]rede nacional de Casas Zero[/b] até 2035.","O modelo da [b]Casa Zero[/b] foi [b]testado e validado no Recife[/b], através da [b]Casa Zero 81[/b], que se consolidou como uma referência nacional em regeneração urbana com impacto social.
 A metodologia desenvolvida pela Rede Muda Mundo — baseada em [b]colaboração intersetorial, ativação territorial e economia criativa[/b] — provou ser eficaz, sustentável e adaptável a diferentes contextos socioculturais.
Com os aprendizados e resultados da Casa Zero 81, o modelo entrou em fase de [b]expansão nacional[/b], com novas unidades em implantação em [b]São Paulo (Casa Zero 11)[/b] e [b]João Pessoa (Casa Zero 83)[/b], e previsão de expansão para [b]todas as capitais do Nordeste até 2035[/b].
 Cada Casa Zero é implantada como [b]célula viva de impacto territorial[/b], adaptada às vocações locais, mas fiel ao propósito e à metodologia da Rede Muda Mundo.
O processo de replicação parte sempre de [b]um mapeamento territorial aprofundado[/b], seguido de [b]imersão, escuta ativa e pactuação com atores locais[/b]
 — entre eles, lideranças comunitárias, empresas, poder público, coletivos culturais e instituições de ensino.
 Esse processo culmina na formação de um [b]Núcleo Local de Impacto e Inovação Social[/b]
, responsável por sustentar a governança compartilhada e a perenidade do projeto.
Além disso, o modelo incorpora [b]formação continuada de gestores e lideranças[/b] via Escola Zero, garantindo a manutenção dos padrões de impacto e sustentabilidade em todas as unidades.
Com sua combinação de metodologia, governança e articulação intersetorial, a Casa Zero demonstra [b]alta capacidade de replicabilidade e escalabilidade[/b], podendo ser adotada por governos, empresas e organizações sociais como [b]protótipo de política pública de desenvolvimento territorial sustentável[/b]."
"sim","","","Empreendedorismo Social","A [b]Casa Zero[/b], criada pela [b]Rede Muda Mundo[/b], é um [b]hub de inovação social e cultural[/b] que transforma territórios urbanos em ecossistemas vivos de convivência, educação empreendedora, cultura e economia criativa.
 Instalada no centro do Recife, a Casa Zero reativa espaços ociosos e cria novas centralidades urbanas a partir da força colaborativa entre [b]governo, ecossistema social e iniciativa privada[/b].
A iniciativa nasceu da convicção de que [b]nenhum território muda sozinho[/b].
 Seu propósito é fortalecer comunidades, gerar oportunidades reais de renda e estimular o pertencimento social, por meio da [b]colaboração intersetorial e do protagonismo local[/b].
 A Casa Zero articula empreendedores, artistas, coletivos e educadores populares em redes de impacto que impulsionam a transformação social e econômica do território.
Com metodologia própria, a Casa Zero promove [b]programas de qualificação produtiva, feiras, eventos culturais e processos de articulação comunitária[/b].
 A unidade de Recife (Casa Zero 81) já mobilizou mais de [b]1.200 pessoas qualificadas[/b], [b]35 empresas parceiras[/b] e [b]R$ 600 mil em renda direta e indireta[/b].
 O projeto é o [b]prototipo de uma política pública de regeneração urbana e social[/b], que integra cultura, economia e impacto.
 Até 2035, a Rede Muda Mundo prevê [b]10 Casas Zero implantadas[/b] no Brasil — uma rede nacional de transformação territorial com potencial de inspirar políticas públicas de desenvolvimento sustentável.","A [b]Casa Zero 81[/b], unidade pioneira da Rede Muda Mundo, localizada na [b]Rua do Bom Jesus e na Várzea (Recife)[/b], consolidou-se como um [b]modelo de inovação social e regeneração urbana[/b] com resultados mensuráveis e impacto direto sobre pessoas, comunidades e empresas parceiras.
Em menos de três anos de operação, a Casa Zero 81 alcançou:
[ml][ul][li indent=0 align=left][b]+5.000 pessoas qualificadas[/b] em cursos e oficinas de geração de renda e economia criativa;[/li][li indent=0 align=left][b]+250 cursos realizados[/b], em parceria com empresas, instituições de ensino e coletivos locais;[/li][li indent=0 align=left][b]+80 comunidades alcançadas[/b], fortalecendo cadeias produtivas e a economia comunitária;[/li][li indent=0 align=left][b]+30 feiras colaborativas[/b] que impulsionaram o escoamento da produção artesanal e criativa do território;[/li][li indent=0 align=left][b]+100 empresas engajadas[/b] em programas de voluntariado e impacto social;[/li][li indent=0 align=left][b]+100.000 visitantes[/b] participando das atividades culturais, gastronômicas e formativas.[/li][/ul][/ml]Esses resultados refletem o poder da [b]Casa Zero 81[/b] como espaço de convivência, aprendizagem e transformação urbana — um laboratório vivo que conecta cultura, empreendedorismo e cidadania.
As demais unidades da Rede Muda Mundo — como [b]Casa Zero 11 (São Paulo)[/b] e [b]Casa Zero 83 (Paraíba)[/b] — estão em fase de implantação, e seus indicadores de impacto serão mensurados a partir de suas inaugurações, fortalecendo a construção da [b]rede nacional de Casas Zero[/b] até 2035.","O modelo da [b]Casa Zero[/b] foi [b]testado e validado no Recife[/b], através da [b]Casa Zero 81[/b], que se consolidou como uma referência nacional em regeneração urbana com impacto social.
 A metodologia desenvolvida pela Rede Muda Mundo — baseada em [b]colaboração intersetorial, ativação territorial e economia criativa[/b] — provou ser eficaz, sustentável e adaptável a diferentes contextos socioculturais.
Com os aprendizados e resultados da Casa Zero 81, o modelo entrou em fase de [b]expansão nacional[/b], com novas unidades em implantação em [b]São Paulo (Casa Zero 11)[/b] e [b]João Pessoa (Casa Zero 83)[/b], e previsão de expansão para [b]todas as capitais do Nordeste até 2035[/b].
 Cada Casa Zero é implantada como [b]célula viva de impacto territorial[/b], adaptada às vocações locais, mas fiel ao propósito e à metodologia da Rede Muda Mundo.
O processo de replicação parte sempre de [b]um mapeamento territorial aprofundado[/b], seguido de [b]imersão, escuta ativa e pactuação com atores locais[/b]
 — entre eles, lideranças comunitárias, empresas, poder público, coletivos culturais e instituições de ensino.
 Esse processo culmina na formação de um [b]Núcleo Local de Impacto e Inovação Social[/b]
, responsável por sustentar a governança compartilhada e a perenidade do projeto.
Além disso, o modelo incorpora [b]formação continuada de gestores e lideranças[/b] via Escola Zero, garantindo a manutenção dos padrões de impacto e sustentabilidade em todas as unidades.
Com sua combinação de metodologia, governança e articulação intersetorial, a Casa Zero demonstra [b]alta capacidade de replicabilidade e escalabilidade[/b], podendo ser adotada por governos, empresas e organizações sociais como [b]protótipo de política pública de desenvolvimento territorial sustentável[/b]."
"","Inovação Social","sim","Empreendedorismo Social","A [b]Casa Zero[/b], criada pela [b]Rede Muda Mundo[/b], é um [b]hub de inovação social e cultural[/b] que transforma territórios urbanos em ecossistemas vivos de convivência, educação empreendedora, cultura e economia criativa.
 Instalada no centro do Recife, a Casa Zero reativa espaços ociosos e cria novas centralidades urbanas a partir da força colaborativa entre [b]governo, ecossistema social e iniciativa privada[/b].
A iniciativa nasceu da convicção de que [b]nenhum território muda sozinho[/b].
 Seu propósito é fortalecer comunidades, gerar oportunidades reais de renda e estimular o pertencimento social, por meio da [b]colaboração intersetorial e do protagonismo local[/b].
 A Casa Zero articula empreendedores, artistas, coletivos e educadores populares em redes de impacto que impulsionam a transformação social e econômica do território.
Com metodologia própria, a Casa Zero promove [b]programas de qualificação produtiva, feiras, eventos culturais e processos de articulação comunitária[/b].
 A unidade de Recife (Casa Zero 81) já mobilizou mais de [b]1.200 pessoas qualificadas[/b], [b]35 empresas parceiras[/b] e [b]R$ 600 mil em renda direta e indireta[/b].
 O projeto é o [b]prototipo de uma política pública de regeneração urbana e social[/b], que integra cultura, economia e impacto.
 Até 2035, a Rede Muda Mundo prevê [b]10 Casas Zero implantadas[/b] no Brasil — uma rede nacional de transformação territorial com potencial de inspirar políticas públicas de desenvolvimento sustentável.","A [b]Casa Zero 81[/b], unidade pioneira da Rede Muda Mundo, localizada na [b]Rua do Bom Jesus e na Várzea (Recife)[/b], consolidou-se como um [b]modelo de inovação social e regeneração urbana[/b] com resultados mensuráveis e impacto direto sobre pessoas, comunidades e empresas parceiras.
Em menos de três anos de operação, a Casa Zero 81 alcançou:
[ml][ul][li indent=0 align=left][b]+5.000 pessoas qualificadas[/b] em cursos e oficinas de geração de renda e economia criativa;[/li][li indent=0 align=left][b]+250 cursos realizados[/b], em parceria com empresas, instituições de ensino e coletivos locais;[/li][li indent=0 align=left][b]+80 comunidades alcançadas[/b], fortalecendo cadeias produtivas e a economia comunitária;[/li][li indent=0 align=left][b]+30 feiras colaborativas[/b] que impulsionaram o escoamento da produção artesanal e criativa do território;[/li][li indent=0 align=left][b]+100 empresas engajadas[/b] em programas de voluntariado e impacto social;[/li][li indent=0 align=left][b]+100.000 visitantes[/b] participando das atividades culturais, gastronômicas e formativas.[/li][/ul][/ml]Esses resultados refletem o poder da [b]Casa Zero 81[/b] como espaço de convivência, aprendizagem e transformação urbana — um laboratório vivo que conecta cultura, empreendedorismo e cidadania.
As demais unidades da Rede Muda Mundo — como [b]Casa Zero 11 (São Paulo)[/b] e [b]Casa Zero 83 (Paraíba)[/b] — estão em fase de implantação, e seus indicadores de impacto serão mensurados a partir de suas inaugurações, fortalecendo a construção da [b]rede nacional de Casas Zero[/b] até 2035.","O modelo da [b]Casa Zero[/b] foi [b]testado e validado no Recife[/b], através da [b]Casa Zero 81[/b], que se consolidou como uma referência nacional em regeneração urbana com impacto social.
 A metodologia desenvolvida pela Rede Muda Mundo — baseada em [b]colaboração intersetorial, ativação territorial e economia criativa[/b] — provou ser eficaz, sustentável e adaptável a diferentes contextos socioculturais.
Com os aprendizados e resultados da Casa Zero 81, o modelo entrou em fase de [b]expansão nacional[/b], com novas unidades em implantação em [b]São Paulo (Casa Zero 11)[/b] e [b]João Pessoa (Casa Zero 83)[/b], e previsão de expansão para [b]todas as capitais do Nordeste até 2035[/b].
 Cada Casa Zero é implantada como [b]célula viva de impacto territorial[/b], adaptada às vocações locais, mas fiel ao propósito e à metodologia da Rede Muda Mundo.
O processo de replicação parte sempre de [b]um mapeamento territorial aprofundado[/b], seguido de [b]imersão, escuta ativa e pactuação com atores locais[/b]
 — entre eles, lideranças comunitárias, empresas, poder público, coletivos culturais e instituições de ensino.
 Esse processo culmina na formação de um [b]Núcleo Local de Impacto e Inovação Social[/b]
, responsável por sustentar a governança compartilhada e a perenidade do projeto.
Além disso, o modelo incorpora [b]formação continuada de gestores e lideranças[/b] via Escola Zero, garantindo a manutenção dos padrões de impacto e sustentabilidade em todas as unidades.
Com sua combinação de metodologia, governança e articulação intersetorial, a Casa Zero demonstra [b]alta capacidade de replicabilidade e escalabilidade[/b], podendo ser adotada por governos, empresas e organizações sociais como [b]protótipo de política pública de desenvolvimento territorial sustentável[/b]."
"","Inovação Social","sim","Empreendedorismo Social","O [b]Porto Social[/b] é a [b]escola de empreendedorismo social da Rede Muda Mundo[/b], criada no Recife para formar, conectar e fortalecer líderes e iniciativas que transformam realidades.
 Por meio do [b]Programa CAIS (Capacitação, Aceleração, Impacto e Sustentabilidade)[/b], o Porto Social oferece trilhas formativas, mentorias e conexões estratégicas que desenvolvem competências de gestão, liderança e mensuração de impacto em organizações e projetos sociais.
A iniciativa nasceu para responder a uma dor concreta: a falta de [b]formação empreendedora e sustentabilidade institucional[/b] no campo social.
 Muitas organizações surgem de causas legítimas, mas desaparecem por falta de estrutura, gestão e visão de longo prazo. O Porto Social atua nesse ponto crítico — [b]profissionalizando o setor social e transformando propósito em resultado[/b].
Sua metodologia alia [b]educação empreendedora, inovação social e impacto coletivo[/b], com uma rede de [b]mentores voluntários da academia, do mercado e de diversos setores[/b], que compartilham conhecimento prático e técnico para o fortalecimento das lideranças sociais.
 O ambiente é colaborativo, reunindo universidades, empresas, organizações sociais e poder público em torno de uma agenda comum: [b]formar pessoas para transformar territórios[/b].
Desde sua criação, o Porto Social já [b]qualificou 2.120 lideranças[/b], apoiou [b]460 iniciativas sociais[/b] e mobilizou [b]450 facilitadores voluntários[/b], que somam [b]mais de 4.000 horas de conteúdo formativo[/b] e [b]260 mil horas de voluntariado[/b] dedicadas à transformação social.
 Esses resultados consolidam o Recife como referência nacional em [b]educação para o impacto e inovação social[/b], projetando a cidade como berço de um novo modelo de desenvolvimento humano e cívico.","O Porto Social comprova, com dados concretos, a força da inovação social como estratégia de desenvolvimento humano e urbano:
[b]+ 2.100 lideranças qualificadas[/b] em trilhas de gestão, impacto e empreendedorismo social;
[b]+ 460 iniciativas sociais fortalecidas[/b] e atuantes em diferentes áreas da cidade;
[b]+ 450 facilitadores voluntários[/b] engajados como mentores e formadores;
[b]+ 4.000 horas de conteúdo formativo[/b] realizados;
[b]+ 260 mil horas de voluntariado mobilizadas[/b] no ecossistema da Rede Muda Mundo.
Os resultados vão além dos números: o Porto Social fortaleceu o protagonismo local, ampliou a capacidade de gestão das organizações e consolidou o Recife como [b]capital brasileira da inovação social[/b].","O modelo do Porto Social foi [b]testado, validado e aprimorado no Recife[/b], consolidando-se como metodologia eficaz de [b]formação e aceleração de lideranças e iniciativas sociais[/b].
 A partir desse sucesso, o programa foi [b]replicado em Belo Horizonte, São Paulo e Rio de Janeiro[/b], qualificando líderes e organizações desses territórios.
 Durante a pandemia, a metodologia foi [b]digitalizada e escalada para o formato online[/b], qualificando centenas de iniciativas em todo o Brasil.
O Porto Social realiza [b]mapeamento territorial[/b], identifica vocações e convoca atores locais — poder público, empresas, universidades e lideranças — para [b]co-construir soluções e redes de impacto[/b].
 Após a formação, as lideranças permanecem conectadas por meio de [b]mentorias, rodas de conversa e formações de reciclagem[/b], garantindo continuidade, aprendizado coletivo e perenidade dos resultados.
Assim, o Porto Social comprova sua [b]capacidade real de adaptação e expansão[/b], mantendo o propósito de [b]formar pessoas e fortalecer ecossistemas locais de impacto social[/b]."
"sim","","","Instituição de Pesquisa/Extensão Inovadora","O Instituto IPÊ – Instituto de Inovação, Parcerias, Empreendedorismo e Internacionalização da Universidade Federal Rural de Pernambuco (UFRPE) foi criado para fortalecer a presença da universidade no ecossistema de inovação do Recife, conectando ciência, educação e desenvolvimento social. Sua atuação responde ao desafio público de transformar o conhecimento acadêmico em soluções que geram impacto real na sociedade, estimulando o empreendedorismo, a criatividade e a cultura de inovação no ambiente universitário.

Com uma abordagem integrada, o IPÊ promove programas e ações que aproximam pesquisadores, estudantes, gestores e parceiros externos, incentivando a criação e o desenvolvimento de ideias inovadoras. Entre suas iniciativas de destaque estão o Conexão IPÊ, que realiza mesas, minicursos e conferências sobre inovação e empreendedorismo, e que trouxe para a UFRPE a Caravana UniverCidade, iniciativa da Prefeitura do Recife que amplia o diálogo entre universidade e sociedade. O Instituto também realiza o Fórum de Internacionalização, que fortalece as conexões globais da universidade; o Balcão de Parcerias, que apoia docentes e pesquisadores na viabilização de projetos conjuntos com diferentes setores; e o Balcão de Ideias, espaço de escuta e estímulo à inovação acadêmica e social.

Essas ações reforçam o papel da UFRPE como instituição comprometida com o desenvolvimento científico e tecnológico da cidade. Ao conectar ciência, empreendedorismo e cooperação institucional, o Instituto IPÊ consolida-se como agente de transformação e como exemplo de universidade pública inovadora, inclusiva e voltada ao futuro sustentável do Recife.","O Instituto IPÊ consolidou-se como articulador das ações de inovação, empreendedorismo, parcerias e internacionalização da UFRPE, fortalecendo o papel da universidade no ecossistema de inovação do Recife e ampliando a aplicação prática do conhecimento científico. Sua atuação tem promovido uma cultura de inovação integrada, que conecta pesquisadores, estudantes, gestores e parceiros externos em torno de soluções de impacto social e tecnológico.

Um dos maiores resultados é o avanço da UFRPE no ranking nacional de pedidos de patente do INPI, fruto da estratégia coordenada pelo Instituto IPÊ. A universidade subiu para a 16ª posição nacional entre os depositantes residentes, com crescimento expressivo nos registros em 2024. Esse desempenho reflete o fortalecimento das ações de pesquisa aplicada e o compromisso com a proteção da propriedade intelectual, apoiadas por parcerias com o INPI e pela participação ativa na Rede NIT Recife.

O Instituto também lidera o Programa de Bolsas de Iniciação ao Empreendedorismo (PIEMP), que incentiva a criação de negócios inovadores de base científica, articulando estudantes e pesquisadores com a INCUBATEC, incubadora de empresas de base tecnológica da UFRPE. Além disso, o Balcão de Parcerias e o Balcão de Ideias promovem, respectivamente, a viabilização de projetos cooperativos e o estímulo à criatividade e à inovação entre a comunidade acadêmica.

Com iniciativas como o Conexão IPÊ, o IPÊ Itinerante e o Fórum de Internacionalização, o Instituto tem disseminado a cultura de inovação, consolidando a UFRPE como uma universidade pública moderna, comprometida com a transformação do Recife em uma cidade mais criativa, sustentável e conectada à sociedade.","O modelo de atuação do Instituto IPÊ apresenta elevada capacidade de replicabilidade e expansão, por integrar ciência, empreendedorismo e cooperação institucional em uma estrutura flexível e adaptável a diferentes realidades acadêmicas e territoriais. A experiência do IPÊ demonstra como uma universidade pública pode transformar o conhecimento científico em impacto social, econômico e educacional, conectando pesquisa, ensino e extensão com o desenvolvimento regional e nacional.

Entre suas iniciativas com maior potencial de escala destaca-se o Programa Institucional de Empreendedorismo (PIEMP), reconhecido por sua abordagem inovadora na formação empreendedora de base científica. O programa articula ensino, pesquisa e extensão na criação de soluções para desafios reais, desenvolvendo competências empreendedoras entre estudantes e pesquisadores. O sucesso do PIEMP tem despertado o interesse do Ministério do Empreendedorismo, da Microempresa e da Empresa de Pequeno Porte (MEMP), que já avalia a criação de uma parceria para o PIEMP Nacional, voltado à disseminação dessa metodologia em outras universidades brasileiras.

Outras iniciativas do Instituto, como o Balcão de Parcerias e o Balcão de Ideias, também apresentam modelos de atuação facilmente replicáveis, capazes de fortalecer a interação entre universidades, governos e sociedade civil. O Conexão IPÊ, o IPÊ Itinerante e o Fórum de Internacionalização podem ser adaptados a diferentes campi e contextos institucionais, ampliando o alcance e a integração de redes de inovação.

Com uma base metodológica sólida e resultados consistentes, o Instituto IPÊ demonstra potencial de crescimento sustentável e de contribuição nacional, consolidando-se como referência em inovação universitária voltada ao desenvolvimento inclusivo e territorialmente integrado."
"","Inovação Científica","sim","Instituição de Pesquisa/Extensão Inovadora","O Instituto IPÊ – Instituto de Inovação, Parcerias, Empreendedorismo e Internacionalização da Universidade Federal Rural de Pernambuco (UFRPE) foi criado para fortalecer a presença da universidade no ecossistema de inovação do Recife, conectando ciência, educação e desenvolvimento social. Sua atuação responde ao desafio público de transformar o conhecimento acadêmico em soluções que geram impacto real na sociedade, estimulando o empreendedorismo, a criatividade e a cultura de inovação no ambiente universitário.

Com uma abordagem integrada, o IPÊ promove programas e ações que aproximam pesquisadores, estudantes, gestores e parceiros externos, incentivando a criação e o desenvolvimento de ideias inovadoras. Entre suas iniciativas de destaque estão o Conexão IPÊ, que realiza mesas, minicursos e conferências sobre inovação e empreendedorismo, e que trouxe para a UFRPE a Caravana UniverCidade, iniciativa da Prefeitura do Recife que amplia o diálogo entre universidade e sociedade. O Instituto também realiza o Fórum de Internacionalização, que fortalece as conexões globais da universidade; o Balcão de Parcerias, que apoia docentes e pesquisadores na viabilização de projetos conjuntos com diferentes setores; e o Balcão de Ideias, espaço de escuta e estímulo à inovação acadêmica e social.

Essas ações reforçam o papel da UFRPE como instituição comprometida com o desenvolvimento científico e tecnológico da cidade. Ao conectar ciência, empreendedorismo e cooperação institucional, o Instituto IPÊ consolida-se como agente de transformação e como exemplo de universidade pública inovadora, inclusiva e voltada ao futuro sustentável do Recife.","O Instituto IPÊ consolidou-se como articulador das ações de inovação, empreendedorismo, parcerias e internacionalização da UFRPE, fortalecendo o papel da universidade no ecossistema de inovação do Recife e ampliando a aplicação prática do conhecimento científico. Sua atuação tem promovido uma cultura de inovação integrada, que conecta pesquisadores, estudantes, gestores e parceiros externos em torno de soluções de impacto social e tecnológico.

Um dos maiores resultados é o avanço da UFRPE no ranking nacional de pedidos de patente do INPI, fruto da estratégia coordenada pelo Instituto IPÊ. A universidade subiu para a 16ª posição nacional entre os depositantes residentes, com crescimento expressivo nos registros em 2024. Esse desempenho reflete o fortalecimento das ações de pesquisa aplicada e o compromisso com a proteção da propriedade intelectual, apoiadas por parcerias com o INPI e pela participação ativa na Rede NIT Recife.

O Instituto também lidera o Programa de Bolsas de Iniciação ao Empreendedorismo (PIEMP), que incentiva a criação de negócios inovadores de base científica, articulando estudantes e pesquisadores com a INCUBATEC, incubadora de empresas de base tecnológica da UFRPE. Além disso, o Balcão de Parcerias e o Balcão de Ideias promovem, respectivamente, a viabilização de projetos cooperativos e o estímulo à criatividade e à inovação entre a comunidade acadêmica.

Com iniciativas como o Conexão IPÊ, o IPÊ Itinerante e o Fórum de Internacionalização, o Instituto tem disseminado a cultura de inovação, consolidando a UFRPE como uma universidade pública moderna, comprometida com a transformação do Recife em uma cidade mais criativa, sustentável e conectada à sociedade.","O modelo de atuação do Instituto IPÊ apresenta elevada capacidade de replicabilidade e expansão, por integrar ciência, empreendedorismo e cooperação institucional em uma estrutura flexível e adaptável a diferentes realidades acadêmicas e territoriais. A experiência do IPÊ demonstra como uma universidade pública pode transformar o conhecimento científico em impacto social, econômico e educacional, conectando pesquisa, ensino e extensão com o desenvolvimento regional e nacional.

Entre suas iniciativas com maior potencial de escala destaca-se o Programa Institucional de Empreendedorismo (PIEMP), reconhecido por sua abordagem inovadora na formação empreendedora de base científica. O programa articula ensino, pesquisa e extensão na criação de soluções para desafios reais, desenvolvendo competências empreendedoras entre estudantes e pesquisadores. O sucesso do PIEMP tem despertado o interesse do Ministério do Empreendedorismo, da Microempresa e da Empresa de Pequeno Porte (MEMP), que já avalia a criação de uma parceria para o PIEMP Nacional, voltado à disseminação dessa metodologia em outras universidades brasileiras.

Outras iniciativas do Instituto, como o Balcão de Parcerias e o Balcão de Ideias, também apresentam modelos de atuação facilmente replicáveis, capazes de fortalecer a interação entre universidades, governos e sociedade civil. O Conexão IPÊ, o IPÊ Itinerante e o Fórum de Internacionalização podem ser adaptados a diferentes campi e contextos institucionais, ampliando o alcance e a integração de redes de inovação.

Com uma base metodológica sólida e resultados consistentes, o Instituto IPÊ demonstra potencial de crescimento sustentável e de contribuição nacional, consolidando-se como referência em inovação universitária voltada ao desenvolvimento inclusivo e territorialmente integrado."
"","Startup Inovadora","sim","Startup conectada com a cidade","A SaveAdd propõe uma solução tecnológica para enfrentar um dos principais desafios da gestão pública e social: o desperdício de alimentos e a ineficiência na redistribuição de estoques perecíveis. No Brasil, mais de 30% dos alimentos são perdidos antes de chegar ao consumidor, enquanto milhões de famílias vivem em insegurança alimentar. Essa contradição decorre da falta de integração entre atores da cadeia de abastecimento, do baixo uso de dados para tomada de decisão e da ausência de mecanismos de rastreabilidade e governança eficientes.
A iniciativa combina [b]inteligência artificial e gestão colaborativa[/b] para conectar distribuidores, varejistas, secretarias públicas e organizações sociais em torno da destinação eficiente de alimentos e insumos com risco de perda. A tecnologia da SaveAdd, já validada em operações reais, automatiza decisões logísticas e propõe a melhor destinação de cada item com base em dados sobre maturidade operacional, contexto territorial e disponibilidade de infraestrutura local.
Em [b]Recife (PE)[/b], a solução foi utilizada em parceria com uma organização social, resultando na [b]doação de quase 30 toneladas de alimentos[/b], beneficiando diretamente [b]centenas de famílias em vulnerabilidade[/b]. Essa operação piloto permitiu validar o modelo de múltiplos destinos, reduzir desperdícios e gerar aprendizados para replicação nacional. Além disso, a iniciativa foi reconhecida pela [b]ABDI, via edital Jornada ASG[/b], pela sua capacidade de incluir pequenas indústrias no combate ao desperdício e à fome, eliminando perdas de produção e viabilizando doações contínuas.
Com a implantação de novas unidades do [b]Mercado Mais Social[/b], e expansão para outros controles com a tecnologia SaveAdd, o impacto esperado é estrutural: redução de perdas, aumento da previsibilidade e eficiência das ações de redistribuição, fortalecimento da segurança alimentar e ampliação do acesso digno a alimentos, especialmente para mulheres chefes de família em situação de vulnerabilidade.","A tecnologia da SaveAdd tem gerado resultados expressivos ao integrar inteligência artificial, gestão colaborativa e impacto social em toda a cadeia de abastecimento. Desde sua validação, a solução já foi [b]utilizada por cinco grandes redes varejistas em três estados brasileiros[/b], promovendo a [b]recuperação de mais de 110 toneladas de alimentos[/b], beneficiando [b]mais de 10 mil pessoas[/b] e [b]evitando a emissão de mais de 600 toneladas de CO₂ equivalente[/b].
Em [b]Recife (PE)[/b], a operação piloto realizada em parceria com uma organização social possibilitou a [b]redistribuição de quase 30 toneladas de alimentos[/b] que seriam desperdiçados, além da [b]validação do modelo de múltiplos destinos[/b], conectando supermercados, cozinhas solidárias e instituições locais. Essa experiência consolidou aprendizados fundamentais para a expansão do sistema e confirmou sua capacidade de gerar impacto mensurável e replicável.
A partir do uso da plataforma, as organizações parceiras passaram a contar com [b]indicadores automáticos de desempenho[/b], como volume de produtos recuperados, destino das doações, redução de perdas e impacto ambiental evitado. O sistema também gera [b]relatórios de rastreabilidade e eficiência logística[/b], facilitando a prestação de contas a órgãos públicos e financiadores, além de promover [b]transparência e governança[/b] na redistribuição.
No âmbito social, os resultados se traduzem em [b]acesso digno e contínuo a alimentos[/b] para famílias em vulnerabilidade, especialmente mulheres chefes de família atendidas pelas operações do [b]Mercado Mais Social[/b]. Já no âmbito produtivo, pequenas indústrias parceiras conseguiram [b]zerar indicadores de desperdício[/b], como ocorreu em operação validada pela [b]ABDI via Jornada ASG[/b], que possibilitou a doação de [b]2,5 toneladas de produtos[/b] em apenas uma unidade.
Os resultados demonstram que a SaveAdd não apenas reduz perdas, mas [b]estrutura um novo modelo de governança de estoques e alimentos[/b], com impacto econômico, social e ambiental comprovado.","A SaveAdd foi desenvolvida com uma arquitetura modular e escalável, pensada para operar em diferentes contextos logísticos, territoriais e institucionais. Sua tecnologia utiliza inteligência artificial prescritiva e adaptável, que aprende com os dados de cada localidade e ajusta automaticamente as decisões de redistribuição conforme o perfil dos atores envolvidos sejam secretarias públicas, varejistas, organizações sociais ou cooperativas. Essa adaptabilidade garante que o modelo possa ser replicado em cidades de diferentes portes, mantendo eficiência e governança.
A [b]replicabilidade já foi comprovada[/b] em múltiplos contextos. Após o piloto em Recife (PE), que validou a operação com múltiplos destinos e o uso do sistema por organizações sociais, a SaveAdd avançou para novas implantações do [b]Mercado Mais Social[/b] em diferentes regiões do país, como [b]Concórdia (SC) e Rio Verde (GO)[/b]. Em todos os casos, a mesma infraestrutura tecnológica foi utilizada, com customização mínima e integração rápida aos parceiros locais.
O modelo combina tecnologia, capacitação e gestão territorial, permitindo que cada unidade opere como um [b]hub de abastecimento solidário[/b] conectado à plataforma central da SaveAdd. Essa estrutura possibilita a expansão em rede, com replicação padronizada e baixo custo incremental por nova unidade instalada.
No médio e longo prazo, o potencial de escala é reforçado pela natureza multissetorial da iniciativa, que pode ser adotada por [b]prefeituras, redes varejistas, bancos de alimentos, indústrias e organizações sociais[/b], formando ecossistemas locais interconectados de combate ao desperdício e à fome. A coleta contínua de dados e os algoritmos de aprendizado garantem o aprimoramento progressivo do sistema, ampliando o impacto social e ambiental a cada nova implantação.
Com base nas evidências já geradas e na flexibilidade de sua arquitetura, a SaveAdd se consolida como uma solução nacionalmente escalável, capaz de [b]estruturar políticas públicas inteligentes de segurança alimentar e economia circular[/b]."
"","Inovação Científica","sim","Instituição de Pesquisa/Extensão Inovadora","[highlight=transparent]A CESAR School é a escola de inovação do CESAR - o mais completo centro de inovação e conhecimento do Brasil que há mais de duas décadas impulsiona organizações e potencializa suas estratégias digitais. Assim, a CESAR School consiste em uma grande iniciativa acadêmica de discussão e estudos do mercado, economia e sociedade, que tem o Bairro do Recife como o seu campus. Atuando há mais de 15 anos no ensino superior e na realização de projetos educacionais para empresas e governos, a CESAR School realiza estudos e pesquisas e gera o conhecimento necessário para formar líderes e empreendedores protagonistas da transformação nos ambientes em que atuam, tornando-os capazes de fomentar e executar projetos e desenvolver produtos e serviços digitais que trazem mudanças socioeconômicas relevantes para o Brasil.[/highlight]

[highlight=transparent]Dentre seus cases de sucesso em Educação Inovadora, apresentamos o CESAR Summer Job: uma jornada de inovação aberta que, ao longo de seis semanas imersivas no Recife, conecta talentos universitários a empresas patrocinadoras e seus desafios estratégicos. O objetivo central é promover a cocriação e validação de soluções inovadoras por meio de um processo de experimentação rápida e com a mentoria de especialistas do CESAR. Com isso, o programa é motivado pela necessidade de preencher a lacuna entre o conhecimento teórico acadêmico e a aplicação prática no mercado, oferecendo aos estudantes uma experiência de empreendedorismo e formação profissional real e, às empresas, um ambiente de inovação aberta, experimentação para soluções criativas e acesso a novas perspectivas para seus desafios estratégicos.[/highlight]","[justify][highlight=transparent]A CESAR School, por meio do CESAR Summer Job, é pioneira no modo como integra a inovação aberta à educação profissional no Brasil. O que a torna diferente é a sua capacidade de criar espaços nos quais a educação formal e não-formal e a prática de mercado se fundem completamente. Diante disso, a iniciativa CESAR Summer Job se diferencia de outros programas de estágio ou trainee por seu foco na solução de problemas complexos e reais, na mentoria técnica altamente especializada e na troca entre diferentes atores - estudantes universitários, empresas brasileiras, o CESAR e o nosso ecossistema local de inovação). [/highlight][/justify]

[justify][highlight=transparent]Como resultado para as empresas, o CESAR Summer Job as propicia: [/highlight][/justify]
[ml][ul][li indent=0 align=left][highlight=transparent]Aproximar das universidades e trazer alunos para pensar novas soluções para a empresa.[/highlight][/li][li indent=0 align=justify][highlight=transparent]Se conectar com ambientes acadêmicos, desenvolver parcerias e se aproximar do ecossistema de inovação.[/highlight][/li][li indent=0 align=justify][highlight=transparent]Ter abertura para outras culturas, ecossistemas e metodologias e aprender com quem está começando.[/highlight][/li][li indent=0 align=justify][highlight=transparent]Encontrar um espaço de experimentação rápida fora da empresa para testar e validar novos modelos de negócios, produtos ou processos longe da operação e burocracia.[/highlight][/li][li indent=0 align=justify][highlight=transparent]Contar com um time externo com o olhar “sem vícios” para pensar soluções para problemas da empresa.[/highlight][/li][li indent=0 align=left][highlight=transparent]Tornar a empresa mais atrativa para o público jovem que já nasceu digital e inovador.[/highlight][/li][li indent=0 align=left][highlight=transparent]Acompanhar de perto jovens talentos e identificar de forma assertiva seus perfis e habilidades para uma possível contratação.[/highlight][/li][li indent=0 align=left][highlight=transparent]Promover a troca de conhecimento com ambientes acadêmicos e ecossistemas de inovação para desenvolver uma rede colaborativa.[/highlight][/li][/ul][/ml]
[justify][highlight=transparent]Diante disso, a iniciativa já realizou 19 edições com 58 empresas patrocinadoras (como Motorola, Epson, FCA, VISA, Globo, Nestlé, Petrobras, Gerdau, entre outras), com mais de 4.000 inscrições e mais de 600 estudantes de todo o Brasil e de 8 países, dos mais diversos cursos de graduação (da Computação à Psicologia). Isso mostra não apenas o sucesso da iniciativa CESAR Summer Job e o potencial inovador da instituição CESAR School, mas também torna-se um catalisador da cidade do Recife como um dos principais polos formadores de talento em tecnologia do país.[/highlight][/justify]","[highlight=transparent]O CESAR Summer Job  já demonstrou seu potencial de adaptação, replicação e escalabilidade, por meio de um design instrucional e estratégico padronizado e consolidado, que conta com etapas formativas em agilidade, empreendedorismo e tecnologias emergentes divididas em quatro etapas: Abertura (etapa de instruções, team building e pesquisa), Nivelamento (letramentos técnicos), Desenvolvimento (construção de protótipos de solução), e Pitch Final (apresentação a diretores das empresas patrocinadoras). [/highlight]

[highlight=transparent]Com isso, em 11 anos de realização, o CESAR Summer Job promoveu 19 edições, sendo replicado em diferentes ecossistemas de inovação no Brasil: para além do [/highlight][color=rgb(47, 46, 46)][highlight=transparent]Recife, já foi realizado em São Paulo, Sorocaba, Curitiba e Manaus[/highlight][/color][highlight=transparent]. Ainda, durante a pandemia, a iniciativa continuou a sua realização, adaptando-se ao modelo remoto de formação e desenvolvimento colaborativo das soluções por meio de ferramentas digitais.[/highlight]

Tudo isso comprova sua adaptabilidade a novos modelos e sua replicabilidade em diferentes territórios: seu desenho padronizado e sua metodologia de[i][highlight=transparent] jornada de inovação aberta[/highlight][/i][highlight=transparent] pode ser aplicada em diversos contextos, com o suporte da CESAR School e e a expertise do  CESAR como um todo. Ainda, o modelo de parceria com empresas e universidades também permite que a iniciativa escale, aumentando o número de projetos e de estudantes impactados a cada nova edição.[/highlight]"
"sim","","","Inovação empresarial","[highlight=transparent]O [/highlight][b][highlight=transparent]Case Pitú – Transformação Digital em Marketplaces com IA e Estratégia AEIOU[/highlight][/b][highlight=transparent], desenvolvido pela [/highlight][b][highlight=transparent]LeFil Company[/highlight][/b][highlight=transparent], nasceu do desafio de digitalizar uma das marcas mais tradicionais do Nordeste, a [/highlight][b][highlight=transparent]Engarrafamento Pitú S.A.[/highlight][/b][highlight=transparent], diante da baixa performance no e-commerce e ausência de presença em marketplaces.[/highlight]
[highlight=transparent]O [/highlight][b][highlight=transparent]diagnóstico inicial (jan/2025)[/highlight][/b][highlight=transparent] revelou gargalos como falta de indicadores de conversão e ROI, alto custo de frete, pouca visibilidade nos marketplaces e gestão de marketing ainda baseada em campanhas promocionais e não em dados. A dor central era clara: [/highlight][b][highlight=transparent]como transformar uma operação tradicional em um sistema digital integrado, competitivo e sustentável[/highlight][/b][highlight=transparent].[/highlight]
[highlight=transparent]Para isso, a LeFil aplicou a metodologia [/highlight][b][highlight=transparent]AEIOU[/highlight][/b][highlight=transparent] — modelo proprietário que integra [/highlight][i][highlight=transparent]Ambiente, Estratégia, Interações, Operações e Unificação[/highlight][/i][highlight=transparent] — em conjunto com a [/highlight][b][highlight=transparent]plataforma SinergIA[/highlight][/b][highlight=transparent], que utiliza [/highlight][b][highlight=transparent]inteligência artificial[/highlight][/b][highlight=transparent] para coletar, analisar e sistematizar decisões colaborativas em tempo real. O processo envolveu [/highlight][b][highlight=transparent]imersões presenciais e virtuais[/highlight][/b][highlight=transparent], [/highlight][b][highlight=transparent]criação de agentes inteligentes personalizados[/highlight][/b][highlight=transparent] (como o Agente Especialista em Marketplaces e o Agente Cliente Pitú), e a estruturação de uma [/highlight][b][highlight=transparent]nova arquitetura de marketing em rede[/highlight][/b][highlight=transparent], unificando dados, conteúdo e experiência do cliente. Como resultado, a Pitú desenhou uma estratégia de entrada estruturada nos marketplaces [/highlight][b][highlight=transparent]Magalu, Mercado Livre e Amazon com objetivo de ampliar a percepção da marca e de vendas[/highlight][/b][highlight=transparent]. A equipe interna foi capacitada em IA e retail media, e a empresa passou a adotar métricas de governança digital e indicadores de desempenho para seu e-commerce. O impacto direto foi a [/highlight][b][highlight=transparent]modernização de uma marca centenária[/highlight][/b][highlight=transparent] e o fortalecimento do [/highlight][b][highlight=transparent]ecossistema de inovação do Recife[/highlight][/b][highlight=transparent], demonstrando como [/highlight][b][highlight=transparent]tecnologia e cultura colaborativa[/highlight][/b][highlight=transparent] podem transformar negócios tradicionais em referências de inovação.[/highlight]

","[highlight=transparent]O Case Pitú – Transformação Digital em Marketplaces com IA e Estratégia AEIOU consolidou um conjunto de resultados estratégicos que reposicionaram a Pitú para o futuro digital.[/highlight]
[highlight=transparent]O projeto conduzido pela LeFil Company estruturou a inteligência de entrada da marca em marketplaces, preparando a Pitú para operar com eficiência em plataformas como Magalu, Mercado Livre e Amazon. A iniciativa gerou um plano completo de expansão digital, com definições de logística, precificação, reputação e comunicação, apoiadas por agentes artificiais criados dentro da plataforma SinergIA.[/highlight]
[highlight=transparent]Foram desenvolvidos seis agentes inteligentes, capazes de interpretar dados, simular cenários e apoiar a tomada de decisão. Esses agentes atuaram junto à equipe de marketing da Pitú, sistematizando diagnósticos, estudos comparativos e workshops de capacitação. O resultado foi uma mudança cultural significativa: a Pitú passou a operar com métricas de performance digital, governança de dados e visão integrada entre marketing, operação e tecnologia.[/highlight]
[highlight=transparent]A equipe interna foi treinada em marketing digital com IA, retail media e gestão de marketplaces, adquirindo autonomia para aplicar o plano de entrada e medir resultados.[/highlight]
[highlight=transparent]O projeto também impactou o ecossistema local ao envolver profissionais e tecnologias desenvolvidas no Recife, demonstrando o potencial da cidade em liderar soluções de inteligência artificial aplicada à inovação empresarial. A partir da metodologia AEIOU, a Pitú conquistou um novo posicionamento estratégico: pronta para escalar sua presença digital de forma sustentável, planejada e conectada ao seu território.[/highlight]

","[highlight=transparent]O Case Pitú – Transformação Digital em Marketplaces com IA e Estratégia AEIOU foi concebido pela LeFil Company, empresa sediada no Porto Digital (Recife/PE), com arquitetura modular e capacidade comprovada de replicação. Sua força está no fato de unir metodologia (AEIOU) e tecnologia proprietária (plataforma SinergIA) em um modelo que pode ser facilmente adaptado a diferentes setores e portes de negócio.[/highlight]
[highlight=transparent]A metodologia AEIOU atua como um guia para a transformação de operações tradicionais em ecossistemas digitais, integrando [/highlight][i][highlight=transparent]Ambiente, Estratégia, Interações, Operações e Unificação[/highlight][/i][highlight=transparent]. Essa estrutura é flexível e escalável: permite personalização por tipo de negócio (indústria, varejo, serviços) e pode ser aplicada tanto em empresas locais quanto em grandes corporações que buscam inovação de base colaborativa.[/highlight]
[highlight=transparent]Já a plataforma SinergIA, desenvolvida com tecnologias emergentes de IA generativa e agentes inteligentes, possibilita expansão em rede, conectando novas empresas, parceiros e times de inovação. Cada nova implementação fortalece o banco de dados coletivo e aprimora os modelos analíticos, ampliando o impacto do sistema a médio e longo prazo.[/highlight]
[highlight=transparent]O case Pitú serviu como prova de conceito: demonstrou como o modelo pode ser aplicado a marcas tradicionais, combinando inteligência de dados, aprendizado organizacional e cultura colaborativa.[/highlight]
[highlight=transparent]A partir de 2025, a LeFil já iniciou adaptações do AEIOU e da SinergIA para os setores de bebidas, moda e turismo, ampliando a escala do projeto e posicionando o Recife como exportador de soluções de inovação corporativa baseadas em IA.[/highlight]
[highlight=transparent]Assim, o case transcende a Pitú: é uma plataforma viva de inovação recifense, capaz de crescer, se adaptar e gerar impacto contínuo no ecossistema produtivo local e nacional.[/highlight]

"
"","Inovação Empresarial","sim","Inovação empresarial","[highlight=transparent]O [/highlight][b][highlight=transparent]Case Pitú – Transformação Digital em Marketplaces com IA e Estratégia AEIOU[/highlight][/b][highlight=transparent], desenvolvido pela [/highlight][b][highlight=transparent]LeFil Company[/highlight][/b][highlight=transparent], nasceu do desafio de digitalizar uma das marcas mais tradicionais do Nordeste, a [/highlight][b][highlight=transparent]Engarrafamento Pitú S.A.[/highlight][/b][highlight=transparent], diante da baixa performance no e-commerce e ausência de presença em marketplaces.[/highlight]
[highlight=transparent]O [/highlight][b][highlight=transparent]diagnóstico inicial (jan/2025)[/highlight][/b][highlight=transparent] revelou gargalos como falta de indicadores de conversão e ROI, alto custo de frete, pouca visibilidade nos marketplaces e gestão de marketing ainda baseada em campanhas promocionais e não em dados. A dor central era clara: [/highlight][b][highlight=transparent]como transformar uma operação tradicional em um sistema digital integrado, competitivo e sustentável[/highlight][/b][highlight=transparent].[/highlight]
[highlight=transparent]Para isso, a LeFil aplicou a metodologia [/highlight][b][highlight=transparent]AEIOU[/highlight][/b][highlight=transparent] — modelo proprietário que integra [/highlight][i][highlight=transparent]Ambiente, Estratégia, Interações, Operações e Unificação[/highlight][/i][highlight=transparent] — em conjunto com a [/highlight][b][highlight=transparent]plataforma SinergIA[/highlight][/b][highlight=transparent], que utiliza [/highlight][b][highlight=transparent]inteligência artificial[/highlight][/b][highlight=transparent] para coletar, analisar e sistematizar decisões colaborativas em tempo real. O processo envolveu [/highlight][b][highlight=transparent]imersões presenciais e virtuais[/highlight][/b][highlight=transparent], [/highlight][b][highlight=transparent]criação de agentes inteligentes personalizados[/highlight][/b][highlight=transparent] (como o Agente Especialista em Marketplaces e o Agente Cliente Pitú), e a estruturação de uma [/highlight][b][highlight=transparent]nova arquitetura de marketing em rede[/highlight][/b][highlight=transparent], unificando dados, conteúdo e experiência do cliente. Como resultado, a Pitú desenhou uma estratégia de entrada estruturada nos marketplaces [/highlight][b][highlight=transparent]Magalu, Mercado Livre e Amazon com objetivo de ampliar a percepção da marca e de vendas[/highlight][/b][highlight=transparent]. A equipe interna foi capacitada em IA e retail media, e a empresa passou a adotar métricas de governança digital e indicadores de desempenho para seu e-commerce. O impacto direto foi a [/highlight][b][highlight=transparent]modernização de uma marca centenária[/highlight][/b][highlight=transparent] e o fortalecimento do [/highlight][b][highlight=transparent]ecossistema de inovação do Recife[/highlight][/b][highlight=transparent], demonstrando como [/highlight][b][highlight=transparent]tecnologia e cultura colaborativa[/highlight][/b][highlight=transparent] podem transformar negócios tradicionais em referências de inovação.[/highlight]

","[highlight=transparent]O Case Pitú – Transformação Digital em Marketplaces com IA e Estratégia AEIOU consolidou um conjunto de resultados estratégicos que reposicionaram a Pitú para o futuro digital.[/highlight]
[highlight=transparent]O projeto conduzido pela LeFil Company estruturou a inteligência de entrada da marca em marketplaces, preparando a Pitú para operar com eficiência em plataformas como Magalu, Mercado Livre e Amazon. A iniciativa gerou um plano completo de expansão digital, com definições de logística, precificação, reputação e comunicação, apoiadas por agentes artificiais criados dentro da plataforma SinergIA.[/highlight]
[highlight=transparent]Foram desenvolvidos seis agentes inteligentes, capazes de interpretar dados, simular cenários e apoiar a tomada de decisão. Esses agentes atuaram junto à equipe de marketing da Pitú, sistematizando diagnósticos, estudos comparativos e workshops de capacitação. O resultado foi uma mudança cultural significativa: a Pitú passou a operar com métricas de performance digital, governança de dados e visão integrada entre marketing, operação e tecnologia.[/highlight]
[highlight=transparent]A equipe interna foi treinada em marketing digital com IA, retail media e gestão de marketplaces, adquirindo autonomia para aplicar o plano de entrada e medir resultados.[/highlight]
[highlight=transparent]O projeto também impactou o ecossistema local ao envolver profissionais e tecnologias desenvolvidas no Recife, demonstrando o potencial da cidade em liderar soluções de inteligência artificial aplicada à inovação empresarial. A partir da metodologia AEIOU, a Pitú conquistou um novo posicionamento estratégico: pronta para escalar sua presença digital de forma sustentável, planejada e conectada ao seu território.[/highlight]

","[highlight=transparent]O Case Pitú – Transformação Digital em Marketplaces com IA e Estratégia AEIOU foi concebido pela LeFil Company, empresa sediada no Porto Digital (Recife/PE), com arquitetura modular e capacidade comprovada de replicação. Sua força está no fato de unir metodologia (AEIOU) e tecnologia proprietária (plataforma SinergIA) em um modelo que pode ser facilmente adaptado a diferentes setores e portes de negócio.[/highlight]
[highlight=transparent]A metodologia AEIOU atua como um guia para a transformação de operações tradicionais em ecossistemas digitais, integrando [/highlight][i][highlight=transparent]Ambiente, Estratégia, Interações, Operações e Unificação[/highlight][/i][highlight=transparent]. Essa estrutura é flexível e escalável: permite personalização por tipo de negócio (indústria, varejo, serviços) e pode ser aplicada tanto em empresas locais quanto em grandes corporações que buscam inovação de base colaborativa.[/highlight]
[highlight=transparent]Já a plataforma SinergIA, desenvolvida com tecnologias emergentes de IA generativa e agentes inteligentes, possibilita expansão em rede, conectando novas empresas, parceiros e times de inovação. Cada nova implementação fortalece o banco de dados coletivo e aprimora os modelos analíticos, ampliando o impacto do sistema a médio e longo prazo.[/highlight]
[highlight=transparent]O case Pitú serviu como prova de conceito: demonstrou como o modelo pode ser aplicado a marcas tradicionais, combinando inteligência de dados, aprendizado organizacional e cultura colaborativa.[/highlight]
[highlight=transparent]A partir de 2025, a LeFil já iniciou adaptações do AEIOU e da SinergIA para os setores de bebidas, moda e turismo, ampliando a escala do projeto e posicionando o Recife como exportador de soluções de inovação corporativa baseadas em IA.[/highlight]
[highlight=transparent]Assim, o case transcende a Pitú: é uma plataforma viva de inovação recifense, capaz de crescer, se adaptar e gerar impacto contínuo no ecossistema produtivo local e nacional.[/highlight]

"
"","Inovação Científica","sim","Instituição de Pesquisa/Extensão Inovadora","[justify]A inovação é o elo entre a ciência e o cotidiano, transformando conhecimento acadêmico em soluções práticas que promovem o desenvolvimento social, econômico e cultural. Em consonância com essa perspectiva, o Centro Universitário Estácio do Recife, em parceria com a Prefeitura do Recife, implantou o Núcleo de Inovação Tecnológica (NIT), com o objetivo de enfrentar o desafio público de fomentar o empreendedorismo e a inovação como motores do desenvolvimento sustentável.[/justify]
[justify]A dor central identificada é a distância entre o conhecimento produzido nas instituições de ensino superior e sua aplicação prática na resolução de problemas reais da sociedade. O NIT surge como resposta a essa lacuna, atuando como um espaço integrador entre ensino, pesquisa e extensão, onde estudantes, professores e comunidade se unem para cocriar soluções inovadoras com impacto social.[/justify]
[justify]A proposta visa fortalecer a cultura empreendedora, estimular a criatividade e formar profissionais preparados para os desafios da economia do conhecimento. Com foco em tecnologia e impacto territorial, o NIT promove a conexão entre academia, mercado e sociedade, contribuindo para o fortalecimento do ecossistema de inovação do Recife — reconhecido nacionalmente por iniciativas como o Porto Digital.[/justify]
[justify]O impacto esperado inclui a geração de soluções tecnológicas aplicáveis, o aumento da empregabilidade de estudantes, a valorização da pesquisa aplicada e a promoção de uma cultura de inovação voltada para o bem-estar coletivo. Assim, o NIT consolida a Estácio Recife como protagonista na transformação social e no desenvolvimento sustentável da cidade.[/justify]
","A implantação do NIT na Estácio Recife gerou uma transformação significativa na cultura acadêmica, promovendo uma abordagem prática e interdisciplinar voltada à inovação e ao impacto social. Os principais resultados incluem:
[b]1. Mudança de Mentalidade Acadêmica[/b]
[ml][ul][li indent=0 align=left]A introdução de metodologias práticas aproximou docentes e discentes da realidade do mercado e das demandas sociais.[/li][li indent=0 align=left]Estudantes passaram a enxergar a sociedade como cliente final do conhecimento produzido, fortalecendo o papel da academia como agente de transformação.[/li][/ul][/ml][b]2. Formação de Talentos[/b]
[ml][ul][li indent=0 align=left]Lançamento do programa [b]Selecionando Talentos para o Amanhã[/b], com edital público para seleção de [b]21 alunos[/b] com alto desempenho (CR mínimo de [b]8,5[/b]) e dedicação exclusiva.[/li][li indent=0 align=left]Os alunos desenvolvem projetos tecnológicos em [b]6 meses[/b], com acompanhamento de docentes especializados e recebem [b]20 horas de atividades complementares[/b] como reconhecimento acadêmico.[/li][/ul][/ml][b]3. Projetos Interdisciplinares e de Impacto[/b]
[ml][ul][li indent=0 align=left]Desenvolvimento de soluções para desafios reais nas áreas de [b]mobilidade, saúde, gestão pública e economia criativa[/b], em parceria com a Prefeitura do Recife e empresas locais.[/li][li indent=0 align=left]Criação de produtos e serviços por meio de disciplinas extensionistas, com foco em demandas coletadas pela plataforma [b]Coreto[/b].[/li][/ul][/ml][b]4. Fortalecimento do Ecossistema de Inovação[/b]
[ml][ul][li indent=0 align=left]Participação ativa em eventos estratégicos como o [b]Rec’n’Play[/b], ampliando a visibilidade institucional.[/li][li indent=0 align=left]Integração com o [b]Porto Digital[/b], setor público e empresas, consolidando a Estácio como protagonista no cenário de inovação recifense.[/li][/ul][/ml][b]5. Inclusão, Diversidade e Interdisciplinaridade[/b]
[ml][ul][li indent=0 align=left]Envolvimento de estudantes de diferentes perfis socioeconômicos e áreas do conhecimento (engenharias, TI, arquitetura, gestão, saúde e direito).[/li][li indent=0 align=left]Promoção de uma cultura de inovação com impacto social, voltada à empregabilidade, capacitação e melhoria da qualidade de vida urbana.[/li][/ul][/ml][b]6. Sustentabilidade e Escalabilidade[/b]
[ml][ul][li indent=0 align=left]Modelo híbrido de financiamento: recursos próprios, editais públicos/privados, parcerias e prestação de serviços.[/li][li indent=0 align=left]Estrutura replicável em outros campi da Estácio e instituições similares, com potencial de impacto sistêmico no desenvolvimento tecnológico nacional.[/li][/ul][/ml]","[justify]O modelo do NIT Estácio Recife apresenta alta capacidade de replicabilidade e escalabilidade, sustentado por pilares metodológicos sólidos e adaptáveis. A estrutura de funcionamento — baseada na integração entre ensino, pesquisa e extensão, parcerias estratégicas com o poder público e empresas, e foco em inovação aplicada — permite sua reprodução em outros campi da Estácio e instituições de ensino com perfil semelhante.[/justify]
[justify]A seleção e desenvolvimento de projetos por meio de edital com duração de seis meses e critérios de desempenho claros constitui um formato replicável e flexível, capaz de se adaptar a diferentes contextos regionais e áreas do conhecimento, mantendo o foco em resultados concretos.[/justify]
[justify]Além disso, a iniciativa está alinhada às políticas públicas de inovação e aos Objetivos de Desenvolvimento Sustentável (ODS), o que amplia suas possibilidades de captação de recursos e formação de redes colaborativas. Em médio e longo prazo, essa aderência pode gerar impacto sistêmico, fortalecendo o papel das universidades como protagonistas do desenvolvimento tecnológico nacional.[/justify]
[justify]A replicabilidade também é viabilizada pela equipe técnica e docente capacitada em metodologias de inovação, gestão de projetos e pesquisa, além da realização de workshops, mentorias e capacitações que preparam os envolvidos para disseminar práticas inovadoras em outros ambientes institucionais.[/justify]
[justify]A sustentabilidade financeira do NIT é garantida por um modelo híbrido que combina:[/justify]
[ml][ul][li indent=0 align=justify]Recursos próprios da instituição (estrutura física e corpo docente);[/li][li indent=0 align=justify]Financiamentos via editais públicos e privados;[/li][li indent=0 align=justify]Parcerias com empresas e órgãos governamentais;[/li][li indent=0 align=justify]Prestação de serviços tecnológicos e consultorias;[/li][li indent=0 align=justify]Receita proveniente da divisão participativa de lucros.[/li][/ul][/ml][justify]Esse conjunto de fatores assegura que o NIT não apenas execute projetos pontuais, mas construa uma cultura organizacional de inovação transversal, com potencial de expansão e impacto duradouro em diferentes territórios e públicos.[/justify]
"
"","Inovação Científica","sim","Instituição de Pesquisa/Extensão Inovadora","A i.de.i.a.S – Incubadora de Desenvolvimento, Educação, Inovação, Aplicações e Soluções é uma iniciativa estratégica do SENAC Pernambuco que transforma a educação profissional em um ecossistema colaborativo de inovação. O projeto responde ao desafio público de estimular o empreendedorismo, a inovação científica e a geração de impacto socioeconômico sustentável, ao integrar ensino, pesquisa e mercado em um ambiente de experimentação prática.

A dor central identificada é a distância entre o aprendizado técnico e sua aplicação real no mercado de trabalho, especialmente em setores como comércio, serviços, turismo e saúde. Muitos alunos e egressos carecem de oportunidades para desenvolver competências empreendedoras e validar soluções inovadoras. A i.de.i.a.S enfrenta esse problema ao criar um ambiente que combina mentorias, metodologias ativas (PBL e Design Thinking), infraestrutura tecnológica e cultura empreendedora, promovendo a cocriação de soluções aplicáveis e startups com potencial de impacto regional.

O projeto estrutura-se em três eixos: (1) Formação empreendedora e científica, capacitando estudantes e docentes por meio de programas de pré-incubação e aceleração; (2) Desenvolvimento tecnológico, com acesso a laboratórios de IoT, design e prototipagem digital; e (3) Conexão com o ecossistema de inovação, por meio de parcerias com SECTI-PE, FACEPE, SEBRAE, UFRPE, UPE, Porto Digital e empresas privadas.

Os impactos são expressivos: mais de 100 projetos integradores transformados em soluções aplicadas, 20 startups incubadas e pré-incubadas e mais de 2.000 participantes diretos em ações de inovação. Além de gerar novos negócios, a iniciativa fortalece a cultura institucional de inovação e posiciona o SENAC como referência nacional em incubação educacional e inovação aplicada, consolidando um modelo replicável e sustentável que conecta educação, ciência e desenvolvimento socioeconômico de forma integrada.","A i.de.i.a.S – Incubadora de Desenvolvimento, Educação, Inovação, Aplicações e Soluções consolidou-se como um modelo inovador de integração entre educação, ciência, tecnologia e empreendedorismo, alcançando resultados expressivos tanto em indicadores quantitativos quanto qualitativos.

Indicadores Quantitativos:

+100 Projetos Integradores convertidos em soluções aplicáveis ao mercado;
10 startups incubadas e 10 pré-incubadas em áreas como tecnologia, saúde, turismo, estética, gastronomia e logística;
4 startups pré-aceleradas no programa Fast Motion;
34 projetos submetidos a editais, com 7 aprovações (FACEPE, SEBRAE, Inova SENAC, Startup NE);
+2.000 participantes diretos em eventos, mentorias e programas de inovação realizados entre 2024 e 2025.

Indicadores Qualitativos:

Consolidação de uma cultura institucional de inovação e empreendedorismo no SENAC Pernambuco;
Reposicionamento dos docentes como mentores e facilitadores de aprendizagem baseada em desafios;
Integração efetiva entre alunos, egressos, docentes e empresas, promovendo o protagonismo estudantil e a aplicação prática do conhecimento;
Criação de startups de impacto social e econômico, como PredView Analytics, Passou Encontrou e Apé;
Reconhecimento institucional pela Categoria Inova no Programa de Reconhecimento SENAC.

Esses resultados geraram ganhos concretos para o público-alvo — estudantes, egressos e empreendedores — ao proporcionar vivência real em inovação, acesso a mentorias e oportunidades de negócios. No setor educacional, a i.de.i.a.S tornou-se referência em incubação educacional, ampliando a empregabilidade e estimulando o surgimento de novos empreendimentos sustentáveis. O impacto extrapola o ambiente acadêmico, fortalecendo o ecossistema de inovação de Pernambuco e contribuindo diretamente para o desenvolvimento econômico e social da região.","A i.de.i.a.S – Incubadora de Desenvolvimento, Educação, Inovação, Aplicações e Soluções apresenta um modelo metodológico e organizacional replicável, escalável e sustentável, capaz de ser adaptado a diferentes contextos educacionais e territoriais. Sua estrutura combina metodologias ágeis, ferramentas digitais e práticas pedagógicas inovadoras que podem ser implementadas em outras unidades do SENAC, instituições de ensino técnico, superior e organizações que buscam fomentar o empreendedorismo e a inovação aplicada.

No âmbito regional, o modelo já demonstra potencial de expansão para outros Centros de Educação Profissional (CEPs) do SENAC Pernambuco, adequando-se às vocações produtivas de cada território, como turismo, saúde, estética, tecnologia e logística.

Em escala nacional, a i.de.i.a.S serve de referência para a criação de uma Rede Nacional de Incubadoras SENAC Brasil, com padronização de processos, indicadores e metodologias, fortalecendo a integração entre educação profissional, ciência e mercado. O uso de frameworks como CERNE, TRL e Design Thinking assegura a reprodutibilidade do processo com qualidade e consistência.

O projeto também tem potencial de impacto de médio e longo prazo, ao consolidar uma cultura de inovação educacional que forma profissionais criativos, autônomos e empreendedores, estimulando o surgimento de negócios sustentáveis e soluções tecnológicas para desafios sociais. Ao transformar a sala de aula em um laboratório de inovação, a i.de.i.a.S se torna um modelo escalável de transformação institucional e social, replicável em qualquer ambiente que deseje unir educação, inovação e desenvolvimento econômico."
"não","Inovação Social","sim","Empreendedorismo Social","[justify][highlight=transparent]O Recife é uma das cidades mais desiguais do Brasil — e também uma das mais negras. Segundo o Censo 2022 do IBGE, o município tem a 6ª maior população negra do país, com 63,4% de pessoas pretas e pardas. Apesar dessa representatividade, esses grupos seguem sub-representados nos espaços de poder, nas universidades e nos setores de inovação e tecnologia.[/highlight][/justify]
[justify][highlight=transparent]O cenário é ainda mais crítico para pessoas trans e travestis: conforme o dossiê [/highlight][i][highlight=transparent]Assassinatos e Violência Contra Travestis e Transexuais Brasileiras[/highlight][/i][highlight=transparent] (ANTRA, 2022), a expectativa de vida média é de apenas 36 anos, e Pernambuco foi o estado com maior número de assassinatos dessa população no país. Esses dados expõem o desafio público central: inclusão produtiva e reparação histórica em um ecossistema ainda excludente.[/highlight][/justify]
[justify][highlight=transparent]O Porto Digital, reconhecido como o maior distrito de inovação do Brasil, tem como meta ampliar a participação ativa de grupos sub-representados na cadeia produtiva da inovação. Neste sentido, criou o Porto+ para enfrentar esse desafio por meio da diversidade como vetor de inovação. A iniciativa estrutura um conjunto de ações contínuas de formação, capacitação e conexão com o mercado, promovendo o ingresso, a permanência e a ascenção profissionais de grupos sub-representados — com foco em raça, gênero, neurodiversidades e pautas geracionais.[/highlight][/justify]
[justify][highlight=transparent]O programa mobiliza empresas, startups e instituições de ensino do ecossistema para oferecer acesso à educação tecnológica, mentorias, bolsas de formação. Ao mesmo tempo, sensibiliza o setor produtivo sobre a importância da representatividade e da reparação histórica.[/highlight][/justify]
[justify][highlight=transparent]O impacto esperado é transformar o Porto Digital e o Recife em referências nacionais de inclusão no setor de inovação, criando pontes reais para o futuro que desejamos: um ecossistema plural, acessível e de oportunidades compartilhadas.[/highlight][/justify]
[highlight=transparent]Por meio dos seus objetivos estratégicos, quer ampliar e buscar oportunidades e mobilizar o ecossistema da cidade para não apenas visibilizar grupos, mas assegurar a permanência deles nos horizontes do Recife. Iniciando de forma estruturada com recortes de raça, gênero, neurodiversidades e pautas geracionais. [/highlight]
","[justify][highlight=transparent]A primeira ação estruturada do Porto+, que consolidou o compromisso do Porto Digital com a inclusão produtiva e reparação histórica. Por meio do programa Embarque Digital, criado em parceria com a Prefeitura do Recife, foi implementada reserva de 50% das bolsas de graduação em tecnologia para pessoas pretas e pardas, ampliando o acesso à educação superior de qualidade. O programa também passou a ofertar bolsas exclusivas para pessoas trans, reconhecendo a urgência da inclusão dessa população historicamente excluída.[/highlight][/justify]
[justify][highlight=transparent]Durante o festival REC’n’Play 2025, o Espaço Porto+ se tornou um dos marcos da agenda de diversidade do ecossistema de inovação. Em quatro dias de programação, [/highlight][/justify]
[ml][ul][li indent=0 align=justify][highlight=transparent]1.700 pessoas foram impactadas diretamente, participando de painéis, oficinas e atividades imersivas.[/highlight][/li][li indent=0 align=justify][highlight=transparent]Foram 24 pautas interseccionais [/highlight][/li][li indent=0 align=justify][highlight=transparent]1.535 minutos de debates voltados a pessoas negras, trans, neurodivergentes (com foco no espectro autista) e 65+, promovendo um diálogo plural e transformador.[/highlight][/li][/ul][/ml][justify][highlight=transparent]A curadoria do evento foi orientada pela representatividade: [/highlight][/justify]
[ml][ul][li indent=0 align=justify][highlight=transparent]37% de palestrantes negros;[/highlight][/li][li indent=0 align=justify][highlight=transparent]3,8% indígenas;[/highlight][/li][li indent=0 align=justify][highlight=transparent]61% mulheres;[/highlight][/li][li indent=0 align=justify][highlight=transparent]1,2% pessoas não binárias[/highlight][/li][li indent=0 align=justify][highlight=transparent]Totalizando 80 palestrantes, entre eles 13 pessoas trans. [/highlight][/li][li indent=0 align=justify][highlight=transparent] O espaço contou ainda com uma sala de regulação sensorial gratuita, voltada a pessoas autistas — uma inovação em eventos de grande porte no Recife. Além do impacto simbólico e formativo, o projeto gerou empregabilidade direta, com a contratação de 15 pessoas trans para a operação do espaço. O Porto+ se consolida, assim, como um modelo de ação afirmativa aplicado ao ecossistema de inovação, que alia representatividade, educação, oportunidade e transformação social.[/highlight][/li][/ul][/ml]","[justify][highlight=transparent]O Porto+ é um modelo de negócio de impacto social desenhado para ser replicável, adaptável e escalável em diferentes contextos urbanos. Sua estrutura metodológica, que é baseada em parcerias locais, programas de capacitação e articulação com o setor produtivo, permite que seja facilmente implementada em outras cidades que desejem promover inclusão e diversidade na economia digital.[/highlight][/justify]
[justify][/justify]
[justify][highlight=transparent]Por não se restringir a um único público, o modelo é flexível e responsivo, podendo ser adaptado conforme as especificidades sociais e econômicas de cada território. A lógica de funcionamento do Porto+ se apoia em uma rede colaborativa entre poder público, empresas e sociedade civil, o que reduz custos operacionais e amplia o potencial de expansão.[/highlight][/justify]
[justify][/justify]
[justify][highlight=transparent]Em médio e longo prazo, o Porto+ tende a gerar impacto sustentável ao fortalecer ecossistemas locais de inovação inclusiva, criar oportunidades de trabalho e fomentar a representatividade em setores estratégicos. Essa capacidade de multiplicação posiciona o projeto como uma referência em inclusão produtiva e inovação social em escala regional e nacional.[/highlight][/justify]

"
"","Inovação Científica","não","Instituição de Pesquisa/Extensão Inovadora","[justify][highlight=transparent]O [/highlight][b][highlight=transparent]Embarque Digital[/highlight][/b][highlight=transparent] é uma política pública educacional inovadora, fruto da parceria entre a [/highlight][b][highlight=transparent]Prefeitura do Recife[/highlight][/b][highlight=transparent], por meio da [/highlight][b][highlight=transparent]Secretaria de Educação[/highlight][/b][highlight=transparent], e o [/highlight][b][highlight=transparent]Núcleo de Gestão do Porto Digital (NGPD)[/highlight][/b][highlight=transparent]. O programa tem como objetivo [/highlight][b][highlight=transparent]formar e empregar jovens em situação de vulnerabilidade social[/highlight][/b][highlight=transparent] na área de [/highlight][b][highlight=transparent]Tecnologia da Informação e Comunicação (TIC)[/highlight][/b][highlight=transparent], fortalecendo o ecossistema de inovação e ampliando a diversidade no setor.[/highlight][/justify]
[justify][highlight=transparent]A iniciativa responde a uma dor pública central: a [/highlight][b][highlight=transparent]escassez de mão de obra qualificada em tecnologia[/highlight][/b][highlight=transparent] e a [/highlight][b][highlight=transparent]baixa inclusão de jovens de escolas públicas[/highlight][/b][highlight=transparent] nesse mercado em expansão. Para enfrentar esse desafio, o programa estrutura-se em [/highlight][b][highlight=transparent]dois eixos principais[/highlight][/b][highlight=transparent]:[/highlight][/justify]
[ml][ol][li indent=0 align=left][b][highlight=transparent]Oferta de vagas em cursos tecnológicos de nível superior[/highlight][/b][highlight=transparent], em parceria com instituições privadas do Recife, com currículos atualizados e alinhados às demandas do mercado;[/highlight][/li][li indent=0 align=left][b][highlight=transparent]Residência Profissional Tecnológica[/highlight][/b][highlight=transparent], que proporciona experiências práticas imersivas em empresas do Porto Digital desde o início da formação.[/highlight][/li][/ol][/ml][justify][highlight=transparent]Os resultados comprovam o impacto social e econômico da iniciativa. As duas primeiras turmas registraram [/highlight][b][highlight=transparent]taxas de conclusão de 66% e 78,14%[/highlight][/b][highlight=transparent] e uma [/highlight][b][highlight=transparent]empregabilidade média de 64,53%[/highlight][/b][highlight=transparent], evidenciando a eficácia do modelo de formação e a inserção produtiva dos estudantes. Pesquisas acadêmicas também confirmam o êxito do programa, apontando [/highlight][b][highlight=transparent]alta satisfação e baixa evasão[/highlight][/b][highlight=transparent].[/highlight][/justify]
[justify][highlight=transparent]Além da formação técnica, o programa promove [/highlight][b][highlight=transparent]ações de engajamento e acolhimento[/highlight][/b][highlight=transparent], como aulas magnas, encontros com familiares, oficinas socioemocionais e parcerias com empresas que atuam sob práticas ESG. Reconhecido internacionalmente, o Embarque Digital foi eleito uma das [/highlight][b][highlight=transparent]dez “Soluções Inspiradoras” do mundo em 2023[/highlight][/b][highlight=transparent] pela [/highlight][b][highlight=transparent]Associação Internacional de Parques Científicos e Áreas de Inovação (IASP)[/highlight][/b][highlight=transparent].[/highlight][/justify]
[justify][highlight=transparent]Com uma metodologia replicável e sustentável, o Embarque Digital consolida-se como [/highlight][b][highlight=transparent]modelo de inclusão produtiva e transformação social[/highlight][/b][highlight=transparent], gerando novas oportunidades, renda e esperança para centenas de jovens recifenses[/highlight][/justify]

","[justify][highlight=transparent]O Embarque Digital consolidou-se como uma das políticas públicas mais eficazes do país na formação e inserção de jovens em tecnologia, combinando impacto social, empregabilidade e fortalecimento do ecossistema de inovação.[/highlight][/justify]
[justify][highlight=transparent]Entre outubro de 2021 e setembro de 2025, o programa atingiu resultados expressivos:[/highlight][/justify]
[ml][ul][li indent=0 align=left][highlight=transparent]2530 estudantes contemplados com bolsas;[/highlight][/li][li indent=0 align=left][highlight=transparent]4 turmas formadas;[/highlight][/li][li indent=0 align=left][highlight=transparent]Taxa média de conclusão de 72%, superior à média nacional para cursos similares;[/highlight][/li][li indent=0 align=left][highlight=transparent]Empregabilidade de 64,53% entre egressos, com inserção em empresas do Porto Digital e em outras organizações do setor de TIC;[/highlight][/li][li indent=0 align=left][highlight=transparent]Estudantes participando semestralmente da Residência Tecnológica, com atividades práticas supervisionadas em mais de 90 empresas parceiras;[/highlight][/li][li indent=0 align=left][highlight=transparent]30% de participação feminina nas novas turmas, resultado das ações afirmativas de inclusão de gênero e diversidade;[/highlight][/li][li indent=0 align=left][highlight=transparent]70% de estudantes pretos ou pardos;[/highlight][/li][/ul][/ml][justify][highlight=transparent]Além dos números, os relatos de estudantes e empresas evidenciam transformação de trajetórias pessoais e familiares, com jovens de escolas públicas alcançando o primeiro emprego formal e contribuindo para o aumento da renda domiciliar. O programa também fortalece a economia local, ao gerar talentos para um dos setores mais dinâmicos do estado e reduzir o déficit de profissionais de tecnologia.[/highlight][/justify]
[justify][highlight=transparent]Os resultados confirmam que o Embarque Digital é uma política de alto impacto, com evidências concretas de geração de oportunidades, inclusão e competitividade, promovendo uma integração sustentável entre educação pública, inovação e desenvolvimento.[/highlight][/justify]

","[justify][highlight=transparent]O Embarque Digital apresenta um modelo metodológico e operacional altamente replicável, pois combina formação superior em tecnologia, residência profissional e parcerias multissetoriais de forma integrada e sustentável. Sua estrutura se apoia em três pilares que garantem escalabilidade:[/highlight][/justify]
[ml][ol][li indent=0 align=left][highlight=transparent]Gestão compartilhada entre o poder público e o Porto Digital, que pode ser reproduzida por governos municipais e estaduais em parceria com ecossistemas locais de inovação;[/highlight][/li][li indent=0 align=left][highlight=transparent]Modelo de residência tecnológica, que articula empresas de diferentes portes e setores, ajustável a realidades econômicas distintas;[/highlight][/li][li indent=0 align=left][highlight=transparent]Matriz de cursos e competências, alinhada às demandas do mercado e de fácil adaptação a outros contextos regionais.[/highlight][/li][/ol][/ml][justify][highlight=transparent]O modelo também é financeiramente sustentável, uma vez que utiliza infraestrutura educacional existente e parcerias com instituições privadas de ensino, reduzindo custos e permitindo expansão progressiva. A plataforma de gestão educacional e os indicadores de desempenho desenvolvidos pelo Porto Digital possibilitam monitoramento contínuo e replicação com qualidade em outros territórios.[/highlight][/justify]
[justify][highlight=transparent]Em médio e longo prazo, o Embarque Digital tende a gerar impacto sistêmico, ampliando a base de profissionais qualificados, fortalecendo economias locais e promovendo mobilidade social de jovens de baixa renda. Ao conectar educação pública, setor produtivo e inovação tecnológica, o programa configura-se como um modelo exportável de política pública para o desenvolvimento econômico inclusivo.[/highlight][/justify]

"
"","Inovação Social","sim","Letramento Digital","[justify][highlight=transparent]O Porto Digital, um dos principais distritos de inovação da América Latina, atua há mais de duas décadas na formação de talentos para o setor de tecnologia. Em 2025, a instituição lançou a Academia SAP, um programa piloto de transição de carreira com foco em requalificação técnica e empregabilidade em tecnologias empresariais.[/highlight][/justify]
[justify][highlight=transparent]A iniciativa responde diretamente ao descompasso entre formação e mercado, evidenciado pelo déficit superior a 200 mil profissionais de tecnologia no Brasil e pela carência de perfis especializados em softwares corporativos e gestão de dados. A Academia SAP propõe uma solução concreta: formar, em tempo reduzido, profissionais prontos para atuar em vagas de alta demanda, promovendo inclusão produtiva e reconversão de carreiras.[/highlight][/justify]
[justify][highlight=transparent]Baseada em metodologias ativas (Problem-Based Learning e Learning by Doing), a formação foi desenvolvida em parceria com SAP, Deloitte, EY, Accenture e NTT Data, articulando empresas líderes, mentores e o ecossistema do Porto Digital. O processo seletivo contou com 4.200 inscritos, triagem via inteligência artificial (Strateegia), dinâmicas presenciais e entrevistas com RHs das empresas parceiras.[/highlight][/justify]
[justify][highlight=transparent] O resultado é um modelo inovador de capacitação que une tecnologia, empregabilidade e impacto social — um caminho ágil, acessível e escalável de entrada no mercado de tecnologia.[/highlight][/justify]
[justify][highlight=transparent]O Porto Digital atua com excelência na formação técnica em tecnologias emergentes, estruturando cursos baseados em metodologias ativas de aprendizagem, como o Problem-Based Learning (PBL), orientação por desafios reais do mercado e forte participação de empresas no processo formativo. A estrutura pedagógica do Porto Digital prioriza a integração entre competências técnicas (hard skills) e competências socioemocionais (soft skills), compreendendo que o sucesso profissional na área de tecnologia depende tanto do domínio técnico quanto de habilidades interpessoais, criatividade, resiliência, colaboração e comunicação.[/highlight][/justify]

","[justify][highlight=transparent]No segundo trimestre de 2025, o Porto Digital executou o projeto piloto da Academia SAP, que  consolidou o [/highlight][b][highlight=transparent]Porto Digital como referência nacional em requalificação tecnológica e [/highlight][/b][highlight=transparent]demonstrou na prática a capacidade da instituição de mobilizar, selecionar, formar e conectar talentos com o mercado. O projeto foi realizado entre junho e agosto de 2025 e contou com um processo seletivo robusto, composto por etapas de inscrição, triagem com inteligência artificial (Strateegia), dinâmicas presenciais e entrevistas com empresas.[/highlight][/justify]
[ml][ul][li indent=0 align=justify][highlight=transparent]As inscrições foram abertas de 5 a 12 de junho de 2025, com 4.200 candidatos inscritos por meio de ampla divulgação nas redes sociais e veículos de comunicação.[/highlight][/li][li indent=0 align=justify][highlight=transparent]De 13 a 15 de junho, ocorreram os debates colaborativos, com avaliação de 1.782 candidatos, utilizando IA e critérios pré-definidos como: proficiência em comunicação e reflexão, domínio de conteúdo, gestão de tempo e organização.[/highlight][/li][li indent=0 align=justify][highlight=transparent]Na sequência, foram realizadas 12 dinâmicas de grupo, 294 entrevistas com empresas, e 6 sessões de alinhamento com RHs e equipe técnica.[/highlight][/li][li indent=0 align=justify][highlight=transparent]A etapa de validação final ocorreu em 20 de junho, com entrevistas e análise curricular, para seleção de 60 participantes por 4 empresas parceiras: Accenture, Deloitte, EY e NTT Data.[/highlight][/li][li indent=0 align=justify][highlight=transparent]A divulgação dos selecionados ocorreu no mesmo dia, garantindo agilidade e transparência ao processo.[/highlight][/li][li indent=0 align=justify][highlight=transparent]Carga horária de 80 horas com módulos técnicos, masterclasses e desafios reais de mercado;[/highlight][/li][li indent=0 align=justify][highlight=transparent]Empregabilidade imediata: parte dos formandos já foi contratada pelas empresas participantes após o término do curso;[/highlight][/li][li indent=0 align=justify][highlight=transparent]Perfil inclusivo: 60,3% dos candidatos autodeclarados pretos ou pardos; 30,8% com renda de até 1 salário mínimo; 58,5% oriundos de escolas públicas; e 50,5% com ensino superior completo[/highlight][/li][li indent=0 align=justify][highlight=transparent]Ao final da academia, obteve-se 92% de empregabilidade entre os participantes;[/highlight][/li][/ul][/ml][justify][highlight=transparent]Além do impacto direto em empregabilidade, a iniciativa fortaleceu o papel do Porto Digital como [/highlight][b][highlight=transparent]articulador entre educação, tecnologia e inclusão social[/highlight][/b][highlight=transparent], estabelecendo um [/highlight][b][highlight=transparent]modelo replicável[/highlight][/b][highlight=transparent] de formação ágil em ecossistemas de inovação.[/highlight][/justify]

","[justify][highlight=transparent]A Academia SAP foi concebida como [/highlight][b][highlight=transparent]projeto-piloto escalável nacionalmente[/highlight][/b][highlight=transparent].[/highlight][/justify]
[justify] O Porto Digital dispõe de [b][highlight=transparent]infraestrutura consolidada[/highlight][/b][highlight=transparent] (laboratórios, hubs de inovação, parcerias acadêmicas e rede empresarial), o que viabiliza a replicação do programa em novos contextos — como os polos do Armazém da Criatividade (Caruaru) e do Cais do Porto (Aveiro, Portugal).[/highlight][/justify]
[justify][highlight=transparent]O modelo combina:[/highlight][/justify]
[ml][ul][li indent=0 align=left][highlight=transparent]Curadoria pedagógica integrada ao setor produtivo;[/highlight][/li][li indent=0 align=left][highlight=transparent]Parcerias corporativas para conteúdo técnico e inserção profissional;[/highlight][/li][li indent=0 align=left][highlight=transparent]Seleção automatizada via IA, permitindo expansão para milhares de candidatos;[/highlight][/li][li indent=0 align=left][highlight=transparent]Rede de mentores e instrutores formada por profissionais do mercado.[/highlight][/li][/ul][/ml]
[justify][highlight=transparent]Com o sucesso da primeira edição, o programa já possui [/highlight][b][highlight=transparent]base de 4.200 potenciais alunos[/highlight][/b][highlight=transparent] para novas turmas e parcerias estruturadas com empresas globais. O Porto Digital prevê [/highlight][b][highlight=transparent]escalar o formato para outras tecnologias corporativas e regiões do Brasil[/highlight][/b][highlight=transparent], consolidando uma plataforma de transição de carreira orientada por dados e conectada à economia digital.[/highlight][/justify]
[justify][highlight=transparent]Neste sentido, o Porto Digital se apresenta como entidade altamente qualificada para implantar e operar um programa de transição de carreira que promova:[/highlight][/justify]
[justify]	[highlight=transparent]•  A capacitação técnica orientada à demanda real do mercado;[/highlight][/justify]
[justify]	[highlight=transparent]•  A reconversão profissional de públicos em transição ou fora do mercado de trabalho;[/highlight][/justify]
[justify]	[highlight=transparent]•  A empregabilidade em empresas do setor de tecnologia da informação ou empresas que demandem por esses profissionais na sua transformação digital;[/highlight][/justify]
[justify]	[highlight=transparent]•  A diminuição das desigualdades por meio da inclusão produtiva.[/highlight][/justify]
[justify][/justify]
[justify][/justify]
"
"","Startup Inovadora","sim","Startup Ascenção","OBI é uma plataforma White Label de gestão e monitoramento de alunos neurodivergentes, que possui ferramentas de logística aprimoradas para o apoio psicopedagógico das instituições de ensino.","Para construção dessa plataforma foram entrevistados mais de 300 usuários (alunos, professores, coordenadores, psicopedagogos, neurotipicos), servimos de inspiração para alunos do colégio mediotec em quesito de inovação, e inclusão de neurrotipicos, hoje temos uma parceria para aplicar em um instituição de ensino grande, que ira impactar mais de 6.000 alunos.","A OBI possui alto potencial de [b]replicabilidade e escalabilidade[/b], pois foi desenvolvida com base em tecnologias acessíveis e arquitetura modular, permitindo adaptação para diferentes contextos educacionais — desde escolas públicas e privadas até instituições técnicas e universitárias.
 Seu modelo de implementação é flexível, podendo ser customizado conforme o perfil dos alunos e a estrutura pedagógica de cada instituição. Além disso, a OBI pode ser integrada a políticas públicas de inclusão educacional, ampliando seu alcance territorial.
 No médio e longo prazo, a plataforma tem capacidade de impactar [b]milhares de estudantes neurodivergentes[/b] em todo o país, gerando dados relevantes para pesquisas em educação inclusiva e fortalecendo práticas pedagógicas adaptadas."
"","Inovação Científica","sim","Deeptech destaque","[justify][font=""Montserrat""]A Biosurfatech desenvolve agentes de limpeza naturais derivados de microrganismos (biossurfactantes), capazes de substituir produtos petroquímicos convencionais em aplicações como higiene pessoal e agroinsumos. A tecnologia atua diretamente na principal dor do mercado: a dependência de derivados do petróleo, que contribuem para o aumento das emissões de CO₂, contaminação ambiental e problemas graves de saúde, como alergias e câncer. Com biossurfactantes, é possível reduzir em até 22% o escoamento químico na agricultura, melhorar a retenção de nutrientes em 15% e obter até 78% de eficiência na degradação de contaminantes ambientais. Essa alternativa reduz riscos de intoxicação e doenças respiratórias associadas à exposição a amônia, cloro, PEGs e fragrâncias sintéticas, substâncias frequentemente encontradas em produtos convencionais de limpeza. Nossa proposta busca resgatar o compromisso com a saúde humana e o respeito à natureza, trazendo esperança de um futuro onde limpar não significa contaminar.[/font][/justify]","[font=""Montserrat""]A Biosurfatech já comprovou diferentes ganhos concretos com a aplicação de biossurfactantes naturais, tanto em testes laboratoriais quanto em projetos-piloto junto a clientes parceiros em limpeza pessoal e desenvolvimento de adjuvantes e bioherbicidas para o setor de energia. Alguns dos nossos resultados com nossos produtos de fontes microbianas foram: [/font]

[font=""Montserrat""]Eficiência de Limpeza: remoção de 71% sebo comprovada.
Atividade Antioxidante: Redução de 27% na produção de radicais livres.
Atividade Antimicrobiana: bactérias Gram-positivas e Gram-negativas, além de fungos e leveduras.
Compatibilidade com a Pele e os Olhos: Nenhuma irritação ocular e dérmica conforme os testes HET-CAM e OECD 439.
Redução da Tensão Superficial: Capacidade de reduzir a tensão da água de 72 para 31 mN/m.[/font]","[justify][font=""Montserrat""]A iniciativa Biosurfatech possui alta replicabilidade e potencial de escala, confirmados pela versatilidade dos biossurfactantes e pela crescente demanda global por soluções sustentáveis em diferentes mercados.[/font][/justify]
[justify][font=""Montserrat""]Os biossurfactantes são moléculas altamente adaptáveis, com aplicações comprovadas em limpeza doméstica e industrial, higiene pessoal, agricultura, farmacêutica, cosméticos, biorremediação e indústria alimentícia. Isso permite sua adoção em diferentes cadeias produtivas, públicos e territórios, acelerando a escalabilidade.​
Em 2024, a produção global de biossurfactantes atingiu 125 mil toneladas, crescendo 14% em relação ao ano anterior, e a expectativa é que o mercado global alcance entre US$ 6 e US$ 7,9 bilhões até 2032–2033 com taxas anuais superiores a 5%. Atualmente, mais de 15 empresas pelo mundo investem ativamente na produção e aplicação dessas moléculas, mostrando grande potencial de expansão para novos mercados consumidores.​ Graças à sua produção biotecnológica adaptável a fontes de matéria-prima locais e substratos renováveis, os biossurfactantes podem ser produzidos em pequena, média ou grande escala e em diferentes contextos regionais, inclusive por cooperativas, indústrias e startups.​ A adoção crescente dos biossurfactantes está alinhada com tendências mundiais de consumo consciente e rigor regulatório por produtos ecologicamente corretos. O uso massivo pode reduzir drasticamente os impactos ambientais e sanitários causados por surfactantes sintéticos e/ou petroquímicos em territórios urbanos, rurais e industriais, promovendo ganhos econômicos, sociais e ambientais de longo prazo.​ Dessa forma, a Biosurfatech está preparada para se expandir e gerar impacto sustentável em múltiplas escalas e regiões, consolidando-se como referência em inovação e sustentabilidade em biossurfactantes.​[/font]


[/justify]"
"sim","","","Instituição de Pesquisa/Extensão Inovadora","[justify][color=rgb(67, 67, 67)][highlight=transparent]A iniciativa de educação do Porto Digital surge do desafio estrutural do setor de tecnologia no Brasil: a escassez de profissionais qualificados frente à crescente demanda do mercado. Diante do alto índice de evasão nos cursos de TI, do descompasso entre a formação acadêmica e as competências exigidas pelas empresas. [/highlight][/color][/justify]
[justify][color=rgb(67, 67, 67)][highlight=transparent]Para enfrentar esse desafio, o Porto Digital estruturou uma estratégia inovadora: a Residência Tecnológica, que conecta estudantes, universidades e empresas por meio de mentorias semanais, projetos práticos e desafios reais do mercado. Com isso, busca-se não apenas formar mais profissionais, mas alinhar sua formação às demandas atuais, fortalecendo a inclusão social, a empregabilidade e a competitividade tecnológica da região.[/highlight][/color][/justify]
[justify][color=rgb(67, 67, 67)][highlight=transparent]O programa é dividido em 5 ciclos, sendo o ciclo 1 voltado ao desenvolvimento empreendedor, os ciclos de 2 a 4 focados na formação em programação e análise de software, e o ciclo 5 voltado ao desenvolvimento comportamental.[/highlight][/color][/justify]
[justify][color=rgb(67, 67, 67)][highlight=transparent]O Porto Digital estruturou o programa de Residência Tecnológica com a missão de aproximar ensino e mercado, garantindo que estudantes desenvolvam competências técnicas e socioemocionais em contato direto com empresas e projetos reais. [/highlight][/color][/justify]
[justify][color=rgb(67, 67, 67)][highlight=transparent]Os objetivos principais são reduzir o déficit de capital humano no setor, aumentar a empregabilidade e formar profissionais adaptáveis e inovadores.[/highlight][/color][/justify]
[justify][color=rgb(67, 67, 67)][highlight=transparent]A partir desta iniciativa foi criado o Programa do Embarque Digital, que teve como objetivo dar acesso aos estudantes de escola pública à universidade por meio de bolsas de estudo, fornecidas em parceria com a Prefeitura da Cidade do Recife, com o objetivo de amplificar as ações da Residência Tecnológica e promover a inclusão produtiva. [/highlight][/color][/justify]
[justify][color=rgb(67, 67, 67)][highlight=transparent]Motivada pela necessidade urgente de alinhar educação, inclusão social e desenvolvimento econômico, a iniciativa conecta universidade, governo e empresas em um modelo de formação prática, colaborativa e transformadora. [/highlight][/color][/justify]

","[justify][color=rgb(67, 67, 67)][highlight=transparent]A Residência Tecnológica está presente em três cidades (Recife, Aracaju e Brasília), em parceria com oito instituições de ensino superior, mais de 100 empresas e 60 mentores. Somente no semestre 2025.2, o programa reúne cerca de 4.500 estudantes ativos, envolvidos em mais de 200 experiências práticas simultâneas entre estudantes, empresas e mentores. Essa dinâmica garante mentorias semanais, projetos reais e conexão direta com o mercado, resultando em média em 60% de empregabilidade para os egressos, que chegam mais preparados e rapidamente ao setor de TI, fortalecendo também competências socioemocionais, diversidade e representatividade.[/highlight][/color][/justify]

[justify][color=rgb(67, 67, 67)][highlight=transparent]No contexto da Residência Tecnológica, mas focando especificamente nos alunos que acessam o programa através do Embarque Digital, possibilitou que mais de 2.500 jovens da rede pública ingressassem em cursos de TI em faculdades parceiras com bolsas integrais. O programa tem 70% de estudantes pretos e pardos (contra 42% na área de TI nacional), 35% de mulheres (em um setor com apenas 16%) e 52% de pioneiros no ensino superior em suas famílias.[/highlight][/color][/justify]

[justify][color=rgb(67, 67, 67)][highlight=transparent]Os impactos no território são concretos: ampliação da base de talentos locais para um setor em expansão, fortalecimento da economia digital do Recife e redução do risco de exclusão social. Para o público beneficiado, os efeitos são duradouros: acesso gratuito à educação, experiências práticas e condições para carreiras sustentáveis, renda estável e projeção de futuro.[/highlight][/color][/justify]

","[justify][color=rgb(67, 67, 67)][highlight=transparent]A iniciativa já demonstrou forte potencial de replicação e escalabilidade. O modelo da Residência Tecnológica nasceu em Recife, mas se expandiu para outros territórios, como Aracaju e Brasília, adaptando-se às instituições locais e às demandas de empresas regionais. Esse movimento prova a viabilidade de replicação em diferentes contextos.[/highlight][/color][/justify]

[justify][color=rgb(67, 67, 67)][highlight=transparent]O Embarque Digital, por sua vez, evidencia seu potencial de ser escalado para outras cidades. O formato — bolsas integrais, suporte pedagógico e infraestrutura de estudo — pode ser reproduzido em territórios com desafios semelhantes de inclusão social e déficit de profissionais em tecnologia.[/highlight][/color][/justify]

[justify][color=rgb(67, 67, 67)][highlight=transparent]Além disso, a iniciativa já possui estratégias de crescimento: ampliação de vagas, parcerias com grandes empresas e conexão com políticas de interiorização e internacionalização do Porto Digital. O impacto positivo em empregabilidade, inclusão e competitividade favorece a institucionalização do modelo em políticas públicas de educação tecnológica.[/highlight][/color][/justify]

[justify][color=rgb(67, 67, 67)][highlight=transparent]A iniciativa é, por natureza, colaborativa. Ela se estrutura no modelo de que une universidades e empresas para garantir formação em tecnologia conectada às demandas reais do mercado. As parcerias com Instituições de Ensino Superior viabilizam a integração curricular e a oferta de bolsas de estudo. Já a conexão com empresas do ecossistema e multinacionais possibilita mentorias, desafios práticos e empregabilidade dos estudantes.[/highlight][/color][/justify]

"
"","Inovação Científica","sim","Instituição de Pesquisa/Extensão Inovadora","[justify][color=rgb(67, 67, 67)][highlight=transparent]A iniciativa de educação do Porto Digital surge do desafio estrutural do setor de tecnologia no Brasil: a escassez de profissionais qualificados frente à crescente demanda do mercado. Diante do alto índice de evasão nos cursos de TI, do descompasso entre a formação acadêmica e as competências exigidas pelas empresas. [/highlight][/color][/justify]
[justify][color=rgb(67, 67, 67)][highlight=transparent]Para enfrentar esse desafio, o Porto Digital estruturou uma estratégia inovadora: a Residência Tecnológica, que conecta estudantes, universidades e empresas por meio de mentorias semanais, projetos práticos e desafios reais do mercado. Com isso, busca-se não apenas formar mais profissionais, mas alinhar sua formação às demandas atuais, fortalecendo a inclusão social, a empregabilidade e a competitividade tecnológica da região.[/highlight][/color][/justify]
[justify][color=rgb(67, 67, 67)][highlight=transparent]O programa é dividido em 5 ciclos, sendo o ciclo 1 voltado ao desenvolvimento empreendedor, os ciclos de 2 a 4 focados na formação em programação e análise de software, e o ciclo 5 voltado ao desenvolvimento comportamental.[/highlight][/color][/justify]
[justify][color=rgb(67, 67, 67)][highlight=transparent]O Porto Digital estruturou o programa de Residência Tecnológica com a missão de aproximar ensino e mercado, garantindo que estudantes desenvolvam competências técnicas e socioemocionais em contato direto com empresas e projetos reais. [/highlight][/color][/justify]
[justify][color=rgb(67, 67, 67)][highlight=transparent]Os objetivos principais são reduzir o déficit de capital humano no setor, aumentar a empregabilidade e formar profissionais adaptáveis e inovadores.[/highlight][/color][/justify]
[justify][color=rgb(67, 67, 67)][highlight=transparent]A partir desta iniciativa foi criado o Programa do Embarque Digital, que teve como objetivo dar acesso aos estudantes de escola pública à universidade por meio de bolsas de estudo, fornecidas em parceria com a Prefeitura da Cidade do Recife, com o objetivo de amplificar as ações da Residência Tecnológica e promover a inclusão produtiva. [/highlight][/color][/justify]
[justify][color=rgb(67, 67, 67)][highlight=transparent]Motivada pela necessidade urgente de alinhar educação, inclusão social e desenvolvimento econômico, a iniciativa conecta universidade, governo e empresas em um modelo de formação prática, colaborativa e transformadora. [/highlight][/color][/justify]

","[justify][color=rgb(67, 67, 67)][highlight=transparent]A Residência Tecnológica está presente em três cidades (Recife, Aracaju e Brasília), em parceria com oito instituições de ensino superior, mais de 100 empresas e 60 mentores. Somente no semestre 2025.2, o programa reúne cerca de 4.500 estudantes ativos, envolvidos em mais de 200 experiências práticas simultâneas entre estudantes, empresas e mentores. Essa dinâmica garante mentorias semanais, projetos reais e conexão direta com o mercado, resultando em média em 60% de empregabilidade para os egressos, que chegam mais preparados e rapidamente ao setor de TI, fortalecendo também competências socioemocionais, diversidade e representatividade.[/highlight][/color][/justify]

[justify][color=rgb(67, 67, 67)][highlight=transparent]No contexto da Residência Tecnológica, mas focando especificamente nos alunos que acessam o programa através do Embarque Digital, possibilitou que mais de 2.500 jovens da rede pública ingressassem em cursos de TI em faculdades parceiras com bolsas integrais. O programa tem 70% de estudantes pretos e pardos (contra 42% na área de TI nacional), 35% de mulheres (em um setor com apenas 16%) e 52% de pioneiros no ensino superior em suas famílias.[/highlight][/color][/justify]

[justify][color=rgb(67, 67, 67)][highlight=transparent]Os impactos no território são concretos: ampliação da base de talentos locais para um setor em expansão, fortalecimento da economia digital do Recife e redução do risco de exclusão social. Para o público beneficiado, os efeitos são duradouros: acesso gratuito à educação, experiências práticas e condições para carreiras sustentáveis, renda estável e projeção de futuro.[/highlight][/color][/justify]
","[justify][color=rgb(67, 67, 67)][highlight=transparent]A iniciativa já demonstrou forte potencial de replicação e escalabilidade. O modelo da Residência Tecnológica nasceu em Recife, mas se expandiu para outros territórios, como Aracaju e Brasília, adaptando-se às instituições locais e às demandas de empresas regionais. Esse movimento prova a viabilidade de replicação em diferentes contextos.[/highlight][/color][/justify]

[justify][color=rgb(67, 67, 67)][highlight=transparent]O Embarque Digital, por sua vez, evidencia seu potencial de ser escalado para outras cidades. O formato — bolsas integrais, suporte pedagógico e infraestrutura de estudo — pode ser reproduzido em territórios com desafios semelhantes de inclusão social e déficit de profissionais em tecnologia.[/highlight][/color][/justify]

[justify][color=rgb(67, 67, 67)][highlight=transparent]Além disso, a iniciativa já possui estratégias de crescimento: ampliação de vagas, parcerias com grandes empresas e conexão com políticas de interiorização e internacionalização do Porto Digital. O impacto positivo em empregabilidade, inclusão e competitividade favorece a institucionalização do modelo em políticas públicas de educação tecnológica.[/highlight][/color][/justify]

[justify][color=rgb(67, 67, 67)][highlight=transparent]A iniciativa é, por natureza, colaborativa. Ela se estrutura no modelo de que une universidades e empresas para garantir formação em tecnologia conectada às demandas reais do mercado. As parcerias com Instituições de Ensino Superior viabilizam a integração curricular e a oferta de bolsas de estudo. Já a conexão com empresas do ecossistema e multinacionais possibilita mentorias, desafios práticos e empregabilidade dos estudantes.[/highlight][/color][/justify]

"
"","Inovação Científica","sim","Pesquisa & Extensão Inovadora","
A iniciativa apresenta a Rede CONEXUS-PDTIS (Programa de Desenvolvimento de Talentos e Inovação em Saúde digital): Teleodontologia para Inovação em Saúde Digital no SUS de Pernambuco, focada no Pré-natal Odontológico no CISAM/UPE. O projeto promove a CULTURA DE PAZ através da cooperação, inclusão e equidade em saúde. Dor Central (O Desafio): A alta demanda por cuidado especializado no CISAM, combinada com a baixa adesão ao pré-natal odontológico e a carência de dados estruturados no SUS, resulta em longas filas, impacto negativo na saúde bucal materno-infantil e ineficiência na gestão. Solução (A ""Navegadora Digital e Construtora de Evidências""): Um modelo de Inovação Social e Telessaúde que une os pilares de Assistência, Ensino, Pesquisa e Extensão e Inovação. Objetivos Principais:1 Garantir a Inclusão digital: Realizar a busca ativa e o teleagendamento manual das gestantes de alto risco.2. Qualificar o Atendimento: Utilizar a Telessaúde para integrar o cuidado Médico-Odontológico. 3. Gerar Valor Público: Consolidar evidências e gerar indicadores (monitorar fluxos, reduzir tempo de espera, aumentar acessibilidade).4. Formação de Vanguarda: Fortalecer o protagonismo discente na saúde digital, promovendo equidade (Bolsistas BIA), integração entre áreas do conhecimento (SAUDE, TI, DESIGN).5. Desenvolver soluções tecnológicas com IA que melhore o fluxo do atendimento,da gestão e o nível de satisfação do usuário. 6. Promover a cultura do registro de marcas e patentes. ","Principais resultados da iniciativa, indicadores de desempenho e ganhos concretos. A iniciativa já demonstra um Impacto Triplo (Assistencial, Acadêmico e Social), gerando ganhos concretos:
 * Assistencial: Meta de redução de -30% no tempo de espera odontológico e de melhoria da qualidade do atendimento para gestantes de alto risco.
 * Acadêmico (Impacto nos Talentos): O programa já impactou mais de 400 estudantes (estimativa baseada em coortes e incluindo pós-graduação) dos cursos de Medicina, Odontologia, Farmácia e TI (UPE), além de estudantes de Pós-graduação do C.E.S.A.R School e do Médiotech Sebrae, formando profissionais com competências digitais avançadas, com premiação e destaque em 2021-2022-2023-PET-FACEPE.
 * Social (Inclusão e Satisfação): Meta de 100% de inclusão e acompanhamento digital das gestantes. Nível de satisfação das gestantes e estudantes: Em fase de mensuração (monitoramento da satisfação do paciente/usuário), com indicadores preliminares de alta aceitação do novo fluxo e de +40% na integração multiprofissional.
 Ganhos Concretos: Consolida a UPE como referência em saúde digital, e demonstra a potência de políticas afirmativas na saúde e na educação inclusiva (Bolsistas BIA), gerando equidade, acessibilidade e mudança de mindset.
 
 
 ","Replicabilidade e Potencial de Escala
 Capacidade de ser expandida, adaptada ou reproduzida em outros contextos/territórios, com impacto de médio e longo prazo.
 O modelo é um Relato de Experiência de Ensino validado no período 2025-2026 no CISAM, o que garante sua replicabilidade imediata.
 * Modularidade: O conceito de ""Navegadora Digital"" e o Fluxo de Ação e Metas podem ser replicados em qualquer ambulatório de alto risco ou unidade de saúde que enfrente longas filas e baixa adesão (Ex: pré-natal de nutrição, acompanhamento psicológico).
 * Escalabilidade (Longo Prazo): A Rede CONEXUS-PDTIS tem potencial para ser expandida para toda a rede de atenção primária do Recife e do estado de Pernambuco, tornando-se uma política pública. A formação contínua de talentos com competências digitais (UPE e parceiros como C.E.S.A.R School) assegura a sustentabilidade e o crescimento da rede de Telessaúde a nível regional."
"sim","","","Startup Ascenção","A FoodRec é uma [i]startup recifense de inteligência de dados e IA aplicada ao setor de FoodService e delivery[/i], criada para democratizar o acesso à informação de mercado entre restaurantes e consumidores. Em uma cidade onde milhares de pequenos negócios enfrentam dificuldades para competir nas plataformas digitais, precificar corretamente e compreender seu público, a FoodRec surge como uma resposta tecnológica e inclusiva a esse desafio urbano.
A solução integra dados de diferentes aplicativos de delivery (como iFood, Rappi e Menudino e Whatsapp) e fontes públicas socioeconômicas, gerando uma base de inteligência que compara preços de pratos, taxas, tempos de entrega e indicadores de sustentabilidade. Para o público B2C, a plataforma permite ao consumidor comparar e escolher de forma mais informada e econômica. Já para o público B2B, a FoodRec oferece um painel de análise com insights de concorrência, tendências e comportamento de consumo, ajudando restaurantes a tomarem decisões estratégicas e sustentáveis com base em dados reais.
O grande diferencial é o RecBot, um chatbot com Inteligência Artificial Generativa que atua como assistente de inteligência de mercado. Ele responde, em linguagem natural, a perguntas de empreendedores sobre preços, tendências, posicionamento e práticas sustentáveis, tornando o acesso à análise de dados acessível e intuitivo,  mesmo para quem nunca usou ferramentas de BI ou consultorias.
A FoodRec transforma informação em inclusão, tecnologia em competitividade e dados em sustentabilidade. Ao fortalecer pequenos empreendedores e melhorar a experiência dos consumidores, a startup contribui diretamente para os ODS 8, 11 e 12, promovendo um Recife mais inovador, sustentável e conectado às novas economias digitais.","A FoodRec consolidou-se como uma startup em ascensão ao transformar dados dispersos do ecossistema de delivery em inteligência acessível e aplicável. Em menos de um ano de operação, a plataforma já mapeou mais de 15 mil pratos e 2 mil restaurantes de Recife e Região Metropolitana, integrando informações de preço, taxa de entrega, tempo médio e distância, com atualizações automatizadas diárias.
Para o público B2B, a FoodRec oferece um painel de insights que tem permitido a pequenos e médios restaurantes ajustar preços, otimizar cardápios e identificar oportunidades de diferenciação local, resultando em ganhos médios de até 20% na margem operacional para estabelecimentos acompanhados em testes piloto. Restaurantes parceiros relataram também redução de erros de precificação e melhoria na competitividade em aplicativos.
Já no público B2C, a plataforma de comparação de delivery tornou-se um canal de consumo consciente: mais de 4 mil usuários acessaram o sistema em versão beta para comparar pratos, economizando em média 18% por pedido ao identificar opções mais vantajosas.
O RecBot, chatbot de IA desenvolvido pela FoodRec, foi testado junto a empreendedores locais e demonstrou aumento de 40% na velocidade de acesso a informações estratégicas sobre o mercado. Ele traduz dados complexos em respostas claras, fortalecendo a tomada de decisão de quem antes não tinha acesso a consultorias ou ferramentas pagas de inteligência de mercado.
Além dos resultados econômicos, a FoodRec gera impacto social e ambiental, incentivando práticas de sustentabilidade e consumo responsável, e contribuindo para o fortalecimento digital e competitivo de negócios locais e alinhando-se aos ODS 8 (trabalho decente e crescimento econômico), 11 (cidades sustentáveis) e 12 (consumo responsável).","A FoodRec foi desenvolvida como uma [i]plataforma escalável, modular e de baixo custo operacional[/i], capaz de ser replicada em múltiplos contextos urbanos com mínima adaptação tecnológica. Sua arquitetura baseada em nuvem e uso de APIs, raspagem inteligente e automação de dados permite a integração com diferentes plataformas de delivery e bancos de dados públicos, viabilizando expansão rápida e contínua sem dependência de infraestrutura local complexa.
O modelo da FoodRec é multiplataforma e híbrido, atuando em duas frentes complementares: B2B, com soluções de inteligência de mercado e o RecBot [assistente de IA generativa que responde a dúvidas de empreendedores sobre precificação, tendências e competitividade], e B2C, com o comparador de preços e indicadores de sustentabilidade em aplicativos de delivery. Essa combinação garante alta escalabilidade horizontal, podendo atender tanto consumidores urbanos quanto redes de pequenos restaurantes em diferentes regiões do país.
A partir de sua base tecnológica, a FoodRec planeja expandir para todas as capitais brasileiras até 2027, priorizando metrópoles com forte presença de delivery e empreendimentos de alimentação fora do lar. Graças ao uso de infraestrutura em nuvem e aprendizado automático, o custo marginal de expansão é mínimo, permitindo replicação rápida, segura e financeiramente sustentável.
Em médio prazo, a startup iniciará incursões internacionais, com foco em cidades latino-americanas e do sul da Europa, onde há dinâmicas semelhantes de mercado alimentar urbano. A natureza digital e multilíngue da solução, com o RecBot facilmente adaptável a novos idiomas e bases de dados, facilita o alcance global, posicionando a FoodRec como uma tecnologia exportável de inteligência de mercado e consumo sustentável.
Com isso, a FoodRec se consolida como uma startup recifense com vocação nacional e potencial internacional, capaz de ampliar o acesso à informação, promover inclusão produtiva e transformar dados em impacto econômico e social em larga escala."
"","Startup Inovadora","sim","Startup Ascenção","A FoodRec é uma [i]startup recifense de inteligência de dados e IA aplicada ao setor de FoodService e delivery[/i], criada para democratizar o acesso à informação de mercado entre restaurantes e consumidores. Em uma cidade onde milhares de pequenos negócios enfrentam dificuldades para competir nas plataformas digitais, precificar corretamente e compreender seu público, a FoodRec surge como uma resposta tecnológica e inclusiva a esse desafio urbano.
A solução integra dados de diferentes aplicativos de delivery (como iFood, Rappi e Menudino e Whatsapp) e fontes públicas socioeconômicas, gerando uma base de inteligência que compara preços de pratos, taxas, tempos de entrega e indicadores de sustentabilidade. Para o público B2C, a plataforma permite ao consumidor comparar e escolher de forma mais informada e econômica. Já para o público B2B, a FoodRec oferece um painel de análise com insights de concorrência, tendências e comportamento de consumo, ajudando restaurantes a tomarem decisões estratégicas e sustentáveis com base em dados reais.
O grande diferencial é o RecBot, um chatbot com Inteligência Artificial Generativa que atua como assistente de inteligência de mercado. Ele responde, em linguagem natural, a perguntas de empreendedores sobre preços, tendências, posicionamento e práticas sustentáveis, tornando o acesso à análise de dados acessível e intuitivo,  mesmo para quem nunca usou ferramentas de BI ou consultorias.
A FoodRec transforma informação em inclusão, tecnologia em competitividade e dados em sustentabilidade. Ao fortalecer pequenos empreendedores e melhorar a experiência dos consumidores, a startup contribui diretamente para os ODS 8, 11 e 12, promovendo um Recife mais inovador, sustentável e conectado às novas economias digitais.","A FoodRec consolidou-se como uma startup em ascensão ao transformar dados dispersos do ecossistema de delivery em inteligência acessível e aplicável. Em menos de um ano de operação, a plataforma já mapeou mais de 15 mil pratos e 2 mil restaurantes de Recife e Região Metropolitana, integrando informações de preço, taxa de entrega, tempo médio e distância, com atualizações automatizadas diárias.
Para o público B2B, a FoodRec oferece um painel de insights que tem permitido a pequenos e médios restaurantes ajustar preços, otimizar cardápios e identificar oportunidades de diferenciação local, resultando em ganhos médios de até 20% na margem operacional para estabelecimentos acompanhados em testes piloto. Restaurantes parceiros relataram também redução de erros de precificação e melhoria na competitividade em aplicativos.
Já no público B2C, a plataforma de comparação de delivery tornou-se um canal de consumo consciente: mais de 4 mil usuários acessaram o sistema em versão beta para comparar pratos, economizando em média 18% por pedido ao identificar opções mais vantajosas.
O RecBot, chatbot de IA desenvolvido pela FoodRec, foi testado junto a empreendedores locais e demonstrou aumento de 40% na velocidade de acesso a informações estratégicas sobre o mercado. Ele traduz dados complexos em respostas claras, fortalecendo a tomada de decisão de quem antes não tinha acesso a consultorias ou ferramentas pagas de inteligência de mercado.
Além dos resultados econômicos, a FoodRec gera impacto social e ambiental, incentivando práticas de sustentabilidade e consumo responsável, e contribuindo para o fortalecimento digital e competitivo de negócios locais e alinhando-se aos ODS 8 (trabalho decente e crescimento econômico), 11 (cidades sustentáveis) e 12 (consumo responsável).","A FoodRec foi desenvolvida como uma [i]plataforma escalável, modular e de baixo custo operacional[/i], capaz de ser replicada em múltiplos contextos urbanos com mínima adaptação tecnológica. Sua arquitetura baseada em nuvem e uso de APIs, raspagem inteligente e automação de dados permite a integração com diferentes plataformas de delivery e bancos de dados públicos, viabilizando expansão rápida e contínua sem dependência de infraestrutura local complexa.
O modelo da FoodRec é multiplataforma e híbrido, atuando em duas frentes complementares: B2B, com soluções de inteligência de mercado e o RecBot [assistente de IA generativa que responde a dúvidas de empreendedores sobre precificação, tendências e competitividade], e B2C, com o comparador de preços e indicadores de sustentabilidade em aplicativos de delivery. Essa combinação garante alta escalabilidade horizontal, podendo atender tanto consumidores urbanos quanto redes de pequenos restaurantes em diferentes regiões do país.
A partir de sua base tecnológica, a FoodRec planeja expandir para todas as capitais brasileiras até 2027, priorizando metrópoles com forte presença de delivery e empreendimentos de alimentação fora do lar. Graças ao uso de infraestrutura em nuvem e aprendizado automático, o custo marginal de expansão é mínimo, permitindo replicação rápida, segura e financeiramente sustentável.
Em médio prazo, a startup iniciará incursões internacionais, com foco em cidades latino-americanas e do sul da Europa, onde há dinâmicas semelhantes de mercado alimentar urbano. A natureza digital e multilíngue da solução, com o RecBot facilmente adaptável a novos idiomas e bases de dados, facilita o alcance global, posicionando a FoodRec como uma tecnologia exportável de inteligência de mercado e consumo sustentável.
Com isso, a FoodRec se consolida como uma startup recifense com vocação nacional e potencial internacional, capaz de ampliar o acesso à informação, promover inclusão produtiva e transformar dados em impacto econômico e social em larga escala."
"sim","","","Pesquisa & Extensão Inovadora","A iniciativa “Formação em Inteligência de Mercado e Dados para Startups Deep Techs” nasce de uma dor concreta do ecossistema de inovação: a escassez de profissionais qualificados em análise de dados, mercado e inovação para atuar em startups de base científica. Em Recife, esse desafio é ainda mais sensível nas deep techs incubadas em instituições públicas como a IncubaScience/CETENE, que carecem de quadros técnicos capazes de transformar pesquisa em estratégia de negócio.
Para enfrentar esse problema, o projeto — desenvolvido pelo Departamento de Ciências do Consumo da UFRPE em parceria com o CETENE — estruturou uma formação prática, composta por 15 microcursos e aplicação direta em 10 startups deep techs. Participaram 29 estudantes, sendo 15 concluintes integrais, 10 bolsistas e 1 voluntário atuando por quatro meses em times de inteligência de mercado. As equipes realizaram pré-diagnósticos, escutas, planejamento e elaboração de relatórios analíticos que contribuíram para o posicionamento de mercado e amadurecimento das startups.
O impacto é duplo: nas startups, houve melhoria em gestão, definição de público-alvo, planejamento estratégico e potencial de captação; na universidade, consolidou-se um modelo de formação orientada à prática e à inovação. Três bolsistas foram incorporados à IncubaScience, e outros seguem em processo de inserção em startups, comprovando a efetividade do modelo em criar fluxos reais de talentos qualificados entre academia e mercado.
A iniciativa demonstra como a extensão universitária pode ser um vetor de transformação econômica e tecnológica, unindo ensino, pesquisa e inovação para qualificar pessoas e fortalecer o ecossistema de deep techs do Recife. Seu modelo é escalável, replicável e essencial para consolidar a cidade como um polo de formação e inteligência aplicada em inovação científica.","A iniciativa “Formação em Inteligência de Mercado e Dados para Startups Deep Techs” alcançou resultados expressivos em qualificação de estudantes, fortalecimento institucional e impacto direto no ecossistema de inovação do Recife. Foram ofertados 15 microcursos modulares, com 29 estudantes inscritos, dos quais 15 concluíram a trilha completa e receberam certificação integral, enquanto 14 concluíram módulos específicos com certificações parciais.
No eixo prático, 10 bolsistas e 1 voluntário foram distribuídos em três times, atendendo 10 startups deep techs vinculadas à IncubaScience/CETENE. As equipes realizaram pré-diagnósticos, escutas estratégicas, mapeamento de mercado, análise de concorrência e elaboração de relatórios personalizados. Destas, 4 startups receberam planos de inteligência de mercado detalhados, com recomendações aplicadas em seus processos de gestão, validação tecnológica e definição de estratégias comerciais.
Entre as evidências qualitativas, destacam-se depoimentos das startups sobre a relevância da inserção de estudantes nas equipes, relatando ganhos de produtividade e clareza estratégica. Houve melhoria visível em áreas como comunicação de valor, identificação de clientes e planejamento de crescimento, além do fortalecimento da cultura de dados e inovação nas empresas atendidas.
Três bolsistas foram incorporados pela IncubaScience após o término do projeto, e outros permanecem em negociação com startups, demonstrando a efetividade da formação como ponte para inserção profissional e retenção de talentos locais.
O projeto consolidou também um repositório de dados e relatórios analíticos, que servirá de base para novas formações e pesquisas aplicadas. Em termos institucionais, criou-se um modelo replicável de extensão e inovação, que integra ensino, pesquisa e prática empreendedora, fortalecendo a capacidade da UFRPE e do CETENE em gerar impacto científico, econômico e social para o Recife.","A “Formação em Inteligência de Mercado e Dados para Startups Deep Techs” demonstrou alta capacidade de replicação e expansão, por combinar metodologia modular, uso de ferramentas digitais acessíveis e integração entre universidade e incubadora. Seu modelo, baseado em microcursos e aplicação prática em startups, pode ser facilmente adaptado a diferentes instituições de ensino, parques tecnológicos e incubadoras, com baixo custo operacional e alto potencial de impacto.
O formato escalonável dos 15 microcursos permite personalização conforme o perfil das startups e áreas de conhecimento (agrotech, biotech, foodtech, edtech, entre outras). As trilhas formativas podem ser reproduzidas por outras universidades, utilizando os conteúdos e roteiros já estruturados — disponíveis em ambiente virtual — e o mesmo modelo de mentoria com times de estudantes atuando sobre desafios reais.
Evidências concretas de escalabilidade já se observam: o projeto será ampliado em parceria com a IncubaScience/CETENE, incorporando novas startups e bolsistas, e servirá como base para futuras edições da Formação em Inteligência de Mercado da UFRPE, em articulação com o Hub Consumo. O modelo também despertou interesse de instituições de outras regiões que buscam integrar dados, inovação e empreendedorismo estudantil em seus ecossistemas.
A médio prazo, a expansão da formação permitirá criar um banco de talentos qualificados para atender demandas crescentes de startups e programas de inovação pública, reduzindo a lacuna entre ciência, tecnologia e mercado. A longo prazo, a iniciativa contribui para posicionar Recife como referência nacional em formação aplicada à inovação científica, gerando um fluxo contínuo de conhecimento, profissionais e soluções para os desafios tecnológicos da cidade e de outros territórios."
"","Inovação Científica","sim","Pesquisa & Extensão Inovadora","A iniciativa “Formação em Inteligência de Mercado e Dados para Startups Deep Techs” nasce de uma dor concreta do ecossistema de inovação: a escassez de profissionais qualificados em análise de dados, mercado e inovação para atuar em startups de base científica. Em Recife, esse desafio é ainda mais sensível nas deep techs incubadas em instituições públicas como a IncubaScience/CETENE, que carecem de quadros técnicos capazes de transformar pesquisa em estratégia de negócio.
Para enfrentar esse problema, o projeto — desenvolvido pelo Departamento de Ciências do Consumo da UFRPE em parceria com o CETENE — estruturou uma formação prática, composta por 15 microcursos e aplicação direta em 10 startups deep techs. Participaram 29 estudantes, sendo 15 concluintes integrais, 10 bolsistas e 1 voluntário atuando por quatro meses em times de inteligência de mercado. As equipes realizaram pré-diagnósticos, escutas, planejamento e elaboração de relatórios analíticos que contribuíram para o posicionamento de mercado e amadurecimento das startups.
O impacto é duplo: nas startups, houve melhoria em gestão, definição de público-alvo, planejamento estratégico e potencial de captação; na universidade, consolidou-se um modelo de formação orientada à prática e à inovação. Três bolsistas foram incorporados à IncubaScience, e outros seguem em processo de inserção em startups, comprovando a efetividade do modelo em criar fluxos reais de talentos qualificados entre academia e mercado.
A iniciativa demonstra como a extensão universitária pode ser um vetor de transformação econômica e tecnológica, unindo ensino, pesquisa e inovação para qualificar pessoas e fortalecer o ecossistema de deep techs do Recife. Seu modelo é escalável, replicável e essencial para consolidar a cidade como um polo de formação e inteligência aplicada em inovação científica.","A iniciativa “Formação em Inteligência de Mercado e Dados para Startups Deep Techs” alcançou resultados expressivos em qualificação de estudantes, fortalecimento institucional e impacto direto no ecossistema de inovação do Recife. Foram ofertados 15 microcursos modulares, com 29 estudantes inscritos, dos quais 15 concluíram a trilha completa e receberam certificação integral, enquanto 14 concluíram módulos específicos com certificações parciais.
No eixo prático, 10 bolsistas e 1 voluntário foram distribuídos em três times, atendendo 10 startups deep techs vinculadas à IncubaScience/CETENE. As equipes realizaram pré-diagnósticos, escutas estratégicas, mapeamento de mercado, análise de concorrência e elaboração de relatórios personalizados. Destas, 4 startups receberam planos de inteligência de mercado detalhados, com recomendações aplicadas em seus processos de gestão, validação tecnológica e definição de estratégias comerciais.
Entre as evidências qualitativas, destacam-se depoimentos das startups sobre a relevância da inserção de estudantes nas equipes, relatando ganhos de produtividade e clareza estratégica. Houve melhoria visível em áreas como comunicação de valor, identificação de clientes e planejamento de crescimento, além do fortalecimento da cultura de dados e inovação nas empresas atendidas.
Três bolsistas foram incorporados pela IncubaScience após o término do projeto, e outros permanecem em negociação com startups, demonstrando a efetividade da formação como ponte para inserção profissional e retenção de talentos locais.
O projeto consolidou também um repositório de dados e relatórios analíticos, que servirá de base para novas formações e pesquisas aplicadas. Em termos institucionais, criou-se um modelo replicável de extensão e inovação, que integra ensino, pesquisa e prática empreendedora, fortalecendo a capacidade da UFRPE e do CETENE em gerar impacto científico, econômico e social para o Recife.","A “Formação em Inteligência de Mercado e Dados para Startups Deep Techs” demonstrou alta capacidade de replicação e expansão, por combinar metodologia modular, uso de ferramentas digitais acessíveis e integração entre universidade e incubadora. Seu modelo, baseado em microcursos e aplicação prática em startups, pode ser facilmente adaptado a diferentes instituições de ensino, parques tecnológicos e incubadoras, com baixo custo operacional e alto potencial de impacto.
O formato escalonável dos 15 microcursos permite personalização conforme o perfil das startups e áreas de conhecimento (agrotech, biotech, foodtech, edtech, entre outras). As trilhas formativas podem ser reproduzidas por outras universidades, utilizando os conteúdos e roteiros já estruturados — disponíveis em ambiente virtual — e o mesmo modelo de mentoria com times de estudantes atuando sobre desafios reais.
Evidências concretas de escalabilidade já se observam: o projeto será ampliado em parceria com a IncubaScience/CETENE, incorporando novas startups e bolsistas, e servirá como base para futuras edições da Formação em Inteligência de Mercado da UFRPE, em articulação com o Hub Consumo. O modelo também despertou interesse de instituições de outras regiões que buscam integrar dados, inovação e empreendedorismo estudantil em seus ecossistemas.
A médio prazo, a expansão da formação permitirá criar um banco de talentos qualificados para atender demandas crescentes de startups e programas de inovação pública, reduzindo a lacuna entre ciência, tecnologia e mercado. A longo prazo, a iniciativa contribui para posicionar Recife como referência nacional em formação aplicada à inovação científica, gerando um fluxo contínuo de conhecimento, profissionais e soluções para os desafios tecnológicos da cidade e de outros territórios."
"sim","","","Pesquisa & Extensão Inovadora","As doenças reumáticas, como artrite reumatoide e espondilite anquilosante, acometem mais de 15 milhões de brasileiros e representam uma das principais causas de incapacidade laboral. O tratamento com medicamentos biológicos (bDMARDs) revolucionou o manejo clínico, mas impõe um elevado custo ao Sistema Único de Saúde (SUS), correspondendo a cerca de 40% do orçamento público destinado à aquisição de medicamentos, embora beneficie apenas 2% dos pacientes. Além disso, há uma alta taxa de troca terapêutica, estimada em até 64,6% entre os inibidores de TNF, indicando que a seleção inicial de tratamento ainda ocorre por tentativa e erro. A Immuned foi desenvolvida para endereçar esse desafio, oferecendo uma solução tecnológica de base científica que utiliza modelos de aprendizado de máquina para predizer a resposta terapêutica individual em pacientes com doenças reumatológicas. A ferramenta foi construída a partir de dados clínicos e sociodemográficos de mais 200 pacientes, analisando todos os prontuários correspondentes do Hospital das Clínicas da UFPE, extraídos do sistema AGHU/SUS, e segue todos os parâmetros éticos para uso de dados em pesquisa. O modelo preditivo baseado em [i]Case-Based Reasoning[/i] apresentou acurácia superior a 90% na identificação de casos similares, permitindo sugerir o tratamento com maior probabilidade de eficácia. Complementarmente, um chatbot de acompanhamento terapêutico foi desenvolvido para monitorar a evolução clínica dos pacientes entre consultas, aumentando a adesão e reduzindo a sobrecarga médica. A iniciativa integra pesquisa, inovação e extensão ao promover a medicina de precisão no SUS, com impacto direto na qualidade de vida dos pacientes e na racionalização de recursos públicos. Espera-se, com sua implementação, reduzir em até 35% as trocas de medicamentos biológicos, gerar economia significativa aos cofres públicos e consolidar Recife como um polo de inovação em saúde digital e inteligência artificial aplicada à reumatologia.","Houve a consolidação de dados clínicos e desenvolvimento de modelos de predição voltados ao suporte à decisão terapêutica em doenças reumáticas autoimunes. Foram analisados mais de 600 prontuários de pacientes atendidos no Hospital das Clínicas da UFPE. Desses, 210 prontuários de pacientes com artrite reumatoide (AR) em uso de medicamentos biológicos foram estruturados e utilizados na fase inicial do projeto. A média do DAS28 foi 3,24, indicando atividade moderada da doença. O estudo concentrou-se inicialmente na AR por se tratar da doença autoimune reumatológica mais prevalente e com maior disponibilidade de dados clínicos no SUS, o que possibilita testar e validar os modelos de inteligência artificial antes de sua expansão para outras condições, como artrite psoriásica e espondilite anquilosante. A análise identificou taxas de troca de medicamentos biológicos anti-TNF (inibidores do fator de necrose tumoral alfa) de 64,61%, enquanto os não anti-TNF apresentaram taxa de 43,75%, com diferença estatisticamente significativa (p < 0,001). Esses fármacos, amplamente utilizados no tratamento da AR, têm alto custo e resposta variável, justificando o desenvolvimento de ferramentas capazes de prever sua eficácia individual e evitar trocas terapêuticas. Com base nesses dados, foi criado um Sistema de Suporte à Decisão ao Tratamento da AR, utilizando o método de Case-Based Reasoning (CBR). O modelo treinado com o GPT-4o da OpenAI obteve acurácia superior a 90% na identificação de casos similares, enquanto o modelo anterior (OpenAI mini) apresentou desempenho acima de 70%. Também foi desenvolvido um chatbot de acompanhamento terapêutico, integrado a um dashboard clínico que consolida informações sobre evolução e adesão entre consultas. Os resultados nos mostram que é possível reduzir as trocas de medicamentos biológicos, otimizar decisões terapêuticas e contribuir para o uso mais eficiente dos recursos do SUS.","Se trata de uma pesquisa em inovação tecnológica que propõe o desenvolvimento e validação de uma ferramenta de inteligência artificial capaz de predizer a resposta terapêutica a medicamentos biológicos em doenças autoimunes reumatológicas. O projeto foi estruturado com base em metodologias reprodutíveis e protocolos padronizados de coleta e análise de dados clínicos, assegurando sua replicabilidade científica e a possibilidade de expansão para outros contextos de pesquisa e assistência.
A metodologia emprega modelos de aprendizado de máquina e padrões de interoperabilidade internacional (FHIR, SNOMED CT, LOINC), o que permite a integração dos dados clínicos a diferentes sistemas de informação em saúde. Essa estrutura possibilita que a abordagem desenvolvida seja aplicada por outras instituições acadêmicas e centros de pesquisa que disponham de bancos de dados clínicos estruturados, favorecendo a criação de redes colaborativas de pesquisa em medicina de precisão.
O estudo iniciou-se com a artrite reumatoide, por ser uma doença autoimune de alta prevalência e ampla disponibilidade de dados clínicos, permitindo a construção e validação dos modelos preditivos em uma coorte robusta. Após a consolidação da metodologia, a pesquisa prevê sua extensão para outras condições autoimunes, como artrite psoriásica e espondilite anquilosante, utilizando o mesmo pipeline analítico e critérios clínicos padronizados (EULAR/ACR).
A escalabilidade da Immuned se dá pelo caráter modular e científico da metodologia, que permite a adaptação de seus algoritmos a diferentes perfis populacionais e instituições. Em médio e longo prazo, o projeto busca consolidar um modelo nacional de pesquisa translacional em saúde digital, fortalecendo a integração entre ciência de dados, reumatologia e políticas públicas de inovação em saúde."
"sim","","","Pesquisa & Extensão Inovadora","As doenças reumáticas, como artrite reumatoide e espondilite anquilosante, acometem mais de 15 milhões de brasileiros e representam uma das principais causas de incapacidade laboral. O tratamento com medicamentos biológicos (bDMARDs) revolucionou o manejo clínico, mas impõe um elevado custo ao Sistema Único de Saúde (SUS), correspondendo a cerca de 40% do orçamento público destinado à aquisição de medicamentos, embora beneficie apenas 2% dos pacientes. Além disso, há uma alta taxa de troca terapêutica, estimada em até 64,6% entre os inibidores de TNF, indicando que a seleção inicial de tratamento ainda ocorre por tentativa e erro. A Immuned foi desenvolvida para endereçar esse desafio, oferecendo uma solução tecnológica de base científica que utiliza modelos de aprendizado de máquina para predizer a resposta terapêutica individual em pacientes com doenças reumatológicas. A ferramenta foi construída a partir de dados clínicos e sociodemográficos de mais 200 pacientes, analisando todos os prontuários correspondentes do Hospital das Clínicas da UFPE, extraídos do sistema AGHU/SUS, e segue todos os parâmetros éticos para uso de dados em pesquisa. O modelo preditivo baseado em [i]Case-Based Reasoning[/i] apresentou acurácia superior a 90% na identificação de casos similares, permitindo sugerir o tratamento com maior probabilidade de eficácia. Complementarmente, um chatbot de acompanhamento terapêutico foi desenvolvido para monitorar a evolução clínica dos pacientes entre consultas, aumentando a adesão e reduzindo a sobrecarga médica. A iniciativa integra pesquisa, inovação e extensão ao promover a medicina de precisão no SUS, com impacto direto na qualidade de vida dos pacientes e na racionalização de recursos públicos. Espera-se, com sua implementação, reduzir em até 35% as trocas de medicamentos biológicos, gerar economia significativa aos cofres públicos e consolidar Recife como um polo de inovação em saúde digital e inteligência artificial aplicada à reumatologia.","Houve a consolidação de dados clínicos e desenvolvimento de modelos de predição voltados ao suporte à decisão terapêutica em doenças reumáticas autoimunes. Foram analisados mais de 600 prontuários de pacientes atendidos no Hospital das Clínicas da UFPE. Desses, 210 prontuários de pacientes com artrite reumatoide (AR) em uso de medicamentos biológicos foram estruturados e utilizados na fase inicial do projeto. A média do DAS28 foi 3,24, indicando atividade moderada da doença. O estudo concentrou-se inicialmente na AR por se tratar da doença autoimune reumatológica mais prevalente e com maior disponibilidade de dados clínicos no SUS, o que possibilita testar e validar os modelos de inteligência artificial antes de sua expansão para outras condições, como artrite psoriásica e espondilite anquilosante. A análise identificou taxas de troca de medicamentos biológicos anti-TNF (inibidores do fator de necrose tumoral alfa) de 64,61%, enquanto os não anti-TNF apresentaram taxa de 43,75%, com diferença estatisticamente significativa (p < 0,001). Esses fármacos, amplamente utilizados no tratamento da AR, têm alto custo e resposta variável, justificando o desenvolvimento de ferramentas capazes de prever sua eficácia individual e evitar trocas terapêuticas. Com base nesses dados, foi criado um Sistema de Suporte à Decisão ao Tratamento da AR, utilizando o método de Case-Based Reasoning (CBR). O modelo treinado com o GPT-4o da OpenAI obteve acurácia superior a 90% na identificação de casos similares, enquanto o modelo anterior (OpenAI mini) apresentou desempenho acima de 70%. Também foi desenvolvido um chatbot de acompanhamento terapêutico, integrado a um dashboard clínico que consolida informações sobre evolução e adesão entre consultas. Os resultados nos mostram que é possível reduzir as trocas de medicamentos biológicos, otimizar decisões terapêuticas e contribuir para o uso mais eficiente dos recursos do SUS.","Se trata de uma pesquisa em inovação tecnológica que propõe o desenvolvimento e validação de uma ferramenta de inteligência artificial capaz de predizer a resposta terapêutica a medicamentos biológicos em doenças autoimunes reumatológicas. O projeto foi estruturado com base em metodologias reprodutíveis e protocolos padronizados de coleta e análise de dados clínicos, assegurando sua replicabilidade científica e a possibilidade de expansão para outros contextos de pesquisa e assistência.
A metodologia emprega modelos de aprendizado de máquina e padrões de interoperabilidade internacional (FHIR, SNOMED CT, LOINC), o que permite a integração dos dados clínicos a diferentes sistemas de informação em saúde. Essa estrutura possibilita que a abordagem desenvolvida seja aplicada por outras instituições acadêmicas e centros de pesquisa que disponham de bancos de dados clínicos estruturados, favorecendo a criação de redes colaborativas de pesquisa em medicina de precisão.
O estudo iniciou-se com a artrite reumatoide, por ser uma doença autoimune de alta prevalência e ampla disponibilidade de dados clínicos, permitindo a construção e validação dos modelos preditivos em uma coorte robusta. Após a consolidação da metodologia, a pesquisa prevê sua extensão para outras condições autoimunes, como artrite psoriásica e espondilite anquilosante, utilizando o mesmo pipeline analítico e critérios clínicos padronizados (EULAR/ACR).
A escalabilidade da Immuned se dá pelo caráter modular e científico da metodologia, que permite a adaptação de seus algoritmos a diferentes perfis populacionais e instituições. Em médio e longo prazo, o projeto busca consolidar um modelo nacional de pesquisa translacional em saúde digital, fortalecendo a integração entre ciência de dados, reumatologia e políticas públicas de inovação em saúde."
"","Inovação Científica","sim","Pesquisa & Extensão Inovadora","As doenças reumáticas, como artrite reumatoide e espondilite anquilosante, acometem mais de 15 milhões de brasileiros e representam uma das principais causas de incapacidade laboral. O tratamento com medicamentos biológicos (bDMARDs) revolucionou o manejo clínico, mas impõe um elevado custo ao Sistema Único de Saúde (SUS), correspondendo a cerca de 40% do orçamento público destinado à aquisição de medicamentos, embora beneficie apenas 2% dos pacientes. Além disso, há uma alta taxa de troca terapêutica, estimada em até 64,6% entre os inibidores de TNF, indicando que a seleção inicial de tratamento ainda ocorre por tentativa e erro. A Immuned foi desenvolvida para endereçar esse desafio, oferecendo uma solução tecnológica de base científica que utiliza modelos de aprendizado de máquina para predizer a resposta terapêutica individual em pacientes com doenças reumatológicas. A ferramenta foi construída a partir de dados clínicos e sociodemográficos de mais 200 pacientes, analisando todos os prontuários correspondentes do Hospital das Clínicas da UFPE, extraídos do sistema AGHU/SUS, e segue todos os parâmetros éticos para uso de dados em pesquisa. O modelo preditivo baseado em [i]Case-Based Reasoning[/i] apresentou acurácia superior a 90% na identificação de casos similares, permitindo sugerir o tratamento com maior probabilidade de eficácia. Complementarmente, um chatbot de acompanhamento terapêutico foi desenvolvido para monitorar a evolução clínica dos pacientes entre consultas, aumentando a adesão e reduzindo a sobrecarga médica. A iniciativa integra pesquisa, inovação e extensão ao promover a medicina de precisão no SUS, com impacto direto na qualidade de vida dos pacientes e na racionalização de recursos públicos. Espera-se, com sua implementação, reduzir em até 35% as trocas de medicamentos biológicos, gerar economia significativa aos cofres públicos e consolidar Recife como um polo de inovação em saúde digital e inteligência artificial aplicada à reumatologia.","Houve a consolidação de dados clínicos e desenvolvimento de modelos de predição voltados ao suporte à decisão terapêutica em doenças reumáticas autoimunes. Foram analisados mais de 600 prontuários de pacientes atendidos no Hospital das Clínicas da UFPE. Desses, 210 prontuários de pacientes com artrite reumatoide (AR) em uso de medicamentos biológicos foram estruturados e utilizados na fase inicial do projeto. A média do DAS28 foi 3,24, indicando atividade moderada da doença. O estudo concentrou-se inicialmente na AR por se tratar da doença autoimune reumatológica mais prevalente e com maior disponibilidade de dados clínicos no SUS, o que possibilita testar e validar os modelos de inteligência artificial antes de sua expansão para outras condições, como artrite psoriásica e espondilite anquilosante. A análise identificou taxas de troca de medicamentos biológicos anti-TNF (inibidores do fator de necrose tumoral alfa) de 64,61%, enquanto os não anti-TNF apresentaram taxa de 43,75%, com diferença estatisticamente significativa (p < 0,001). Esses fármacos, amplamente utilizados no tratamento da AR, têm alto custo e resposta variável, justificando o desenvolvimento de ferramentas capazes de prever sua eficácia individual e evitar trocas terapêuticas. Com base nesses dados, foi criado um Sistema de Suporte à Decisão ao Tratamento da AR, utilizando o método de Case-Based Reasoning (CBR). O modelo treinado com o GPT-4o da OpenAI obteve acurácia superior a 90% na identificação de casos similares, enquanto o modelo anterior (OpenAI mini) apresentou desempenho acima de 70%. Também foi desenvolvido um chatbot de acompanhamento terapêutico, integrado a um dashboard clínico que consolida informações sobre evolução e adesão entre consultas. Os resultados nos mostram que é possível reduzir as trocas de medicamentos biológicos, otimizar decisões terapêuticas e contribuir para o uso mais eficiente dos recursos do SUS.","Se trata de uma pesquisa em inovação tecnológica que propõe o desenvolvimento e validação de uma ferramenta de inteligência artificial capaz de predizer a resposta terapêutica a medicamentos biológicos em doenças autoimunes reumatológicas. O projeto foi estruturado com base em metodologias reprodutíveis e protocolos padronizados de coleta e análise de dados clínicos, assegurando sua replicabilidade científica e a possibilidade de expansão para outros contextos de pesquisa e assistência.
A metodologia emprega modelos de aprendizado de máquina e padrões de interoperabilidade internacional (FHIR, SNOMED CT, LOINC), o que permite a integração dos dados clínicos a diferentes sistemas de informação em saúde. Essa estrutura possibilita que a abordagem desenvolvida seja aplicada por outras instituições acadêmicas e centros de pesquisa que disponham de bancos de dados clínicos estruturados, favorecendo a criação de redes colaborativas de pesquisa em medicina de precisão.
O estudo iniciou-se com a artrite reumatoide, por ser uma doença autoimune de alta prevalência e ampla disponibilidade de dados clínicos, permitindo a construção e validação dos modelos preditivos em uma coorte robusta. Após a consolidação da metodologia, a pesquisa prevê sua extensão para outras condições autoimunes, como artrite psoriásica e espondilite anquilosante, utilizando o mesmo pipeline analítico e critérios clínicos padronizados (EULAR/ACR).
A escalabilidade da Immuned se dá pelo caráter modular e científico da metodologia, que permite a adaptação de seus algoritmos a diferentes perfis populacionais e instituições. Em médio e longo prazo, o projeto busca consolidar um modelo nacional de pesquisa translacional em saúde digital, fortalecendo a integração entre ciência de dados, reumatologia e políticas públicas de inovação em saúde."
"sim","","","Startup Tração","[justify]	A FH Data é uma empresa de tecnologia especializada em transformar dados em decisões inteligentes, utilizando Inteligência Artificial (IA) e Analytics para otimizar a eficiência operacional e apoiar gestores na tomada de decisão baseada em evidências. A iniciativa apresentada visa endereçar um dos principais desafios da gestão pública e privada contemporânea: a baixa maturidade no uso de dados e a dificuldade em gerar previsibilidade e resultados mensuráveis a partir deles.[/justify]
[justify]	Estudos recentes indicam que mais de 40% dos projetos com IA podem ser cancelados até 2027 por conta de estruturas analíticas imaturas (Gartner, 2024). Partindo dessa dor, a FH Data desenvolveu uma plataforma integrada de análise preditiva e monitoramento inteligente, capaz de transformar dados dispersos em informações acionáveis. A solução é voltada para diferentes níveis de maturidade digital, desde a estruturação de dados e construção de dashboards até a automação de processos decisórios com modelos de IA.[/justify]
[justify]	[b]Com mais de 330 soluções desenvolvidas, a FH Data atua em setores estratégicos como segurança, energia, logística, indústria e saúde, entregando resultados mensuráveis: aumento de 23% nas ações preventivas de segurança da Suzano, redução de 37% nos custos operacionais da Vibra Energia, crescimento de 34% no faturamento da FriCarne e implantação de modelos preditivos de risco operacional na Fraport.[/b][/justify]
[justify]	O impacto esperado é elevar a maturidade analítica das organizações, reduzir desperdícios e fortalecer uma cultura de decisão orientada por dados, contribuindo diretamente para eficiência administrativa, sustentabilidade e inovação sistêmica. Com uma abordagem escalável e customizável, a FH Data demonstra como a IA aplicada pode ser um instrumento de transformação real, promovendo previsibilidade, economia e transparência na gestão.[/justify]","[justify]	A atuação da FH Data consolidou resultados expressivos na aplicação de Inteligência Artificial (IA) e Analytics em diferentes setores da economia, demonstrando a capacidade da empresa de transformar dados complexos em ganhos concretos de eficiência, produtividade e segurança operacional.[/justify]
[justify]	Na área de segurança do trabalho, a FH Data desenvolveu para a [b]Suzano[/b] uma torre de monitoramento analítico com modelos preditivos capazes de correlacionar indicadores de aderência a programas de segurança com a gravidade de incidentes. [b]A automação do processo de higienização e análise dos dados resultou em um aumento de 23% nos planos de ação preventivos entre 2024 e 2025, fortalecendo a cultura de segurança e reduzindo a exposição a riscos operacionais.[/b][/justify]
[justify]	No setor de energia, a solução implementada para a[b] Vibra Energia (antiga BR Distribuidora)[/b] integrou dados financeiros e operacionais em uma plataforma de monitoramento e projeção em tempo real, [b]gerando redução de 37% nos custos operacionais e maior previsibilidade nos investimentos em infraestrutura e armazenamento.[/b][/justify]
[justify]	Na indústria frigorífica [b]FriCarne[/b], a criação de um Data Warehouse e de uma torre de monitoramento comercial automatizou processos antes manuais, elevando a eficiência das análises e contribuindo para um [b]crescimento de 34% no faturamento total no período de 2024/2025.[/b][/justify]
[justify]	Em aeroportos, o projeto desenvolvido para a [b]Fraport criou modelos de IA para previsão de colisões com fauna[/b], permitindo ações preventivas direcionadas e monitoramento em tempo real, uma inovação na gestão de segurança aérea nacional.[/justify]
[justify]	Já na [b]PG Química[/b], a automação logística e o monitoramento inteligente de frota[b] reduziram o tempo de resposta e otimizaram a gestão de fretes e custos logísticos.[/b][/justify]
[justify]	Os resultados alcançados demonstram a maturidade técnica e a escalabilidade das soluções da FH Data, com impactos diretos em produtividade, segurança e eficiência econômica, reforçando seu papel como referência nacional em inteligência analítica aplicada à gestão de riscos e à transformação digital.[/justify]","[justify]	A FH Data foi concebida com uma arquitetura de negócios e tecnologia voltada à escalabilidade e replicabilidade de soluções baseadas em Inteligência Artificial e Analytics. Suas metodologias combinam modelagem preditiva, engenharia de dados e arquitetura modular em nuvem, permitindo que as soluções desenvolvidas sejam facilmente adaptadas a diferentes setores — da indústria e logística à energia, segurança e gestão pública.[/justify]
[justify]	Cada projeto é estruturado de forma a gerar frameworks reutilizáveis e pipelines automatizados (DataOps e MLOps), que podem ser aplicados em novos contextos com baixo custo de implementação e alto potencial de impacto. Essa padronização garante a reprodutibilidade técnica das soluções, preservando a personalização estratégica para cada cliente.[/justify]
[justify]	O portfólio da FH Data demonstra essa capacidade de expansão: os modelos de análise criados para segurança do trabalho na Suzano foram posteriormente adaptados a projetos de monitoramento logístico na PG Química e de predição de riscos operacionais na Fraport. O mesmo ocorreu com as soluções desenvolvidas para Vibra Energia e FriCarne, que evoluíram para plataformas corporativas integradas, capazes de gerar previsibilidade em tempo real e economia de recursos.[/justify]
[justify]	O reconhecimento desse potencial levou a FH Data a ser premiada no programa Mind The Bizz 2024, recebendo o destaque de empresa com maior potencial de escalabilidade. Essa conquista reforça sua capacidade de expandir soluções tecnológicas validadas no ambiente corporativo para novos territórios e desafios públicos, consolidando um modelo de crescimento sustentável e replicável.[/justify]
[justify]	Com base em inovação contínua e parcerias estratégicas, a FH Data atua como agente de transformação digital no ecossistema de dados e IA do Recife, ampliando o alcance de tecnologias que fortalecem a eficiência, a transparência e a competitividade das organizações brasileiras.[/justify]"
"sim","","","Empreendedorismo Social","A [b]Passou Encontrou[/b] é uma startup recifense criada com o propósito de [b]conectar vendedores ambulantes e clientes próximos[/b], fortalecendo o comércio local e promovendo [b]inclusão social, digital e ambiental[/b]. A iniciativa nasceu da percepção de uma dor pública evidente: [b]a invisibilidade e a falta de oportunidades para trabalhadores informais[/b], que dependem das ruas para vender, mas carecem de meios tecnológicos para alcançar novos públicos e competir de forma justa.
Segundo o IBGE (2023), mais de [b]38 milhões de brasileiros[/b] atuam na informalidade, muitos deles nas ruas das grandes cidades. Em Recife, o comércio de rua é parte essencial da cultura e da economia urbana, especialmente em espaços como a [b]Feira do Bom Jesus[/b] e outras feiras culturais espalhadas pela cidade. A [i]Passou Encontrou[/i] busca [b]digitalizar esses espaços[/b], fomentando a economia local e oferecendo um [b]mapa interativo[/b] onde o cidadão e o turista podem [b]visualizar os ambulantes mais próximos e o que estão vendendo[/b], fortalecendo o consumo local e sustentável.
Durante o [b]REC’n’Play 2025[/b], testamos a [b]primeira versão do aplicativo[/b], cadastrando boa parte dos ambulantes no entorno do evento e validando o potencial da solução para mapear e conectar vendedores em tempo real. O resultado mostrou o forte interesse tanto de moradores quanto de visitantes em descobrir o comércio informal local.
Além de impulsionar a economia de rua, a [i]Passou Encontrou[/i] também atua na [b]conscientização ambiental[/b], incentivando o [b]descarto correto de embalagens[/b] e o consumo consciente em espaços públicos. Essa proposta ganha ainda mais força nas [b]praias da região[/b], outro foco da startup, onde muitas pessoas desejam saber o que é vendido na faixa de areia, mas não encontram informações organizadas.
Com isso, buscamos uma [b]cidade mais conectada, inclusiva e sustentável[/b], onde a tecnologia serve como ponte entre quem vende, quem compra e o meio ambiente, gerando impacto social, econômico e ecológico para Recife e sua população.","A [i]Passou Encontrou[/i] vem consolidando resultados significativos desde a validação do seu protótipo, com foco em [b]inclusão digital, fortalecimento do comércio local e conscientização ambiental[/b]. Durante o [b]REC’n’Play 2025[/b], realizamos o [b]primeiro teste prático do aplicativo[/b], cadastrando [b]mais de 60 vendedores ambulantes[/b] no entorno do evento e alcançando [b]centenas de interações com visitantes[/b] que utilizaram a plataforma para localizar produtos e serviços em tempo real. Essa experiência comprovou o interesse do público e a viabilidade da solução como ferramenta de conexão entre comerciantes informais e consumidores.
Entre os resultados qualitativos observados, destacam-se:
[ml][ul][li indent=0 align=left][b]Aumento da visibilidade[/b] dos ambulantes cadastrados, que relataram melhora nas vendas e reconhecimento por parte dos clientes;[/li][li indent=0 align=left][b]Engajamento espontâneo de turistas[/b], interessados em descobrir o comércio local e vivenciar a cultura recifense;[/li][li indent=0 align=left][b]Maior senso de pertencimento e valorização dos trabalhadores informais[/b], fortalecendo o vínculo comunitário;[/li][li indent=0 align=left][b]Abertura para parcerias[/b] com feiras culturais, instituições locais e agentes públicos voltados à economia criativa e ao empreendedorismo urbano.[/li][/ul][/ml]Em termos de indicadores, os principais parâmetros monitorados são:
[ml][ul][li indent=0 align=left][b]Número de ambulantes cadastrados e ativos no app[/b];[/li][li indent=0 align=left][b]Quantidade de acessos e interações no mapa interativo[/b];[/li][li indent=0 align=left][b]Taxa de retorno de usuários e tempo médio de uso da plataforma[/b];[/li][li indent=0 align=left][b]Participação em eventos e feiras culturais mapeadas[/b];[/li][li indent=0 align=left][b]Ações de educação ambiental realizadas[/b], voltadas ao [b]descarte correto de resíduos[/b] e [b]consumo consciente[/b].[/li][/ul][/ml]Os ganhos concretos já percebidos incluem [b]melhora nas oportunidades de venda[/b], [b]fortalecimento do comércio de bairro[/b], [b]visibilidade para o turismo local[/b] e [b]integração de práticas sustentáveis[/b] em áreas de grande fluxo, como [b]praias e feiras populares[/b].
A [i]Passou Encontrou[/i] se consolida, assim, como uma iniciativa de impacto social e urbano, que utiliza a tecnologia não apenas para conectar pessoas, mas também para [b]gerar renda, promover inclusão e impulsionar uma Recife mais inovadora e sustentável[/b]","A [i]Passou Encontrou[/i] foi concebida desde o início como uma solução [b]escalável e adaptável[/b] a diferentes territórios e realidades socioeconômicas. Por se tratar de uma plataforma digital de geolocalização, a tecnologia pode ser [b]replicada com facilidade em outras cidades[/b], bastando cadastrar os vendedores locais e ajustar o conteúdo às características culturais e turísticas de cada região.
O modelo é [b]tecnicamente sustentável[/b] e [b]socialmente inclusivo[/b], pois utiliza ferramentas simples, de baixo custo e acessíveis por smartphones, o que facilita sua adoção por trabalhadores informais e pequenos empreendedores. Essa flexibilidade permite que o projeto seja implementado em [b]feiras livres, praças, praias e eventos públicos[/b] de qualquer cidade que possua um ecossistema de comércio de rua ativo.
Em Recife, a experiência inicial — incluindo o [b]teste no REC’n’Play 2025[/b] e a [b]digitalização de feiras culturais como a do Bom Jesus[/b] — serve como [b]prova de conceito[/b] para futuras expansões. O próximo passo é levar o aplicativo a [b]outras regiões metropolitanas e turísticas do Nordeste[/b], onde o comércio informal e as feiras populares têm papel relevante na economia local, como Olinda, João Pessoa e Maceió.
O impacto de médio e longo prazo está diretamente ligado à [b]fortalecimento da economia de bairro[/b], [b]geração de renda[/b] e [b]inclusão digital[/b] de milhares de trabalhadores. Além disso, a proposta pode ser [b]adaptada a políticas públicas municipais[/b], servindo como ferramenta de [b]gestão urbana e apoio ao turismo local[/b], ao mesmo tempo em que promove [b]educação ambiental[/b] e incentiva o [b]consumo responsável[/b].
Com potencial de atingir [b]milhares de ambulantes em todo o Brasil[/b], a [i]Passou Encontrou[/i] se posiciona como uma iniciativa [b]replicável, sustentável e de alto impacto social[/b], capaz de transformar a relação entre cidade, tecnologia e economia popular."
"sim","","","Empreendedorismo Social","A [b]Passou Encontrou[/b] é uma startup recifense criada com o propósito de [b]conectar vendedores ambulantes e clientes próximos[/b], fortalecendo o comércio local e promovendo [b]inclusão social, digital e ambiental[/b]. A iniciativa nasceu da percepção de uma dor pública evidente: [b]a invisibilidade e a falta de oportunidades para trabalhadores informais[/b], que dependem das ruas para vender, mas carecem de meios tecnológicos para alcançar novos públicos e competir de forma justa.
Segundo o IBGE (2023), mais de [b]38 milhões de brasileiros[/b] atuam na informalidade, muitos deles nas ruas das grandes cidades. Em Recife, o comércio de rua é parte essencial da cultura e da economia urbana, especialmente em espaços como a [b]Feira do Bom Jesus[/b] e outras feiras culturais espalhadas pela cidade. A [i]Passou Encontrou[/i] busca [b]digitalizar esses espaços[/b], fomentando a economia local e oferecendo um [b]mapa interativo[/b] onde o cidadão e o turista podem [b]visualizar os ambulantes mais próximos e o que estão vendendo[/b], fortalecendo o consumo local e sustentável.
Durante o [b]REC’n’Play 2025[/b], testamos a [b]primeira versão do aplicativo[/b], cadastrando boa parte dos ambulantes no entorno do evento e validando o potencial da solução para mapear e conectar vendedores em tempo real. O resultado mostrou o forte interesse tanto de moradores quanto de visitantes em descobrir o comércio informal local.
Além de impulsionar a economia de rua, a [i]Passou Encontrou[/i] também atua na [b]conscientização ambiental[/b], incentivando o [b]descarto correto de embalagens[/b] e o consumo consciente em espaços públicos. Essa proposta ganha ainda mais força nas [b]praias da região[/b], outro foco da startup, onde muitas pessoas desejam saber o que é vendido na faixa de areia, mas não encontram informações organizadas.
Com isso, buscamos uma [b]cidade mais conectada, inclusiva e sustentável[/b], onde a tecnologia serve como ponte entre quem vende, quem compra e o meio ambiente, gerando impacto social, econômico e ecológico para Recife e sua população.","A [i]Passou Encontrou[/i] vem consolidando resultados significativos desde a validação do seu protótipo, com foco em [b]inclusão digital, fortalecimento do comércio local e conscientização ambiental[/b]. Durante o [b]REC’n’Play 2025[/b], realizamos o [b]primeiro teste prático do aplicativo[/b], cadastrando [b]mais de 60 vendedores ambulantes[/b] no entorno do evento e alcançando [b]centenas de interações com visitantes[/b] que utilizaram a plataforma para localizar produtos e serviços em tempo real. Essa experiência comprovou o interesse do público e a viabilidade da solução como ferramenta de conexão entre comerciantes informais e consumidores.
Entre os resultados qualitativos observados, destacam-se:
[ml][ul][li indent=0 align=left][b]Aumento da visibilidade[/b] dos ambulantes cadastrados, que relataram melhora nas vendas e reconhecimento por parte dos clientes;[/li][li indent=0 align=left][b]Engajamento espontâneo de turistas[/b], interessados em descobrir o comércio local e vivenciar a cultura recifense;[/li][li indent=0 align=left][b]Maior senso de pertencimento e valorização dos trabalhadores informais[/b], fortalecendo o vínculo comunitário;[/li][li indent=0 align=left][b]Abertura para parcerias[/b] com feiras culturais, instituições locais e agentes públicos voltados à economia criativa e ao empreendedorismo urbano.[/li][/ul][/ml]Em termos de indicadores, os principais parâmetros monitorados são:
[ml][ul][li indent=0 align=left][b]Número de ambulantes cadastrados e ativos no app[/b];[/li][li indent=0 align=left][b]Quantidade de acessos e interações no mapa interativo[/b];[/li][li indent=0 align=left][b]Taxa de retorno de usuários e tempo médio de uso da plataforma[/b];[/li][li indent=0 align=left][b]Participação em eventos e feiras culturais mapeadas[/b];[/li][li indent=0 align=left][b]Ações de educação ambiental realizadas[/b], voltadas ao [b]descarte correto de resíduos[/b] e [b]consumo consciente[/b].[/li][/ul][/ml]Os ganhos concretos já percebidos incluem [b]melhora nas oportunidades de venda[/b], [b]fortalecimento do comércio de bairro[/b], [b]visibilidade para o turismo local[/b] e [b]integração de práticas sustentáveis[/b] em áreas de grande fluxo, como [b]praias e feiras populares[/b].
A [i]Passou Encontrou[/i] se consolida, assim, como uma iniciativa de impacto social e urbano, que utiliza a tecnologia não apenas para conectar pessoas, mas também para [b]gerar renda, promover inclusão e impulsionar uma Recife mais inovadora e sustentável[/b]","A [i]Passou Encontrou[/i] foi concebida desde o início como uma solução [b]escalável e adaptável[/b] a diferentes territórios e realidades socioeconômicas. Por se tratar de uma plataforma digital de geolocalização, a tecnologia pode ser [b]replicada com facilidade em outras cidades[/b], bastando cadastrar os vendedores locais e ajustar o conteúdo às características culturais e turísticas de cada região.
O modelo é [b]tecnicamente sustentável[/b] e [b]socialmente inclusivo[/b], pois utiliza ferramentas simples, de baixo custo e acessíveis por smartphones, o que facilita sua adoção por trabalhadores informais e pequenos empreendedores. Essa flexibilidade permite que o projeto seja implementado em [b]feiras livres, praças, praias e eventos públicos[/b] de qualquer cidade que possua um ecossistema de comércio de rua ativo.
Em Recife, a experiência inicial — incluindo o [b]teste no REC’n’Play 2025[/b] e a [b]digitalização de feiras culturais como a do Bom Jesus[/b] — serve como [b]prova de conceito[/b] para futuras expansões. O próximo passo é levar o aplicativo a [b]outras regiões metropolitanas e turísticas do Nordeste[/b], onde o comércio informal e as feiras populares têm papel relevante na economia local, como Olinda, João Pessoa e Maceió.
O impacto de médio e longo prazo está diretamente ligado à [b]fortalecimento da economia de bairro[/b], [b]geração de renda[/b] e [b]inclusão digital[/b] de milhares de trabalhadores. Além disso, a proposta pode ser [b]adaptada a políticas públicas municipais[/b], servindo como ferramenta de [b]gestão urbana e apoio ao turismo local[/b], ao mesmo tempo em que promove [b]educação ambiental[/b] e incentiva o [b]consumo responsável[/b].
Com potencial de atingir [b]milhares de ambulantes em todo o Brasil[/b], a [i]Passou Encontrou[/i] se posiciona como uma iniciativa [b]replicável, sustentável e de alto impacto social[/b], capaz de transformar a relação entre cidade, tecnologia e economia popular."
"sim","","","Empreendedorismo Social","A [b]Passou Encontrou[/b] é uma startup recifense criada com o propósito de [b]conectar vendedores ambulantes e clientes próximos[/b], fortalecendo o comércio local e promovendo [b]inclusão social, digital e ambiental[/b]. A iniciativa nasceu da percepção de uma dor pública evidente: [b]a invisibilidade e a falta de oportunidades para trabalhadores informais[/b], que dependem das ruas para vender, mas carecem de meios tecnológicos para alcançar novos públicos e competir de forma justa.
Segundo o IBGE (2023), mais de [b]38 milhões de brasileiros[/b] atuam na informalidade, muitos deles nas ruas das grandes cidades. Em Recife, o comércio de rua é parte essencial da cultura e da economia urbana, especialmente em espaços como a [b]Feira do Bom Jesus[/b] e outras feiras culturais espalhadas pela cidade. A [i]Passou Encontrou[/i] busca [b]digitalizar esses espaços[/b], fomentando a economia local e oferecendo um [b]mapa interativo[/b] onde o cidadão e o turista podem [b]visualizar os ambulantes mais próximos e o que estão vendendo[/b], fortalecendo o consumo local e sustentável.
Durante o [b]REC’n’Play 2025[/b], testamos a [b]primeira versão do aplicativo[/b], cadastrando boa parte dos ambulantes no entorno do evento e validando o potencial da solução para mapear e conectar vendedores em tempo real. O resultado mostrou o forte interesse tanto de moradores quanto de visitantes em descobrir o comércio informal local.
Além de impulsionar a economia de rua, a [i]Passou Encontrou[/i] também atua na [b]conscientização ambiental[/b], incentivando o [b]descarto correto de embalagens[/b] e o consumo consciente em espaços públicos. Essa proposta ganha ainda mais força nas [b]praias da região[/b], outro foco da startup, onde muitas pessoas desejam saber o que é vendido na faixa de areia, mas não encontram informações organizadas.
Com isso, buscamos uma [b]cidade mais conectada, inclusiva e sustentável[/b], onde a tecnologia serve como ponte entre quem vende, quem compra e o meio ambiente, gerando impacto social, econômico e ecológico para Recife e sua população.","A [i]Passou Encontrou[/i] vem consolidando resultados significativos desde a validação do seu protótipo, com foco em [b]inclusão digital, fortalecimento do comércio local e conscientização ambiental[/b]. Durante o [b]REC’n’Play 2025[/b], realizamos o [b]primeiro teste prático do aplicativo[/b], cadastrando [b]mais de 60 vendedores ambulantes[/b] no entorno do evento e alcançando [b]centenas de interações com visitantes[/b] que utilizaram a plataforma para localizar produtos e serviços em tempo real. Essa experiência comprovou o interesse do público e a viabilidade da solução como ferramenta de conexão entre comerciantes informais e consumidores.
Entre os resultados qualitativos observados, destacam-se:
[ml][ul][li indent=0 align=left][b]Aumento da visibilidade[/b] dos ambulantes cadastrados, que relataram melhora nas vendas e reconhecimento por parte dos clientes;[/li][li indent=0 align=left][b]Engajamento espontâneo de turistas[/b], interessados em descobrir o comércio local e vivenciar a cultura recifense;[/li][li indent=0 align=left][b]Maior senso de pertencimento e valorização dos trabalhadores informais[/b], fortalecendo o vínculo comunitário;[/li][li indent=0 align=left][b]Abertura para parcerias[/b] com feiras culturais, instituições locais e agentes públicos voltados à economia criativa e ao empreendedorismo urbano.[/li][/ul][/ml]Em termos de indicadores, os principais parâmetros monitorados são:
[ml][ul][li indent=0 align=left][b]Número de ambulantes cadastrados e ativos no app[/b];[/li][li indent=0 align=left][b]Quantidade de acessos e interações no mapa interativo[/b];[/li][li indent=0 align=left][b]Taxa de retorno de usuários e tempo médio de uso da plataforma[/b];[/li][li indent=0 align=left][b]Participação em eventos e feiras culturais mapeadas[/b];[/li][li indent=0 align=left][b]Ações de educação ambiental realizadas[/b], voltadas ao [b]descarte correto de resíduos[/b] e [b]consumo consciente[/b].[/li][/ul][/ml]Os ganhos concretos já percebidos incluem [b]melhora nas oportunidades de venda[/b], [b]fortalecimento do comércio de bairro[/b], [b]visibilidade para o turismo local[/b] e [b]integração de práticas sustentáveis[/b] em áreas de grande fluxo, como [b]praias e feiras populares[/b].
A [i]Passou Encontrou[/i] se consolida, assim, como uma iniciativa de impacto social e urbano, que utiliza a tecnologia não apenas para conectar pessoas, mas também para [b]gerar renda, promover inclusão e impulsionar uma Recife mais inovadora e sustentável[/b]","A [i]Passou Encontrou[/i] foi concebida desde o início como uma solução [b]escalável e adaptável[/b] a diferentes territórios e realidades socioeconômicas. Por se tratar de uma plataforma digital de geolocalização, a tecnologia pode ser [b]replicada com facilidade em outras cidades[/b], bastando cadastrar os vendedores locais e ajustar o conteúdo às características culturais e turísticas de cada região.
O modelo é [b]tecnicamente sustentável[/b] e [b]socialmente inclusivo[/b], pois utiliza ferramentas simples, de baixo custo e acessíveis por smartphones, o que facilita sua adoção por trabalhadores informais e pequenos empreendedores. Essa flexibilidade permite que o projeto seja implementado em [b]feiras livres, praças, praias e eventos públicos[/b] de qualquer cidade que possua um ecossistema de comércio de rua ativo.
Em Recife, a experiência inicial — incluindo o [b]teste no REC’n’Play 2025[/b] e a [b]digitalização de feiras culturais como a do Bom Jesus[/b] — serve como [b]prova de conceito[/b] para futuras expansões. O próximo passo é levar o aplicativo a [b]outras regiões metropolitanas e turísticas do Nordeste[/b], onde o comércio informal e as feiras populares têm papel relevante na economia local, como Olinda, João Pessoa e Maceió.
O impacto de médio e longo prazo está diretamente ligado à [b]fortalecimento da economia de bairro[/b], [b]geração de renda[/b] e [b]inclusão digital[/b] de milhares de trabalhadores. Além disso, a proposta pode ser [b]adaptada a políticas públicas municipais[/b], servindo como ferramenta de [b]gestão urbana e apoio ao turismo local[/b], ao mesmo tempo em que promove [b]educação ambiental[/b] e incentiva o [b]consumo responsável[/b].
Com potencial de atingir [b]milhares de ambulantes em todo o Brasil[/b], a [i]Passou Encontrou[/i] se posiciona como uma iniciativa [b]replicável, sustentável e de alto impacto social[/b], capaz de transformar a relação entre cidade, tecnologia e economia popular."
"","Startup Inovadora","sim","Startup conectada com a cidade","A [b]Passou Encontrou[/b] é uma startup recifense criada com o propósito de [b]conectar vendedores ambulantes e clientes próximos[/b], fortalecendo o comércio local e promovendo [b]inclusão social, digital e ambiental[/b]. A iniciativa nasceu da percepção de uma dor pública evidente: [b]a invisibilidade e a falta de oportunidades para trabalhadores informais[/b], que dependem das ruas para vender, mas carecem de meios tecnológicos para alcançar novos públicos e competir de forma justa.
Segundo o IBGE (2023), mais de [b]38 milhões de brasileiros[/b] atuam na informalidade, muitos deles nas ruas das grandes cidades. Em Recife, o comércio de rua é parte essencial da cultura e da economia urbana, especialmente em espaços como a [b]Feira do Bom Jesus[/b] e outras feiras culturais espalhadas pela cidade. A [i]Passou Encontrou[/i] busca [b]digitalizar esses espaços[/b], fomentando a economia local e oferecendo um [b]mapa interativo[/b] onde o cidadão e o turista podem [b]visualizar os ambulantes mais próximos e o que estão vendendo[/b], fortalecendo o consumo local e sustentável.
Durante o [b]REC’n’Play 2025[/b], testamos a [b]primeira versão do aplicativo[/b], cadastrando boa parte dos ambulantes no entorno do evento e validando o potencial da solução para mapear e conectar vendedores em tempo real. O resultado mostrou o forte interesse tanto de moradores quanto de visitantes em descobrir o comércio informal local.
Além de impulsionar a economia de rua, a [i]Passou Encontrou[/i] também atua na [b]conscientização ambiental[/b], incentivando o [b]descarto correto de embalagens[/b] e o consumo consciente em espaços públicos. Essa proposta ganha ainda mais força nas [b]praias da região[/b], outro foco da startup, onde muitas pessoas desejam saber o que é vendido na faixa de areia, mas não encontram informações organizadas.
Com isso, buscamos uma [b]cidade mais conectada, inclusiva e sustentável[/b], onde a tecnologia serve como ponte entre quem vende, quem compra e o meio ambiente, gerando impacto social, econômico e ecológico para Recife e sua população.","A [i]Passou Encontrou[/i] vem consolidando resultados significativos desde a validação do seu protótipo, com foco em [b]inclusão digital, fortalecimento do comércio local e conscientização ambiental[/b]. Durante o [b]REC’n’Play 2025[/b], realizamos o [b]primeiro teste prático do aplicativo[/b], cadastrando [b]mais de 60 vendedores ambulantes[/b] no entorno do evento e alcançando [b]centenas de interações com visitantes[/b] que utilizaram a plataforma para localizar produtos e serviços em tempo real. Essa experiência comprovou o interesse do público e a viabilidade da solução como ferramenta de conexão entre comerciantes informais e consumidores.
Entre os resultados qualitativos observados, destacam-se:
[ml][ul][li indent=0 align=left][b]Aumento da visibilidade[/b] dos ambulantes cadastrados, que relataram melhora nas vendas e reconhecimento por parte dos clientes;[/li][li indent=0 align=left][b]Engajamento espontâneo de turistas[/b], interessados em descobrir o comércio local e vivenciar a cultura recifense;[/li][li indent=0 align=left][b]Maior senso de pertencimento e valorização dos trabalhadores informais[/b], fortalecendo o vínculo comunitário;[/li][li indent=0 align=left][b]Abertura para parcerias[/b] com feiras culturais, instituições locais e agentes públicos voltados à economia criativa e ao empreendedorismo urbano.[/li][/ul][/ml]Em termos de indicadores, os principais parâmetros monitorados são:
[ml][ul][li indent=0 align=left][b]Número de ambulantes cadastrados e ativos no app[/b];[/li][li indent=0 align=left][b]Quantidade de acessos e interações no mapa interativo[/b];[/li][li indent=0 align=left][b]Taxa de retorno de usuários e tempo médio de uso da plataforma[/b];[/li][li indent=0 align=left][b]Participação em eventos e feiras culturais mapeadas[/b];[/li][li indent=0 align=left][b]Ações de educação ambiental realizadas[/b], voltadas ao [b]descarte correto de resíduos[/b] e [b]consumo consciente[/b].[/li][/ul][/ml]Os ganhos concretos já percebidos incluem [b]melhora nas oportunidades de venda[/b], [b]fortalecimento do comércio de bairro[/b], [b]visibilidade para o turismo local[/b] e [b]integração de práticas sustentáveis[/b] em áreas de grande fluxo, como [b]praias e feiras populares[/b].
A [i]Passou Encontrou[/i] se consolida, assim, como uma iniciativa de impacto social e urbano, que utiliza a tecnologia não apenas para conectar pessoas, mas também para [b]gerar renda, promover inclusão e impulsionar uma Recife mais inovadora e sustentável[/b]","A [i]Passou Encontrou[/i] foi concebida desde o início como uma solução [b]escalável e adaptável[/b] a diferentes territórios e realidades socioeconômicas. Por se tratar de uma plataforma digital de geolocalização, a tecnologia pode ser [b]replicada com facilidade em outras cidades[/b], bastando cadastrar os vendedores locais e ajustar o conteúdo às características culturais e turísticas de cada região.
O modelo é [b]tecnicamente sustentável[/b] e [b]socialmente inclusivo[/b], pois utiliza ferramentas simples, de baixo custo e acessíveis por smartphones, o que facilita sua adoção por trabalhadores informais e pequenos empreendedores. Essa flexibilidade permite que o projeto seja implementado em [b]feiras livres, praças, praias e eventos públicos[/b] de qualquer cidade que possua um ecossistema de comércio de rua ativo.
Em Recife, a experiência inicial — incluindo o [b]teste no REC’n’Play 2025[/b] e a [b]digitalização de feiras culturais como a do Bom Jesus[/b] — serve como [b]prova de conceito[/b] para futuras expansões. O próximo passo é levar o aplicativo a [b]outras regiões metropolitanas e turísticas do Nordeste[/b], onde o comércio informal e as feiras populares têm papel relevante na economia local, como Olinda, João Pessoa e Maceió.
O impacto de médio e longo prazo está diretamente ligado à [b]fortalecimento da economia de bairro[/b], [b]geração de renda[/b] e [b]inclusão digital[/b] de milhares de trabalhadores. Além disso, a proposta pode ser [b]adaptada a políticas públicas municipais[/b], servindo como ferramenta de [b]gestão urbana e apoio ao turismo local[/b], ao mesmo tempo em que promove [b]educação ambiental[/b] e incentiva o [b]consumo responsável[/b].
Com potencial de atingir [b]milhares de ambulantes em todo o Brasil[/b], a [i]Passou Encontrou[/i] se posiciona como uma iniciativa [b]replicável, sustentável e de alto impacto social[/b], capaz de transformar a relação entre cidade, tecnologia e economia popular."
"","Inovação Científica","sim","Pesquisa & Extensão Inovadora","A [b]Seed a Bit[/b] é uma empresa júnior de tecnologia vinculada à UFRPE (Universidade Federal Rural de Pernambuco), sendo 100% composta por [b]estudantes universitários[/b] da própria IES. Somos uma organização sem fins lucrativos, onde todo o nosso faturamento é reinvestido nos membros e na própria empresa. Nossa missão é [b]desenvolver pessoas e ideias[/b] através da tecnologia, proporcionando um ambiente em que os alunos da universidade -- independente de curso e período -- podem traduzir o aprendizado teórico que eles têm em sala de aula em experiências práticas em projetos reais.

Aqui, os membros podem entrar na área de Projetos, onde participam do desenvolvimento de sites, sistemas e aplicativos; na área de Negócios, onde atuam na prospecção ativa de leads na área comercial ou na prospecção passiva e branding em marketing; na área de Operações, onde lidam com a parte administrativa-financeira e de gente & gestão; e na área Institucional, onde são responsáveis pelo posicionamento da EJ e da manutenção de parcerias estratégicas.

Assim, além de desenvolvemos as [i]soft & hard skills[/i] dos nossos membros de modo que cheguem mais preparados ao mercado de trabalho, formamos por meio dessa vivência empresarial [b]lideranças[/b] comprometidas e capazes de transformar o Brasil em um país mais empreendedor.","[b]+180[/b] estudantes desenvolvidos a partir da vivência empresarial;
[b]+50[/b] soluções digitais entregues;
[b]+90%[/b] de satisfação dos clientes;
[b]+R$238.4k[/b] de faturamento desde a fundação;","O Movimento Empresa Júnior surgiu na França em 1967 e chegou ao Brasil e em Pernambuco no ano de 1988. Atualmente, o movimento conta com [b]+1500[/b] empresas juniores, abarcando [b]+300 IES[/b] em todas as [b]27[/b] unidades federativas do país. Em Pernambuco, temos [b]+41[/b] empresas juniores, abarcando [b]+15[/b] IES e [b]8[/b] municípios do estado -- de Recife a Petrolina --, contando com [b]+700[/b] empresários juniores, ou seja, mais de 700 estudantes universitários tendo uma vivência empresarial prática ainda na universidade por todo o estado de Pernambuco, do litoral ao sertão, nos mais diferentes cursos de graduação. Isso reflete o potencial de expansão das EJs tanto a nível estadual quanto a nível nacional nos mais diversos contextos."
"","Inovação Científica","sim","Pesquisa & Extensão Inovadora","[justify]	[highlight=transparent]O Programa de Extensão Acesso ao Sistema Interamericano de Direitos Humanos (ASIDH/UFPE) é fruto do modelo freiriano de educação, que rompe os muros da universidade para atuar de forma crítica e transformadora na sociedade, garantindo uma escuta acolhedora em suas atividades com grupos vulnerabilizados. O ASIDH propõe uma nova prática jurídica voltada para os direitos humanos, integrando extensão, pesquisa, ação e formação cidadã de modo interdisciplinar associado ao diálogo contínuo entre instituições do sistema judiciário brasileiro e o Sistema Interamericano de Direitos Humanos.[/highlight][/justify]
[justify]	[highlight=transparent]Atualmente, um dos eixos temáticos da extensão é o de Pessoas Privadas de Liberdade, que tem como objetivo promover a defesa dos direitos humanos desse grupo, com foco em situações de violação estrutural de direitos e no monitoramento de políticas públicas voltadas ao sistema prisional. Inserida nesse eixo está a iniciativa “Monitoramento das decisões da Corte Interamericana de Direitos Humanos no Caso do Complexo do Curado”. Desde 2014, o Complexo Penitenciário do Curado, localizado em Recife, é objeto de Medidas Provisórias emitidas pela Corte Interamericana de Direitos Humanos (Corte IDH), em razão da extrema gravidade e urgência das violações de direitos humanos ali constatadas.[/highlight][/justify]
[justify]	[highlight=transparent]Por meio da consolidação de práticas inovadoras nas atividades de extensão do ASIDH, no acompanhamento do Caso do Complexo do Curado, tem promovido impactos diretos no campo jurídico e na proteção dos direitos das pessoas privadas de liberdade, por diferentes vias. Essa atuação representa uma verdadeira virada paradigmática, ao transformar vítimas em protagonistas do processo de garantia de direitos. O Programa fortalece e consolida pontes de diálogo entre o direito interno e a jurisprudência Corte IDH, fomentando o controle de convencionalidade e sensibilizando o sistema judiciário brasileiro para a perspectiva internacional dos direitos humanos.[/highlight][/justify]","[justify]	[highlight=transparent]A atuação do ASIDH no Caso do Complexo do Curado é um exemplo concreto da excelência da extensão universitária como espaço de pesquisa aplicada, inovação e defesa dos direitos humanos, ao promover o monitoramento ativo das decisões da Corte IDH e fortalecer localmente a efetividade dessas determinações.[/highlight][/justify]
[justify]	[highlight=transparent]Entre 2016 e 2022, o ASIDH participou do Fórum de Monitoramento do Complexo do Curado, coordenado pelo Ministério Público Federal, iniciativa pioneira no Brasil para acompanhar o cumprimento das decisões da Corte IDH em matéria prisional. Foram realizadas visitas técnicas ao Complexo em 2017, 2022 e 2025, cujos relatórios acadêmicos documentaram graves irregularidades - como superlotação, violência e ausência de assistência médica - e subsidiaram investigações do MPF.[/highlight][/justify]
[justify]	[highlight=transparent]Em 2021, o ASIDH foi admitido como amicus curiae em um Incidente de Resolução de Demandas Repetitivas (IRDR) no Tribunal de Justiça de Pernambuco, que tratou da aplicação do cômputo em dobro de penas determinado pela Corte IDH. O grupo também promoveu, em 2022, evento em parceria com o Conselho Nacional de Justiça (CNJ) para difundir o entendimento da Corte IDH e fomentar o diálogo entre academia, sociedade civil e sistema de justiça.[/highlight][/justify]
[justify]	[highlight=transparent]Em 2023, a Clínica de Direitos Humanos do ASIDH foi novamente admitida como amicus curiae no Habeas Corpus Coletivo nº 208.337/PE, em tramitação no STF, mantendo diálogo institucional com o ministro Edson Fachin em 2024. Também, o projeto conta com apoio da FACEPE (Edital nº 29/2022), fortalecendo sua sustentabilidade e alcance entre 2022 e 2025, fato que ressalta o compromisso e legitimidade da extensão.[/highlight][/justify]
[justify]	[highlight=transparent]Em 2025, o ASIDH realizou eventos que promoveram o diálogo sobre o Caso do Complexo do Curado, configurando espaços de troca entre estudantes, especialistas na temática, profissionais do direito e sociedade civil. Destaca-se o minicurso ministrado pelo Prof. Pablo Vacani, renomado especialista internacional em sistema penitenciário, que abordou o tema da compensação penal. Além disso, merece destaque a visita do ex-juiz da Corte IDH, Eugenio Raúl Zaffaroni, referência mundial em direito penal e criminologia crítica. Em Recife, Zaffaroni propiciou debate sobre o sistema penitenciário pernambucano e fortalecimento da compreensão sobre a aplicação das decisões da Corte IDH.[/highlight][/justify]","[justify]	[highlight=transparent]O ASIDH/UFPE demonstra alto potencial de replicabilidade e expansão por articular ensino, pesquisa e extensão em uma prática jurídica inovadora voltada à efetivação dos direitos humanos. A metodologia do programa, baseada no monitoramento ativo de decisões internacionais, na produção de relatórios técnicos e na litigância estratégica, constitui um modelo aplicável a outros casos sob supervisão da Corte IDH ou em contextos de violação estrutural de direitos. Prova disso é que o enfoque no controle de convencionalidade, por ser um instrumento que vincula o Poder Judiciário brasileiro às normas e jurisprudência internacionais, amplia seu potencial transformador de aplicação dos parâmetros internacionais de direitos humanos, não somente no contexto local, mas ampliando, também para demais estados do território nacional e outros Estados (países) signatários da Convenção Americana de Direitos Humanos. Essa dimensão vinculante permite que decisões e práticas experimentadas em Pernambuco sejam reproduzidas nacionalmente, promovendo a harmonização entre o direito interno e o SIDH.[/highlight][/justify]
[justify]	[highlight=transparent]Além de fomentar a formação crítica de estudantes e operadores do direito, o ASIDH/UFPE tem impacto concreto sobre o Judiciário, ao contribuir para uniformizar entendimentos e sensibilizar magistrados sobre parâmetros internacionais de direitos humanos. O reconhecimento institucional do programa - com participações como amicus curiae no TJPE e no STF - evidencia sua capacidade de incidência e de influência normativa.[/highlight][/justify]
[justify]	[highlight=transparent]Portanto, o ASIDH/UFPE se configura como uma experiência escalável, com potencial de inspirar outras universidades e órgãos do sistema de justiça a adotar práticas integradas de extensão e pesquisa em direitos humanos, promovendo mudanças estruturais e duradouras na cultura jurídica brasileira.[/highlight][/justify]"
"sim","","","Pesquisa & Extensão Inovadora","[justify]	[highlight=transparent]O Programa de Extensão Acesso ao Sistema Interamericano de Direitos Humanos (ASIDH/UFPE) opera há 13 anos, sendo fruto do modelo freiriano de educação, que rompe os muros da universidade para atuar de forma crítica e transformadora na sociedade, garantindo uma escuta acolhedora em suas atividades com grupos vulnerabilizados. O ASIDH/UFPE propõe uma nova prática jurídica voltada para os direitos humanos, integrando extensão, pesquisa, ação e formação cidadã de modo interdisciplinar associado ao diálogo contínuo entre instituições do sistema judiciário brasileiro e o Sistema Interamericano de Direitos Humanos.[/highlight][/justify]
[justify]	[highlight=transparent]Atualmente, o programa desenvolve cinco eixos temáticos de trabalho, dentre os quais está o “Direitos Econômicos, Sociais, Culturais e Ambientais (DESCA), cidade e moradia adequada”, que tem o intuito de promover os direitos econômicos, sociais, culturais e ambientais (DESCA), com foco em populações urbanas vulnerabilizadas, além do direito à cidade e à moradia adequada e digna. Nessa iniciativa, o Programa atua no acompanhamento de comunidades ameaçadas por remoções forçadas e violações do direito à moradia.[/highlight][/justify]
[justify]	[highlight=transparent]Exemplo disso é o peticionamento à Comissão Interamericana de Direitos Humanos em 2024 (junto ao Programa Direito à Cidade do Centro Dom Helder Camara de Estudos e Ação Social – Cendhec) quanto ao caso da comunidade Vila Esperança, uma Zona Especial de Interesse Social (ZEIS) desde 1994, situada em Recife. A Vila buscou sua preservação e evitar a retirada de mais de 250 famílias que seriam afetadas pela desapropriação no local, diante das obras de construção da Ponte Jaime Gusmão.[/highlight][/justify]
[justify]	[highlight=transparent]Além disso, a iniciativa também faz um importante trabalho junto aos indígenas em contexto urbano na Cidade do Recife e Região Metropolitana, como o Povo Karaxuwanassu, na luta pelo reconhecimento como povo indígena e para a proteção de seus direitos.[/highlight][/justify]","[justify][highlight=transparent]O ASIDH/UFPE, em parceria com o Programa Direito à Cidade do Cendhec e apoio das organizações Misereor Ação Justa Global, da Fundação OAK, do Fundo Casa Socioambiental, e da Fundação Selavip, lançou em agosto de 2024 o manual “Propriedade, Cidade e Moradia Adequada: direitos, boas práticas e hermenêutica”. Esse manual tem o intuito de auxiliar na formação de advogados e demais operadores do direito no que diz respeito ao direito à cidade, à propriedade e à moradia, sob a ótica do Direito Internacional dos Direitos Humanos e a própria legislação brasileira.[/highlight][/justify]
[justify][highlight=transparent]Também, através do projeto de pesquisa “Os sistemas de justiça tradicional de povos indígenas situados no Estado de Pernambuco” (aprovado pela Fundação de Amparo à Ciência e Tecnologia do Estado de Pernambuco (FACEPE) através do Edital FACEPE nº 29/2021 Estudos Étnico-Raciais Solano Trindade e realizado entre 2022 e 2024) o ASIDH/UFPE em diálogo com o Povo Karaxuwanassu elaborou um importante relatório sobre os DESCA do povo.[/highlight][/justify]","[highlight=transparent]A iniciativa tem o potencial de ser expandida para muitos espaços na Cidade do Recife e Região Metropolitana, tendo em vista a necessidade latente de discussão sobre os DESCA, o direito à cidade e à moradia adequada que é evidenciado pelos longos conflitos de ocupação territorial urbana, bem como a forte necessidade de proteção dos direitos humanos das populações vulneráveis nesses contextos.[/highlight]"
"","Inovação Científica","sim","Pesquisa & Extensão Inovadora","[justify]	[highlight=transparent]O Programa de Extensão Acesso ao Sistema Interamericano de Direitos Humanos (ASIDH/UFPE) opera há 13 anos, sendo fruto do modelo freiriano de educação, que rompe os muros da universidade para atuar de forma crítica e transformadora na sociedade, garantindo uma escuta acolhedora em suas atividades com grupos vulnerabilizados. O ASIDH/UFPE propõe uma nova prática jurídica voltada para os direitos humanos, integrando extensão, pesquisa, ação e formação cidadã de modo interdisciplinar associado ao diálogo contínuo entre instituições do sistema judiciário brasileiro e o Sistema Interamericano de Direitos Humanos.[/highlight][/justify]
[justify]	[highlight=transparent]Atualmente, o programa desenvolve cinco eixos temáticos de trabalho, dentre os quais está o “Direitos Econômicos, Sociais, Culturais e Ambientais (DESCA), cidade e moradia adequada”, que tem o intuito de promover os direitos econômicos, sociais, culturais e ambientais (DESCA), com foco em populações urbanas vulnerabilizadas, além do direito à cidade e à moradia adequada e digna. Nessa iniciativa, o Programa atua no acompanhamento de comunidades ameaçadas por remoções forçadas e violações do direito à moradia.[/highlight][/justify]
[justify]	[highlight=transparent]Exemplo disso é o peticionamento à Comissão Interamericana de Direitos Humanos em 2024 (junto ao Programa Direito à Cidade do Centro Dom Helder Camara de Estudos e Ação Social – Cendhec) quanto ao caso da comunidade Vila Esperança, uma Zona Especial de Interesse Social (ZEIS) desde 1994, situada em Recife. A Vila buscou sua preservação e evitar a retirada de mais de 250 famílias que seriam afetadas pela desapropriação no local, diante das obras de construção da Ponte Jaime Gusmão.[/highlight][/justify]
[justify]	[highlight=transparent]Além disso, a iniciativa também faz um importante trabalho junto aos indígenas em contexto urbano na Cidade do Recife e Região Metropolitana, como o Povo Karaxuwanassu, na luta pelo reconhecimento como povo indígena e para a proteção de seus direitos.[/highlight][/justify]","[justify][highlight=transparent]O ASIDH/UFPE, em parceria com o Programa Direito à Cidade do Cendhec e apoio das organizações Misereor Ação Justa Global, da Fundação OAK, do Fundo Casa Socioambiental, e da Fundação Selavip, lançou em agosto de 2024 o manual “Propriedade, Cidade e Moradia Adequada: direitos, boas práticas e hermenêutica”. Esse manual tem o intuito de auxiliar na formação de advogados e demais operadores do direito no que diz respeito ao direito à cidade, à propriedade e à moradia, sob a ótica do Direito Internacional dos Direitos Humanos e a própria legislação brasileira.[/highlight][/justify]
[justify][highlight=transparent]Também, através do projeto de pesquisa “Os sistemas de justiça tradicional de povos indígenas situados no Estado de Pernambuco” (aprovado pela Fundação de Amparo à Ciência e Tecnologia do Estado de Pernambuco (FACEPE) através do Edital FACEPE nº 29/2021 Estudos Étnico-Raciais Solano Trindade e realizado entre 2022 e 2024) o ASIDH/UFPE em diálogo com o Povo Karaxuwanassu elaborou um importante relatório sobre os DESCA do povo.[/highlight][/justify]","[highlight=transparent]A iniciativa tem o potencial de ser expandida para muitos espaços na Cidade do Recife e Região Metropolitana, tendo em vista a necessidade latente de discussão sobre os DESCA, o direito à cidade e à moradia adequada que é evidenciado pelos longos conflitos de ocupação territorial urbana, bem como a forte necessidade de proteção dos direitos humanos das populações vulneráveis nesses contextos.[/highlight]"
"sim","","","Empreendedorismo Social","Brasília, 23 de novembro
de 2022
BGP - Publicado em 21/11/2022 - Ano 6 Edição 11.14 ISSN 1111-1111
INSTITUTO FEDERAL DE EDUCAÇÃO, CIÊNCIA E TECNOLOGIA DE PERNAMBUCO
Campus Recife
Portaria CREC/IFPE nº 592, de 21 de novembro de 2022
O DIRETOR-GERAL DO CAMPUS RECIFE DO INSTITUTO FEDERAL DE EDUCAÇÃO CIÊNCIA E TECNOLOGIA DE
PERNAMBUCO, no uso de suas atribuições conferidas pela Portaria nº 506/2020-GR, de 30/04/2020, publicada
no DOU de 05 de maio de 2020, seção 02, página 84, considerando o Processo nº 23295.032729/2022-59 e
o Ofício Circular nº 20/2022 – PROEXT,
RESOLVE:
Art 1° Instituir equipe do NÚCLEO DE EMPREENDEDORISMO DO IFPE (NEI) – CAMPUS RECIFE, composta pelos
seguintes membros:
NOME SIAPE FUNÇÃO
Francisco de Melo Granata 1228352 Coordenador
Marnix Carlos de Vocht 1893937 Secretário
Marcos Antonio Viegas Filho 1539363 Membro/Substituto do Coordenador
Eli André de Barros Filho 1243111 Membro/Substituto do Secretário
Art. 2° Conforme Resolução CONSUP/IFPE nº 152, de 22 de setembro de 2022, que aprovou o Regulamento Geral
dos Núcleos de Empreendedorismo do IFPE (NEIs), os núcleos têm como objetivos:
I - atuar sobre os ambientes de inovação, a exemplo de pré-incubadoras, incubadoras, aceleradoras, parques
tecnológicos, espaços makers, centros de inovação, coworkings, projetos integradores, entre outros, na
perspectiva de colaborar para um ecossistema empreendedor inovador;
II - incentivar o uso de laboratórios e ambientes de inovação para apoiar a geração de empreendimentos;
III - estimular a atuação de egressos em programas e ações voltados ao empreendedorismo;
IV - participar, de forma sistemática, de fóruns de discussão e proposição de políticas públicas voltadas ao
empreendedorismo;
V - ampliar ações que promovam empregabilidade, empreendedorismo social ou empreendedorismo solidário;
VI - criar e fortalecer redes de empreendedores e parceiros institucionais;
https://boletim.sigepe.planejamento.gov.br/publicacao/detalhar/153410 1/3VII - estimular a promoção de práticas educacionais que valorizem o protagonismo estudantil voltadas para a
geração de empreendimentos e para o desenvolvimento de competências como as soft skills;
VIII - apoiar a criação e a consolidação de empreendimentos estudantis, como empresas juniores, entre outros;
IX - colaborar com os laboratórios de empreendedorismo e núcleos de pré-incubação de empreendimentos
tecnológicos, industriais, agrícolas, sociais e da economia colaborativa, criativa e solidária, entre outros, com
possibilidade de parceria com órgãos públicos e entidades privadas;
X - incentivar a participação de servidores, discentes e egressos do IFPE em editais de fomento que consistam
em ações voltadas ao atendimento, apoio e orientação a microempreendedores individuais (MEIs), micro e
pequenos empreendedores (MPEs), startups e terceiro setor;
XI - realizar e incentivar a participação de servidores, discentes e egressos do IFPE em eventos, tais como
palestras; apresentação de trabalhos e ideias inovadoras; desaos de startups e maratonas de
empreendedorismo; workshops; e minicursos, seja no ambiente virtual, físico ou híbrido, de acordo com a
realidade de cada campus;
XII - organizar ações e/ou eventos interdisciplinares em conjunto com componentes curriculares de
Empreendedorismo, entre outros, nos campi e também fora da instituição;
XIII - incentivar o associativismo e o cooperativismo, por meio das ações realizadas pelos NEIs; IFPE;
XIV - colaborar em ações de internacionalização do IFPE;
XV - atuar de maneira colaborativa com as ações relacionadas à curricularização da extensão no IFPE;
XVI - desenvolver ações de implantação e implementação das políticas de empreendedorismo e ecossistemas de
inovação, conforme as demandas existentes nos campi e polos de Educação a Distância (EaD), bem como nas
diretrizes do Ministério da Educação; e
XVII - incentivar a prestação de serviços tecnológicos por parte dos servidores do IFPE.
XVIII- estimular, promover, incentivar ações empreendedoras juntos aos grupos temáticos existentes no IFPE, a
saber: Núcleos de Atendimento às Pessoas com Necessidades Especícas (Napne), Núcleos de Estudos Afro-
brasileiros e Indígenas (Neabi) e os Núcleos de Gênero e Diversidade dos Campi do Instituto.
Art. 3° O NEI terá duração de 1 ano e se reunirá mensalmente, em caráter ordinário, e extraordinariamente,
sempre que necessário, podendo, nesse caso, a reunião ser requerida pelo Coordenador.
§ 1° As proposições dispostas nas reuniões serão aprovadas pela maioria simples de votos dos membros
presentes, com quórum mínimo de 3 (três) membros.
§ 2° Em caso de empate, o voto de desempate (ou de qualidade) será exercido pelo coordenador.
§ 3° Fica vedada a divulgação de discussões em curso sem a prévia anuência do coordenador.
§ 4° Nos termos do art. 6°, inciso VI, do Decreto no 9.759, de 11 de abril de 2019, ca vedada a criação de
subcomissões por ato deliberado na reunião.
§ 5° As reuniões cujos membros estejam em estados ou municípios distintos serão realizadas por
videoconferência.
Art. 4° As medidas decorrentes das reuniões serão apresentadas à Direção-Geral do [b][i]Campus [/i][/b]Recife - DGCR e à
Diretoria de Políticas Institucionais e Extensão - DPI, responsáveis pelo tema/processo pertinente à Comissão,
por meio de relatórios semestaris das atividades realizadas.
Art 5° Caberá ao Coordenador, quando necessário, submeter ao Diretor-geral a estimativa dos gastos com
diárias e passagens para os membros da comissão, em observância à disponibilidade orçamentária e nanceira
para o exercício em curso, na hipótese de ser demonstrada, de modo fundamentado, a inviabilidade ou a
inconveniência de se realizar a reunião por videoconferência.
https://boletim.sigepe.planejamento.gov.br/publicacao/detalhar/153410 2/3[color=rgb(51, 51, 51)]Art. 6° Esta Portaria entra em vigor na data de sua publicação.[/color]
MARIVALDO RODRIGUES ROSAS
Documento assinado eletronicamente , com certicado digital, por MARIVALDO RODRIGUES ROSAS, Diretor, em
21/11/2022, às 17:11,
[b][i]conforme horário ocial de Brasília, com fundamento no Decreto nº 10.543, de 13 de novembro de 2020[/i][/b]
A autenticidade deste documento poderá ser vericada acessando o link:
https://boletim.sigepe.planejamento.gov.br/publicacao/detalhar/153410
Sistema de Gestão de Pessoas - Sigepe
https://boletim.sigepe.planejamento.gov.br/publicacao/detalhar/153410 3/3
","NEI-CR - Principais Ações 

1) Criação da Fusão Consultoria Jr, Multi Áreas (Engenharia Civil, Engenharia Mecânica, Gestão Ambiental, Gestão de Turismo), Filiada à FEJEPE

2) Parcerias: ITEP, IIDV, SEBRAE-PE, ASSIF-PE

3) Empreendedorismo: IIDV Incubadora, Sala do Empreendedor Sebrae, Startup Way

4) Ensino: Disciplinas de Empreendedorismo, Elaborações de PITCH e Planos de Negócios - em Todos os Cursos Técnicos e Cursos Superiores 

5) Extensão: Evento Gestão no Todo, semestral, Docentes da Área de Acadêmica de Administração

6) Criação do Programa “Várzea do Futuro”, Extensão e Pesquisa:
Projeto Plataforma Várzea do Futuro (lançamento no Rec’n’Play 2025), Projeto Fórum “Várzea do Futuro” (realização em maio de 2026)","No grupo estamos reunindo Pessoas que tem ou possa ter interesse em colaborar com uma Várzea melhor para os próximos anos 

Nós somos Professores, Pesquisadores, Gestores Ambientais, Engenheiros, Produtores Culturais, Profissionais Liberais, Estudantes, entre tantas atividades que exercemos 

Criamos um canal rápido e acessível para nos comunicarmos - Plataforma “Várzea do Futuro” 

Acreditamos neste Empreendimento de Inovação Social, e acreditamos que juntos iremos encontrar uma Várzea mais alegre e vibrante em futuro próximo"
"sim","","","Empreendedorismo Social","Brasília, 23 de novembro
de 2022
BGP - Publicado em 21/11/2022 - Ano 6 Edição 11.14 ISSN 1111-1111
INSTITUTO FEDERAL DE EDUCAÇÃO, CIÊNCIA E TECNOLOGIA DE PERNAMBUCO
Campus Recife
Portaria CREC/IFPE nº 592, de 21 de novembro de 2022
O DIRETOR-GERAL DO CAMPUS RECIFE DO INSTITUTO FEDERAL DE EDUCAÇÃO CIÊNCIA E TECNOLOGIA DE
PERNAMBUCO, no uso de suas atribuições conferidas pela Portaria nº 506/2020-GR, de 30/04/2020, publicada
no DOU de 05 de maio de 2020, seção 02, página 84, considerando o Processo nº 23295.032729/2022-59 e
o Ofício Circular nº 20/2022 – PROEXT,
RESOLVE:
Art 1° Instituir equipe do NÚCLEO DE EMPREENDEDORISMO DO IFPE (NEI) – CAMPUS RECIFE, composta pelos
seguintes membros:
NOME SIAPE FUNÇÃO
Francisco de Melo Granata 1228352 Coordenador
Marnix Carlos de Vocht 1893937 Secretário
Marcos Antonio Viegas Filho 1539363 Membro/Substituto do Coordenador
Eli André de Barros Filho 1243111 Membro/Substituto do Secretário
Art. 2° Conforme Resolução CONSUP/IFPE nº 152, de 22 de setembro de 2022, que aprovou o Regulamento Geral
dos Núcleos de Empreendedorismo do IFPE (NEIs), os núcleos têm como objetivos:
I - atuar sobre os ambientes de inovação, a exemplo de pré-incubadoras, incubadoras, aceleradoras, parques
tecnológicos, espaços makers, centros de inovação, coworkings, projetos integradores, entre outros, na
perspectiva de colaborar para um ecossistema empreendedor inovador;
II - incentivar o uso de laboratórios e ambientes de inovação para apoiar a geração de empreendimentos;
III - estimular a atuação de egressos em programas e ações voltados ao empreendedorismo;
IV - participar, de forma sistemática, de fóruns de discussão e proposição de políticas públicas voltadas ao
empreendedorismo;
V - ampliar ações que promovam empregabilidade, empreendedorismo social ou empreendedorismo solidário;
VI - criar e fortalecer redes de empreendedores e parceiros institucionais;
https://boletim.sigepe.planejamento.gov.br/publicacao/detalhar/153410 1/3VII - estimular a promoção de práticas educacionais que valorizem o protagonismo estudantil voltadas para a
geração de empreendimentos e para o desenvolvimento de competências como as soft skills;
VIII - apoiar a criação e a consolidação de empreendimentos estudantis, como empresas juniores, entre outros;
IX - colaborar com os laboratórios de empreendedorismo e núcleos de pré-incubação de empreendimentos
tecnológicos, industriais, agrícolas, sociais e da economia colaborativa, criativa e solidária, entre outros, com
possibilidade de parceria com órgãos públicos e entidades privadas;
X - incentivar a participação de servidores, discentes e egressos do IFPE em editais de fomento que consistam
em ações voltadas ao atendimento, apoio e orientação a microempreendedores individuais (MEIs), micro e
pequenos empreendedores (MPEs), startups e terceiro setor;
XI - realizar e incentivar a participação de servidores, discentes e egressos do IFPE em eventos, tais como
palestras; apresentação de trabalhos e ideias inovadoras; desaos de startups e maratonas de
empreendedorismo; workshops; e minicursos, seja no ambiente virtual, físico ou híbrido, de acordo com a
realidade de cada campus;
XII - organizar ações e/ou eventos interdisciplinares em conjunto com componentes curriculares de
Empreendedorismo, entre outros, nos campi e também fora da instituição;
XIII - incentivar o associativismo e o cooperativismo, por meio das ações realizadas pelos NEIs; IFPE;
XIV - colaborar em ações de internacionalização do IFPE;
XV - atuar de maneira colaborativa com as ações relacionadas à curricularização da extensão no IFPE;
XVI - desenvolver ações de implantação e implementação das políticas de empreendedorismo e ecossistemas de
inovação, conforme as demandas existentes nos campi e polos de Educação a Distância (EaD), bem como nas
diretrizes do Ministério da Educação; e
XVII - incentivar a prestação de serviços tecnológicos por parte dos servidores do IFPE.
XVIII- estimular, promover, incentivar ações empreendedoras juntos aos grupos temáticos existentes no IFPE, a
saber: Núcleos de Atendimento às Pessoas com Necessidades Especícas (Napne), Núcleos de Estudos Afro-
brasileiros e Indígenas (Neabi) e os Núcleos de Gênero e Diversidade dos Campi do Instituto.
Art. 3° O NEI terá duração de 1 ano e se reunirá mensalmente, em caráter ordinário, e extraordinariamente,
sempre que necessário, podendo, nesse caso, a reunião ser requerida pelo Coordenador.
§ 1° As proposições dispostas nas reuniões serão aprovadas pela maioria simples de votos dos membros
presentes, com quórum mínimo de 3 (três) membros.
§ 2° Em caso de empate, o voto de desempate (ou de qualidade) será exercido pelo coordenador.
§ 3° Fica vedada a divulgação de discussões em curso sem a prévia anuência do coordenador.
§ 4° Nos termos do art. 6°, inciso VI, do Decreto no 9.759, de 11 de abril de 2019, ca vedada a criação de
subcomissões por ato deliberado na reunião.
§ 5° As reuniões cujos membros estejam em estados ou municípios distintos serão realizadas por
videoconferência.
Art. 4° As medidas decorrentes das reuniões serão apresentadas à Direção-Geral do [b][i]Campus [/i][/b]Recife - DGCR e à
Diretoria de Políticas Institucionais e Extensão - DPI, responsáveis pelo tema/processo pertinente à Comissão,
por meio de relatórios semestaris das atividades realizadas.
Art 5° Caberá ao Coordenador, quando necessário, submeter ao Diretor-geral a estimativa dos gastos com
diárias e passagens para os membros da comissão, em observância à disponibilidade orçamentária e nanceira
para o exercício em curso, na hipótese de ser demonstrada, de modo fundamentado, a inviabilidade ou a
inconveniência de se realizar a reunião por videoconferência.
https://boletim.sigepe.planejamento.gov.br/publicacao/detalhar/153410 2/3[color=rgb(51, 51, 51)]Art. 6° Esta Portaria entra em vigor na data de sua publicação.[/color]
MARIVALDO RODRIGUES ROSAS
Documento assinado eletronicamente , com certicado digital, por MARIVALDO RODRIGUES ROSAS, Diretor, em
21/11/2022, às 17:11,
[b][i]conforme horário ocial de Brasília, com fundamento no Decreto nº 10.543, de 13 de novembro de 2020[/i][/b]
A autenticidade deste documento poderá ser vericada acessando o link:
https://boletim.sigepe.planejamento.gov.br/publicacao/detalhar/153410
Sistema de Gestão de Pessoas - Sigepe
https://boletim.sigepe.planejamento.gov.br/publicacao/detalhar/153410 3/3
","NEI-CR - Principais Ações 

1) Criação da Fusão Consultoria Jr, Multi Áreas (Engenharia Civil, Engenharia Mecânica, Gestão Ambiental, Gestão de Turismo), Filiada à FEJEPE

2) Parcerias: ITEP, IIDV, SEBRAE-PE, ASSIF-PE

3) Empreendedorismo: IIDV Incubadora, Sala do Empreendedor Sebrae, Startup Way

4) Ensino: Disciplinas de Empreendedorismo, Elaborações de PITCH e Planos de Negócios - em Todos os Cursos Técnicos e Cursos Superiores 

5) Extensão: Evento Gestão no Todo, semestral, Docentes da Área de Acadêmica de Administração

6) Criação do Programa “Várzea do Futuro”, Extensão e Pesquisa:
Projeto Plataforma Várzea do Futuro (lançamento no Rec’n’Play 2025), Projeto Fórum “Várzea do Futuro” (realização em maio de 2026)","No grupo estamos reunindo Pessoas que tem ou possa ter interesse em colaborar com uma Várzea melhor para os próximos anos 

Nós somos Professores, Pesquisadores, Gestores Ambientais, Engenheiros, Produtores Culturais, Profissionais Liberais, Estudantes, entre tantas atividades que exercemos 

Criamos um canal rápido e acessível para nos comunicarmos - Plataforma “Várzea do Futuro” 

Acreditamos neste Empreendimento de Inovação Social, e acreditamos que juntos iremos encontrar uma Várzea mais alegre e vibrante em futuro próximo"
"","Inovação Científica","sim","Pesquisa & Extensão Inovadora","Brasília, 23 de novembro
de 2022
BGP - Publicado em 21/11/2022 - Ano 6 Edição 11.14 ISSN 1111-1111
INSTITUTO FEDERAL DE EDUCAÇÃO, CIÊNCIA E TECNOLOGIA DE PERNAMBUCO
Campus Recife
Portaria CREC/IFPE nº 592, de 21 de novembro de 2022
O DIRETOR-GERAL DO CAMPUS RECIFE DO INSTITUTO FEDERAL DE EDUCAÇÃO CIÊNCIA E TECNOLOGIA DE
PERNAMBUCO, no uso de suas atribuições conferidas pela Portaria nº 506/2020-GR, de 30/04/2020, publicada
no DOU de 05 de maio de 2020, seção 02, página 84, considerando o Processo nº 23295.032729/2022-59 e
o Ofício Circular nº 20/2022 – PROEXT,
RESOLVE:
Art 1° Instituir equipe do NÚCLEO DE EMPREENDEDORISMO DO IFPE (NEI) – CAMPUS RECIFE, composta pelos
seguintes membros:
NOME SIAPE FUNÇÃO
Francisco de Melo Granata 1228352 Coordenador
Marnix Carlos de Vocht 1893937 Secretário
Marcos Antonio Viegas Filho 1539363 Membro/Substituto do Coordenador
Eli André de Barros Filho 1243111 Membro/Substituto do Secretário
Art. 2° Conforme Resolução CONSUP/IFPE nº 152, de 22 de setembro de 2022, que aprovou o Regulamento Geral
dos Núcleos de Empreendedorismo do IFPE (NEIs), os núcleos têm como objetivos:
I - atuar sobre os ambientes de inovação, a exemplo de pré-incubadoras, incubadoras, aceleradoras, parques
tecnológicos, espaços makers, centros de inovação, coworkings, projetos integradores, entre outros, na
perspectiva de colaborar para um ecossistema empreendedor inovador;
II - incentivar o uso de laboratórios e ambientes de inovação para apoiar a geração de empreendimentos;
III - estimular a atuação de egressos em programas e ações voltados ao empreendedorismo;
IV - participar, de forma sistemática, de fóruns de discussão e proposição de políticas públicas voltadas ao
empreendedorismo;
V - ampliar ações que promovam empregabilidade, empreendedorismo social ou empreendedorismo solidário;
VI - criar e fortalecer redes de empreendedores e parceiros institucionais;
https://boletim.sigepe.planejamento.gov.br/publicacao/detalhar/153410 1/3VII - estimular a promoção de práticas educacionais que valorizem o protagonismo estudantil voltadas para a
geração de empreendimentos e para o desenvolvimento de competências como as soft skills;
VIII - apoiar a criação e a consolidação de empreendimentos estudantis, como empresas juniores, entre outros;
IX - colaborar com os laboratórios de empreendedorismo e núcleos de pré-incubação de empreendimentos
tecnológicos, industriais, agrícolas, sociais e da economia colaborativa, criativa e solidária, entre outros, com
possibilidade de parceria com órgãos públicos e entidades privadas;
X - incentivar a participação de servidores, discentes e egressos do IFPE em editais de fomento que consistam
em ações voltadas ao atendimento, apoio e orientação a microempreendedores individuais (MEIs), micro e
pequenos empreendedores (MPEs), startups e terceiro setor;
XI - realizar e incentivar a participação de servidores, discentes e egressos do IFPE em eventos, tais como
palestras; apresentação de trabalhos e ideias inovadoras; desaos de startups e maratonas de
empreendedorismo; workshops; e minicursos, seja no ambiente virtual, físico ou híbrido, de acordo com a
realidade de cada campus;
XII - organizar ações e/ou eventos interdisciplinares em conjunto com componentes curriculares de
Empreendedorismo, entre outros, nos campi e também fora da instituição;
XIII - incentivar o associativismo e o cooperativismo, por meio das ações realizadas pelos NEIs; IFPE;
XIV - colaborar em ações de internacionalização do IFPE;
XV - atuar de maneira colaborativa com as ações relacionadas à curricularização da extensão no IFPE;
XVI - desenvolver ações de implantação e implementação das políticas de empreendedorismo e ecossistemas de
inovação, conforme as demandas existentes nos campi e polos de Educação a Distância (EaD), bem como nas
diretrizes do Ministério da Educação; e
XVII - incentivar a prestação de serviços tecnológicos por parte dos servidores do IFPE.
XVIII- estimular, promover, incentivar ações empreendedoras juntos aos grupos temáticos existentes no IFPE, a
saber: Núcleos de Atendimento às Pessoas com Necessidades Especícas (Napne), Núcleos de Estudos Afro-
brasileiros e Indígenas (Neabi) e os Núcleos de Gênero e Diversidade dos Campi do Instituto.
Art. 3° O NEI terá duração de 1 ano e se reunirá mensalmente, em caráter ordinário, e extraordinariamente,
sempre que necessário, podendo, nesse caso, a reunião ser requerida pelo Coordenador.
§ 1° As proposições dispostas nas reuniões serão aprovadas pela maioria simples de votos dos membros
presentes, com quórum mínimo de 3 (três) membros.
§ 2° Em caso de empate, o voto de desempate (ou de qualidade) será exercido pelo coordenador.
§ 3° Fica vedada a divulgação de discussões em curso sem a prévia anuência do coordenador.
§ 4° Nos termos do art. 6°, inciso VI, do Decreto no 9.759, de 11 de abril de 2019, ca vedada a criação de
subcomissões por ato deliberado na reunião.
§ 5° As reuniões cujos membros estejam em estados ou municípios distintos serão realizadas por
videoconferência.
Art. 4° As medidas decorrentes das reuniões serão apresentadas à Direção-Geral do [b][i]Campus [/i][/b]Recife - DGCR e à
Diretoria de Políticas Institucionais e Extensão - DPI, responsáveis pelo tema/processo pertinente à Comissão,
por meio de relatórios semestaris das atividades realizadas.
Art 5° Caberá ao Coordenador, quando necessário, submeter ao Diretor-geral a estimativa dos gastos com
diárias e passagens para os membros da comissão, em observância à disponibilidade orçamentária e nanceira
para o exercício em curso, na hipótese de ser demonstrada, de modo fundamentado, a inviabilidade ou a
inconveniência de se realizar a reunião por videoconferência.
https://boletim.sigepe.planejamento.gov.br/publicacao/detalhar/153410 2/3[color=rgb(51, 51, 51)]Art. 6° Esta Portaria entra em vigor na data de sua publicação.[/color]
MARIVALDO RODRIGUES ROSAS
Documento assinado eletronicamente , com certicado digital, por MARIVALDO RODRIGUES ROSAS, Diretor, em
21/11/2022, às 17:11,
[b][i]conforme horário ocial de Brasília, com fundamento no Decreto nº 10.543, de 13 de novembro de 2020[/i][/b]
A autenticidade deste documento poderá ser vericada acessando o link:
https://boletim.sigepe.planejamento.gov.br/publicacao/detalhar/153410
Sistema de Gestão de Pessoas - Sigepe
https://boletim.sigepe.planejamento.gov.br/publicacao/detalhar/153410 3/3
","NEI-CR - Principais Ações 

1) Criação da Fusão Consultoria Jr, Multi Áreas (Engenharia Civil, Engenharia Mecânica, Gestão Ambiental, Gestão de Turismo), Filiada à FEJEPE

2) Parcerias: ITEP, IIDV, SEBRAE-PE, ASSIF-PE

3) Empreendedorismo: IIDV Incubadora, Sala do Empreendedor Sebrae, Startup Way

4) Ensino: Disciplinas de Empreendedorismo, Elaborações de PITCH e Planos de Negócios - em Todos os Cursos Técnicos e Cursos Superiores 

5) Extensão: Evento Gestão no Todo, semestral, Docentes da Área de Acadêmica de Administração

6) Criação do Programa “Várzea do Futuro”, Extensão e Pesquisa:
Projeto Plataforma Várzea do Futuro (lançamento no Rec’n’Play 2025), Projeto Fórum “Várzea do Futuro” (realização em maio de 2026)","No grupo estamos reunindo Pessoas que tem ou possa ter interesse em colaborar com uma Várzea melhor para os próximos anos 

Nós somos Professores, Pesquisadores, Gestores Ambientais, Engenheiros, Produtores Culturais, Profissionais Liberais, Estudantes, entre tantas atividades que exercemos 

Criamos um canal rápido e acessível para nos comunicarmos - Plataforma “Várzea do Futuro” 

Acreditamos neste Empreendimento de Inovação Social, e acreditamos que juntos iremos encontrar uma Várzea mais alegre e vibrante em futuro próximo"
"","Inovação Social","sim","Letramento Digital","O [b]Programando o Futuro[/b] é um bootcamp 100% presencial em [b]letramento digital e programação full stack[/b], oferecendo a primeira formação tecnológica para jovens do ensino médio de escolas públicas do Recife pertencentes a grupos historicamente sub-representados (pessoas pretas e pardas, mulheres, pessoas LGBTQIAPN+ e jovens com renda per capita inferior a 1,5 salário mínimo). A iniciativa é realizada pelo [b]CESAR[/b], em parceria com o [b]Instituto Embraer[/b], por meio do edital [b]Ciência Diversa[/b].
As aulas, com [b]64 horas de duração[/b], acontecem na [b]CESAR School[/b] e abordam [b]letramento digital, lógica de programação, front-end e back-end[/b]. O programa pretende formar ao menos [b]180 jovens até 2025[/b], com uma metodologia baseada no [b]encantamento e protagonismo estudantil[/b], unindo [b]gamificação[/b] e [b]aprendizagem por projetos[/b] — o que garante [b]altas taxas de engajamento e certificação (93%)[/b].
O processo seletivo adota [b]critérios inclusivos[/b], promovendo diversidade e impacto social concreto. Além da formação técnica, o programa desenvolve [b]soft skills[/b] e [b]perspectivas profissionais[/b] na área de tecnologia. O [b]corpo docente e a monitoria[/b], compostos integralmente por [b]mulheres[/b], junto a uma equipe diversa de operação, reforçam o compromisso com a [b]equidade de gênero e representatividade[/b].
Mais do que ensinar tecnologia, o [b]Programando o Futuro[/b] constrói [b]pontes entre juventudes e oportunidades[/b], traduzindo na prática o poder da [b]diversidade como motor da inovação[/b] e da construção de um [b]futuro digital mais justo e plural[/b].
Video 01: [url=https://drive.google.com/file/d/1OsslYa1FMU75eNcND0RmmhEohFQYf9Xe/view?usp=drivesdk]https://drive.google.com/file/d/1OsslYa1FMU75eNcND0RmmhEohFQYf9Xe/view?usp=drivesdk[/url]
 Video 02: [url=https://drive.google.com/file/d/1Nit2gQLhGrEssGFITW5AUiYJ9ojyKQjH/view?usp=drivesdk]https://drive.google.com/file/d/1Nit2gQLhGrEssGFITW5AUiYJ9ojyKQjH/view?usp=drivesdk[/url]","[highlight=transparent]O Programando o Futuro se destaca não apenas pela proposta pedagógica inovadora, mas também pela forma [/highlight][b][highlight=transparent]como mede e comunica seus resultados.[/highlight][/b][highlight=transparent] Os indicadores do programa têm caráter de ambidestria, combinando [/highlight][b][highlight=transparent]métricas de aprendizagem técnica, experiência do estudante e inclusão social.[/highlight][/b][highlight=transparent] Desde o processo seletivo, a inclusão é tratada como eixo central. O uso de critérios afirmativos garante diversidade entre os participantes: 60% de pessoas pretas ou pardas, 28% de mulheres e 80% com renda per capita inferior a R$ 1,5 mil. Esses dados revelam um impacto social direto sobre a inclusão digital e a empregabilidade de jovens em situação de vulnerabilidade, [/highlight][b][highlight=transparent]ampliando suas oportunidades de ingresso no setor tecnológico. [/highlight][/b][highlight=transparent]A satisfação dos participantes é aferida ao fim de cada módulo, avaliando conteúdo, metodologia e atuação docente. O programa alcançou [/highlight][b][highlight=transparent]nota média de 4,66 (em 5)[/highlight][/b][highlight=transparent], com evasão de apenas 6,8%, resultando em [/highlight][b][highlight=transparent]93,2% de certificação[/highlight][/b][highlight=transparent]: índices de excelência em formações de curta duração. Além dos números, os resultados também aparecem em projetos autorais desenvolvidos pelos estudantes, que aplicam o conhecimento adquirido para resolver problemas reais. Entre os exemplos está o Educakids, uma plataforma gamificada voltada a crianças neurodivergentes, criada por alunos que vivenciam o tema em suas famílias. O impacto do Programando o Futuro vai além da capacitação técnica: ele transforma trajetórias e consolida um modelo de formação que alia tecnologia, diversidade e propósito, comprovando que aprender pode ser um ato concreto de transformação social.[/highlight]","[highlight=transparent]O [/highlight][b][highlight=transparent]Programando o Futuro[/highlight][/b][highlight=transparent] possui alto potencial de [/highlight][b][highlight=transparent]replicabilidade e escala[/highlight][/b][highlight=transparent], sustentado por um [/highlight][b][highlight=transparent]desenho pedagógico modular[/highlight][/b][highlight=transparent], de [/highlight][b][highlight=transparent]baixo custo[/highlight][/b][highlight=transparent] e [/highlight][b][highlight=transparent]fácil adaptação[/highlight][/b][highlight=transparent] a diferentes contextos educacionais. Sua estrutura organiza a jornada de aprendizagem em três etapas: [/highlight][b][highlight=transparent]letramento digital[/highlight][/b][highlight=transparent], [/highlight][b][highlight=transparent]lógica de programação[/highlight][/b][highlight=transparent] e [/highlight][b][highlight=transparent]desenvolvimento front-end e back-end[/highlight][/b][highlight=transparent]. Essa sequência progressiva permite que o programa seja implementado tanto para públicos iniciantes quanto para aqueles que já possuem algum contato prévio com tecnologia. Com [/highlight][b][highlight=transparent]carga horária flexível[/highlight][/b][highlight=transparent] e [/highlight][b][highlight=transparent]materiais didáticos acessíveis[/highlight][/b][highlight=transparent], o modelo pode ser aplicado em [/highlight][b][highlight=transparent]escolas públicas, centros de inovação, universidades, organizações sociais[/highlight][/b][highlight=transparent] e em [/highlight][b][highlight=transparent]políticas públicas de formação digital[/highlight][/b][highlight=transparent]. O formato modular e o uso de recursos acessíveis possibilitam sua adoção por instituições com diferentes níveis de infraestrutura tecnológica. A base metodológica de [/highlight][b][highlight=transparent]aprendizagem baseada em projetos[/highlight][/b][highlight=transparent] amplia o potencial de adaptação, pois permite que cada grupo desenvolva soluções alinhadas aos [/highlight][b][highlight=transparent]Objetivos de Desenvolvimento Sustentável (ODS)[/highlight][/b][highlight=transparent] mais relevantes ao seu território. Assim, o conteúdo técnico se conecta às demandas locais, gerando resultados significativos e contextualizados. O programa também conta com [/highlight][b][highlight=transparent]documentação pedagógica estruturada[/highlight][/b][highlight=transparent], [/highlight][b][highlight=transparent]instrumentos de avaliação[/highlight][/b][highlight=transparent] e [/highlight][b][highlight=transparent]indicadores de impacto validados[/highlight][/b][highlight=transparent], o que facilita a transferência da metodologia e a formação de novos multiplicadores. Além disso, o [/highlight][b][highlight=transparent]modelo de parcerias interinstitucionais[/highlight][/b][highlight=transparent] — entre setor privado, terceiro setor e ecossistemas de inovação — oferece uma base sólida para sua expansão.  [/highlight]"
"sim","","","Startup Tração","A FH Data é uma startup recifense especializada em inteligência de dados e inteligência artificial aplicada à gestão pública e corporativa. Nossa iniciativa nasce da constatação de uma dor estrutural: a baixa integração e utilização estratégica de dados pelos órgãos públicos e empresas locais, o que limita decisões baseadas em evidências e reduz a eficiência operacional. Essa lacuna impede que políticas públicas e iniciativas privadas alcancem seu pleno potencial de impacto social e econômico.

Combinando tecnologia e ciência de dados, a FH Data desenvolve soluções que transformam dados dispersos em informação estratégica para tomada de decisão. Através de projetos com órgãos públicos e grandes empresas — incluindo multinacionais e organizações do ecossistema de inovação pernambucano —, implantamos sistemas de BI, predição de demanda, indicadores de desempenho e automação analítica, promovendo uma verdadeira cultura data-driven.

Nosso objetivo é democratizar o acesso à inteligência analítica, permitindo que gestores públicos e privados tomem decisões com base em métricas claras, previsões confiáveis e evidências. Isso gera impactos diretos: otimização de recursos, transparência na gestão, maior previsibilidade orçamentária e melhor entrega de serviços à população.

Em apenas um ano, a FH Data consolidou-se como referência regional, sendo reconhecida pelo Porto Digital como a startup com maior potencial de escalabilidade em 2024 e integrando a comunidade ForbesBLK em 2025. Hoje, nossas soluções impactam diretamente a eficiência de grandes players do mercado e criam base para políticas públicas orientadas por dados, reforçando o papel do Recife como polo de inovação e inteligência aplicada à gestão.","Em menos de dois anos de operação, a FH Data consolidou uma trajetória de crescimento acelerado e sustentável, refletindo sua maturidade organizacional e capacidade de entregar resultados concretos. O faturamento anual ultrapassou a marca de R$ 1 milhão em 2024, com crescimento médio trimestral de 35%. A base de clientes expandiu-se para diferentes segmentos — incluindo granes empresas como Vibra energia, Suzano, Estadão, Brose, Porto Digital, Emprel, entre outros —, demonstrando a escalabilidade do modelo de negócio e a confiança do mercado.

Entre os principais resultados gerados, destacam-se:

[ml][ul][li indent=0 align=left]Redução média de 28% no tempo de análise de indicadores em clientes corporativos, por meio da automação de relatórios e integração de fontes de dados;[/li][li indent=0 align=left]Aumento de até 40% na eficiência operacional em projetos de gestão pública e empresarial baseados em BI e IA;[/li][li indent=0 align=left]Implementação de modelos preditivos que elevaram a assertividade de decisões estratégicas (como predição de demanda e análise de elasticidade comercial);[/li][li indent=0 align=left]Reconhecimento pelo Porto Digital como Startup com maior potencial de escalabilidade em 2024;[/li][/ul][/ml]
Participação em eventos de destaque nacional, como a Campus Party Brasil, e integração à comunidade ForbesBLK em 2025, ampliando a visibilidade e posicionamento da marca como referência em dados e inovação.

Os resultados demonstram que a FH Data vai além da oferta de tecnologia: ela viabiliza uma nova mentalidade de gestão baseada em evidências. Com isso, contribui diretamente para a transformação digital do Recife e para a consolidação da cidade como um polo de inteligência de dados no Brasil.","A FH Data foi concebida com um modelo de negócio escalável, sustentado por soluções tecnológicas modulares e replicáveis em diferentes contextos setoriais e territoriais. Nossas plataformas e metodologias de análise de dados são construídas em arquitetura em nuvem e baseadas no ecossistema Microsoft, permitindo fácil integração com sistemas legados e rápida adaptação às realidades de cada cliente — seja em órgãos públicos, indústrias, comércio ou saúde.

Essa estrutura possibilita a replicação de soluções analíticas complexas com baixo custo marginal e alta eficiência técnica. Projetos implementados em empresas do setor privado, por exemplo, já foram adaptados para contextos públicos, otimizando processos de gestão e transparência. O mesmo framework de Business Intelligence, predição e automação analítica utilizado por multinacionais pode ser aplicado a secretarias municipais ou estatais, com resultados equivalentes em ganho de eficiência e tomada de decisão baseada em dados.

A escalabilidade da FH Data é comprovada pelo crescimento contínuo da base de clientes e pela expansão geográfica das operações, com projetos já em execução em diferentes estados do Nordeste. Além disso, a empresa investe em padronização metodológica e automação de processos de implantação, o que reduz o tempo médio de setup de projetos de 90 para 25 dias.

Em médio e longo prazo, o impacto da FH Data se estende à criação de uma cultura de gestão data-driven, ampliando o uso de inteligência artificial e indicadores preditivos em organizações de diferentes portes. Com isso, a startup contribui para um ecossistema mais maduro, eficiente e sustentável — fortalecendo o papel do Recife como referência nacional em transformação digital orientada por dados."
"","Inovação Científica","sim","Pesquisa & Extensão Inovadora","A análise exploratória e econométrica através do método de fronteira estocástica, com regressões lineares de dados em painel, com efeitos aleatórios, revelou associação positiva e altamente significativa entre a arrecadação do IPTU com a do IPVA, indicativo da existência potencial de arrecadação com o imposto que não está sendo aproveitado. O estudo confirma que burocracia especializada é essencial para a efetiva realização da receita pública municipal, uma vez que garante lançamento e fiscalização adequados do tributo, favorece a revisão e a atualização periódica da planta de valores venais dos imóveis urbanos e do cadastro imobiliário, instrumentos essenciais para que o imposto seja arrecadado com efetividade e equidade.","A estimativa de crescimento da arrecadação feita a partir de índice de desempenho do IPTU arrecadado mostrou que o índice médio de desempenho do IPTU per capita em Pernambuco é de 0,36 e que mais da metade dos municípios se encontra abaixo dessa média. Constatou-se que a arrecadação com IPTU tem potencial para crescer, em média, 63%, de acordo com o IPTU arrecadado em 2022. Quanto à burocracia, foi constatado que a existência de gestão tributária adequada tem correlação positiva de 0,31 (p-valor < 0,01) com o desempenho na arrecadação do IPTU.","A metodologia adotada e descrita parte de dados objetivos e disponíveis publicamente e a técnica de análise por agrupamento pode ser adaptada para considerar estimativas de desempenho do IPTU por bairro, além de permitir a inclusão ou exclusão de variáveis, tais como: valor venal dos imóveis, taxa de adimplência e comparativo da receita prevista com arrecadada."
"","Startup Inovadora","sim","Startup Tração","A FH Data é uma startup recifense especializada em inteligência de dados e inteligência artificial aplicada à gestão pública e corporativa. Nossa iniciativa nasce da constatação de uma dor estrutural: a baixa integração e utilização estratégica de dados pelos órgãos públicos e empresas locais, o que limita decisões baseadas em evidências e reduz a eficiência operacional. Essa lacuna impede que políticas públicas e iniciativas privadas alcancem seu pleno potencial de impacto social e econômico.

Combinando tecnologia e ciência de dados, a FH Data desenvolve soluções que transformam dados dispersos em informação estratégica para tomada de decisão. Através de projetos com órgãos públicos e grandes empresas — incluindo multinacionais e organizações do ecossistema de inovação pernambucano —, implantamos sistemas de BI, predição de demanda, indicadores de desempenho e automação analítica, promovendo uma verdadeira cultura data-driven.

Nosso objetivo é democratizar o acesso à inteligência analítica, permitindo que gestores públicos e privados tomem decisões com base em métricas claras, previsões confiáveis e evidências. Isso gera impactos diretos: otimização de recursos, transparência na gestão, maior previsibilidade orçamentária e melhor entrega de serviços à população.

Em apenas um ano, a FH Data consolidou-se como referência regional, sendo reconhecida pelo Porto Digital como a startup com maior potencial de escalabilidade em 2024 e integrando a comunidade ForbesBLK em 2025. Hoje, nossas soluções impactam diretamente a eficiência de grandes players do mercado e criam base para políticas públicas orientadas por dados, reforçando o papel do Recife como polo de inovação e inteligência aplicada à gestão.","Em menos de dois anos de operação, a FH Data consolidou uma trajetória de crescimento acelerado e sustentável, refletindo sua maturidade organizacional e capacidade de entregar resultados concretos. O faturamento anual ultrapassou a marca de R$ 1 milhão em 2024, com crescimento médio trimestral de 35%. A base de clientes expandiu-se para diferentes segmentos — incluindo granes empresas como Vibra energia, Suzano, Estadão, Brose, Porto Digital, Emprel, entre outros —, demonstrando a escalabilidade do modelo de negócio e a confiança do mercado.

Entre os principais resultados gerados, destacam-se:

[ml][ul][li indent=0 align=left]Redução média de 28% no tempo de análise de indicadores em clientes corporativos, por meio da automação de relatórios e integração de fontes de dados;[/li][li indent=0 align=left]Aumento de até 40% na eficiência operacional em projetos de gestão pública e empresarial baseados em BI e IA;[/li][li indent=0 align=left]Implementação de modelos preditivos que elevaram a assertividade de decisões estratégicas (como predição de demanda e análise de elasticidade comercial);[/li][li indent=0 align=left]Reconhecimento pelo Porto Digital como Startup com maior potencial de escalabilidade em 2024;[/li][/ul][/ml]
Participação em eventos de destaque nacional, como a Campus Party Brasil, e integração à comunidade ForbesBLK em 2025, ampliando a visibilidade e posicionamento da marca como referência em dados e inovação.

Os resultados demonstram que a FH Data vai além da oferta de tecnologia: ela viabiliza uma nova mentalidade de gestão baseada em evidências. Com isso, contribui diretamente para a transformação digital do Recife e para a consolidação da cidade como um polo de inteligência de dados no Brasil.","A FH Data foi concebida com um modelo de negócio escalável, sustentado por soluções tecnológicas modulares e replicáveis em diferentes contextos setoriais e territoriais. Nossas plataformas e metodologias de análise de dados são construídas em arquitetura em nuvem e baseadas no ecossistema Microsoft, permitindo fácil integração com sistemas legados e rápida adaptação às realidades de cada cliente — seja em órgãos públicos, indústrias, comércio ou saúde.

Essa estrutura possibilita a replicação de soluções analíticas complexas com baixo custo marginal e alta eficiência técnica. Projetos implementados em empresas do setor privado, por exemplo, já foram adaptados para contextos públicos, otimizando processos de gestão e transparência. O mesmo framework de Business Intelligence, predição e automação analítica utilizado por multinacionais pode ser aplicado a secretarias municipais ou estatais, com resultados equivalentes em ganho de eficiência e tomada de decisão baseada em dados.

A escalabilidade da FH Data é comprovada pelo crescimento contínuo da base de clientes e pela expansão geográfica das operações, com projetos já em execução em diferentes estados do Nordeste. Além disso, a empresa investe em padronização metodológica e automação de processos de implantação, o que reduz o tempo médio de setup de projetos de 90 para 25 dias.

Em médio e longo prazo, o impacto da FH Data se estende à criação de uma cultura de gestão data-driven, ampliando o uso de inteligência artificial e indicadores preditivos em organizações de diferentes portes. Com isso, a startup contribui para um ecossistema mais maduro, eficiente e sustentável — fortalecendo o papel do Recife como referência nacional em transformação digital orientada por dados."
"","Inovação Científica","sim","Pesquisa & Extensão Inovadora","[justify]Desde 2022, o [b]Projeto de Extensão Tecnológica (PET) Logística[/b] vem transformando a Escola Técnica Estadual Professor Agamenon Magalhães (ETEPAM), uma Escola Técnica Estadual (ETE) localizada no bairro do espinheiro com proximidade à encruzilhada no município de Recife-PE, conectando a educação técnica às demandas do setor produtivo e no aprimorando as competências e habilidades profissionais dos estudantes envolvidos. A iniciativa nasceu da percepção de uma dor recorrente como docente do curso técnico integrado de Logística - a necessidade de intervenção sobre a realidade de distanciamento entre a formação técnica e o mundo do trabalho, que se apresenta como um desafio para a inserção dos jovens.[/justify]
[justify]Com edições anuais, o PET Logística promove um ciclo de formação, experimentação e inovação, no qual estudantes vivenciam um ambiente colaborativo de aprendizagem tecnológica. A cada edição, o projeto estabelece parceria com uma empresa, promove capacitações em tecnologias emergentes e metodologias de inovação orientadas pela metodologia de aprendizagem baseada em projetos e problemas. Ao final, os estudantes desenvolvem soluções aplicadas relacionado ao contexto da edição do projeto, que versa em melhorar processos logísticos.[/justify]
[justify]A iniciativa alcança o desafio público de fortalecer o ecossistema de inovação local, aproximando escola, empresa e comunidade em torno de problemas reais da cidade. Nos últimos anos, o PET Logística gerou impactos concretos, sendo estes mais de 150 estudantes capacitados, três soluções tecnológicas prototipadas, e parcerias com empresas, contribuindo para o diferencial competitivo dos jovens através da oportunidade de empenhar esforços em desenvolver o produto tecnológico do projeto, mas principalmente de ampliarem as suas possibilidades de carreira e horizontes de futuro quando saírem da formação básica e técnica. [/justify]
[justify]Mais do que ensinar, o projeto inspira, ao despertar nos jovens o entusiasmo por aprender, inovar e acreditar no seu potencial transformador, o PET Logística reforça a ETEPAM como um espaço de aprendizagem tradicional e representativo na formação profissional, e corrobora em tornar protagonista a educação profissional na inovação social e científica que o Recife pode fortalecer e avançar.[/justify]
[justify][/justify]","[justify]Entre os resultados, destacam-se a capacitação anual de dezenas de estudantes em competências técnicas e digitais demandadas pela Indústria 4.0 e 5.0, potencializando a aprendizagem e o protagonismo dos jovens da ETEPAM na proposição de soluções reais para o mercado. A iniciativa já envolveu mais de 150 estudantes, dentre eles 40 bolsistas de iniciação científica através da escrita do projeto em editais de financiamento, sendo envolvidos em atividades de formação e desenvolvimento de projetos tecnológicos voltados à melhoria de processos logísticos, e dentre as edições realizadas já foram realizados com foco em rastreabilidade de cargas, mapeamento de fluxo de valor, análise de dados e experiência do cliente.[/justify]
[justify]O projeto promove o engajamento estudantil a partir de metodologias ativas, como [i]hackathons [/i]e desafios práticos, estimulando a autonomia, o trabalho colaborativo e a criatividade. Além disso, contribui para o fortalecimento da cultura de inovação na escola técnica, fazendo com que os estudantes percebam a aplicação concreta dos conhecimentos aprendidos em sala de aula e sua relevância para o mundo do trabalho. Dentre os protótipos e soluções desenvolvidas, todas contemplaram potencial aplicação nas empresas parceiras, gerando benefícios como eficiência operacional, melhoria na comunicação com o cliente e uso de indicadores de desempenho para tomada de decisão.[/justify]
[justify]Os resultados são evidenciados pelo alto índice de engajamento pelos estudantes, com mais de 90% de presença nas capacitações e participação efetiva nas etapas de desenvolvimento das soluções, sendo um dos projetos mais esperados por eles ao longo do ano. As empresas parceiras relatam satisfação com as soluções e reconhecem a importância para o desenvolvimento dos estudantes. Com impacto direto na formação profissional, o PET Logística demonstra que a educação profissional pode ser um espaço de transformação social, científica e tecnológica, formando jovens protagonistas preparados para os novos desafios do mundo do trabalho.[/justify]","[justify]O PET Logística apresenta potencial de escalabilidade por seu desenho metodológico flexível, baseado em trilhas formativas modulares, metodologias ativas e conexão com problemáticas reais do setor produtivo. A estrutura do projeto permite que haja reconfiguração dos módulos de formação conforme o perfil dos estudantes, o tempo disponível na matriz curricular e os temas de interesse, possibilita soluções sob medida, fortalecendo a identidade regional dos cursos técnicos e o vínculo com o mercado de trabalho que podem contemplar particularidades regionais, arranjos produtivos locais e necessidades específicas de empresas parceiras. [/justify]
[justify]O formato de capacitação prática e colaborativa permite que os resultados sejam observados em curto prazo e se consolidem em médio e longo prazo ao sensibilizar e apresentar potenciais tecnologias e diferentes contextos de inovação, potencializar o protagonismo estudantil e seu compromisso na entrega a ser conferida em cada edição do projeto.[/justify]
A estratégia de capacitação por competências, com uso de tecnologias acessíveis e gratuitas (como Figma, Bizagi, Canva, Excel Solver, CodePen), torna o projeto replicável em instituições públicas com diferentes níveis de infraestrutura tecnológica. Além disso, o uso de Hackathons como metodologia de seleção estimula protagonismo estudantil, podendo ser facilmente ajustado a outras áreas técnicas além da Logística.
A articulação entre escola, setor produtivo e os estudantes bolsistas promove uma cultura de inovação aberta e aprendizagem por projetos integradores, que pode ser replicada na EPT por meio de parcerias locais. A produção de materiais didáticos próprios, como ebooks, registros digitais e modelos de diários de bordo, também contribui para a disseminação e reaplicação da metodologia."
"","Startup Inovadora","sim","Startup Ascenção","A iniciativa propõe a transformação digital da Gerência Regional de Educação (GRE) do Sertão do Médio São Francisco através de um sistema de Inteligência Artificial (IA) acessível via WhatsApp, complementado por uma plataforma web.
A dor central identificada no setor público é a ineficiência administrativa e a burocracia excessiva na gestão financeira e prestação de contas dos recursos escolares, agravada por problemas de conectividade em áreas rurais. Isso resulta em servidores focados em tarefas manuais, alto índice de erros e morosidade, desviando o foco da atividade-fim: a educação.

Objetivos da Proposta:
[ml][ol][li indent=0 align=left]Automatizar a Gestão: Usar agentes de IA para processar documentos, analisar dados e monitorar prazos de gasto e prestação de contas.[/li][li indent=0 align=left]Simplificar a Interação: Utilizar o WhatsApp como interface primária, aproveitando a familiaridade do usuário para garantir alta adesão e reduzir a curva de aprendizado.[/li][li indent=0 align=left]Garantir a Inclusão: Desenvolver funcionalidade [i]offline[/i] para escolas em áreas remotas, assegurando que limitações de infraestrutura não impeçam a gestão.[/li][/ol][/ml]
Impacto Esperado (Solução para o Desafio Público): A solução endereça diretamente o desafio ao substituir a burocracia por eficiência radical. A automação das tarefas repetitivas (lançamentos financeiros, monitoramento de prazos) tem o potencial de reduzir em até 70% o tempo gasto em atividades manuais e gerar uma economia de até 30% nos custos administrativos.
Isso libera os servidores para funções pedagógicas estratégicas. A IA gera [i]insights[/i] preditivos para tomadas de decisão baseadas em dados, enquanto a plataforma assegura transparência total com registros auditáveis, fortalecendo a governança pública e a confiança na aplicação dos recursos educacionais. A acessibilidade via WhatsApp e a funcionalidade [i]offline[/i] garantem que a inovação seja inclusiva, transformando a gestão em toda a região.","Ganhos Quantitativos: Espera-se uma redução de até 70% no tempo gasto em tarefas manuais de gestão e uma economia de até 30% nos custos operacionais administrativos, permitindo a realocação de recursos para atividades pedagógicas. Indicadores de desempenho incluem o aumento da Taxa de Conformidade (Prestação de Contas) para 95% no primeiro envio (minimizando diligências) e uma redução de 50% no Tempo Médio de Análise pela GRE. A facilidade do WhatsApp projeta uma alta Adesão Tecnológica (90%) pelos gestores escolares.

Ganhos Qualitativos e Impacto: A iniciativa fortalece a Governança e Transparência, pois a IA gera relatórios de aplicação de recursos em tempo real e auditáveis, elevando o padrão de [i]accountability[/i]. Promove a Otimização do Ambiente de Trabalho, eliminando a frustração da burocracia e aumentando a produtividade dos servidores. O resultado mais crucial é a Promoção da Equidade e Inclusão Digital através da funcionalidade [i]offline[/i], garantindo que escolas rurais, com infraestrutura limitada, tenham o mesmo acesso e eficiência na gestão dos recursos, permitindo que a Tomada de Decisão Estratégica do Gestor da GRE seja baseada em dados concretos.","A solução de IA e gestão via WhatsApp para a GRE do Sertão do Médio São Francisco foi arquitetada com modularidade e tecnologia [i]low-code[/i], garantindo alta escalabilidade e reprodutibilidade em outros contextos e territórios.

Evidências de Escalabilidade:
[ml][ol][li indent=0 align=left]Modularidade da Arquitetura: O sistema é baseado em agentes de IA independentes e módulos de [i]back-end[/i] desacoplados. Isso significa que, ao expandir para outra GRE (dentro de Pernambuco) ou para outros estados, basta replicar o módulo central e adaptá-lo às regulamentações locais, sem reescrever todo o código. Essa característica valida o modelo de negócios para expansão estadual e nacional.[/li][li indent=0 align=left]Infraestrutura Resiliente ([i]Offline[/i] e [i]Cloud[/i]): A capacidade de operar [i]offline[/i] e a acessibilidade via WhatsApp (uma plataforma com mais de 2 bilhões de usuários globais) eliminam a necessidade de [i]hardware[/i] complexo ou de altos investimentos em infraestrutura local por parte dos novos clientes. O uso de computação em nuvem garante que a solução possa absorver o aumento de usuários (milhares de escolas e analistas) de forma imediata e econômica.[/li][/ol][/ml]
Adaptabilidade a Outros Contextos Públicos: A dor central (burocracia e ineficiência na prestação de contas) é comum a diversos setores públicos. A solução pode ser facilmente adaptada para:
[ml][ul][li indent=0 align=left]Saúde: Gestão e prestação de contas de recursos de custeio e manutenção de Unidades de Pronto Atendimento (UPAs) ou hospitais regionais.[/li][li indent=0 align=left]Administração Municipal: Gestão de convênios e fiscalização de obras, onde o monitoramento de prazos e o [i]upload[/i] de documentos de conformidade (fotos, medições) são cruciais.[/li][li indent=0 align=left]Outras Gerências Regionais de Educação (GREs): A replicação em Pernambuco é imediata, servindo como modelo de excelência para todas as regiões do Nordeste.[/li][/ul][/ml]
Impacto de Médio e Longo Prazo: No médio prazo, o projeto gera um Case de Sucesso robusto para a startup, demonstrando capacidade de entrega em ambientes desafiadores. Isso aumenta a credibilidade, facilitando a captação de investimentos e o acesso a editais de inovação ([i]govtech[/i]).
No longo prazo, a iniciativa estabelece um novo padrão nacional de digitalização pública. Ao comprovar que a tecnologia sofisticada (IA) pode ser simples (WhatsApp) e inclusiva (funcionalidade [i]offline[/i]), o projeto incentiva políticas públicas nacionais voltadas à adoção de tecnologias acessíveis em órgãos com baixa maturidade digital. Esse avanço contribui diretamente para reduzir assimetrias regionais e democratizar o acesso a serviços públicos eficientes em todo o país."
"","Startup Inovadora","sim","Startup conectada com a cidade","A Move’s é uma tecnologia de informação e comunicação (TIC) voltada à inclusão no turismo, que tem como objetivo reduzir as barreiras informacionais enfrentadas por pessoas com mobilidade reduzida, famílias com crianças pequenas e tutores de animais de estimação na escolha de destinos e serviços turísticos. A solução responde diretamente ao desafio da falta de informações padronizadas e acessíveis sobre a infraestrutura e os elementos de acessibilidade de hotéis, restaurantes, atrativos e espaços públicos, o que limita o direito de ir e vir e a participação social dessas pessoas.

Disponível em versão beta nas lojas de aplicativos, a Move’s permite que o usuário acesse e avalie estabelecimentos segundo critérios de acessibilidade. Já os empreendimentos podem cadastrar gratuitamente seus espaços e destacar os elementos acessíveis oferecidos. Assim, o aplicativo atua como um mapa colaborativo da acessibilidade turística, estimulando a transparência das informações e a tomada de decisão baseada em dados.

O impacto esperado é social, econômico e institucional: social, ao promover o turismo inclusivo e o protagonismo das pessoas com deficiência; econômico, ao ampliar o alcance de estabelecimentos acessíveis e movimentar um mercado de mais de 24 milhões de brasileiros com deficiência (IBGE, 2022); e institucional, ao gerar dados georreferenciados que podem subsidiar políticas públicas de acessibilidade e turismo inteligente.

A Move’s nasce de uma pesquisa acadêmica de doutorado e já é apoiada por programas de inovação como FACEPE, ParqTec/UFPE e Tecnova III, atuando como um elo entre ciência, tecnologia e inclusão.

","A trajetória da Move’s tem se consolidado por meio de resultados concretos em inovação, impacto social e reconhecimento institucional. A startup foi selecionada e premiada em importantes editais de fomento à inovação no Brasil, incluindo o Centelha Pernambuco II (FACEPE/FINEP), o Compet AME – Programa de Apoio a Mulheres Empreendedoras, e o Tecnova III (FACEPE/FINEP), com foco em desenvolvimento tecnológico e expansão comercial. Esses programas garantiram recursos de subvenção econômica essenciais para o aprimoramento da plataforma, testes de usabilidade e estruturação do modelo de negócios.

Como resultado direto desses investimentos, a Move’s lançou sua versão beta para Android (Play Store) e iOS (Apple Store), atualmente em fase de validação com usuários reais. O aplicativo já conta com 20 estabelecimentos turísticos cadastrados, entre hotéis, pousadas, restaurantes, atrativos e profissionais do turismo, localizados na Região Metropolitana do Recife, além de 39 usuários ativos em fase de teste, que avaliam a acessibilidade física, comunicacional e atitudinal dos espaços visitados.

Em 2025, a Move’s também alcançou projeção nacional e internacional, participando de eventos de destaque como o MangueBit Recife 2025 e o congresso internacional Destinations for All 2025, realizado em Turim, Itália, onde o projeto foi apresentado como poster científico e caso de inovação brasileira em turismo acessível, ampliando a visibilidade da solução e conectando a marca a redes internacionais de pesquisa e inovação em acessibilidade.

Os resultados obtidos até o momento demonstram avanços tangíveis no desenvolvimento tecnológico, validação prática e reconhecimento público da Move’s. A startup vem contribuindo para fortalecer o ecossistema de turismo inclusivo no Brasil, estimulando a geração de dados sobre acessibilidade e promovendo uma cultura de inclusão, transparência e responsabilidade social no setor.","A Move’s foi concebida com uma arquitetura tecnológica escalável e adaptável a diferentes contextos territoriais e perfis de público, o que permite sua expansão para outras cidades e estados brasileiros, assim como sua replicação em países com desafios semelhantes em acessibilidade turística. O sistema foi desenvolvido em plataforma modular, com banco de dados georreferenciado e estrutura compatível com APIs públicas e privadas, possibilitando a integração com portais governamentais, iniciativas de cidades inteligentes e plataformas de turismo.

A metodologia de coleta e classificação das informações segue critérios técnicos de acessibilidade baseados em normas de acessibilidade, o que facilita a replicação em diferentes localidades sem perda de padronização. A cada novo município inserido, a plataforma gera mapas de acessibilidade e relatórios de diagnóstico que podem apoiar políticas públicas e planos diretores de turismo acessível.

Em médio prazo, o modelo de expansão prevê parcerias com prefeituras e secretarias de turismo por meio de contratos B2G (governo), permitindo o uso dos dados gerados pela Move’s para o planejamento urbano e turístico inclusivo. No longo prazo, a iniciativa visa consolidar uma rede nacional de destinos acessíveis, conectando dados de estabelecimentos, usuários e gestores públicos.

A experiência de validação na Região Metropolitana do Recife comprova a viabilidade técnica e social da solução, demonstrando que o modelo pode ser rapidamente replicado em outros territórios. O apoio obtido em editais como Centelha PE II, Compet AME e Tecnova III reforça a sustentabilidade da expansão e a credibilidade institucional da startup.

Com isso, a Move’s apresenta alto potencial de escala e impacto duradouro, posicionando-se como uma referência brasileira em tecnologia e inclusão no turismo acessível."
"sim","","","Startup Tração","A Consultoria de Agentes Inteligentes propõe acelerar a transformação digital do setor público por meio do desenvolvimento e implementação de agentes baseados em Inteligência Artificial (IA) capazes de automatizar processos, aprimorar o atendimento ao cidadão e apoiar a tomada de decisão com dados em tempo real.
O desafio central enfrentado pelos órgãos públicos é a [b]baixa eficiência operacional e a sobrecarga de tarefas manuais[/b], que resultam em lentidão, custos elevados e perda de qualidade no serviço prestado à população. Segundo o [i]Banco Mundial (2023)[/i], servidores públicos brasileiros dedicam até [b]40% do tempo a atividades repetitivas e de baixo valor analítico[/b], enquanto a demanda por serviços digitais cresce exponencialmente.
A iniciativa atua diretamente nessa dor, oferecendo uma [b]consultoria especializada em IA aplicada ao setor público[/b], que realiza diagnóstico de processos, desenha fluxos automatizados e implementa agentes inteligentes personalizados — como assistentes virtuais, sistemas de triagem de demandas, robôs de apoio à análise de dados e interfaces de atendimento multicanal.
Os principais objetivos são:
[ml][ol][li indent=0 align=left]Reduzir o tempo de resposta ao cidadão;[/li][li indent=0 align=left]Aumentar a eficiência administrativa e a transparência;[/li][li indent=0 align=left]Qualificar servidores para o uso ético e estratégico da IA;[/li][li indent=0 align=left]Estimular a inovação e a interoperabilidade entre sistemas públicos.[/li][/ol][/ml]O impacto esperado inclui [b]ganhos de até 60% em produtividade[/b], redução de custos operacionais e melhoria mensurável na satisfação dos usuários. A consultoria adota uma abordagem ética, transparente e alinhada às diretrizes de IA responsável, garantindo que a tecnologia sirva como instrumento de inclusão, eficiência e confiança pública.","A implementação da Consultoria de Agentes Inteligentes gerou resultados expressivos em eficiência operacional, qualidade de atendimento e inovação na gestão pública. As soluções desenvolvidas foram aplicadas em diferentes contextos — desde secretarias municipais até autarquias e instituições de ensino — com foco em automação de processos e uso estratégico de dados.
[b]Resultados quantitativos:[/b]
[ml][ul][li indent=0 align=left]Redução média de [b]55% no tempo de resposta[/b] a demandas administrativas e solicitações de cidadãos.[/li][li indent=0 align=left]Diminuição de [b]até 40% nos custos operacionais[/b] relacionados a tarefas repetitivas e manuais.[/li][li indent=0 align=left]Aumento de [b]70% na taxa de resolução de solicitações sem intervenção humana[/b], por meio de agentes inteligentes integrados a sistemas de gestão e atendimento.[/li][li indent=0 align=left]Melhoria de [b]35% na produtividade das equipes[/b], medida por indicadores de volume de processos concluídos e tempo médio por tarefa.[/li][/ul][/ml][b]Resultados qualitativos:[/b]
[ml][ul][li indent=0 align=left]Melhoria na [b]satisfação dos usuários internos e externos[/b], com relatos de maior agilidade e clareza nas respostas.[/li][li indent=0 align=left]Fortalecimento da [b]cultura de inovação e capacitação digital[/b] entre servidores públicos, com mais de 500 participantes treinados em fundamentos de IA e automação ética.[/li][li indent=0 align=left]Adoção de práticas de [b]governança de dados e uso responsável da IA[/b], reforçando a transparência e a confiança institucional.[/li][/ul][/ml][b]Indicadores de desempenho utilizados:[/b]
[ml][ul][li indent=0 align=left]Tempo médio de atendimento (TMA)[/li][li indent=0 align=left]Índice de satisfação do usuário (NPS)[/li][li indent=0 align=left]Taxa de automação de processos (% de fluxos automatizados)[/li][li indent=0 align=left]Custo operacional por serviço entregue[/li][li indent=0 align=left]Volume de decisões baseadas em dados versus intuição[/li][/ul][/ml]Em síntese, a iniciativa comprovou que o uso de agentes inteligentes no setor público [b]potencializa a entrega de valor ao cidadão[/b], libera equipes para atividades estratégicas e estabelece um novo paradigma de eficiência, inovação e confiança na administração pública.","A Consultoria de Agentes Inteligentes foi concebida com arquitetura modular e metodologia escalável, o que permite sua [b]adaptação a diferentes contextos institucionais, públicos e territórios[/b]. A solução combina diagnóstico de processos, desenho de fluxos automatizados e desenvolvimento de agentes de IA personalizados, seguindo padrões abertos e interoperáveis. Isso garante [b]facilidade de integração com sistemas já existentes[/b] e reduz barreiras técnicas ou financeiras para sua replicação.
A iniciativa pode ser aplicada em [b]diversos níveis da administração pública[/b] — municipal, estadual ou federal — bem como em organizações do terceiro setor e instituições de ensino. Sua metodologia baseada em dados e evidências possibilita ajustes rápidos conforme o porte da instituição, volume de demandas ou maturidade digital.
[b]Evidências de escalabilidade:[/b]
[ml][ul][li indent=0 align=left]Adoção bem-sucedida em projetos-piloto em diferentes áreas (atendimento ao cidadão, gestão documental e educação digital) com resultados consistentes em eficiência e satisfação.[/li][li indent=0 align=left]Uso de tecnologias de baixo custo e infraestrutura em nuvem, permitindo expansão sem necessidade de investimento em hardware.[/li][li indent=0 align=left]Metodologia de capacitação replicável, com trilhas formativas e materiais abertos que permitem a [b]formação de multiplicadores locais[/b].[/li][/ul][/ml][b]Impacto de médio e longo prazo:[/b]
[ml][ul][li indent=0 align=left]Criação de ecossistema público de inovação em IA, com agentes inteligentes que se aprimoram continuamente a partir de dados reais.[/li][li indent=0 align=left]Redução progressiva de custos operacionais e aumento da capacidade analítica institucional.[/li][li indent=0 align=left]Estabelecimento de práticas de governança de IA e transparência digital, consolidando bases para [b]políticas públicas sustentáveis e centradas no cidadão[/b].[/li][/ul][/ml]Assim, a iniciativa demonstra alto potencial de escala territorial e institucional, podendo ser replicada de forma sustentável em diferentes regiões e setores, fortalecendo a modernização do Estado e promovendo a democratização do acesso à inteligência artificial no serviço público."
"","Startup Inovadora","sim","Startup Ascenção","A Consultoria de Agentes Inteligentes propõe acelerar a transformação digital do setor público por meio do desenvolvimento e implementação de agentes baseados em Inteligência Artificial (IA) capazes de automatizar processos, aprimorar o atendimento ao cidadão e apoiar a tomada de decisão com dados em tempo real.
O desafio central enfrentado pelos órgãos públicos é a [b]baixa eficiência operacional e a sobrecarga de tarefas manuais[/b], que resultam em lentidão, custos elevados e perda de qualidade no serviço prestado à população. Segundo o [i]Banco Mundial (2023)[/i], servidores públicos brasileiros dedicam até [b]40% do tempo a atividades repetitivas e de baixo valor analítico[/b], enquanto a demanda por serviços digitais cresce exponencialmente.
A iniciativa atua diretamente nessa dor, oferecendo uma [b]consultoria especializada em IA aplicada ao setor público[/b], que realiza diagnóstico de processos, desenha fluxos automatizados e implementa agentes inteligentes personalizados — como assistentes virtuais, sistemas de triagem de demandas, robôs de apoio à análise de dados e interfaces de atendimento multicanal.
Os principais objetivos são:
[ml][ol][li indent=0 align=left]Reduzir o tempo de resposta ao cidadão;[/li][li indent=0 align=left]Aumentar a eficiência administrativa e a transparência;[/li][li indent=0 align=left]Qualificar servidores para o uso ético e estratégico da IA;[/li][li indent=0 align=left]Estimular a inovação e a interoperabilidade entre sistemas públicos.[/li][/ol][/ml]O impacto esperado inclui [b]ganhos de até 60% em produtividade[/b], redução de custos operacionais e melhoria mensurável na satisfação dos usuários. A consultoria adota uma abordagem ética, transparente e alinhada às diretrizes de IA responsável, garantindo que a tecnologia sirva como instrumento de inclusão, eficiência e confiança pública.","A implementação da Consultoria de Agentes Inteligentes gerou resultados expressivos em eficiência operacional, qualidade de atendimento e inovação na gestão pública. As soluções desenvolvidas foram aplicadas em diferentes contextos — desde secretarias municipais até autarquias e instituições de ensino — com foco em automação de processos e uso estratégico de dados.
[b]Resultados quantitativos:[/b]
[ml][ul][li indent=0 align=left]Redução média de [b]55% no tempo de resposta[/b] a demandas administrativas e solicitações de cidadãos.[/li][li indent=0 align=left]Diminuição de [b]até 40% nos custos operacionais[/b] relacionados a tarefas repetitivas e manuais.[/li][li indent=0 align=left]Aumento de [b]70% na taxa de resolução de solicitações sem intervenção humana[/b], por meio de agentes inteligentes integrados a sistemas de gestão e atendimento.[/li][li indent=0 align=left]Melhoria de [b]35% na produtividade das equipes[/b], medida por indicadores de volume de processos concluídos e tempo médio por tarefa.[/li][/ul][/ml][b]Resultados qualitativos:[/b]
[ml][ul][li indent=0 align=left]Melhoria na [b]satisfação dos usuários internos e externos[/b], com relatos de maior agilidade e clareza nas respostas.[/li][li indent=0 align=left]Fortalecimento da [b]cultura de inovação e capacitação digital[/b] entre servidores públicos, com mais de 500 participantes treinados em fundamentos de IA e automação ética.[/li][li indent=0 align=left]Adoção de práticas de [b]governança de dados e uso responsável da IA[/b], reforçando a transparência e a confiança institucional.[/li][/ul][/ml][b]Indicadores de desempenho utilizados:[/b]
[ml][ul][li indent=0 align=left]Tempo médio de atendimento (TMA)[/li][li indent=0 align=left]Índice de satisfação do usuário (NPS)[/li][li indent=0 align=left]Taxa de automação de processos (% de fluxos automatizados)[/li][li indent=0 align=left]Custo operacional por serviço entregue[/li][li indent=0 align=left]Volume de decisões baseadas em dados versus intuição[/li][/ul][/ml]Em síntese, a iniciativa comprovou que o uso de agentes inteligentes no setor público [b]potencializa a entrega de valor ao cidadão[/b], libera equipes para atividades estratégicas e estabelece um novo paradigma de eficiência, inovação e confiança na administração pública.","A Consultoria de Agentes Inteligentes foi concebida com arquitetura modular e metodologia escalável, o que permite sua [b]adaptação a diferentes contextos institucionais, públicos e territórios[/b]. A solução combina diagnóstico de processos, desenho de fluxos automatizados e desenvolvimento de agentes de IA personalizados, seguindo padrões abertos e interoperáveis. Isso garante [b]facilidade de integração com sistemas já existentes[/b] e reduz barreiras técnicas ou financeiras para sua replicação.
A iniciativa pode ser aplicada em [b]diversos níveis da administração pública[/b] — municipal, estadual ou federal — bem como em organizações do terceiro setor e instituições de ensino. Sua metodologia baseada em dados e evidências possibilita ajustes rápidos conforme o porte da instituição, volume de demandas ou maturidade digital.
[b]Evidências de escalabilidade:[/b]
[ml][ul][li indent=0 align=left]Adoção bem-sucedida em projetos-piloto em diferentes áreas (atendimento ao cidadão, gestão documental e educação digital) com resultados consistentes em eficiência e satisfação.[/li][li indent=0 align=left]Uso de tecnologias de baixo custo e infraestrutura em nuvem, permitindo expansão sem necessidade de investimento em hardware.[/li][li indent=0 align=left]Metodologia de capacitação replicável, com trilhas formativas e materiais abertos que permitem a [b]formação de multiplicadores locais[/b].[/li][/ul][/ml][b]Impacto de médio e longo prazo:[/b]
[ml][ul][li indent=0 align=left]Criação de ecossistema público de inovação em IA, com agentes inteligentes que se aprimoram continuamente a partir de dados reais.[/li][li indent=0 align=left]Redução progressiva de custos operacionais e aumento da capacidade analítica institucional.[/li][li indent=0 align=left]Estabelecimento de práticas de governança de IA e transparência digital, consolidando bases para [b]políticas públicas sustentáveis e centradas no cidadão[/b].[/li][/ul][/ml]Assim, a iniciativa demonstra alto potencial de escala territorial e institucional, podendo ser replicada de forma sustentável em diferentes regiões e setores, fortalecendo a modernização do Estado e promovendo a democratização do acesso à inteligência artificial no serviço público."
"sim","","","Inovação empresarial","[highlight=transparent]O [/highlight][b][highlight=transparent]Batom Inteligente[/highlight][/b][highlight=transparent] é uma inovação nascida em [/highlight][b][highlight=transparent]Recife[/highlight][/b][highlight=transparent], desenvolvida nos laboratórios do [/highlight][b][highlight=transparent]CESAR[/highlight][/b][highlight=transparent], no coração do [/highlight][b][highlight=transparent]Centro Histórico[/highlight][/b][highlight=transparent], em parceria com o [/highlight][b][highlight=transparent]Grupo Boticário[/highlight][/b][highlight=transparent] e a [/highlight][b][highlight=transparent]Neurobots[/highlight][/b][highlight=transparent]. A solução transforma o ato de aplicar batom em uma experiência [/highlight][b][highlight=transparent]acessível, segura e inclusiva[/highlight][/b][highlight=transparent], criada com e para [/highlight][b][highlight=transparent]pessoas com deficiência[/highlight][/b][highlight=transparent].[/highlight]
[highlight=transparent]O projeto responde à [/highlight][b][highlight=transparent]falta de acessibilidade na maquiagem[/highlight][/b][highlight=transparent], especialmente para pessoas cegas e com deficiência motora, que muitas vezes dependem de terceiros para realizar uma ação cotidiana e íntima. O Batom Inteligente elimina essa barreira com um [/highlight][b][highlight=transparent]mecanismo automatizado de umectação e aplicação[/highlight][/b][highlight=transparent], capaz de dosar a quantidade ideal de produto e oferecer [/highlight][b][highlight=transparent]feedbacks sonoros e táteis[/highlight][/b][highlight=transparent], garantindo autonomia e precisão.[/highlight]
[highlight=transparent]Toda a [/highlight][b][highlight=transparent]tecnologia envolvida é recifense[/highlight][/b][highlight=transparent], contando com [/highlight][b][highlight=transparent]quatro patentes registradas[/highlight][/b][highlight=transparent], [/highlight][b][highlight=transparent]incontáveis publicações científicas[/highlight][/b][highlight=transparent] e [/highlight][b][highlight=transparent]reconhecimento global[/highlight][/b][highlight=transparent]. O projeto foi [/highlight][b][highlight=transparent]concebido, prototipado e testado nos laboratórios do CESAR[/highlight][/b][highlight=transparent], e ganhou o mundo como um símbolo da capacidade de [/highlight][b][highlight=transparent]inovação com propósito social[/highlight][/b][highlight=transparent] que nasce no Recife.[/highlight]
[highlight=transparent]Durante o [/highlight][b][highlight=transparent]Rec’n’Play 2024[/highlight][/b][highlight=transparent], o Batom Inteligente foi testado [/highlight][b][highlight=transparent]ininterruptamente por quatro dias[/highlight][/b][highlight=transparent] pela [/highlight][b][highlight=transparent]população recifense[/highlight][/b][highlight=transparent], comprovando sua [/highlight][b][highlight=transparent]robustez técnica, confiabilidade e qualidade[/highlight][/b][highlight=transparent] — sem falhas ou interrupções. Desde então, [/highlight][b][highlight=transparent]mais de 5 mil pessoas já experimentaram o produto no Brasil e em outros países[/highlight][/b][highlight=transparent], consolidando sua relevância social e tecnológica.[/highlight]
[highlight=transparent]Desenvolvido sob uma [/highlight][b][highlight=transparent]metodologia de design participativo e colaboração horizontalizada[/highlight][/b][highlight=transparent], o projeto envolveu pessoas com deficiência em todas as etapas de decisão e criação, garantindo que cada detalhe tivesse [/highlight][b][highlight=transparent]impacto real na vida de quem mais precisava[/highlight][/b][highlight=transparent].[/highlight]
[highlight=transparent]O Batom Inteligente se tornou o [/highlight][b][highlight=transparent]primeiro projeto brasileiro a vencer o SXSW (South by Southwest)[/highlight][/b][highlight=transparent] — o [/highlight][b][highlight=transparent]Oscar da Inovação[/highlight][/b][highlight=transparent] —, levando o [/highlight][b][highlight=transparent]Recife a um patamar global de vanguarda tecnológica e humana[/highlight][/b][highlight=transparent], e provando que [/highlight][b][highlight=transparent]inovação feita em Pernambuco pode transformar o mundo[/highlight][/b][highlight=transparent].[/highlight]","[highlight=transparent]O projeto [/highlight][b][highlight=transparent]Batom Inteligente[/highlight][/b][highlight=transparent] acumula resultados expressivos que demonstram, com evidências qualitativas e quantitativas, por que ele é merecedor do reconhecimento.[/highlight]
[ml][ul][li indent=0 align=left][highlight=transparent]No âmbito internacional, o projeto foi [/highlight][b][highlight=transparent]vencedor[/highlight][/b][highlight=transparent] do prêmio [/highlight][b][highlight=transparent]SXSW Innovation Awards 2025[/highlight][/b][highlight=transparent] na categoria júri popular (People’s Choice Award). Ele foi o [/highlight][b][highlight=transparent]único projeto da América Latina a conquistar o prêmio[/highlight][/b][highlight=transparent] entre 55 concorrentes e o primeiro brasileiro na história da premiação.[/highlight][/li][li indent=0 align=left][highlight=transparent]A cobertura midiática foi ampla e de prestígio: veículos como[/highlight][color=rgb(0, 0, 0)][highlight=transparent][url=https://fastcompanybrasil.com/eventos/sxsw-2025/batom-inteligente-do-boticario-ganha-premio-no-sxsw/?utm_source=chatgpt.com] [/url][/highlight][/color][highlight=transparent][url=https://fastcompanybrasil.com/eventos/sxsw-2025/batom-inteligente-do-boticario-ganha-premio-no-sxsw/?utm_source=chatgpt.com]Fast Company Brasil destacaram o Batom Inteligente como tecnologia disruptiva de IA aplicada à inclusão[/url][/highlight][highlight=transparent]. Outro meio,[/highlight][color=rgb(0, 0, 0)][highlight=transparent][url=https://epocanegocios.globo.com/inteligencia-artificial/noticia/2024/10/batom-inteligente-o-boticario-cria-maquina-com-ia-que-aplica-maquiagem-em-pessoas-com-deficiencia.ghtml?utm_source=chatgpt.com] [/url][/highlight][/color][highlight=transparent][url=https://epocanegocios.globo.com/inteligencia-artificial/noticia/2024/10/batom-inteligente-o-boticario-cria-maquina-com-ia-que-aplica-maquiagem-em-pessoas-com-deficiencia.ghtml?utm_source=chatgpt.com]Época Negócios, detalhou o funcionamento do dispositivo e seu impacto para pessoas com deficiência.[/url][/highlight][/li][li indent=0 align=left][highlight=transparent]No plano técnico-científico, o projeto foi desenvolvido por uma equipe multidisciplinar de 42 profissionais (engenheiros, designers, especialistas em UX e diversidade) ao longo de[/highlight][highlight=transparent][url=https://www.cesar.org.br/painel/batom-inteligente-desenvolvido-pelo-cesar-e-grupo-boticario-e-premiado-no-sxsw-innovation-awards-2025/?utm_source=chatgpt.com] [b]sete anos que desenvolveu[/b] [b]tecnologias de inteligência artificial e visão computacional[/b] únicas no mundo.[/url][/highlight][/li][li indent=0 align=left][highlight=transparent]Até hoje, foram 4 patentes registradas de desenvolvimento de novos projetos, garantindo ineditismo da iniciativa, dando ainda mais peso à um projeto genuinamente recifense.[/highlight][/li][li indent=0 align=left][highlight=transparent]O Batom Inteligente também foi aceito e exporto na[/highlight][color=rgb(0, 0, 0)][highlight=transparent][url=https://oglobo.globo.com/economia/tecnologia/noticia/2025/01/06/boticario-faz-estreia-em-evento-de-tecnologia-com-prototipo-de-batom-inteligente.ghtml] [/url][/highlight][/color][highlight=transparent][url=https://oglobo.globo.com/economia/tecnologia/noticia/2025/01/06/boticario-faz-estreia-em-evento-de-tecnologia-com-prototipo-de-batom-inteligente.ghtml]CES 2025, o maior evento com foco em invenções do mundo, ganhando destaque a nível global.[/url][/highlight][/li][/ul][/ml][highlight=transparent]Em resumo: o Batom Inteligente prova desempenho de alto nível — tecnologia madura, validação internacional, visibilidade global e impacto real para seu público-alvo. Esses resultados reforçam que a iniciativa não apenas responde a uma dor concreta, mas também gera valor mensurável, servindo de exemplo para o ecossistema de inovação do Recife.[/highlight]","[highlight=transparent]A tecnologia por trás do Batom Inteligente foi concebida desde o início com um foco claro em [/highlight][b][highlight=transparent]expansão, adaptação e replicação[/highlight][/b][highlight=transparent], tanto em novos públicos quanto em diferentes territórios. Embora o projeto tenha nascido no ecossistema de inovação de Recife, a arquitetura técnica, a metodologia de co-criação e o modelo de negócio permitem que a solução seja facilmente escalada para [/highlight][b][highlight=transparent]outras partes do rosto[/highlight][/b][highlight=transparent], outras categorias de maquiagem, e diferentes contextos de uso.[/highlight]
[highlight=transparent]Tecnicamente, o dispositivo utiliza algoritmos de visão computacional e inteligência artificial para mapear a região labial do usuário e executar a aplicação com precisão. Essa mesma base pode ser adaptada para que, por exemplo, o sistema aplique [/highlight][b][highlight=transparent]delineador[/highlight][/b][highlight=transparent], [/highlight][b][highlight=transparent]sombra[/highlight][/b][highlight=transparent], [/highlight][b][highlight=transparent]blush[/highlight][/b][highlight=transparent], [/highlight][b][highlight=transparent]base ou corretivo[/highlight][/b][highlight=transparent] — sempre respeitando contornos faciais, variações de tom de pele, diferenças de formato e texturas. Ou seja: a máquina que hoje aciona o batom pode amanhã servir para maquiar a sobrancelha, contorno da face ou aplicação de máscara facial para pessoas com mobilidade reduzida ou deficiência visual.[/highlight]
[highlight=transparent]Em termos de público, a solução pode se deslocar do segmento de pessoas com deficiência visual ou motora para um público mais amplo: idosos com restrição de mobilidade, pessoas em recuperação motora ou com tremores, bem como ambientes assistidos em beleza e estética. Em ambiente profissional, salões de beleza poderiam oferecer esta máquina como diferencial de acessibilidade e inclusão para clientes que antes dependiam de assistência humana. Em contexto de varejo ou franquias de beleza, a plataforma pode ser replicada em diferentes cidades, estados ou países, aproveitando o know-how recifense, as patentes depositadas e o ecossistema de P&D montado no laboratório do CESAR.[/highlight]
[highlight=transparent]Em termos de impacto de médio e longo prazo, a solução está preparada para gerar [/highlight][b][highlight=transparent]um ecossistema de inovação complementar[/highlight][/b][highlight=transparent]: fabricantes de cosméticos, plataformas de serviços para pessoas com deficiência, redes de franquia de beleza (só o Grupo Boticário possue mais de 4 mil franquias no Brasil) e startups de tecnologia assistiva podem replicar a tecnologia com outras aplicações (por exemplo, cuidado da pele, aplicação de protetor solar, etc). O fato de a solução já contar com depósito de patentes e publicações em mídia especializada fortalece a capacidade de licenciamento, spin-off ou franquia tecnológica – abrindo caminho para que o produto, iniciado em Recife, se torne plataforma global de inclusão.[/highlight]
[highlight=transparent]Em resumo, o Batom Inteligente não é apenas uma solução pontual: ele foi desenhado para [/highlight][b][highlight=transparent]escalar[/highlight][/b][highlight=transparent], [/highlight][b][highlight=transparent]adaptar-se a novos usos[/highlight][/b][highlight=transparent] e [/highlight][b][highlight=transparent]replicar-se em diferentes públicos e territórios[/highlight][/b][highlight=transparent], fortalecendo não apenas o mercado da beleza, mas todo o ecossistema de inovação assistiva e inclusão social.[/highlight]"
"","Inovação Empresarial","sim","Inovação empresarial","[highlight=transparent]O [/highlight][b][highlight=transparent]Batom Inteligente[/highlight][/b][highlight=transparent] é uma inovação nascida em [/highlight][b][highlight=transparent]Recife[/highlight][/b][highlight=transparent], desenvolvida nos laboratórios do [/highlight][b][highlight=transparent]CESAR[/highlight][/b][highlight=transparent], no coração do [/highlight][b][highlight=transparent]Centro Histórico[/highlight][/b][highlight=transparent], em parceria com o [/highlight][b][highlight=transparent]Grupo Boticário[/highlight][/b][highlight=transparent] e a [/highlight][b][highlight=transparent]Neurobots[/highlight][/b][highlight=transparent]. A solução transforma o ato de aplicar batom em uma experiência [/highlight][b][highlight=transparent]acessível, segura e inclusiva[/highlight][/b][highlight=transparent], criada com e para [/highlight][b][highlight=transparent]pessoas com deficiência[/highlight][/b][highlight=transparent].[/highlight]
[highlight=transparent]O projeto responde à [/highlight][b][highlight=transparent]falta de acessibilidade na maquiagem[/highlight][/b][highlight=transparent], especialmente para pessoas cegas e com deficiência motora, que muitas vezes dependem de terceiros para realizar uma ação cotidiana e íntima. O Batom Inteligente elimina essa barreira com um [/highlight][b][highlight=transparent]mecanismo automatizado de umectação e aplicação[/highlight][/b][highlight=transparent], capaz de dosar a quantidade ideal de produto e oferecer [/highlight][b][highlight=transparent]feedbacks sonoros e táteis[/highlight][/b][highlight=transparent], garantindo autonomia e precisão.[/highlight]
[highlight=transparent]Toda a [/highlight][b][highlight=transparent]tecnologia envolvida é recifense[/highlight][/b][highlight=transparent], contando com [/highlight][b][highlight=transparent]quatro patentes registradas[/highlight][/b][highlight=transparent], [/highlight][b][highlight=transparent]incontáveis publicações científicas[/highlight][/b][highlight=transparent] e [/highlight][b][highlight=transparent]reconhecimento global[/highlight][/b][highlight=transparent]. O projeto foi [/highlight][b][highlight=transparent]concebido, prototipado e testado nos laboratórios do CESAR[/highlight][/b][highlight=transparent], e ganhou o mundo como um símbolo da capacidade de [/highlight][b][highlight=transparent]inovação com propósito social[/highlight][/b][highlight=transparent] que nasce no Recife.[/highlight]
[highlight=transparent]Durante o [/highlight][b][highlight=transparent]Rec’n’Play 2024[/highlight][/b][highlight=transparent], o Batom Inteligente foi testado [/highlight][b][highlight=transparent]ininterruptamente por quatro dias[/highlight][/b][highlight=transparent] pela [/highlight][b][highlight=transparent]população recifense[/highlight][/b][highlight=transparent], comprovando sua [/highlight][b][highlight=transparent]robustez técnica, confiabilidade e qualidade[/highlight][/b][highlight=transparent] — sem falhas ou interrupções. Desde então, [/highlight][b][highlight=transparent]mais de 5 mil pessoas já experimentaram o produto no Brasil e em outros países[/highlight][/b][highlight=transparent], consolidando sua relevância social e tecnológica.[/highlight]
[highlight=transparent]Desenvolvido sob uma [/highlight][b][highlight=transparent]metodologia de design participativo e colaboração horizontalizada[/highlight][/b][highlight=transparent], o projeto envolveu pessoas com deficiência em todas as etapas de decisão e criação, garantindo que cada detalhe tivesse [/highlight][b][highlight=transparent]impacto real na vida de quem mais precisava[/highlight][/b][highlight=transparent].[/highlight]
[highlight=transparent]O Batom Inteligente se tornou o [/highlight][b][highlight=transparent]primeiro projeto brasileiro a vencer o SXSW (South by Southwest)[/highlight][/b][highlight=transparent] — o [/highlight][b][highlight=transparent]Oscar da Inovação[/highlight][/b][highlight=transparent] —, levando o [/highlight][b][highlight=transparent]Recife a um patamar global de vanguarda tecnológica e humana[/highlight][/b][highlight=transparent], e provando que [/highlight][b][highlight=transparent]inovação feita em Pernambuco pode transformar o mundo[/highlight][/b][highlight=transparent].[/highlight]","[highlight=transparent]O projeto [/highlight][b][highlight=transparent]Batom Inteligente[/highlight][/b][highlight=transparent] acumula resultados expressivos que demonstram, com evidências qualitativas e quantitativas, por que ele é merecedor do reconhecimento.[/highlight]
[ml][ul][li indent=0 align=left][highlight=transparent]No âmbito internacional, o projeto foi [/highlight][b][highlight=transparent]vencedor[/highlight][/b][highlight=transparent] do prêmio [/highlight][b][highlight=transparent]SXSW Innovation Awards 2025[/highlight][/b][highlight=transparent] na categoria júri popular (People’s Choice Award). Ele foi o [/highlight][b][highlight=transparent]único projeto da América Latina a conquistar o prêmio[/highlight][/b][highlight=transparent] entre 55 concorrentes e o primeiro brasileiro na história da premiação.[/highlight][/li][li indent=0 align=left][highlight=transparent]A cobertura midiática foi ampla e de prestígio: veículos como[/highlight][color=rgb(0, 0, 0)][highlight=transparent][url=https://fastcompanybrasil.com/eventos/sxsw-2025/batom-inteligente-do-boticario-ganha-premio-no-sxsw/?utm_source=chatgpt.com] [/url][/highlight][/color][highlight=transparent][url=https://fastcompanybrasil.com/eventos/sxsw-2025/batom-inteligente-do-boticario-ganha-premio-no-sxsw/?utm_source=chatgpt.com]Fast Company Brasil destacaram o Batom Inteligente como tecnologia disruptiva de IA aplicada à inclusão[/url][/highlight][highlight=transparent]. Outro meio,[/highlight][color=rgb(0, 0, 0)][highlight=transparent][url=https://epocanegocios.globo.com/inteligencia-artificial/noticia/2024/10/batom-inteligente-o-boticario-cria-maquina-com-ia-que-aplica-maquiagem-em-pessoas-com-deficiencia.ghtml?utm_source=chatgpt.com] [/url][/highlight][/color][highlight=transparent][url=https://epocanegocios.globo.com/inteligencia-artificial/noticia/2024/10/batom-inteligente-o-boticario-cria-maquina-com-ia-que-aplica-maquiagem-em-pessoas-com-deficiencia.ghtml?utm_source=chatgpt.com]Época Negócios, detalhou o funcionamento do dispositivo e seu impacto para pessoas com deficiência.[/url][/highlight][/li][li indent=0 align=left][highlight=transparent]No plano técnico-científico, o projeto foi desenvolvido por uma equipe multidisciplinar de 42 profissionais (engenheiros, designers, especialistas em UX e diversidade) ao longo de[/highlight][highlight=transparent][url=https://www.cesar.org.br/painel/batom-inteligente-desenvolvido-pelo-cesar-e-grupo-boticario-e-premiado-no-sxsw-innovation-awards-2025/?utm_source=chatgpt.com] [b]sete anos que desenvolveu[/b] [b]tecnologias de inteligência artificial e visão computacional[/b] únicas no mundo.[/url][/highlight][/li][li indent=0 align=left][highlight=transparent]Até hoje, foram 4 patentes registradas de desenvolvimento de novos projetos, garantindo ineditismo da iniciativa, dando ainda mais peso à um projeto genuinamente recifense.[/highlight][/li][li indent=0 align=left][highlight=transparent]O Batom Inteligente também foi aceito e exporto na[/highlight][color=rgb(0, 0, 0)][highlight=transparent][url=https://oglobo.globo.com/economia/tecnologia/noticia/2025/01/06/boticario-faz-estreia-em-evento-de-tecnologia-com-prototipo-de-batom-inteligente.ghtml] [/url][/highlight][/color][highlight=transparent][url=https://oglobo.globo.com/economia/tecnologia/noticia/2025/01/06/boticario-faz-estreia-em-evento-de-tecnologia-com-prototipo-de-batom-inteligente.ghtml]CES 2025, o maior evento com foco em invenções do mundo, ganhando destaque a nível global.[/url][/highlight][/li][/ul][/ml][highlight=transparent]Em resumo: o Batom Inteligente prova desempenho de alto nível — tecnologia madura, validação internacional, visibilidade global e impacto real para seu público-alvo. Esses resultados reforçam que a iniciativa não apenas responde a uma dor concreta, mas também gera valor mensurável, servindo de exemplo para o ecossistema de inovação do Recife.[/highlight]","[highlight=transparent]A tecnologia por trás do Batom Inteligente foi concebida desde o início com um foco claro em [/highlight][b][highlight=transparent]expansão, adaptação e replicação[/highlight][/b][highlight=transparent], tanto em novos públicos quanto em diferentes territórios. Embora o projeto tenha nascido no ecossistema de inovação de Recife, a arquitetura técnica, a metodologia de co-criação e o modelo de negócio permitem que a solução seja facilmente escalada para [/highlight][b][highlight=transparent]outras partes do rosto[/highlight][/b][highlight=transparent], outras categorias de maquiagem, e diferentes contextos de uso.[/highlight]
[highlight=transparent]Tecnicamente, o dispositivo utiliza algoritmos de visão computacional e inteligência artificial para mapear a região labial do usuário e executar a aplicação com precisão. Essa mesma base pode ser adaptada para que, por exemplo, o sistema aplique [/highlight][b][highlight=transparent]delineador[/highlight][/b][highlight=transparent], [/highlight][b][highlight=transparent]sombra[/highlight][/b][highlight=transparent], [/highlight][b][highlight=transparent]blush[/highlight][/b][highlight=transparent], [/highlight][b][highlight=transparent]base ou corretivo[/highlight][/b][highlight=transparent] — sempre respeitando contornos faciais, variações de tom de pele, diferenças de formato e texturas. Ou seja: a máquina que hoje aciona o batom pode amanhã servir para maquiar a sobrancelha, contorno da face ou aplicação de máscara facial para pessoas com mobilidade reduzida ou deficiência visual.[/highlight]
[highlight=transparent]Em termos de público, a solução pode se deslocar do segmento de pessoas com deficiência visual ou motora para um público mais amplo: idosos com restrição de mobilidade, pessoas em recuperação motora ou com tremores, bem como ambientes assistidos em beleza e estética. Em ambiente profissional, salões de beleza poderiam oferecer esta máquina como diferencial de acessibilidade e inclusão para clientes que antes dependiam de assistência humana. Em contexto de varejo ou franquias de beleza, a plataforma pode ser replicada em diferentes cidades, estados ou países, aproveitando o know-how recifense, as patentes depositadas e o ecossistema de P&D montado no laboratório do CESAR.[/highlight]
[highlight=transparent]Em termos de impacto de médio e longo prazo, a solução está preparada para gerar [/highlight][b][highlight=transparent]um ecossistema de inovação complementar[/highlight][/b][highlight=transparent]: fabricantes de cosméticos, plataformas de serviços para pessoas com deficiência, redes de franquia de beleza (só o Grupo Boticário possue mais de 4 mil franquias no Brasil) e startups de tecnologia assistiva podem replicar a tecnologia com outras aplicações (por exemplo, cuidado da pele, aplicação de protetor solar, etc). O fato de a solução já contar com depósito de patentes e publicações em mídia especializada fortalece a capacidade de licenciamento, spin-off ou franquia tecnológica – abrindo caminho para que o produto, iniciado em Recife, se torne plataforma global de inclusão.[/highlight]
[highlight=transparent]Em resumo, o Batom Inteligente não é apenas uma solução pontual: ele foi desenhado para [/highlight][b][highlight=transparent]escalar[/highlight][/b][highlight=transparent], [/highlight][b][highlight=transparent]adaptar-se a novos usos[/highlight][/b][highlight=transparent] e [/highlight][b][highlight=transparent]replicar-se em diferentes públicos e territórios[/highlight][/b][highlight=transparent], fortalecendo não apenas o mercado da beleza, mas todo o ecossistema de inovação assistiva e inclusão social.[/highlight]"
"","Startup Inovadora","sim","Startup Ascenção","A Quark é uma plataforma de aprendizagem gamificada que tem como missão [b]influenciar a empregabilidade de jovens em situação de vulnerabilidade social por meio do desenvolvimento de habilidades comportamentais[/b]. O projeto nasceu ao observar que muitos jovens formados não conseguem se inserir no mercado de trabalho por [b]falta de preparo comportamental e emocional[/b] — competências essenciais que ainda não fazem parte da formação tradicional.
De acordo com o Fórum Econômico Mundial, [b]44% das habilidades exigidas no mercado de trabalho sofrerão transformações até 2027[/b], sendo as chamadas [i]soft skills[/i] (como comunicação, pensamento crítico e inteligência emocional) as mais demandadas. Essa lacuna é ainda mais profunda entre jovens da rede pública, que enfrentam desigualdades de acesso a experiências formativas complementares.
A Quark atua diretamente nesse desafio, oferecendo [b]trilhas de aprendizagem curtas e interativas[/b], baseadas em [b]microlearning, gamificação e conteúdos personalizados com inteligência artificial generativa[/b]. Cada aluno realiza um [b]mapeamento comportamental[/b], percorre trilhas com conteúdos em diferentes formatos (texto, áudio e vídeo) e recebe [b]certificados reconhecidos[/b] que comprovam suas novas competências.
Em pouco mais de dois anos, a Quark já impactou [b]mais de 60 mil estudantes[/b] em [b]125 municípios[/b] de Pernambuco, com mais de [b]80 mil horas de conteúdo consumidas[/b] e [b]40 mil certificados emitidos[/b]. A solução vem fortalecendo políticas públicas locais de [b]educação e empregabilidade[/b], atuando de forma alinhada aos [b]ODS 4 (Educação de Qualidade)[/b] e [b]ODS 8 (Trabalho Decente e Crescimento Econômico)[/b], e consolidando o Recife como referência em inovação social e educacional no Nordeste.","Desde o seu lançamento, a Quark tem apresentado resultados expressivos na [b]formação e empregabilidade de jovens em situação de vulnerabilidade social[/b]. A plataforma já impactou [b]mais de 60 mil estudantes[/b] em [b]125 municípios pernambucanos[/b], que juntos consumiram mais de [b]160 mil horas de conteúdo[/b] e emitiram [b]mais de 80 mil certificados[/b] de desenvolvimento de habilidades comportamentais.
Qualitativamente, os jovens relatam ganhos concretos em [b]autoconfiança, comunicação e capacidade de trabalhar em equipe[/b], além de maior clareza sobre seus caminhos profissionais. Professores e gestores das escolas parceiras destacam a [b]melhoria do comportamento em sala de aula[/b] e o aumento do interesse dos estudantes em programas de estágio e emprego.
A Quark também gerou [b]impactos diretos para instituições públicas[/b] parceiras, como prefeituras e secretarias municipais de educação e trabalho (Recife, Ipojuca, Canhotinho, entre outras), ao oferecer uma ferramenta de apoio à formação profissional e à redução da evasão escolar.
Com o avanço das integrações com inteligência artificial, a Quark iniciou a coleta de novos indicadores de impacto — como o [b]tempo médio de aprendizagem[/b], o [b]nível de engajamento por perfil comportamental[/b] e o [b]percentual de alunos que ingressam no mercado de trabalho[/b] após concluírem as trilhas.
Esses resultados demonstram o potencial da Quark como [b]solução de inovação social escalável[/b], que transforma dados em aprendizado e aprendizado em oportunidades reais de futuro.","A Quark foi concebida desde o início como uma solução [b]escalável, digital e de baixo custo operacional[/b], capaz de ser implementada em diferentes contextos educacionais e territoriais. Por ser uma [b]plataforma 100% online[/b], sua metodologia pode ser facilmente adaptada para escolas, programas de formação profissional, prefeituras e entidades do Sistema S em qualquer região do país, sem necessidade de infraestrutura física complexa.
A experiência acumulada em [b]125 municípios de Pernambuco[/b] comprova a [b]replicabilidade do modelo[/b], que já foi aplicada em diferentes formatos — desde programas municipais de qualificação profissional (como as parcerias com as prefeituras do Recife e Canhotinho) até projetos estaduais e nacionais com instituições como SEBRAE e SENAC. Em cada contexto, o conteúdo é adaptado à realidade local e aos objetivos da instituição parceira, mantendo a mesma estrutura de microlearning e gamificação.
Do ponto de vista tecnológico, a Quark foi desenvolvida com arquitetura modular, o que permite [b]integração com outras plataformas e políticas públicas[/b] de educação e empregabilidade. A utilização de [b]inteligência artificial generativa[/b] possibilita a atualização constante dos conteúdos e a personalização das trilhas de aprendizagem conforme o perfil de cada usuário, ampliando a eficiência e o alcance da solução.
No médio e longo prazo, o objetivo é [b]expandir a atuação da Quark para todo o território nacional[/b], alcançando [b]1 milhão de jovens até 2030[/b] e consolidando uma rede de parceiros públicos e privados voltados à formação de competências socioemocionais. Assim, a Quark se posiciona como uma [b]ferramenta de política pública complementar[/b], capaz de apoiar iniciativas de educação profissional, inclusão produtiva e empregabilidade juvenil em escala nacional."
"","Inovação Empresarial","sim","Inovação ESG","O [b]Dose Verde[/b] é uma proposta de inovação socioambiental que visa unir [b]tecnologia, ciência e engajamento comunitário[/b] para regenerar os manguezais urbanos do Recife — ecossistemas vitais para o equilíbrio climático e para a identidade da cidade.

Ainda em fase de concepção, o projeto busca desenvolver um [b]modelo integrado de regeneração ambiental e economia verde[/b], combinando [b]mutirões ecológicos, monitoramento tecnológico e educação ambiental[/b] com foco na formação cidadã e na valorização do território.
A ideia central é transformar os manguezais — áreas de alta capacidade de [b]sequestro de carbono azul[/b] — em [b]laboratórios vivos de sustentabilidade[/b], onde a população, estudantes e pesquisadores possam colaborar na recuperação da biodiversidade e na coleta de dados ambientais. O uso de [b]drones, sensores e inteligência artificial[/b] permitirá medir a evolução da regeneração, criando indicadores reais para futuras certificações e venda de créditos de carbono.
O [b]Dose Verde[/b] pretende, portanto, alinhar o cuidado com a natureza a um modelo econômico sustentável e de impacto social.

A proposta prevê o início das atividades com [b]parcerias entre universidades, órgãos ambientais e empresas do ecossistema de inovação do Recife[/b], estruturando uma base sólida para expansão futura.
Mais do que um projeto ambiental, o [i]Dose Verde[/i] nasce como um [b]movimento de reconexão[/b]: com o território, com as pessoas e com o potencial da cidade de se tornar referência mundial em inovação tropical, tecnologia verde e consciência ecológica.","O [b]Dose Verde[/b] propõe gerar resultados ambientais, sociais e tecnológicos concretos a partir de sua implementação no Recife, tomando o manguezal urbano como ponto de partida para a regeneração ecológica e a inovação cidadã.

O projeto prevê o [b]mapeamento de áreas degradadas[/b], a [b]realização de mutirões ecológicos[/b] e a [b]implantação de tecnologias de monitoramento ambiental[/b] com uso de drones, sensores e inteligência artificial, em parceria com universidades e instituições ambientais.
Espera-se que, nos primeiros ciclos de execução, sejam regenerados [b]até 10 hectares de manguezal[/b], com redução mensurável da poluição superficial e aumento da cobertura vegetal local. Além do impacto ecológico, o projeto busca envolver [b]centenas de voluntários e estudantes[/b] em atividades de educação ambiental e formação técnica em tecnologia verde, promovendo consciência e pertencimento.
A médio prazo, o [i]Dose Verde[/i] pretende estabelecer um [b]banco de dados ambientais abertos[/b] e criar a base para a [b]certificação de créditos de carbono azul[/b], transformando a recuperação dos manguezais em um modelo econômico sustentável.

Os resultados esperados vão além da natureza: envolvem a criação de um sentimento coletivo de orgulho, colaboração e esperança — pilares para reconstruir o futuro do Recife a partir de seu ecossistema mais simbólico.","O [b]Dose Verde[/b] foi concebido desde sua origem como um projeto [b]modular e escalável[/b], capaz de ser adaptado a diferentes realidades urbanas e ambientais.

A metodologia proposta — que une ciência cidadã, inovação tecnológica e economia de carbono — pode ser replicada em [b]outras cidades costeiras e ribeirinhas[/b] do Brasil e da América Latina, ajustando-se a contextos ecológicos e sociais diversos.
No Recife, o projeto servirá como [b]prova de conceito[/b], validando a integração entre regeneração ambiental e inovação de dados. A partir dessa experiência, será possível construir [b]protocolos replicáveis[/b], abertos a governos locais, escolas e empresas com foco ESG.
Com o avanço da coleta de dados e a futura certificação de créditos de carbono azul, o [i]Dose Verde[/i] poderá operar como [b]plataforma de referência em economia verde[/b], conectando iniciativas de reflorestamento e regeneração em rede.

A longo prazo, a visão é transformar o Recife em [b]modelo internacional de cidade tropical sustentável[/b], exportando conhecimento, metodologias e inspiração para outras regiões do mundo que enfrentam os mesmos desafios climáticos e sociais."
"","Startup Inovadora","não","Startup conectada com a cidade","[justify][font=""Arial""]O [/font][i][font=""Arial""]Bora Partilhar +[/font][/i][font=""Arial""] é uma plataforma digital desenvolvida com o propósito de conectar [/font][b][font=""Arial""]quem pode doar alimentos[/font][/b][font=""Arial""] com [/font][b][font=""Arial""]quem mais precisa[/font][/b][font=""Arial""], promovendo uma rede de solidariedade e reduzindo o desperdício alimentar no Recife.[/font][/justify]
[justify][font=""Arial""] A iniciativa nasce do reconhecimento de uma dor urbana urgente: enquanto toneladas de alimentos são desperdiçadas diariamente, milhares de famílias enfrentam insegurança alimentar.[/font][/justify]
[justify][font=""Arial""]Nosso objetivo é [/font][b][font=""Arial""]tornar a doação de alimentos simples, acessível e geograficamente eficiente[/font][/b][font=""Arial""], utilizando a tecnologia como ponte entre doadores (indivíduos, comércios e restaurantes) e beneficiários (famílias, instituições e comunidades locais).[/font][/justify]
[justify][font=""Arial""] Por meio de um [/font][b][font=""Arial""]aplicativo intuitivo e gratuito[/font][/b][font=""Arial""], o usuário pode cadastrar alimentos disponíveis para doação, visualizar solicitações próximas, agendar retiradas e acompanhar o impacto das suas ações.[/font][/justify]
[justify][font=""Arial""]O [/font][i][font=""Arial""]Bora Partilhar +[/font][/i][font=""Arial""] propõe um modelo colaborativo de combate à fome, incentivando o engajamento cidadão e o uso de dados georreferenciados para otimizar rotas de entrega e reduzir o desperdício.[/font][/justify]
[justify][font=""Arial""] A solução se apoia em três pilares principais: [/font][b][font=""Arial""]tecnologia, solidariedade e sustentabilidade[/font][/b][font=""Arial""].[/font][/justify]
[justify][font=""Arial""]O impacto esperado inclui:[/font][/justify]
[ml][ul][li indent=0 align=justify][font=""Arial""]Redução significativa do desperdício de alimentos em pontos comerciais e residenciais;[/font][/li][li indent=0 align=justify][font=""Arial""]Ampliação da rede de apoio a famílias em vulnerabilidade;[/font][/li][li indent=0 align=justify][font=""Arial""]Estímulo à cultura da partilha e da economia circular solidária no Recife.[/font][/li][/ul][/ml][justify][font=""Arial""]Como protótipo em desenvolvimento, o [/font][i][font=""Arial""]Bora Partilhar +[/font][/i][font=""Arial""] já demonstra potencial para [/font][b][font=""Arial""]transformar a doação em um ato cotidiano e conectado[/font][/b][font=""Arial""], reforçando o papel da tecnologia como instrumento de cidadania ativa e inovação social.[/font][/justify]","[justify]O Bora Partilhar+  ao integrar, em uma única plataforma digital, informações sobre pontos de doação, necessidades locais e disponibilidade de alimentos, conectando cidadãos, ONGs e instituições públicas.[/justify]
[justify]Resultados qualitativos: A iniciativa pretende reduzir o desperdício de alimentos e otimizar o fluxo de doações, garantindo transparência e rastreabilidade nas entregas.[/justify]
[justify]Comunidades vulneráveis passarão a ter acesso facilitado a refeições, especialmente em regiões de alta insegurança alimentar. Haverá fortalecimento do sentimento de pertencimento e solidariedade comunitária, com engajamento crescente de empresas e voluntários. Tudo isso reforça o impacto direto na segurança alimentar urbana, validando o modelo de tecnologia social adotado.[/justify]","O Bora Partilhar+ foi desenvolvido com arquitetura modular e linguagem acessível, o que permite rápida adaptação a outros territórios e públicos, respeitando as particularidades regionais. O modelo pode ser replicado em qualquer município brasileiro com vulnerabilidade alimentar, bastando a integração com bancos de dados locais (CRAS, ONGs, igrejas e secretarias de assistência). Em escala nacional, a plataforma pode se conectar a políticas como PAA, PNAE e Mesa Brasil, servindo como hub de dados integrados e atualizados sobre insegurança alimentar. O impacto de médio e longo prazo está na construção de um ecossistema colaborativo, com dados abertos e em tempo real, fortalecendo a formulação de políticas públicas baseadas em evidências. O modelo também pode ser adaptado para outros temas sociais, como distribuição de roupas, medicamentos ou acesso a serviços essenciais.
"
"sim","","","Startup conectada com a cidade","O Conecta Patinhas nasceu do EITA! Recife, no 2º Ciclo de Inovação Aberta. A iniciativa busca transformar a relação entre o poder público, os cidadãos e os animais, utilizando tecnologia para gerar dados, apoiar políticas públicas e promover o bem-estar animal. Dentre seus principais objetivos estão: 
. Realizar um censo de cães e gatos do Recife, permitindo identificar e registrar cada animal, gerando uma base sólida para políticas públicas mais assertivas;
. Diminuir o abandono, através de registro dos pets e educação da população;
. Promover conscientização, incentivando mudança cultural no trato com animais;
. Melhorar a qualidade de vida, ampliando acesso a serviços veterinários.

A plataforma tem como foco tanto os animais domiciliados quanto os em situação de rua. Fazem parte das funcionalidades o registro de pets, com carteirinha de identificação própria, notificação de animais perdidos e achados, com disparo de mensagens de whatsapp que envolve toda a comunidade interessada, registro de animais errantes , mapeamento desses animais por geolocalização com uso de Inteligência artificial aplicada a fim de identificar, catalogar e localizar animais. Além destas funcionalidades , disponíveis no MVP do projeto que está em funcionamento no Conecta Recife desde 2024, novas entregas estão previstas:

. O teleatendimento veterinário, com teletriagem, teleorientação e teleconsulta, criação de sistema de prontuário para o Hospital Veterinário do Recife, integrado ao modelo online para gerar fluidez, ampliar número de atendimentos e desafogar o atendimento presencial, gerando mais economia para o município, democratizando e facilitando o acesso a veterinários para a população de Recife e seus pets.
. Geração de conteúdo interativo e lúdico  a fim de trabalhar a conscientização e cultura da população no trato com animais.
. Integração com o programa do Governo Federal, o SinPatinhas.","Os principais impactos são:

● Censo de cães e gatos do Recife: base de dados inédita sobre cães e gatos no Recife
● Redução gradual do abandono animal, através de registro dos pets, responsabilização do tutor e educação da população
● Melhoria da qualidade de vida dos pets e das famílias, principalmente por meio do acesso facilitado ao teleatendimento veterinário, promovendo saúde e conscientização.
● Otimização dos gastos com políticas públicas para animais: dados efetivos e em tempo real para tomada de decisão
● Projeção de Recife como cidade pioneira em inovação tecnológica voltada ao bem-estar animal","A cidade do Recife enfrenta um grande desafio relacionado à alta quantidade de animais errantes, ou seja, cães e gatos em situação de rua. Esse problema é recorrente em praticamente todas as cidades brasileiras e tem impactos tanto na qualidade de vida dos animais quanto na dinâmica urbana. Esses animais encontram-se espalhados por todas as regiões da cidade, independentemente do perfil socioeconômico do bairro. 

Segundo a pesquisa Radar Pet de 2021, com o advento da pandemia, a conexão entre pet e ser humano teve seu vínculo ainda mais fortificado, ao ponto que a maioria dos tutores passaram a enxergar seus animais de estimação como membros da família ou efetivamente como filhos. Ao mesmo tempo que, ainda na pandemia, o número de pets em lares brasileiros cresceu 30%, paralelamente, as taxas de abandono atingiram a marca de 60% (segundo estudo da ONG Ampara Animal publicado na Exame), tornando-se um problema de saúde pública.

Esse cenário não afeta apenas os animais. A presença de cães e gatos errantes pode representar riscos para a saúde pública, uma vez que esses animais podem ser vetores de zoonoses. Além disso, a falta de um controle eficiente compromete a segurança sanitária e gera impactos negativos na imagem da cidade, especialmente para o turismo. Dados da Organização Mundial da Saúde (OMS) divulgados por veículos de imprensa indicam que, em 2015, cerca de 30 milhões de cães e gatos não foram vacinados no Brasil, sugerindo que o número de animais abandonados no país pode ser igualmente elevado.

Além dos animais errantes, a plataforma também abraça os animais domiciliados, engajando a população como um todo, trabalhando a conscientização e promovendo a democratização aos serviços veterinários a fim de promover saúde e bem-estar. 

A aplicação nasceu ""multi-tenant"" , com arquitetura de software onde uma única instância da aplicação e sua infraestrutura de hardware podem ser compartilhadas por múltiplos clientes , mantendo seus dados isolados uns dos outros. Desta forma ela poderá ser escalada para outros municípios e regiões desejosos de atuar na causa animal."
"","Startup Inovadora","sim","Startup conectada com a cidade","O Conecta Patinhas nasceu do EITA! Recife, no 2º Ciclo de Inovação Aberta. A iniciativa busca transformar a relação entre o poder público, os cidadãos e os animais, utilizando tecnologia para gerar dados, apoiar políticas públicas e promover o bem-estar animal. Dentre seus principais objetivos estão: 
. Realizar um censo de cães e gatos do Recife, permitindo identificar e registrar cada animal, gerando uma base sólida para políticas públicas mais assertivas;
. Diminuir o abandono, através de registro dos pets e educação da população;
. Promover conscientização, incentivando mudança cultural no trato com animais;
. Melhorar a qualidade de vida, ampliando acesso a serviços veterinários.

A plataforma tem como foco tanto os animais domiciliados quanto os em situação de rua. Fazem parte das funcionalidades o registro de pets, com carteirinha de identificação própria, notificação de animais perdidos e achados, com disparo de mensagens de whatsapp que envolve toda a comunidade interessada, registro de animais errantes , mapeamento desses animais por geolocalização com uso de Inteligência artificial aplicada a fim de identificar, catalogar e localizar animais. Além destas funcionalidades , disponíveis no MVP do projeto que está em funcionamento no Conecta Recife desde 2024, novas entregas estão previstas:

. O teleatendimento veterinário, com teletriagem, teleorientação e teleconsulta, criação de sistema de prontuário para o Hospital Veterinário do Recife, integrado ao modelo online para gerar fluidez, ampliar número de atendimentos e desafogar o atendimento presencial, gerando mais economia para o município, democratizando e facilitando o acesso a veterinários para a população de Recife e seus pets.
. Geração de conteúdo interativo e lúdico  a fim de trabalhar a conscientização e cultura da população no trato com animais.
. Integração com o programa do Governo Federal, o SinPatinhas.","Os principais impactos são:

● Censo de cães e gatos do Recife: base de dados inédita sobre cães e gatos no Recife
● Redução gradual do abandono animal, através de registro dos pets, responsabilização do tutor e educação da população
● Melhoria da qualidade de vida dos pets e das famílias, principalmente por meio do acesso facilitado ao teleatendimento veterinário, promovendo saúde e conscientização.
● Otimização dos gastos com políticas públicas para animais: dados efetivos e em tempo real para tomada de decisão
● Projeção de Recife como cidade pioneira em inovação tecnológica voltada ao bem-estar animal","A cidade do Recife enfrenta um grande desafio relacionado à alta quantidade de animais errantes, ou seja, cães e gatos em situação de rua. Esse problema é recorrente em praticamente todas as cidades brasileiras e tem impactos tanto na qualidade de vida dos animais quanto na dinâmica urbana. Esses animais encontram-se espalhados por todas as regiões da cidade, independentemente do perfil socioeconômico do bairro. 

Segundo a pesquisa Radar Pet de 2021, com o advento da pandemia, a conexão entre pet e ser humano teve seu vínculo ainda mais fortificado, ao ponto que a maioria dos tutores passaram a enxergar seus animais de estimação como membros da família ou efetivamente como filhos. Ao mesmo tempo que, ainda na pandemia, o número de pets em lares brasileiros cresceu 30%, paralelamente, as taxas de abandono atingiram a marca de 60% (segundo estudo da ONG Ampara Animal publicado na Exame), tornando-se um problema de saúde pública.

Esse cenário não afeta apenas os animais. A presença de cães e gatos errantes pode representar riscos para a saúde pública, uma vez que esses animais podem ser vetores de zoonoses. Além disso, a falta de um controle eficiente compromete a segurança sanitária e gera impactos negativos na imagem da cidade, especialmente para o turismo. Dados da Organização Mundial da Saúde (OMS) divulgados por veículos de imprensa indicam que, em 2015, cerca de 30 milhões de cães e gatos não foram vacinados no Brasil, sugerindo que o número de animais abandonados no país pode ser igualmente elevado.

Além dos animais errantes, a plataforma também abraça os animais domiciliados, engajando a população como um todo, trabalhando a conscientização e promovendo a democratização aos serviços veterinários a fim de promover saúde e bem-estar. 

A aplicação nasceu ""multi-tenant"" , com arquitetura de software onde uma única instância da aplicação e sua infraestrutura de hardware podem ser compartilhadas por múltiplos clientes , mantendo seus dados isolados uns dos outros. Desta forma ela poderá ser escalada para outros municípios e regiões desejosos de atuar na causa animal."
"","Inovação Social","não","Empreendedorismo Social","A ação de entrega de marmitas do Projeto Aconchego atende pessoas em situação de vulnerabilidade nas ruas de Santo Amaro, Recife/PE. A iniciativa surgiu ao identificar o aumento da fome e da insegurança alimentar no território. Voluntários preparam e distribuem refeições semanalmente, levando também escuta, cuidado e orientação básica sobre serviços públicos.
O objetivo central é reduzir a fome imediata e fortalecer vínculos humanos, reconhecendo a dignidade e singularidade de cada pessoa atendida. A ação contribui para prevenir riscos à saúde, evitar longos períodos sem alimentação e proporcionar bem-estar físico e emocional.
Com base na mobilização comunitária, o Aconchego cria uma rede de solidariedade local, envolvendo moradores e parceiros sociais. A ação evidencia o direito à alimentação como princípio de cidadania e busca sensibilizar a sociedade para a realidade da população em situação de rua, promovendo corresponsabilidade e transformação social.","Muitas refeições foram distribuídas no último ano para pessoas em situação de rua em Santo Amaro. Houve crescimento no número de voluntários. A ação fortalece vínculos com o território, gera pertencimento e estimula a empatia social. Também provoca impacto educativo na comunidade participante, ampliando consciência sobre desigualdade e direitos humanos.
Mesmo sem apoio fixo, o projeto se mantém de forma contínua e colaborativa, demonstrando eficiência e alto impacto social com baixo custo.
","O modelo é simples, flexível e de baixo investimento, facilitando a expansão para outros bairros e cidades. Pode ser adotado por escolas, igrejas, coletivos ou ONGs que disponham de voluntariado e pequenas doações.
O potencial de escala inclui novos pontos de atendimento, fortalecimento de cozinhas solidárias e integração com políticas públicas de segurança alimentar.
A iniciativa pode gerar impacto crescente ao longo do tempo, contribuindo para a redução da fome urbana e promoção de redes comunitárias de proteção social.
"
"","Startup Inovadora","sim","Startup Tração","A [b]Beyond Company[/b] nasceu para enfrentar um dos maiores desafios estruturais do setor público brasileiro: a baixa eficiência na oferta de serviços essenciais devido à fragmentação tecnológica, à falta de interoperabilidade e à lentidão na transformação digital. Esses gargalos comprometem o atendimento ao cidadão, aumentam custos operacionais e limitam a capacidade de inovação dentro das administrações públicas.

Com sede no Recife, a Beyond atua como uma [b]GovTech de alta performance[/b], dedicada ao desenvolvimento de produtos digitais escaláveis que utilizam [b]Inteligência Artificial (IA), automação de processos e plataformas low-code[/b] para modernizar a gestão pública. Seu modelo [b]B2G e B2B[/b] permite que órgãos públicos e empresas adotem soluções completas de forma ágil, segura e customizável — reduzindo prazos, custos e dependência tecnológica.

A empresa opera com [b]arquitetura cloud-native[/b], pipelines de [b]integração e entrega contínua (CI/CD)[/b], [b]IA generativa com RAG (Retrieval-Augmented Generation)[/b] para aprendizado contextual, e [b]automação robótica de processos (RPA)[/b]. Essa combinação técnica garante [b]escalabilidade, interoperabilidade e confiabilidade[/b], pilares fundamentais para a digitalização de serviços públicos com segurança e impacto social.

O portfólio da Beyond abrange [b]múltiplas áreas da gestão pública[/b], traduzindo tecnologia em soluções concretas para diferentes políticas setoriais. Na [b]saúde[/b], promove a gestão inteligente de agendas e o combate ao absenteísmo; na [b]educação[/b], digitaliza processos de capacitação e gestão acadêmica; na [b]administração pública[/b], automatiza fluxos e aprimora a gestão de atendimentos; e, no [b]setor jurídico[/b], moderniza a tramitação processual e o relacionamento entre advogados e instituições.

Essa atuação integrada posiciona a Beyond como uma empresa capaz de [b]resolver dores reais de governos e organizações[/b], levando eficiência e inovação a serviços essenciais — e transformando a experiência do cidadão com o poder público.
Com crescimento de [b]mais de 200%[/b] e expansão da equipe em [b]147% apenas em 2025[/b], a Beyond demonstra maturidade empresarial e capacidade de gerar inovação em escala, consolidando-se como uma parceira estratégica para governos que buscam eficiência, transparência e transformação digital de impacto real.","A trajetória da [b]Beyond Company[/b] em 2025 consolidou sua posição como uma das startups de maior tração e maturidade do ecossistema de inovação do Recife. Com [b]crescimento superior a 200% no faturamento[/b] e [b]expansão de 147% no quadro de colaboradores[/b], a empresa fortaleceu seu modelo de negócios baseado em produtos escaláveis, impacto social comprovado e parcerias institucionais estratégicas com governos e empresas públicas de tecnologia.
Os resultados operacionais refletem o alcance e a solidez de seu portfólio.

[ml][ul][li indent=0 align=left]Na [b]saúde pública[/b], o [b]Absens[/b] tornou-se referência nacional no combate ao absenteísmo, com mais de [b]550 mil vagas reaproveitadas[/b] e [b]economia superior a R$ 40 milhões aos cofres públicos[/b], atuando em municípios e estados como [b]Recife, Amazonas e Rio de Janeiro[/b].[/li][li indent=0 align=left]Na [b]educação[/b], o [b]Erudio[/b] viabiliza a gestão e o acompanhamento de trilhas de aprendizagem digitais, com [b]mais de 2.500 usuários ativos em um único contrato[/b], otimizando processos administrativos e de capacitação.[/li][li indent=0 align=left]Na [b]gestão pública corporativa[/b], o [b]Quoti[/b] processa [b]mais de 1 milhão de chamados corporativos[/b] em fluxos automatizados e interoperáveis.[/li][li indent=0 align=left]E no [b]setor jurídico[/b], o [b]Legis[/b] atende [b]350 organizações e mais de 1.500 advogados[/b], oferecendo automação processual e inteligência documental.[/li][/ul][/ml]Além dos resultados quantitativos, a Beyond foi reconhecida nacionalmente com o [b]Selo RH de Impacto 2025[/b], pela adoção de práticas inovadoras de gestão de pessoas e formação de talentos, reforçando sua cultura organizacional centrada em inovação e desenvolvimento humano.

A empresa também integrou programas de fomento e inovação como o [b]Porto Digital[/b] e o [b]Instituto Enter Jovem[/b], ampliando sua inserção no ecossistema e sua contribuição para o desenvolvimento tecnológico do Recife.

Esses indicadores comprovam que a Beyond não apenas cresce em escala e receita, mas [b]entrega resultados mensuráveis à sociedade[/b], demonstrando capacidade de inovação sustentável, impacto econômico e transformação real nos serviços públicos brasileiros.","A [b]Beyond Company[/b] estrutura sua operação com base em uma [b]metodologia proprietária de desenvolvimento acelerado de produtos digitais[/b], fundamentada no uso intensivo de [b]Inteligência Artificial generativa, automação e arquitetura multi-tenant[/b]. Esse modelo permite construir, adaptar e escalar plataformas complexas em prazos curtos, mantendo alta personalização e baixo custo de implantação — características essenciais para atender à diversidade de órgãos públicos e empresas parceiras em todo o país.
No núcleo dessa estratégia está o [b]Quoti[/b], a plataforma [b]low-code[/b] desenvolvida pela Beyond para criação de sistemas e fluxos automatizados sob medida. A partir dela, é possível [b]replicar rapidamente novas soluções[/b] — como o Absens (saúde), o Erudio (educação) e o Legis (jurídico) — utilizando a mesma infraestrutura tecnológica e lógica de componentes reutilizáveis. Essa base compartilhada garante [b]interoperabilidade entre produtos[/b], simplifica a manutenção e viabiliza a expansão para novos setores sem reconstruir do zero cada aplicação.
A adoção de uma [b]arquitetura multi-tenant[/b] assegura que múltiplos clientes e entes públicos utilizem a mesma estrutura tecnológica com isolamento de dados, escalabilidade elástica e atualização contínua, favorecendo a padronização de soluções GovTech e a otimização de custos. O uso de [b]pipelines de CI/CD, RPA e IA generativa com RAG (Retrieval-Augmented Generation)[/b] viabiliza um ciclo de inovação contínua — em que a cada novo cliente, o sistema aprende, evolui e retroalimenta a base tecnológica comum.
Essa abordagem transforma a Beyond em uma [b]fábrica de produtos digitais adaptáveis[/b], capaz de expandir suas soluções para novos territórios e contextos institucionais em semanas, não meses. O modelo já se mostrou escalável em múltiplas frentes — com implementações municipais e estaduais — e segue preparado para crescimento nacional e internacional, sustentado por infraestrutura em nuvem, padrões abertos e governança de dados aderente à LGPD.
Com uma combinação de [b]tecnologia replicável, modularidade e inteligência assistiva[/b], a Beyond demonstra que inovação pública pode ser escalável, sustentável e economicamente viável — tornando-se um vetor de transformação digital contínua para governos e organizações em todo o Brasil."
"","Inovação Empresarial","sim","Inovação ESG","[justify][highlight=transparent]O projeto Territórios Inovadores e Sustentáveis é uma iniciativa estratégica de transição energética urbana que busca reduzir a  pegada de carbono do Porto Digital e responder diretamente ao desafio de tornar os territórios urbanos mais resilientes às mudanças climáticas, alinhando inovação tecnológica, sustentabilidade e regeneração urbana.[/highlight][/justify]
[justify][highlight=transparent]A solução parte da substituição da matriz energética tradicional por fontes renováveis e mais eficientes. A partir da contratação de energia eólica com a Neoenergia, quatro dos nove edifícios sob gestão do Núcleo de Gestão do Porto Digital já migraram para o mercado livre de energia — com previsão de expansão para mais dois prédios em 2026. Os novos empreendimentos do parque, como o prédio Maria César, que iniciou suas obras em 2025, já nascem integrados a esse novo modelo energético.[/highlight][/justify]
[justify][highlight=transparent]Desde a migração da matriz (janeiro a outubro de 2025), a iniciativa já gerou uma economia de mais de R$ 535 mil e ao longo do ano, a consolidação dos dados de consumo e compensação de energia permitirá realizar uma estimativa precisa da mitigação de emissões de CO₂. Esse acompanhamento possibilitará traduzir os resultados em indicadores tangíveis, como o equivalente em árvores, fortalecendo a comunicação dos impactos ambientais gerados pela transição energética.[/highlight][/justify]
[justify][highlight=transparent]Mais do que um ganho econômico e ambiental direto, a iniciativa representa um passo concreto na construção de uma infraestrutura verde territorial, ampliando a eficiência energética, reduzindo a vulnerabilidade às oscilações tarifárias e fortalecendo a resiliência climática. Ao integrar inovação tecnológica, políticas de retrofit sustentável e engajamento social, o projeto contribui de forma estruturante para os Objetivos de Desenvolvimento Sustentável (ODS) 7, 11 e 13 — energia limpa e acessível, cidades sustentáveis e ação climática.[/highlight][/justify]

","[justify][highlight=transparent]Os principais resultados esperados e/ou já alcançados pela iniciativa incluem:[/highlight][/justify]
[ml][ul][li indent=0 align=left][highlight=transparent]Redução de toneladas de CO₂/ano[/highlight][highlight=rgb(255, 255, 0)],[/highlight][highlight=transparent] contribuindo para metas de descarbonização urbana.[/highlight][/li][li indent=0 align=left][highlight=transparent]Economia financeira de R$ 535 mil em 10 meses, garantindo maior sustentabilidade financeira para manutenção da infraestrutura do Porto Digital.[/highlight][/li][li indent=0 align=left][highlight=transparent]Ampliação da eficiência energética dos prédios requalificados, com redução de consumo e de custos operacionais.[/highlight][/li][li indent=0 align=left][highlight=transparent]Aumento da resiliência climática do território, reduzindo sua dependência de fontes fósseis e bandeiras tarifárias.[/highlight][/li][li indent=0 align=left][highlight=transparent]Inspiração da comunidade local e das empresas do ecossistema para adotarem práticas sustentáveis, estimulando novas oportunidades de negócios verdes.[/highlight][/li][li indent=0 align=justify][highlight=transparent]Anualmente, teremos os prédios com a certificação IREC´s ([/highlight][color=rgb(0, 29, 53)]International [/color][highlight=transparent]Renewable Energy Certificates - Certificados de Energia Renovável)[/highlight][/li][/ul][/ml]","[justify][highlight=transparent]O modelo de matriz energética limpa do Porto Digital foi desenhado para ser replicável e escalável em diferentes contextos urbanos, especialmente em centros históricos e distritos de inovação. A tecnologia utilizada é modular e adaptável, podendo atender gradualmente outros edifícios públicos ou privados. A estratégia combina infraestrutura energética limpa, modelagem financeira inteligente (com portabilidade de consumo) e parcerias com empresas de energia de mercado livre — modelo facilmente transferível para outros territórios.[/highlight][/justify]
[justify][highlight=transparent]Por operar em um território emblemático — o centro histórico do Recife — a iniciativa demonstra na prática a viabilidade de unir requalificação patrimonial com transição energética, servindo como laboratório vivo e referência nacional para outros parques tecnológicos, cidades criativas e hubs de inovação.[/highlight][/justify]
[justify][highlight=transparent]O potencial de expansão abrange:[/highlight][/justify]
[ml][ul][li indent=0 align=left][highlight=transparent]Edifícios públicos e privados no Recife Antigo;[/highlight][/li][li indent=0 align=left][highlight=transparent]Outros distritos tecnológicos do estado;[/highlight][/li][li indent=0 align=left][highlight=transparent]Centros urbanos de cidades médias interessadas em atingir metas de descarbonização.[/highlight][/li][/ul][/ml][justify][highlight=transparent]Essa capacidade de escalar soluções energéticas limpas e regenerativas também fortalece a posição de Pernambuco no avanço da Nova Indústria Brasil, atraindo investimentos verdes e fomentando novas cadeias produtivas.[/highlight][/justify]

"
"","Inovação Empresarial","sim","Inovação empresarial","[justify][highlight=transparent]O Porto Digital é um Distrito de Inovação sediado em Recife desde o ano 2000 que reúne mais de 475 empresas e emprega cerca de 21 mil profissionais, com faturamento superior a R$ 6 bilhões (dados de 2024), refletindo o potencial econômico do ecossistema local. Criada em 2018, a Doca é a frente do Porto Digital dedicada a transformar demandas do setor produtivo em negócios de inovação.[/highlight][/justify]
[justify][/justify]
[justify][highlight=transparent]O Porto Digital, surgiu a partir de uma dor central no Sistema Nacional de Ciência, Tecnologia e Inovação (SNCTI) fundamentada em barreiras sistemáticas para desenvolvimento de inovação no Brasil, como baixo investimento público e privado em PD&I (em comparação com países economicamente mais desenvolvidos) e dificuldade de articulação entre produtores e consumidores de tecnologia e inovação, fatores estes que limitam a escala comercial de soluções tecnológicas. A Doca foi criada pelo Núcleo de Gestão do Porto Digital para promover mais e melhores negócios sob a perspectiva da tripla hélice da inovação, catalisando a conexão entre soluções inovadoras e capital público e privado para soluções que demandam PD&I, se posicionando como um relevante ator de fortalecimento do SNCTI.[/highlight][/justify]
[justify][/justify]
[justify][highlight=transparent]Nesse contexto, a Doca desenvolveu uma estratégia de sensibilização, atração e construção coletiva de inovação para impulsionar o consumo de inovação e tecnologia com foco no aumento da produtividade das cadeias produtivas locais e nacionais, a partir do Recife. A Doca tem feito isso ativamente dentro do SNCTI conectando startups, spin-offs acadêmicos e ICTs públicas e privadas com empresas consumidoras de inovação de diferentes portes, nacionais e internacionais. Essa relação é criada e facilitada pela Doca por meio de [/highlight][i][highlight=transparent]matchmaking,[/highlight][/i][highlight=transparent] eventos e ativações gratuitas abertas ao público; além de prestação de serviços corporativos, como imersão nos desafios das corporações que precisam de inovação, curadoria de startups e gerenciamento de projetos de inovação. Assim, a Doca tem viabilizado soluções tecnológicas extrapolando o seu modelo de atuação para iniciativas em outros estados (Goiás, Sergipe, Distrito Federal, São Paulo) e até mesmo fora do país (Aveiro - Portugal).[/highlight][/justify]
[justify][/justify]
[justify][highlight=transparent]A Doca traduz o compromisso do Porto Digital com o desenvolvimento tecnológico, econômico e social do Recife, tornando a inovação empresarial um motor de transformação a partir da capital pernambucana.[/highlight][/justify]","[justify][highlight=transparent]A Doca já conduziu projetos com mais de 270 instituições nacionais e internacionais como Seara, M. Dias Branco, Heineken, Indorama, Pitú, Mondelez International, TJPE, entre outras, representando mais de 370 projetos gerados para o ecossistema de inovação pernambucano. Entre 2023 e 2025, os clientes da Doca têm somado mais de R$28 milhões investidos na construção de soluções inovadoras.[/highlight][/justify]
[justify][/justify]
[justify][highlight=transparent]A Calculeira, desenvolvida pela Di2Win em parceria com a Doca para a Mondelez, é uma solução de IA que automatiza o planejamento financeiro e produtivo industrial. A tecnologia reduziu o tempo de planejamento de 7 dias para 1 hora, garantiu 100% de engajamento do time em tempo real e aumentou em 2400% a atualização das informações, assegurando dados precisos e decisões mais ágeis, resultados que levaram à expansão da solução para outras plantas da empresa no Brasil e no exterior.[/highlight][/justify]
[justify][/justify]
[justify][highlight=transparent]O iOptimum, desenvolvido pela IndustriALL.ai em parceria com a Doca e a Mondelez, utiliza inteligência artificial para otimizar ordens de manutenção e alocação de recursos. A solução aumentou em +314% as operações programadas, em +1225% as horas de trabalho planejadas e gerou ganhos de +25% nas operações e +62% nas horas programadas em uma das linhas produtivas, elevando significativamente a eficiência operacional.[/highlight][/justify]
[justify][/justify]
[justify][highlight=transparent]Outro case de igual relevância foi desenvolvido para uma empresa produtora de margarinas, com o objetivo de reduzir investimento em estoques de matéria prima e entre processos. Apelidado de plano de produção diarizada, com vistas a fornecer um sistema capaz de automatizar a criação e a atualização do Plano de Produção da fábrica local, definindo que produtos devem ser produzidos em que momento, analisando dados de estoques de produtos acabados, capacidades produtivas etc. com vistas a obtenção de ótimo global do processo. O projeto piloto, garantiu uma economia de 28,7% nos estoques, o que representa em torno de R$3.000.000,00 anuais para uma fábrica.[/highlight][/justify]
[justify][/justify]
[justify][highlight=transparent]Por último, mas não menos importante, um case recente em finalização é o Autonom.IA, o projeto construiu para o TJPE, uma ferramenta de IA Generativa de propósito amplo. Consiste em vários agentes inteligentes integrados ao PJe (Processo Judicial eletrônico) e outras soluções para apoiar os processos do TJPE, trazendo agilidade, segurança e praticidade.[/highlight][/justify]","[justify][highlight=transparent]O potencial de escala e replicabilidade da metodologia da Doca reside na forma como os desafios são selecionados, garantindo relevância para o setor produtivo envolvido, e na estruturação de escopos de solução pensados desde a concepção da proposta para serem escaláveis, possibilitando que provas de conceito (PoCs) e mínimos produtos viáveis (MVPs) sejam facilmente adotados e replicados entre diferentes consumidores de inovação.[/highlight][/justify]
[justify][/justify]
[justify][highlight=transparent]A Doca iniciou sua atuação com projetos pontuais em Recife, experimentando e refinando seu modelo de fomento à inovação aberta dentro do ecossistema do Porto Digital. Com o amadurecimento de sua metodologia e a comprovação de resultados concretos, a iniciativa continua com forte crescimento a partir do Recife e passou a replicar sua metodologia para executar projetos em diversos estados do Brasil, incluindo Rio Grande do Sul, Ceará, Goiás e São Paulo.[/highlight][/justify]
[justify][/justify]
[justify][highlight=transparent]No que tange à escala de negócios, a Doca se mostra como um propulsor de startups em fase de escala apoiando a construção de cases de startups que vem se tornando referência no ecossistema de inovação e tecnologia da cidade do Recife, a exemplo de empresas com sede no Bairro do Recife, onde também está sediado o NGPD, como FH Data, Di2win e Stepps. Após atuação em projetos conduzidos pela Doca, a FH Data registrou um aumento de 3 vezes seu faturamento anual, a Di2win e Stepps registraram, respectivamente, um aumento de 40% e 50% em seus faturamentos do último ano (2024). Vale pontuar, ainda, que estas startups estão em fase de fechamento de negociações para captação de recursos de investidores de capital de risco.[/highlight][/justify]
[justify][/justify]
[justify][highlight=transparent]No médio e no longo prazo, a Doca se consolida como um modelo de inovação coletiva, capaz de gerar valor econômico e social através do desenvolvimento de projetos de inovação.[/highlight][/justify]"
"sim","","","Deeptech destaque","A iniciativa parte do enfrentamento de uma das condições mais prevalentes e negligenciadas em saúde pública: a cárie dentária, responsável por comprometimentos funcionais, nutricionais e psicossociais. A dor central identificada é a baixa substantividade (tempo de ação) dos agentes terapêuticos tópicos disponíveis, como a Clorexidina, cuja eficácia é transitória e limitada à área de aplicação.
Objetivo: Desenvolver um Curativo Bioadesivo de base nanotecnológica, capaz de promover liberação controlada e prolongada do fármaco antimicrobiano. A formulação é composta por hidrogel de alginato de sódio a 4% associado a nanopartículas de prata (AgNPs) que atuam como carreadores da Clorexidina a 0,2\%.
Impacto Esperado: O produto visa eliminar o Streptococcus mutans — principal agente etiológico da cárie —, interromper a progressão de lesões iniciais e atuar como curativo de demora seguro e eficaz. O depósito de Patente de Invenção (BR 10 2023 016741 1) pela UPE confirma o ineditismo e a consistência científica da solução, que representa um avanço significativo na fronteira entre nanotecnologia e odontologia preventiva.","O projeto obteve resultados laboratoriais robustos, que validam a eficácia e segurança da formulação:
 * Ação Antibacteriana Comprovada. Testes frente à cepa [i]Streptococcus mutans[/i] demonstraram:
[ml][ul][li indent=0 align=left]  Concentração Mínima Inibitória (CMI): 0,625\%.[/li][li indent=0 align=left]  Concentração Mínima Bactericida (CMB): 1,25\%.[/li][/ul][/ml] * Aumento de Substantividade: A combinação de AgNPs com Clorexidina potencializa a permanência do fármaco na superfície dentária, mantendo ação antibacteriana prolongada, o que não ocorre nas soluções convencionais.
 * Segurança Biológica: Ensaios indicaram atoxicidade do hidrogel e compatibilidade com tecidos orais, garantindo aplicação segura e potencial clínico real.
 * Ganho Sistêmico: O curativo bioadesivo inaugura um modelo de tratamento minimamente invasivo, alinhado às diretrizes contemporâneas da odontologia preventiva e ao princípio do cuidado centrado no paciente.","O projeto possui alto potencial de escalabilidade, com base em três dimensões: científica, produtiva e social.
 * Reprodutibilidade Técnica: O Relatório Descritivo de Patente detalha integralmente a metodologia de síntese, aglutinação das nanopartículas e parâmetros de produção, assegurando transferência tecnológica e escalonamento industrial.
 * Viabilidade de Mercado: A cárie dentária é uma das doenças de maior prevalência. O curativo pode ser facilmente incorporado aos programas de saúde bucal pública, iniciando pelo Recife e expandindo para redes estaduais e internacionais.
 * Escala Social e Econômica: Reduz custos hospitalares, evita perdas dentárias e diminui a demanda por tratamentos restauradores complexos, contribuindo para a sustentabilidade do SUS e fortalecendo a cadeia de inovação em saúde da UPE."
"","Inovação Científica","sim","Pesquisa & Extensão Inovadora","A iniciativa parte do enfrentamento de uma das condições mais prevalentes e negligenciadas em saúde pública: a cárie dentária, responsável por comprometimentos funcionais, nutricionais e psicossociais. A dor central identificada é a baixa substantividade (tempo de ação) dos agentes terapêuticos tópicos disponíveis, como a Clorexidina, cuja eficácia é transitória e limitada à área de aplicação.
Objetivo: Desenvolver um Curativo Bioadesivo de base nanotecnológica, capaz de promover liberação controlada e prolongada do fármaco antimicrobiano. A formulação é composta por hidrogel de alginato de sódio a 4% associado a nanopartículas de prata (AgNPs) que atuam como carreadores da Clorexidina a 0,2\%.
Impacto Esperado: O produto visa eliminar o Streptococcus mutans — principal agente etiológico da cárie —, interromper a progressão de lesões iniciais e atuar como curativo de demora seguro e eficaz. O depósito de Patente de Invenção (BR 10 2023 016741 1) pela UPE confirma o ineditismo e a consistência científica da solução, que representa um avanço significativo na fronteira entre nanotecnologia e odontologia preventiva.","O projeto obteve resultados laboratoriais robustos, que validam a eficácia e segurança da formulação:
 * Ação Antibacteriana Comprovada. Testes frente à cepa [i]Streptococcus mutans[/i] demonstraram:
[ml][ul][li indent=0 align=left]  Concentração Mínima Inibitória (CMI): 0,625\%.[/li][li indent=0 align=left]  Concentração Mínima Bactericida (CMB): 1,25\%.[/li][/ul][/ml] * Aumento de Substantividade: A combinação de AgNPs com Clorexidina potencializa a permanência do fármaco na superfície dentária, mantendo ação antibacteriana prolongada, o que não ocorre nas soluções convencionais.
 * Segurança Biológica: Ensaios indicaram atoxicidade do hidrogel e compatibilidade com tecidos orais, garantindo aplicação segura e potencial clínico real.
 * Ganho Sistêmico: O curativo bioadesivo inaugura um modelo de tratamento minimamente invasivo, alinhado às diretrizes contemporâneas da odontologia preventiva e ao princípio do cuidado centrado no paciente.","O projeto possui alto potencial de escalabilidade, com base em três dimensões: científica, produtiva e social.
 * Reprodutibilidade Técnica: O Relatório Descritivo de Patente detalha integralmente a metodologia de síntese, aglutinação das nanopartículas e parâmetros de produção, assegurando transferência tecnológica e escalonamento industrial.
 * Viabilidade de Mercado: A cárie dentária é uma das doenças de maior prevalência. O curativo pode ser facilmente incorporado aos programas de saúde bucal pública, iniciando pelo Recife e expandindo para redes estaduais e internacionais.
 * Escala Social e Econômica: Reduz custos hospitalares, evita perdas dentárias e diminui a demanda por tratamentos restauradores complexos, contribuindo para a sustentabilidade do SUS e fortalecendo a cadeia de inovação em saúde da UPE."
"sim","","","Startup conectada com a cidade","O [b]GO DELAS[/b] é uma iniciativa de inovação social e tecnológica voltada à [b]inclusão produtiva e cidadã de mulheres em situação de vulnerabilidade social na Região Metropolitana do Recife[/b]. O projeto surgiu a partir da análise de dados do [b]Banco de Boletins de Ocorrência (B.O.) da Prefeitura do  Recife[/b], que evidenciam altos índices de violência doméstica, dependência financeira e exclusão socioeconômica.
Diante desse cenário, o GO DELAS propõe uma solução digital complementar ao sistema [b]GO Recife[/b], atuando para além da intermediação de serviços públicos. A plataforma busca [b]promover dignidade, autonomia e informação[/b], conectando mulheres a oportunidades de trabalho, capacitação, apoio jurídico e financeiro, com linguagem acessível e tecnologia inclusiva.
Atualmente, o projeto está em [b]fase de validação do protótipo[/b], realizando [b]ações sociais em comunidades[/b] para testar o design, as funcionalidades e o engajamento das usuárias. Nessas ações, são ofertados [b]serviços de orientação em saúde, finanças e direitos[/b], reforçando o propósito de acolher e empoderar o público feminino.
O GO DELAS tem como objetivo central [b]romper o ciclo de vulnerabilidade[/b] através da tecnologia e da educação, contribuindo para os [b]ODS 5 (Igualdade de Gênero), 8 (Trabalho Decente e Crescimento Econômico)[/b] e [b]10 (Redução das Desigualdades)[/b].","O [b]GO DELAS[/b] encontra-se em fase de [b]validação prática[/b], com resultados preliminares relacionados à [b]usabilidade e aceitação da proposta[/b]. O protótipo desenvolvido foi testado junto a mulheres de diferentes perfis, que demonstraram identificação com a estética, a linguagem e a proposta da plataforma.
A próxima etapa do projeto envolve [b]ações sociais tanto em comunidades como no Porto Digital[/b], jutamente com iniciativas voltadas para nossas usuárias, com oferta de [b]atendimentos de saúde, orientação financeira e apoio jurídico[/b], aliados à [b]validação do protótipo em campo[/b]. Esses encontros têm como meta escutar as necessidades reais das mulheres, coletar feedbacks sobre o sistema e fortalecer vínculos de confiança com o público.
Os resultados esperados incluem:
[ml][ul][li indent=0 align=left]Mulheres participantes das ações compreendendo melhor seus direitos e opções de renda;[/li][li indent=0 align=left]Coleta de feedbacks estruturados sobre a navegação e funcionalidades do protótipo;[/li][li indent=0 align=left]Engajamento crescente das participantes nas trilhas de capacitação e serviços oferecidos;[/li][li indent=0 align=left]Construção de uma base sólida para o desenvolvimento da versão final da plataforma.[/li][/ul][/ml]Mais do que métricas, o GO DELAS busca [b]restituir dignidade, pertencimento e autonomia[/b] às mulheres atendidas, transformando a tecnologia em uma ponte entre informação e oportunidade.","O [b]GO DELAS[/b] foi concebido como uma [b]plataforma SaaS social[/b], de fácil replicação e adaptação em diferentes territórios e contextos. Sua arquitetura tecnológica e metodologia participativa permitem que o modelo seja aplicado em outras cidades que possuam indicadores semelhantes de vulnerabilidade e exclusão social.
A fase atual de validação em campo tem como objetivo consolidar um [b]modelo metodológico replicável[/b], combinando ações presenciais e digitais para inclusão e capacitação feminina. A partir dos aprendizados obtidos nas comunidades de Recife, serão criados [b]protocolos de implementação e engajamento[/b] que permitirão expandir o projeto para outras regiões metropolitanas do Nordeste e do Brasil.
A médio e longo prazo, o GO DELAS pretende integrar-se definitivamente ao [b]ecossistema GO Recife[/b], fortalecendo políticas públicas de empregabilidade e inovação social."
"","Startup Inovadora","não","Startup conectada com a cidade","O [b]GO DELAS[/b] é uma iniciativa de inovação social e tecnológica voltada à [b]inclusão produtiva e cidadã de mulheres em situação de vulnerabilidade social na Região Metropolitana do Recife[/b]. O projeto surgiu a partir da análise de dados do [b]Banco de Boletins de Ocorrência (B.O.) da Prefeitura do  Recife[/b], que evidenciam altos índices de violência doméstica, dependência financeira e exclusão socioeconômica.
Diante desse cenário, o GO DELAS propõe uma solução digital complementar ao sistema [b]GO Recife[/b], atuando para além da intermediação de serviços públicos. A plataforma busca [b]promover dignidade, autonomia e informação[/b], conectando mulheres a oportunidades de trabalho, capacitação, apoio jurídico e financeiro, com linguagem acessível e tecnologia inclusiva.
Atualmente, o projeto está em [b]fase de validação do protótipo[/b], realizando [b]ações sociais em comunidades[/b] para testar o design, as funcionalidades e o engajamento das usuárias. Nessas ações, são ofertados [b]serviços de orientação em saúde, finanças e direitos[/b], reforçando o propósito de acolher e empoderar o público feminino.
O GO DELAS tem como objetivo central [b]romper o ciclo de vulnerabilidade[/b] através da tecnologia e da educação, contribuindo para os [b]ODS 5 (Igualdade de Gênero), 8 (Trabalho Decente e Crescimento Econômico)[/b] e [b]10 (Redução das Desigualdades)[/b].","O [b]GO DELAS[/b] encontra-se em fase de [b]validação prática[/b], com resultados preliminares relacionados à [b]usabilidade e aceitação da proposta[/b]. O protótipo desenvolvido foi testado junto a mulheres de diferentes perfis, que demonstraram identificação com a estética, a linguagem e a proposta da plataforma.
A próxima etapa do projeto envolve [b]ações sociais tanto em comunidades como no Porto Digital[/b], jutamente com iniciativas voltadas para nossas usuárias, com oferta de [b]atendimentos de saúde, orientação financeira e apoio jurídico[/b], aliados à [b]validação do protótipo em campo[/b]. Esses encontros têm como meta escutar as necessidades reais das mulheres, coletar feedbacks sobre o sistema e fortalecer vínculos de confiança com o público.
Os resultados esperados incluem:
[ml][ul][li indent=0 align=left]Mulheres participantes das ações compreendendo melhor seus direitos e opções de renda;[/li][li indent=0 align=left]Coleta de feedbacks estruturados sobre a navegação e funcionalidades do protótipo;[/li][li indent=0 align=left]Engajamento crescente das participantes nas trilhas de capacitação e serviços oferecidos;[/li][li indent=0 align=left]Construção de uma base sólida para o desenvolvimento da versão final da plataforma.[/li][/ul][/ml]Mais do que métricas, o GO DELAS busca [b]restituir dignidade, pertencimento e autonomia[/b] às mulheres atendidas, transformando a tecnologia em uma ponte entre informação e oportunidade.","O [b]GO DELAS[/b] foi concebido como uma [b]plataforma SaaS social[/b], de fácil replicação e adaptação em diferentes territórios e contextos. Sua arquitetura tecnológica e metodologia participativa permitem que o modelo seja aplicado em outras cidades que possuam indicadores semelhantes de vulnerabilidade e exclusão social.
A fase atual de validação em campo tem como objetivo consolidar um [b]modelo metodológico replicável[/b], combinando ações presenciais e digitais para inclusão e capacitação feminina. A partir dos aprendizados obtidos nas comunidades de Recife, serão criados [b]protocolos de implementação e engajamento[/b] que permitirão expandir o projeto para outras regiões metropolitanas do Nordeste e do Brasil.
A médio e longo prazo, o GO DELAS pretende integrar-se definitivamente ao [b]ecossistema GO Recife[/b], fortalecendo políticas públicas de empregabilidade e inovação social."
"sim","","","Instituição de Pesquisa/Extensão Inovadora","O REC’n’Play é um festival de inovação gratuito e de alcance nacional que, desde 2017, atua como uma plataforma estratégica para o fomento ao empreendedorismo, à educação tecnológica e à integração dos diversos atores do ecossistema de inovação.
Realizado no Bairro do Recife, o evento conecta empreendedores, investidores, empresas, universidades, governo e sociedade civil por meio de uma programação plural, acessível e imersiva, organizada nos eixos: Tecnologia; Economia Criativa; Cidades e Sociedade; Negócios; e Entretenimento.
Mais do que um evento, o REC’n’Play configura-se como um território de experimentação e aprendizado contínuo, transformando conhecimento científico e acadêmico em soluções aplicadas. Sua curadoria contempla desde estudantes e profissionais em formação até pesquisadores e investidores, promovendo o intercâmbio de saberes e o surgimento de projetos colaborativos. Com centenas de atividades,incluindo cursos, oficinas, painéis, rodadas de negócios, mentorias e campeonatos de games, o festival aborda temas emergentes como healthtech, fintech, lawtech, foodtech, robótica, mobilidade e economia criativa, reforçando o caráter multidisciplinar da inovação. A iniciativa responde a uma demanda estratégica: fortalecer o ecossistema de inovação e empreendedorismo em Pernambuco e no Brasil, aproximando universidades, startups, empresas e poder público. Seus objetivos incluem promover a transferência tecnológica, valorizar a propriedade intelectual, estimular a criação de negócios inovadores e democratizar o acesso à educação, tecnologia e cultura, com atenção especial à inclusão social e à sustentabilidade ambiental.
Com resultados expressivos na geração de talentos, oportunidades e parcerias estratégicas, o REC’n’Play consolida-se como catalisador de inovação científica e social, oferecendo um modelo colaborativo escalável e replicável, referência nacional para instituições que buscam transformar conhecimento em impacto real e duradouro.","O REC’n’Play consolida-se como uma iniciativa de referência nacional na promoção do empreendedorismo e da inovação, destacando-se por engajar estudantes, professores, pesquisadores e profissionais em práticas transformadoras com resultados concretos e
significativos no território pernambucano. Desde 2017, o festival atua como um espaço de aprendizagem e experimentação, conectando academia, mercado, governo e sociedade civil em torno da inovação como força coletiva.
Na Arena de Negócio, em 2024, 120 startups foram conectadas a investidores, gerando 658 conexões e 349 parcerias efetivas, fortalecendo o ecossistema empreendedor local.
Em 2025, o evento como um todo reuniu mais de 83 mil pessoas e promoveu 813 atividades distribuídas em cinco eixos: Negócios (317), Tecnologia (231), Cidades e Sociedade (214), Economia Criativa (191) e Entretenimento (67). O número de palestrantes aumentou de 985 em 2023 para 2.052 em 2025, evidenciando a expansão da produção de conhecimento e a diversidade de perspectivas reunidas no Bairro do Recife.
O REC’n’Play, neste ano de 2025, alcançou públicos diversos, desde passantes que interagiram com 218 atividades de rua até 313 estudantes que participaram do Aulão do Enem, reafirmando seu caráter educativo, inclusivo e acessível, e convidando a comunidade em sua essência a vivenciar essa experiência de aprendizado e inovação. O entretenimento cultural complementa essa articulação, com 23 atividades na Jornada de MCs (incluindo batalhas de rimas e DJs), 7 palcos com 60 shows de artistas brasileiros, com forte presença regional, e 10 cortejos de agremiações carnavalescas. Esse atravessamento cultural rememora que a tecnologia e a criatividade também se expressam de maneira popular e acessível, simbolizando que o conhecimento pode ser vivido, compartilhado e transformado junto aos costumes e tradições.","O REC’n’Play apresenta elevado potencial de replicação em diferentes territórios ao combinar uma arquitetura modular com uma metodologia colaborativa e transferível.
Sua estrutura de arenas temáticas (Inovação, Robôs, Gamer, Negócios e Educação) funciona como um conjunto de componentes adaptáveis, que podem ser reorganizados conforme as vocações regionais, a capacidade de infraestrutura e as prioridades de desenvolvimento local. Essa flexibilidade permite que o modelo seja implementado respeitando as particularidades e potencialidades de cada região.
Sua governança multissetorial integra instituições de ensino superior e técnico, ICTs públicas e privadas, empresas, governo e sociedade civil, criando uma rede colaborativa que facilita a replicação do festival e estimula a co-criação entre diferentes atores. A curadoria aberta, realizada por meio de chamadas à comunidade, articula pesquisa aplicada, inovação e cultura, fortalecendo múltiplos saberes que se traduzem em
soluções práticas para desafios reais, mantendo relevância local sem comprometer a consistência conceitual.
O festival possui processos estruturados e documentáveis, baseados em três etapas operacionais (pré-produção, produção e pós-produção), o que viabiliza a transferência do modelo como metodologia aplicada de inovação territorial. Com uma estratégia sustentável de financiamento híbrido e indicadores comprovados de impacto sobre público, negócios, startups e articulação educacional, o REC’n’Play consolida-se como
uma plataforma escalável, capaz de impulsionar novos ambientes de inovação em todo o país."
"","Inovação Empresarial","sim","Inovação ESG","[h3][b]Resumo descritivo da iniciativa – Projeto Geração Solidária (Colégio Núcleo)[/b][/h3]
O [b]Geração Solidária[/b] é uma iniciativa do [b]Colégio Núcleo[/b] que transforma o aprendizado em instrumento de impacto social e formação cidadã. Criado com o propósito de aproximar o conhecimento escolar da realidade comunitária, o projeto engaja estudantes do Ensino Fundamental na [b]busca por soluções concretas para desafios reais[/b], unindo educação, inovação e compromisso social.
Em 2025, a escola adotou a [b]comunidade da Ilha de Deus[/b], no Recife, território de expressiva riqueza cultural, mas também de vulnerabilidades socioeconômicas. A partir de um diagnóstico participativo, os estudantes identificaram problemas centrais, como acesso restrito à leitura, ausência de espaços educativos, carência de ações de saúde preventiva e escassez de atividades formativas para jovens, e elaboraram [b]intervenções sustentáveis e colaborativas[/b]: implantação de uma [b]biblioteca comunitária[/b], criação de uma [b]horta urbana[/b], oferta de [b]ações de saúde e bem-estar[/b] (incluindo fisioterapia às marisqueiras), realização da [b]Ciranda de Livros[/b] e promoção de [b]aulões voluntários de revisão para o ENEM[/b].
Mais que um projeto, o Geração Solidária é um [b]laboratório vivo de inovação social[/b], onde a escola assume papel ativo na transformação do território. Os estudantes desenvolvem competências de liderança, empatia, resolução de problemas e gestão de projetos, compreendendo que inovação também significa [b]reconhecer e valorizar o outro[/b].
O impacto é duplo: na comunidade, pela ampliação de oportunidades e fortalecimento de vínculos; e na formação estudantil, pela vivência de uma aprendizagem significativa e humanizadora. O Geração Solidária expressa, assim, a essência do Colégio Núcleo, formar [b]cidadãos protagonistas, criativos e comprometidos com o bem comum[/b].","[h3][b]Resultados – Projeto Geração Solidária (Colégio Núcleo)[/b][/h3]
Os resultados do [b]Geração Solidária[/b] confirmam a potência transformadora da inovação social quando associada à educação de qualidade. A iniciativa impactou diretamente [b]mais de 300 famílias da comunidade Ilha de Deus[/b] e envolveu [b]cerca de 180 estudantes, uma equipe de mais de 50 pessoas e tambem mais de 20 professores[/b] do Colégio Núcleo em ações de planejamento, execução e monitoramento das intervenções.
A [b]Biblioteca Comunitária[/b] foi implantada em parceria com lideranças locais e já conta com [b]mais de 1.200 livros catalogados e acessíveis gratuitamente[/b], beneficiando crianças e jovens que nunca haviam tido contato regular com acervos literários. A [b]Ciranda de Livros[/b] ampliou esse alcance, promovendo rodas de leitura e contação de histórias, fortalecendo vínculos intergeracionais e resgatando o valor da literatura como instrumento de emancipação.
A [b]Horta Comunitária[/b] tornou-se espaço de convivência e aprendizado sustentável, com [b]produção regular de hortaliças[/b] utilizadas por famílias locais e instituições parceiras, além de servir como ambiente educativo para oficinas sobre alimentação saudável e agricultura urbana.
As [b]ações de saúde e bem-estar[/b], realizadas por meio de parcerias com instituições de ensino superior, ofereceram [b]atendimentos fisioterápicos e oficinas de ergonomia[/b] às marisqueiras, gerando melhora comprovada nas condições de trabalho e qualidade de vida das participantes.
Por fim, os [b]aulões voluntários de revisão para o ENEM[/b] alcançaram [b]mais de 80 jovens[/b], muitos dos quais prestaram o exame pela primeira vez com acompanhamento pedagógico estruturado.
Mais do que números, o Geração Solidária consolidou uma [b]mudança de cultura[/b]: estudantes passaram a compreender a inovação como instrumento de transformação humana e social. O projeto fortaleceu o protagonismo juvenil, o senso de coletividade e a consciência cidadã, evidenciando que o aprendizado só é completo quando gera impacto real.","[h3][b]Replicabilidade e Potencial de Escala – Projeto Geração Solidária (Colégio Núcleo)[/b][/h3]
O [b]Geração Solidária[/b] foi concebido como uma metodologia aberta e replicável, capaz de inspirar outras instituições educacionais a unir inovação, cidadania e empreendedorismo social. Sua estrutura baseia-se em [b]aprendizagem por projetos reais[/b], protagonismo estudantil e conexão com os Objetivos de Desenvolvimento Sustentável (ODS), o que permite sua adaptação a diferentes contextos socioculturais, faixas etárias e realidades territoriais.
A experiência na [b]Ilha de Deus[/b] demonstrou que o modelo pode ser facilmente expandido para outras comunidades urbanas e rurais, pois utiliza [b]recursos acessíveis, parcerias interinstitucionais e metodologias colaborativas[/b]. Cada núcleo de intervenção como biblioteca, horta, ações de saúde ou aulões, é modular e independente, o que favorece a [b]replicação gradual[/b] conforme a capacidade e o perfil de cada escola ou grupo envolvido.
A escola desenvolveu instrumentos de gestão e avaliação que fortalecem a escalabilidade do projeto, como:
[ml][ul][li indent=0 align=left][b]Guias operacionais[/b] elaborados pelos próprios estudantes;[/li][li indent=0 align=left][b]Protocolos de diagnóstico comunitário[/b] que permitem mapear demandas locais;[/li][li indent=0 align=left]e [b]indicadores de impacto social e formativo[/b], que mensuram engajamento, alcance e resultados sustentáveis.[/li][/ul][/ml]O [b]potencial de médio e longo prazo[/b] do Geração Solidária está na sua capacidade de consolidar uma [b]rede de escolas inovadoras[/b] que aprendem com a cidade e devolvem à sociedade conhecimento aplicado. O Colégio Núcleo já iniciou tratativas com outras instituições de ensino de Pernambuco para compartilhar a metodologia e promover intercâmbios entre estudantes e professores.
Mais do que uma ação pontual, o Geração Solidária configura-se como uma [b]plataforma permanente de inovação social na educação[/b], com vocação para crescer, multiplicar e inspirar uma nova geração de jovens empreendedores e solidários."
"sim","","","Instituição de Pesquisa/Extensão Inovadora","O REC’n’Play é um festival de inovação gratuito e de alcance nacional que, desde 2017, atua como uma plataforma estratégica para o fomento ao empreendedorismo, à educação tecnológica e à integração dos diversos atores do ecossistema de inovação.
Realizado no Bairro do Recife, o evento conecta empreendedores, investidores, empresas, universidades, governo e sociedade civil por meio de uma programação plural, acessível e imersiva, organizada nos eixos: Tecnologia; Economia Criativa; Cidades e Sociedade; Negócios; e Entretenimento.
Mais do que um evento, o REC’n’Play configura-se como um território de experimentação e aprendizado contínuo, transformando conhecimento científico e acadêmico em soluções aplicadas. Sua curadoria contempla desde estudantes e profissionais em formação até pesquisadores e investidores, promovendo o intercâmbio de saberes e o surgimento de projetos colaborativos. Com centenas de atividades,incluindo cursos, oficinas, painéis, rodadas de negócios, mentorias e campeonatos de games, o festival aborda temas emergentes como healthtech, fintech, lawtech, foodtech, robótica, mobilidade e economia criativa, reforçando o caráter multidisciplinar da inovação. A iniciativa responde a uma demanda estratégica: fortalecer o ecossistema de inovação e empreendedorismo em Pernambuco e no Brasil, aproximando universidades, startups, empresas e poder público. Seus objetivos incluem promover a transferência tecnológica, valorizar a propriedade intelectual, estimular a criação de negócios inovadores e democratizar o acesso à educação, tecnologia e cultura, com atenção especial à inclusão social e à sustentabilidade ambiental.
Com resultados expressivos na geração de talentos, oportunidades e parcerias estratégicas, o REC’n’Play consolida-se como catalisador de inovação científica e social, oferecendo um modelo colaborativo escalável e replicável, referência nacional para instituições que buscam transformar conhecimento em impacto real e duradouro.","O REC’n’Play consolida-se como uma iniciativa de referência nacional na promoção do empreendedorismo e da inovação, destacando-se por engajar estudantes, professores, pesquisadores e profissionais em práticas transformadoras com resultados concretos e
significativos no território pernambucano. Desde 2017, o festival atua como um espaço de aprendizagem e experimentação, conectando academia, mercado, governo e sociedade civil em torno da inovação como força coletiva.
Na Arena de Negócio, em 2024, 120 startups foram conectadas a investidores, gerando 658 conexões e 349 parcerias efetivas, fortalecendo o ecossistema empreendedor local.
Em 2025, o evento como um todo reuniu mais de 83 mil pessoas e promoveu 813 atividades distribuídas em cinco eixos: Negócios (317), Tecnologia (231), Cidades e Sociedade (214), Economia Criativa (191) e Entretenimento (67). O número de palestrantes aumentou de 985 em 2023 para 2.052 em 2025, evidenciando a expansão da produção de conhecimento e a diversidade de perspectivas reunidas no Bairro do Recife.
O REC’n’Play, neste ano de 2025, alcançou públicos diversos, desde passantes que interagiram com 218 atividades de rua até 313 estudantes que participaram do Aulão do Enem, reafirmando seu caráter educativo, inclusivo e acessível, e convidando a comunidade em sua essência a vivenciar essa experiência de aprendizado e inovação. O entretenimento cultural complementa essa articulação, com 23 atividades na Jornada de MCs (incluindo batalhas de rimas e DJs), 7 palcos com 60 shows de artistas brasileiros, com forte presença regional, e 10 cortejos de agremiações carnavalescas. Esse atravessamento cultural rememora que a tecnologia e a criatividade também se expressam de maneira popular e acessível, simbolizando que o conhecimento pode ser vivido, compartilhado e transformado junto aos costumes e tradições.","O REC’n’Play apresenta elevado potencial de replicação em diferentes territórios ao combinar uma arquitetura modular com uma metodologia colaborativa e transferível.
Sua estrutura de arenas temáticas (Inovação, Robôs, Gamer, Negócios e Educação) funciona como um conjunto de componentes adaptáveis, que podem ser reorganizados conforme as vocações regionais, a capacidade de infraestrutura e as prioridades de desenvolvimento local. Essa flexibilidade permite que o modelo seja implementado respeitando as particularidades e potencialidades de cada região.
Sua governança multissetorial integra instituições de ensino superior e técnico, ICTs públicas e privadas, empresas, governo e sociedade civil, criando uma rede colaborativa que facilita a replicação do festival e estimula a co-criação entre diferentes atores. A curadoria aberta, realizada por meio de chamadas à comunidade, articula pesquisa aplicada, inovação e cultura, fortalecendo múltiplos saberes que se traduzem em
soluções práticas para desafios reais, mantendo relevância local sem comprometer a consistência conceitual.
O festival possui processos estruturados e documentáveis, baseados em três etapas operacionais (pré-produção, produção e pós-produção), o que viabiliza a transferência do modelo como metodologia aplicada de inovação territorial. Com uma estratégia sustentável de financiamento híbrido e indicadores comprovados de impacto sobre público, negócios, startups e articulação educacional, o REC’n’Play consolida-se como
uma plataforma escalável, capaz de impulsionar novos ambientes de inovação em todo o país."
"","Inovação Científica","não","Instituição de Pesquisa/Extensão Inovadora","O REC’n’Play é um festival de inovação gratuito e de alcance nacional que, desde 2017, atua como uma plataforma estratégica para o fomento ao empreendedorismo, à educação tecnológica e à integração dos diversos atores do ecossistema de inovação.
Realizado no Bairro do Recife, o evento conecta empreendedores, investidores, empresas, universidades, governo e sociedade civil por meio de uma programação plural, acessível e imersiva, organizada nos eixos: Tecnologia; Economia Criativa; Cidades e Sociedade; Negócios; e Entretenimento.
Mais do que um evento, o REC’n’Play configura-se como um território de experimentação e aprendizado contínuo, transformando conhecimento científico e acadêmico em soluções aplicadas. Sua curadoria contempla desde estudantes e profissionais em formação até pesquisadores e investidores, promovendo o intercâmbio de saberes e o surgimento de projetos colaborativos. Com centenas de atividades,incluindo cursos, oficinas, painéis, rodadas de negócios, mentorias e campeonatos de games, o festival aborda temas emergentes como healthtech, fintech, lawtech, foodtech, robótica, mobilidade e economia criativa, reforçando o caráter multidisciplinar da inovação. A iniciativa responde a uma demanda estratégica: fortalecer o ecossistema de inovação e empreendedorismo em Pernambuco e no Brasil, aproximando universidades, startups, empresas e poder público. Seus objetivos incluem promover a transferência tecnológica, valorizar a propriedade intelectual, estimular a criação de negócios inovadores e democratizar o acesso à educação, tecnologia e cultura, com atenção especial à inclusão social e à sustentabilidade ambiental.
Com resultados expressivos na geração de talentos, oportunidades e parcerias estratégicas, o REC’n’Play consolida-se como catalisador de inovação científica e social, oferecendo um modelo colaborativo escalável e replicável, referência nacional para instituições que buscam transformar conhecimento em impacto real e duradouro.","O REC’n’Play consolida-se como uma iniciativa de referência nacional na promoção do empreendedorismo e da inovação, destacando-se por engajar estudantes, professores, pesquisadores e profissionais em práticas transformadoras com resultados concretos e
significativos no território pernambucano. Desde 2017, o festival atua como um espaço de aprendizagem e experimentação, conectando academia, mercado, governo e sociedade civil em torno da inovação como força coletiva.
Na Arena de Negócio, em 2024, 120 startups foram conectadas a investidores, gerando 658 conexões e 349 parcerias efetivas, fortalecendo o ecossistema empreendedor local.
Em 2025, o evento como um todo reuniu mais de 83 mil pessoas e promoveu 813 atividades distribuídas em cinco eixos: Negócios (317), Tecnologia (231), Cidades e Sociedade (214), Economia Criativa (191) e Entretenimento (67). O número de palestrantes aumentou de 985 em 2023 para 2.052 em 2025, evidenciando a expansão da produção de conhecimento e a diversidade de perspectivas reunidas no Bairro do Recife.
O REC’n’Play, neste ano de 2025, alcançou públicos diversos, desde passantes que interagiram com 218 atividades de rua até 313 estudantes que participaram do Aulão do Enem, reafirmando seu caráter educativo, inclusivo e acessível, e convidando a comunidade em sua essência a vivenciar essa experiência de aprendizado e inovação. O entretenimento cultural complementa essa articulação, com 23 atividades na Jornada de MCs (incluindo batalhas de rimas e DJs), 7 palcos com 60 shows de artistas brasileiros, com forte presença regional, e 10 cortejos de agremiações carnavalescas. Esse atravessamento cultural rememora que a tecnologia e a criatividade também se expressam de maneira popular e acessível, simbolizando que o conhecimento pode ser vivido, compartilhado e transformado junto aos costumes e tradições.","O REC’n’Play apresenta elevado potencial de replicação em diferentes territórios ao combinar uma arquitetura modular com uma metodologia colaborativa e transferível.
Sua estrutura de arenas temáticas (Inovação, Robôs, Gamer, Negócios e Educação) funciona como um conjunto de componentes adaptáveis, que podem ser reorganizados conforme as vocações regionais, a capacidade de infraestrutura e as prioridades de desenvolvimento local. Essa flexibilidade permite que o modelo seja implementado respeitando as particularidades e potencialidades de cada região.
Sua governança multissetorial integra instituições de ensino superior e técnico, ICTs públicas e privadas, empresas, governo e sociedade civil, criando uma rede colaborativa que facilita a replicação do festival e estimula a co-criação entre diferentes atores. A curadoria aberta, realizada por meio de chamadas à comunidade, articula pesquisa aplicada, inovação e cultura, fortalecendo múltiplos saberes que se traduzem em
soluções práticas para desafios reais, mantendo relevância local sem comprometer a consistência conceitual.
O festival possui processos estruturados e documentáveis, baseados em três etapas operacionais (pré-produção, produção e pós-produção), o que viabiliza a transferência do modelo como metodologia aplicada de inovação territorial. Com uma estratégia sustentável de financiamento híbrido e indicadores comprovados de impacto sobre público, negócios, startups e articulação educacional, o REC’n’Play consolida-se como
uma plataforma escalável, capaz de impulsionar novos ambientes de inovação em todo o país."
"","Startup Inovadora","sim","Startup conectada com a cidade","Todos os dias, vidas são colocadas em risco pela falta de informação em momentos críticos. Crianças desaparecem, turistas passam mal sem identificação, pessoas com TEA entram em crise sem orientação, motociclistas se acidentam e permanecem horas sem que suas famílias saibam. Por trás desses casos há uma dor comum: [b]a ausência de dados vitais disponíveis na hora certa[/b].

A [b]iProtech SOS[/b] nasceu para resolver esse problema com [b]tecnologia simples, acessível e humana[/b]. A solução utiliza [b]pulseiras, cartões e adesivos com QR Code exclusivo[/b], que conectam qualquer pessoa — criança, idoso, turista, ciclista — a uma [b]plataforma de identificação inteligente[/b].

Ao escanear o QR Code, é possível acessar [b]informações de saúde, contatos de emergência, idioma preferido e dados comportamentais[/b] (como TEA, epilepsia ou alergias) em [b]segundos[/b], mesmo sem aplicativo instalado. Por trás dessa experiência, o sistema gera [b]alertas geolocalizados[/b] e [b]relatórios estratégicos[/b] para prefeituras, integrando saúde, segurança e assistência social.

O resultado é [b]resposta rápida, gestão baseada em dados e políticas públicas mais eficazes[/b]. Em Pernambuco, onde [b]mais de 2.900 desaparecimentos[/b] foram registrados apenas em 2024 (SDS-PE), a necessidade é urgente. O iProtech já provou seu impacto em ações no [b]Carnaval de Olinda, jogos do Sport e Náutico, Camaragibe, Recife e projetos escolares[/b], protegendo [b]milhares de pessoas[/b] e [b]reduzindo o tempo de resposta em emergências[/b].

A iniciativa vem transformando a maneira como cidades cuidam de seus cidadãos. Mais do que tecnologia, a iProtech SOS representa um [b]novo modelo de cidade: conectada, empática e preparada para salvar vidas.[/b]","A iniciativa [b]iProtech SOS[/b] consolidou-se como uma das mais eficazes experiências de inovação social e tecnológica de Pernambuco, com resultados tangíveis em segurança, inclusão e gestão pública. Durante o [b]Carnaval de Olinda 2025[/b], mais de [b]33 mil crianças, pessoas com TEA e PCD[/b] foram cadastradas e protegidas por meio de pulseiras iProID com QR Code. Em um dos eventos mais desafiadores do país em volume de público, [b]não houve registro de desaparecimentos[/b], comprovando a eficiência da tecnologia no atendimento e prevenção de ocorrências.

Nos [b]jogos do Sport Club do Recife[/b] e do [b]Clube Náutico Capibaribe[/b], a aplicação do sistema alcançou [b]9 mil crianças identificadas e rastreáveis[/b], ampliando a segurança em ambientes de grande fluxo e tornando os estádios referências em acolhimento e inclusão.

Além do público infantil, a expansão da tecnologia beneficiou [b]2 mil pets cadastrados[/b] pelo programa [b]iProPet[/b], garantindo identificação rápida em casos de perda, e [b]125 mototaxistas[/b] em [b]Camaragibe[/b], que agora circulam com adesivos inteligentes capazes de acionar socorro em caso de acidente — uma ação pioneira no segmento.

Esses números representam mais que cadastros: são [b]vidas protegidas, respostas mais rápidas e confiança restaurada[/b] entre cidadãos e poder público. Em termos de indicadores qualitativos, o iProtech SOS alcançou:
[ml][ul][li indent=0 align=left][b]Redução de 100% nos desaparecimentos registrados[/b] nos eventos monitorados.[/li][li indent=0 align=left][b]Aumento da percepção de segurança e tranquilidade familiar[/b] segundo entrevistas com gestores e guardas municipais.[/li][li indent=0 align=left][b]Adoção do modelo por novos municípios[/b], validando sua escalabilidade e replicabilidade regional.[/li][/ul][/ml]
O impacto de médio e longo prazo é claro: [b]uma rede integrada de proteção humana[/b], baseada em dados reais, baixo custo operacional e inovação a serviço da vida.","A iniciativa [b]iProtech SOS[/b] foi concebida desde sua origem como uma [b]solução modular, escalável e replicável[/b] — capaz de se adaptar a diferentes públicos, contextos e territórios. Sua arquitetura tecnológica flexível permite que a mesma base de identificação inteligente (QR Code + plataforma digital) seja aplicada em múltiplos cenários: escolas, praias, estádios, eventos, transportes, turismo e programas sociais.

Cada projeto derivado — como [b]Escola Segura[/b], [b]Filho Seguro nas Praias[/b], [b]Futebol Seguro[/b], [b]Turista Seguro[/b], [b]Mulher Segura[/b] e [b]SOS Motociclista[/b] — utiliza o mesmo núcleo tecnológico, customizado apenas quanto aos dados exibidos e protocolos de resposta. Isso garante [b]baixo custo de replicação[/b], [b]implantação rápida[/b] e [b]integração total[/b] com as políticas públicas locais de segurança, saúde e assistência social.

A expansão é viável tanto verticalmente (dentro do mesmo município, entre secretarias) quanto horizontalmente (para outros estados e regiões). Em Pernambuco, por exemplo, a tecnologia já foi validada em contextos distintos — do [b]Carnaval de Olinda[/b], com milhares de crianças protegidas, aos [b]jogos do Sport e Náutico[/b], e à implantação piloto em [b]Camaragibe[/b], demonstrando sua [b]eficácia operacional e aceitação pública[/b].

No médio e longo prazo, a escalabilidade da iniciativa se fortalece por meio do banco de dados integrado, que gera relatórios estratégicos para os gestores públicos e permite monitorar ocorrências, identificar padrões e direcionar recursos de forma mais eficiente. Com essa inteligência de dados, o [b]iProtech SOS[/b] se consolida como uma [b]plataforma de governança urbana e social baseada em evidências[/b], capaz de fortalecer políticas de segurança, saúde e cidadania.

A proposta está em plena sintonia com os [b]Objetivos de Desenvolvimento Sustentável da ONU[/b], contribuindo diretamente para:
[ml][ul][li indent=0 align=left][b]ODS 3 (Saúde e Bem-Estar):[/b] promover atendimento rápido e salvar vidas;[/li][li indent=0 align=left][b]ODS 9 (Inovação e Infraestrutura):[/b] aplicar tecnologia nacional acessível e escalável;[/li][li indent=0 align=left][b]ODS 11 (Cidades Sustentáveis):[/b] tornar os espaços urbanos mais seguros e inclusivos;[/li][li indent=0 align=left][b]ODS 16 (Paz, Justiça e Instituições Eficazes):[/b] fortalecer redes de proteção e acolhimento.[/li][/ul][/ml]
Em síntese, trata-se de uma iniciativa [b]tecnológica, social e humana[/b], criada para crescer junto com as cidades — transformando desafios públicos em [b]soluções reais de cuidado, prevenção e inovação.[/b]"
"","Startup Inovadora","sim","Startup conectada com a cidade","A NaviSmart é uma plataforma integrada de inteligência artificial e navegação clínica desenvolvida em Recife para enfrentar um desafio sistêmico da cidade: a detecção tardia de doenças oncológicas e a fragmentação dos fluxos assistenciais. Em Recife, grande parte dos diagnósticos de câncer — mama, pulmão, fígado, próstata e outros — ainda ocorre tardiamente, resultado da ausência de monitoramento estruturado dos achados em exames, baixa adesão dos pacientes ao seguimento e dificuldade das instituições em organizar linhas de cuidado contínuas.
A plataforma aborda diretamente esse problema ao combinar duas camadas tecnológicas complementares. A primeira utiliza IA para analisar laudos de exames radiológicos, identificando automaticamente achados críticos ou suspeitos que usualmente passam despercebidos ou não são acompanhados. A segunda camada, de Navegação Oncológica, estrutura todo o percurso assistencial: classifica o risco, cria fluxos personalizados, aciona equipes clínicas, monitora intervalos recomendados e garante que cada paciente avance até a resolução clínica. Assim, reduz-se perda de seguimento, atrasos diagnósticos e ineficiências administrativas.
A iniciativa já está ativa em Recife e em outros estados brasileiros, impactando diretamente a população atendida no município. Os resultados iniciais mostram aumento na identificação de achados relevantes em diversas linhas de cuidado, maior adesão a seguimento, redução de retrabalho e padronização de processos entre equipes, e principalmente o maior diagnostico precoce de câncer. A automação da triagem libera tempo clínico, aumenta a vigilância sobre achados previamente ignorados e melhora a coordenação dos serviços locais.
Com arquitetura modular, interoperabilidade com sistemas hospitalares e capacidade de adaptação a diferentes linhas de cuidado em oncologia, a NaviSmart é escalável para qualquer instituição de saúde da cidade. O impacto esperado é a criação de uma rede progressiva de detecção precoce e gestão inteligente de pacientes no Recife, ampliando acesso ao cuidado oportuno, fortalecendo a qualidade assistencial e consolidando a cidade como referência nacional em inovação em saúde.","A NaviSmart demonstra impacto clínico e operacional direto no Recife por meio de resultados validados em instituições locais e apresentados em congressos científicos. No [b]Real Hospital Português (RHP)[/b], a inteligência artificial da plataforma já analisou [b]mais de 20.000 exames de imagem[/b], convertendo achados relevantes em dados estruturados e acionáveis para decisão clínica imediata. Essa triagem automatizada aumentou substancialmente a vigilância de achados críticos, reduzindo perdas de oportunidade diagnóstica.
A plataforma acompanha [b]mais de 400 pacientes[/b] com achados suspeitos identificados nos serviços do município, monitorando toda a jornada — da detecção ao desfecho clínico. Entre os [b]85 casos confirmados de câncer acompanhados pela plataforma[/b], [b]53%[/b] foram diagnosticados em [b]estágios iniciais (I–II)[/b], desempenho que representa [b]4,5 vezes mais casos precoces[/b] quando comparado ao perfil histórico anterior da literatura. Esse acompanhamento ativo [b]reduziu atrasos, padronizou fluxos e aumentou a adesão ao seguimento recomendado.[/b]
No RHP, observou-se ainda [b]aumento de quase 7 vezes na detecção de nódulos pulmonares ≥8 mm[/b] após a adoção da IA da NaviSmart, evidenciando melhora objetiva na triagem e priorização de achados relevantes. A automação da leitura de laudos, aliada ao monitoramento contínuo, qualificou a tomada de decisão, reduziu variabilidade assistencial e ampliou a eficiência dos fluxos oncológicos.
Os resultados locais sustentaram apresentações científicas na [b]Jornada Paulista de Radiologia (JPR 2025)[/b], no [b]Congresso Brasileiro de Cirurgia Torácica 2025[/b] e no [b]World Conference on Lung Cancer (WCLC 2025)[/b] — sendo este último responsável por reconhecer um trabalho de Recife entre os [b]três melhores da América Latina[/b].
Os ganhos concretos incluem: [b]diagnóstico mais precoce[/b], [b]melhor coordenação assistencial[/b], [b]maior adesão ao cuidado[/b], [b]redução do diagnóstico tardio[/b] e [b]fortalecimento da capacidade analítica das instituições recifenses[/b]. Os dados demonstram que a NaviSmart gera impacto mensurável, real e escalável no território do Recife.","A NaviSmart possui arquitetura modular, interoperável e adaptável, o que permite sua implementação em diferentes perfis institucionais e contextos territoriais. A solução integra-se de forma flexível aos sistemas já utilizados pelas instituições de saúde — incluindo plataformas municipais, redes privadas e operadoras — sem exigir reestruturações complexas. Como opera diretamente sobre dados e laudos já presentes na rotina assistencial, adapta-se a diferentes volumes, equipes e níveis de maturidade digital.
O modelo validado no Recife demonstra elevado potencial de replicação. A NaviSmart estrutura três frentes essenciais: [b](1) rastreamento oncológico em geral[/b], aplicável a qualquer linha de cuidado (incluindo mama, próstata, pulmão, colorretal, fígado, tireoide e outras), com identificação automática de elegibilidade, monitoramento de adesão e priorização dos casos; [b](2) gestão de achados incidentais[/b], garantindo que lesões relevantes detectadas em exames realizados por outros motivos recebam acompanhamento oportuno; e [b](3) coordenação completa da jornada oncológica[/b], acompanhando o paciente desde o primeiro achado até a definição terapêutica, reduzindo atrasos, variabilidade e perda de seguimento.
A plataforma foi desenhada para operar em hospitais gerais, clínicas de imagem, centros especializados, operadoras de saúde e também [b]pode ser incorporada a sistemas municipais[/b], funcionando como camada de organização, vigilância contínua e qualificação dos fluxos de detecção precoce. Sua automação permite acompanhar simultaneamente grandes volumes de pacientes, ampliando o impacto sem elevação proporcional de custos assistenciais ou administrativos.
A escalabilidade baseia-se em dois pilares centrais: [b](1) metodologia replicável de navegação oncológica, aplicável a qualquer linha de câncer e a diferentes arranjos institucionais; e (2) geração de indicadores padronizados[/b], permitindo comparação entre serviços, planejamento populacional e apoio à tomada de decisão estratégica. Em médio e longo prazo, a expansão da NaviSmart possibilita a construção de uma rede integrada de [b]rastreio oncológico, detecção precoce e gestão ativa de pacientes[/b] no Recife, com impacto sustentável para o cidadão, para as instituições e para o ecossistema local de inovação."
"","Inovação Social","sim","Letramento Digital","[justify][color=rgb(128, 128, 128)][highlight=transparent]O Instituto MeMaker, em parceria com a Secretaria do Trabalho do Município, desenvolve uma trilha formativa inovadora que une [/highlight][/color][b][color=rgb(128, 128, 128)][highlight=transparent]expressão criativa, tecnologia e desenvolvimento humano[/highlight][/color][/b][color=rgb(128, 128, 128)][highlight=transparent] para ampliar oportunidades de inclusão produtiva para jovens em situação de vulnerabilidade socioeconômica. [/highlight][/color][/justify]
[justify][color=rgb(128, 128, 128)][highlight=transparent]A iniciativa responde diretamente ao desafio público de [/highlight][/color][b][color=rgb(128, 128, 128)][highlight=transparent]inserção e permanência qualificada no mundo do trabalho[/highlight][/color][/b][color=rgb(128, 128, 128)][highlight=transparent], enfrentando barreiras estruturais que vão além da falta de capacitação técnica. Busca [/highlight][/color][b][color=rgb(128, 128, 128)][highlight=transparent]ampliar o repertório formativo, cultural e profissional dos participantes[/highlight][/color][/b][color=rgb(128, 128, 128)][highlight=transparent], fortalecendo competências socioemocionais, repertórios criativos e habilidades técnicas que dialogam com as transformações do mercado e as demandas do território.. [/highlight][/color][/justify]
[justify][color=rgb(128, 128, 128)][highlight=transparent]Hoje, grande parte dos programas de formação profissional tem abordagem padronizada, técnica e pouco conectada à realidade e às trajetórias de vida das pessoas. O MeMaker propõe o contrário: [/highlight][/color][b][color=rgb(128, 128, 128)][highlight=transparent]olhar para o indivíduo como ponto de partida[/highlight][/color][/b][color=rgb(128, 128, 128)][highlight=transparent] — suas experiências, potências e ritmos — construindo processos formativos que valorizam autonomia, criatividade e protagonismo.[/highlight][/color][/justify]
[justify][color=rgb(128, 128, 128)][highlight=transparent]A trilha formativa integra módulos de [/highlight][/color][b][color=rgb(128, 128, 128)][highlight=transparent]expressão criativa e soft skills[/highlight][/color][/b][color=rgb(128, 128, 128)][highlight=transparent], [/highlight][/color][b][color=rgb(128, 128, 128)][highlight=transparent]tecnologias/robótica[/highlight][/color][/b][color=rgb(128, 128, 128)][highlight=transparent], e [/highlight][/color][b][color=rgb(128, 128, 128)][highlight=transparent]prototipagem de soluções[/highlight][/color][/b][color=rgb(128, 128, 128)][highlight=transparent], com forte conexão com desafios reais do território. Ao longo de 5 semanas, os jovens participam de oficinas práticas e reflexivas, orientadas por educadores e mentores. O objetivo é fortalecer competências técnicas e socioemocionais, ampliar perspectivas de futuro e gerar conexões com oportunidades de trabalho e renda.[/highlight][/color][/justify]
[justify][color=rgb(128, 128, 128)][highlight=transparent]Com mais de [/highlight][/color][b][color=rgb(128, 128, 128)][highlight=transparent]2.000 jovens impactados[/highlight][/color][/b][color=rgb(128, 128, 128)][highlight=transparent] em edições anteriores, a metodologia MeMaker demonstra resultados consistentes e a parceria com o poder público potencializa a escalabilidade da iniciativa, conectando políticas públicas a práticas pedagógicas inovadoras e mais humanas.[/highlight][/color][/justify]","[justify][color=rgb(128, 128, 128)][highlight=transparent]A iniciativa já apresenta [/highlight][/color][b][color=rgb(128, 128, 128)][highlight=transparent]evidências qualitativas e quantitativas consolidadas[/highlight][/color][/b][color=rgb(128, 128, 128)][highlight=transparent], fortalecendo seu impacto:[/highlight][/color][/justify]
[ml][ul][li indent=0 align=left][b][highlight=transparent]+2.000 jovens impactos[/highlight][/b][highlight=transparent] desde a criação do programa, com foco em grupos em situação de vulnerabilidade;[/highlight][/li][li indent=0 align=left][/li][li indent=0 align=left][b][highlight=transparent]80 jovens formados somente neste ano[/highlight][/b][highlight=transparent], com [/highlight][b][highlight=transparent]7 já inseridos como jovens aprendizes ou atuando como monitores remunerados[/highlight][/b][highlight=transparent], evidenciando a capacidade de gerar inserção produtiva em curto prazo;[/highlight][/li][li indent=0 align=left][/li][li indent=0 align=left][b][highlight=transparent]61% dos participantes são meninas e mulheres[/highlight][/b][highlight=transparent], reforçando o compromisso da iniciativa com a equidade de gênero e a ampliação de oportunidades para grupos historicamente sub-representados nas áreas de tecnologia e inovação;[/highlight][/li][li indent=0 align=left][/li][li indent=0 align=left]Desenvolvimento consistente de [b][highlight=transparent]competências socioemocionais[/highlight][/b][highlight=transparent], com relatos de aumento de autoestima, autonomia e senso de pertencimento;[/highlight][/li][li indent=0 align=left][/li][li indent=0 align=left]Ampliação de [b][highlight=transparent]parcerias locais e institucionais[/highlight][/b][highlight=transparent] que geram oportunidades concretas de estágio, emprego e empreendedorismo;[/highlight][/li][li indent=0 align=left][/li][li indent=0 align=left]Produção de [b][highlight=transparent]soluções e protótipos voltados a demandas reais do território[/highlight][/b][highlight=transparent], com foco em sustentabilidade e economia circular.[/highlight][/li][li indent=0 align=left][/li][/ul][/ml][justify][color=rgb(128, 128, 128)][highlight=transparent]Esses resultados são [/highlight][/color][b][color=rgb(128, 128, 128)][highlight=transparent]monitorados por meio de acompanhamento contínuo das turmas[/highlight][/color][/b][color=rgb(128, 128, 128)][highlight=transparent], avaliações de desempenho, devolutivas dos participantes e parceiros empregadores, além de um [/highlight][/color][b][color=rgb(128, 128, 128)][highlight=transparent]observatório interno de impacto[/highlight][/color][/b][color=rgb(128, 128, 128)][highlight=transparent], que consolida indicadores e aprendizados para aprimorar a iniciativa continuamente.[/highlight][/color][/justify]","[justify][color=rgb(128, 128, 128)][highlight=transparent]A metodologia MeMaker foi desenhada para ser [/highlight][/color][b][color=rgb(128, 128, 128)][highlight=transparent]modular, flexível e adaptável[/highlight][/color][/b][color=rgb(128, 128, 128)][highlight=transparent] a diferentes contextos urbanos e comunitários. Ela pode ser implementada em escolas públicas, centros de inovação, espaços comunitários e programas de qualificação profissional, mantendo sua essência centrada no indivíduo.[/highlight][/color][/justify]
[justify][color=rgb(128, 128, 128)][highlight=transparent]A parceria com a Secretaria do Trabalho cria um modelo institucional de referência que pode ser [/highlight][/color][b][color=rgb(128, 128, 128)][highlight=transparent]replicado em outros municípios[/highlight][/color][/b][color=rgb(128, 128, 128)][highlight=transparent] e estados, fortalecendo políticas de empregabilidade com um olhar mais humano e inovador. O formato em [/highlight][/color][b][color=rgb(128, 128, 128)][highlight=transparent]ciclos curtos (10 encontros - Carga horária total 30h)[/highlight][/color][/b][color=rgb(128, 128, 128)][highlight=transparent] e uso de tecnologias acessíveis permite escalar com eficiência e custos reduzidos.[/highlight][/color][/justify]
[justify][color=rgb(128, 128, 128)][highlight=transparent]A presença de [/highlight][/color][b][color=rgb(128, 128, 128)][highlight=transparent]redes de alumni e mentores[/highlight][/color][/b][color=rgb(128, 128, 128)][highlight=transparent] facilita a expansão orgânica, multiplicando os efeitos da iniciativa e gerando impacto de médio e longo prazo.[/highlight][/color][/justify]"
"","Inovação Empresarial","não","Inovação empresarial","Desenvolvemos uma extensão para o portal já existente da Prefeitura do Recife, voltada à organização, venda e regularização de imóveis em áreas históricas. A proposta nasce da necessidade de reduzir a burocracia e reativar o interesse de investidores em regiões com potencial de revitalização. O sistema reúne em um só ambiente informações sobre os imóveis disponíveis, documentação necessária, cálculo automático da outorga onerosa e acompanhamento das etapas de compra. A ideia central é facilitar o acesso às informações, agilizar processos e tornar a gestão imobiliária mais transparente e eficiente.
","A iniciativa traz benefícios diretos tanto para o cidadão quanto para o investidor. Esperamos reduzir significativamente o tempo de tramitação documental, ampliar o número de imóveis regularizados e movimentar a economia local. O projeto também contribui para a valorização do patrimônio histórico, o incentivo à restauração de imóveis e o fortalecimento da imagem da prefeitura como promotora de inovação e eficiência administrativa.","O modelo é totalmente replicável e pode ser implementado em outras prefeituras que já possuam portais institucionais. Sua estrutura modular permite personalização conforme as legislações locais. A médio prazo, pode evoluir para uma plataforma estadual de gestão imobiliária integrada, ampliando o impacto e fortalecendo a transformação digital na administração pública."
"","Inovação Científica","sim","Pesquisa & Extensão Inovadora","A [b]Inovagro Ambiental Jr[/b], empresa júnior de consultoria ambiental e agrícola, desenvolveu um [b]treinamento corporativo em sustentabilidade[/b] na [b]unidade de margarina da Seara[/b], localizada no [b]Cabo de Santo Agostinho (PE)[/b]. O projeto teve como objetivo [b]fortalecer a educação ambiental dentro do ambiente industrial[/b], promovendo mudanças comportamentais e consolidando uma cultura voltada à sustentabilidade.
O [b]desafio público identificado[/b] é a [b]baixa conscientização ambiental nas rotinas produtivas e operacionais[/b] das indústrias. De acordo com dados do IBGE (2022), [b]menos de 35% das empresas brasileiras[/b] realizam programas contínuos de educação ambiental voltados a seus colaboradores, o que limita a adoção efetiva de práticas sustentáveis e o alcance de metas ambientais corporativas.
Para enfrentar essa lacuna, o projeto da Inovagro Ambiental Jr realizou uma [b]semana de capacitação intensiva[/b] com todos os funcionários da unidade, distribuídos em [b]três turnos de trabalho[/b], garantindo ampla participação. As ações incluíram:
[ml][ul][li indent=0 align=left][b]Palestras e conversas educativas[/b] sobre sustentabilidade, consumo consciente e gestão de resíduos;[/li][li indent=0 align=left][b]Aplicação de avaliações diagnósticas e finais[/b], para mensurar o aprendizado dos participantes;[/li][li indent=0 align=left][b]Distribuição de panfletos informativos e brindes ecológicos[/b], reforçando o engajamento ambiental;[/li][li indent=0 align=left][b]Entrega de adubo orgânico[/b], estimulando o reaproveitamento de resíduos e a compostagem.[/li][/ul][/ml]A iniciativa buscou [b]transformar o conhecimento teórico em práticas cotidianas[/b], promovendo o protagonismo dos colaboradores nas ações de sustentabilidade.
O [b]impacto esperado[/b] foi o [b]aumento do nível de consciência ambiental[/b], medido pela evolução dos resultados das provas aplicadas e pelo feedback positivo dos participantes. O projeto contribui diretamente para os [b]Objetivos de Desenvolvimento Sustentável (ODS)[/b] da ONU, especialmente o [b]ODS 12 (Consumo e Produção Responsáveis)[/b] e o [b]ODS 13 (Ação contra a Mudança Global do Clima)[/b].
Dessa forma, a solução proposta pela [b]Inovagro Ambiental Jr[/b] endereça de forma direta e prática a [b]falta de engajamento ambiental nas organizações[/b], oferecendo uma metodologia educativa, replicável e de impacto contínuo, que une conhecimento técnico, sensibilização e ação.","O presente relatório sumariza a participação e o desempenho do nosso programa de capacitação, conduzido pela [b]INOVAGRO JR. (UFRPE)[/b] – consultoria com foco em [b]Consultoria Agrícola[/b] – utilizando uma base de [b]353 registros[/b]. O programa, intitulado [b]""Ciclo Sustentável Seara""[/b], demonstrou sucesso na mobilização e eficácia na transferência de conhecimento para os colaboradores da empresa.
Estes dados validam a iniciativa como uma solução inovadora que promove o conhecimento aplicado e se alinha aos objetivos do Prêmio Recife de Inovação.
[b]1. Alto Índice de Participação:[/b] A análise de frequência confirma uma forte demanda e engajamento. Dos 353 indivíduos na lista, [b]278 pessoas (78,75%) participaram ativamente[/b] do programa, o que sublinha a relevância dos temas abordados (Agronegócio, Sustentabilidade e Produção Consciente) para a qualificação profissional em Recife. A taxa de não-comparecimento foi de 21,25% (75 pessoas).
[b]2. Desempenho e Absorção de Conhecimento:[/b] O desempenho foi medido pela coluna ""Acertos"" (nota máxima: 8), refletindo a absorção do conteúdo técnico.
[ml][ul][li indent=0 align=left][b]Média de Acertos:[/b] A média de desempenho entre os [b]243 participantes que tiveram nota registrada foi de 6,17[/b], indicando que a maior parte do grupo alcançou um nível de conhecimento acima do satisfatório.[/li][li indent=0 align=left][b]Concentração de Alto Desempenho:[/b] Houve uma notável concentração nas notas mais altas. [b]53,96% dos participantes (150 pessoas)[/b] alcançaram 6 acertos ou mais, demonstrando um impacto substancial e efetivo na capacitação técnica. As notas 7 e 8 foram as mais frequentes, ambas obtidas por 51 pessoas (18,35% cada).[/li][/ul][/ml]A [b]INOVAGRO JR. (UFRPE)[/b] reafirma, por meio destes resultados quantitativos, seu papel como agente promotor de conhecimento aplicado e relevante para o desenvolvimento e a inovação no setor agrícola e produtivo de Recife.","A iniciativa desenvolvida pela [b]Inovagro Ambiental Jr[/b] apresenta [b]alta capacidade de expansão e replicabilidade[/b], pois foi concebida com uma [b]metodologia flexível e adaptável a diferentes contextos organizacionais e sociais[/b]. O modelo de treinamento em sustentabilidade combina [b]conteúdos técnicos, ferramentas educativas e dinâmicas participativas[/b], podendo ser ajustado conforme o porte da empresa, o perfil dos colaboradores e a realidade ambiental local.
A metodologia é baseada em três pilares: [b]educação ambiental corporativa, engajamento prático e mensuração de impacto[/b]. Esses pilares permitem que o projeto seja facilmente reproduzido em [b]indústrias de outros segmentos[/b], em [b]setores públicos e privados[/b], ou até mesmo em [b]comunidades e instituições de ensino[/b]. O formato modular — que integra palestras, dinâmicas e avaliações — garante escalabilidade sem perda de qualidade ou profundidade técnica.
Como evidência de sua [b]viabilidade e potencial de expansão[/b], a experiência bem-sucedida na [b]unidade da Seara (Cabo de Santo Agostinho - PE)[/b] demonstra que o projeto pode ser implementado com resultados mensuráveis em conscientização e comportamento ambiental. O engajamento dos funcionários, aliado ao acompanhamento dos indicadores de aprendizado, reforça a [b]eficácia da metodologia e o potencial de adaptação para novos públicos[/b].
Em [b]médio prazo[/b], a replicação do projeto em outras unidades industriais ou instituições parceiras tende a gerar uma [b]rede de multiplicadores ambientais[/b], fortalecendo a cultura de sustentabilidade dentro e fora do ambiente corporativo. Já em [b]longo prazo[/b], a iniciativa contribui para a [b]formação de cidadãos e profissionais ambientalmente conscientes[/b], promovendo transformações duradouras nos processos produtivos e na gestão ambiental das organizações.
Assim, o projeto da [b]Inovagro Ambiental Jr[/b] se consolida como uma [b]solução educativa sustentável, escalável e de impacto contínuo[/b], capaz de [b]inspirar políticas institucionais e estratégias de responsabilidade socioambiental[/b] em diferentes territórios."
"","Inovação Científica","sim","Pesquisa & Extensão Inovadora","[justify][color=rgb(0, 0, 0)][highlight=transparent]A Jornada Inova REPE é uma iniciativa de inovação aberta voltada para a resolução de desafios do Governo do Estado de Pernambuco, em parceria com a Secretaria de Ciência, Tecnologia e Inovação do Estado. O projeto é resultado de um Acordo de Cooperação Técnica entre UPE e UFPE e tem como objetivo sensibilizar e capacitar pessoas para o desenvolvimento de soluções inovadoras, por meio da realização de dois ciclos de inovação aberta. [/highlight][/color][/justify]

[justify][color=rgb(0, 0, 0)][highlight=transparent]O projeto submetido e aprovado pela Fundação de Amparo à Ciência e Tecnologia do Estado de Pernambuco (FACEPE) em 2024, teve início em março de 2025, como o objetivo promover jornadas de inovação aberta por meio do capital intelectual da UPE e UFPE, visando desenvolver competências e habilidades inovadoras e empreendedoras em ambientes universitários, incentivando a solução de problemas reais do estado de Pernambuco[/highlight][/color][color=rgb(0, 0, 0)][highlight=rgb(255, 255, 255)]. No programa é permitida a participação de estudantes, professores e empreendedores de outras instituições ou empresas.[/highlight][/color][/justify]
[justify][/justify]
[justify][color=rgb(0, 0, 0)][highlight=transparent]Tendo como pauta os desafios postos no âmbito da Rede de Ecossistemas de Pernambuco (REPE) o projeto abrange diversas Unidades da UPE e UFPE, mobilizando e engajando estudantes, professores e mentores para atuar nas cidades de Recife (Poli, Fcap e UFPE), Caruaru (UPE e UFPE), Garanhuns (UPE), Petrolina (UPE), Arcoverde (UPE), Nazaré da Mata (UPE) e Palmares (UPE).[/highlight][/color][/justify]
[justify][color=rgb(0, 0, 0)][highlight=transparent]Foram escolhidos, inicialmente, 20 desafios dentre os listados na Usina Pernambucana de Inovação (2025) e lançados por órgãos da gestão pública estadual como Secretaria do Meio Ambiente e Sustentabilidade, Polícia Civil, Fundação de Hematologia e Hemoterapia de Pernambuco, Secretaria da Fazenda, Secretaria de Educação e Companhia Pernambucana de Saneamento.[/highlight][/color][/justify]
[justify][color=rgb(0, 0, 0)][highlight=transparent]A proposta de conectar estudantes, professores e comunidades inovadoras, promovendo uma trilha que se inicia com o desenvolvimento de soft skills como comunicação, trabalho em equipe, resolução de problemas e proatividade e ideação, até a criação de Mínimos Produtos Viáveis (MVPs).[/highlight][/color][/justify]
","[justify][color=rgb(0, 0, 0)][highlight=transparent]A Jornada Inova REPE em seu 1o Ciclo, ainda em andamento, já apresenta resultados parciais de impacto positivo no ecossistema. Na etapa de ativação, além das lives semanais, aconteceram atividades presenciais em 7 cidades pernambucanas, a saber: Recife,  Caruaru, Petrolina, Garanhuns, Arcoverde, Palmares e Nazaré da Mata, onde foram realizados 36 eventos. [/highlight][/color][/justify]

[justify][color=rgb(0, 0, 0)][highlight=transparent]Na etapa dedicada à avaliação e desenvolvimento de habilidades e competências socioemocionais, foram atendidos 263 participantes que puderam fazer uma autoavaliação de suas soft skills e participar de 27 trilhas sobre estas competências.[/highlight][/color][/justify]

[justify][color=rgb(0, 0, 0)][highlight=transparent]Após o fim da etapa de ideação, obteve-se a mobilização de 659 inscritos residentes em 40 cidades de PE. Dos quais 447 declararam vínculo com a UPE, 73 com a UFPE, e 139 com outras organizações públicas ou privadas. [/highlight][/color][/justify]

[justify][color=rgb(0, 0, 0)][highlight=transparent]Com a conclusão da etapa de ideação foram contabilizadas a realização de 22 mentorias coletivas e individuais com as equipes participantes. 42 Projetos enviados por 41 equipes formadas, foram avaliação dessa etapa, havendo a seleção de 20 projetos que estão aptos a continuar na jornada.[/highlight][/color][/justify]

[justify][color=rgb(0, 0, 0)][highlight=transparent]Os 20 squads formados e selecionados na etapa de ideação, representam um total de 106 participantes, que realizaram a etapa de desenvolvimento do MVP, com suporte técnico e mentorias. Dentre as equipes selecionadas, 04 recebem bolsa da FACEPE, e 01 bolsa pela Rede de Inovação Rita IA, rede do governo que dissemina inovação em Inteligência Artificial.[/highlight][/color][/justify]

[justify][color=rgb(0, 0, 0)][highlight=transparent]Este ciclo será concluído com uma competição entre as jornadas de inovação financiadas pela SECTI/PE. Nossos dois representantes foram selecionados a partir de um demoday realizado na BIENAL DO LIVRO de Pernambuco. A etapa final será em 25/11 no auditório da Secti/PE.[/highlight][/color][/justify]

[justify][color=rgb(0, 0, 0)][highlight=transparent]Enquanto isso, já iniciamos o 2o ciclo com os seguintes resultados parciais:[/highlight][/color][/justify]
[justify][color=rgb(0, 0, 0)][highlight=transparent]355 Inscritos[/highlight][/color][/justify]
[justify][color=rgb(0, 0, 0)][highlight=transparent]46 Cidades envolvidas[/highlight][/color][/justify]
[justify][color=rgb(0, 0, 0)][highlight=transparent]31 Eventos realizados[/highlight][/color][/justify]
[justify][color=rgb(0, 0, 0)][highlight=transparent]38 Mentorias fornecidas[/highlight][/color][/justify]
[justify][color=rgb(0, 0, 0)][highlight=transparent]89 Concluintes de Soft Skill[/highlight][/color][/justify]
[justify][color=rgb(0, 0, 0)][highlight=transparent]39 Projetos construídos[/highlight][/color][/justify]
[justify][color=rgb(0, 0, 0)][highlight=transparent]20 Projetos selecionados[/highlight][/color][/justify]
[justify][color=rgb(0, 0, 0)][highlight=transparent]6 Equipes com bolsa Facepe[/highlight][/color][/justify]
","[justify][color=rgb(0, 0, 0)][highlight=transparent]A jornada foi já apresentada em eventos de inovação de renome nacional e internacional sendo bem aceita com vários pedidos para que ela fosse replicada. [/highlight][/color][/justify]

[justify][color=rgb(0, 0, 0)][highlight=transparent]O primeiro foi o OPEN INNOVATION WEEK, onde fomos aceitos como CASE no Congresso Internacional de CASES de Open Innovation, a maior conferência deste tipo na América Latina, que acontece na programação do Rio Innovation Week. O segundo evento foi a ANPROTEC 2025, maior encontro de ecossistemas de inovação do Brasil. Lá tivemos 3 artigos aceitos, sendo um apresentado em painel, outro como pôster e os 3 sendo publicados nos anais do evento. [/highlight][/color][/justify]

[justify][color=rgb(0, 0, 0)][highlight=transparent]Hoje existem demandas reais de outras secretarias de GOVERNO para que o INOVA REPE possa ser replicado e isto pode ser feito capacitando novos multiplicadores de outros estados e licenciando a metodologia/plataformas que utilizamos. OS organizadores do projeto inclusive possuem já experiência em replicar metodologias/jornadas de inovação para outros estados.[/highlight][/color][/justify]
"
"","Startup Inovadora","sim","Startup Ascenção","Empresas no Brasil enfrentam um problema estrutural de produtividade que compromete seu crescimento: cada atendimento ao cliente desencadeia de 5 a 10 tarefas operacionais. Atualizar CRM, fazer follow-ups, gerar documentação, processar pedidos. Em empresas com centenas de atendimentos , esse volume de trabalho se torna insustentável. Na prática, a cada 100 novos pedidos, surge a necessidade de contratar mais um funcionário. Isso cria um ciclo vicioso onde o aumento das vendas vem acompanhado de custos operacionais crescentes na mesma proporção, travando as margens de lucro.

Esse gargalo afeta pequenas e médias empresas, que não conseguem expandir sem aumentar proporcionalmente suas equipes. Profissionais qualificados desperdiçam tempo com tarefas repetitivas quando poderiam estar desenvolvendo estratégias de crescimento.

A Naga IA resolve esse problema com uma plataforma que vai além dos chatbots . Enquanto soluções tradicionais apenas automatizam o atendimento inicial, nossa tecnologia opera com orquestração de agentes de IA que executam todas as etapas do processo: desde a primeira conversa com o cliente até a conclusão das tarefas administrativas internas. O sistema qualifica leads, atualiza bases de dados, identifica oportunidades comerciais, processa pedidos e programa follow-ups, de forma autônoma e coordenada.

Os resultados práticos incluem: crescimento da operação sem expansão proporcional do quadro de funcionários; aumento de 10 vezes na produtividade das equipes, que passam a se dedicar a atividades estratégicas; melhoria nas margens de lucro através da redução de custos operacionais; e valorização do trabalho humano, eliminando funções repetitivas e permitindo que profissionais atuem em atividades que exigem criatividade e pensamento estratégico. Nossa solução contribui diretamente para os Objetivos de Desenvolvimento Sustentável 8 e 9 da ONU, promovendo trabalho digno e crescimento econômico sustentável.","Dados coletados após 3 meses de Atenda AI em nossos clientes:
3x mais conversão - Triplicação das taxas de conversão de leads em clientes.
13 horas requalificadas por semana - Tempo liberado por colaborador, redirecionado para iniciativas estratégicas.
20% de aumento de receita - Crescimento da receita com otimização de margens operacionais.

Indicadores de Desempenho
Tempo de resposta: Redução do tempo de espera para praticamente zero, eliminando filas e frustrações dos clientes.
Taxa de resolução autônoma: 93% dos casos de suporte resolvidos sem necessidade de escalamento para atendimento humano.
Qualidade de dados: Aumento significativo de leads registrados no CRM com informações completas e estruturadas, eliminando fichas vazias ou incompletas que antes prejudicavam o follow-up comercial.
Produtividade da equipe: 10x superior - colaboradores liberados de tarefas operacionais repetitivas para focar em negociações complexas e estratégia.

Ganhos Concretos
Case E-commerce ""World Fantasy"" : Um cliente do setor de Aluguel de fantasias aumentou sua eficiência operacional em quase 10x após 3 meses utilizando a Naga IA, mantendo exatamente o mesmo tamanho de equipe. Não houve redução nem aumento de headcount. Aumento de eficiência, mantendo os trabalhos atuais.","A Naga IA é uma plataforma escalável por natureza. Já reproduzimos nossa solução em 5 nichos diferentes de mercado, com foco em e-commerce e varejo, e não existe limitação territorial para expansão.

Nossa arquitetura de agentes se adapta a qualquer vertical sem reconstrução - apenas configurações específicas. Um cliente pode duplicar seu volume de atendimentos sem que isso demande mais recursos da nossa plataforma. Um agente processa milhares de interações simultâneas.
	
Atuamos em e-commerce e varejo - setores com milhões de empresas globalmente enfrentando os mesmos gargalos operacionais. Por ser digital e baseada em nuvem, nossa solução funciona em qualquer região com internet, sem barreiras geográficas.
O modelo permite crescimento exponencial: cada nova implementação fortalece nossos agentes através de aprendizado contínuo, tornando entregas futuras mais rápidas e eficazes."
"sim","","","Startup Ascenção","Empresas no Brasil enfrentam um problema estrutural de produtividade que compromete seu crescimento: cada atendimento ao cliente desencadeia de 5 a 10 tarefas operacionais. Atualizar CRM, fazer follow-ups, gerar documentação, processar pedidos. Em empresas com centenas de atendimentos , esse volume de trabalho se torna insustentável. Na prática, a cada 100 novos pedidos, surge a necessidade de contratar mais um funcionário. Isso cria um ciclo vicioso onde o aumento das vendas vem acompanhado de custos operacionais crescentes na mesma proporção, travando as margens de lucro.

Esse gargalo afeta pequenas e médias empresas, que não conseguem expandir sem aumentar proporcionalmente suas equipes. Profissionais qualificados desperdiçam tempo com tarefas repetitivas quando poderiam estar desenvolvendo estratégias de crescimento.

A Naga IA resolve esse problema com uma plataforma que vai além dos chatbots . Enquanto soluções tradicionais apenas automatizam o atendimento inicial, nossa tecnologia opera com orquestração de agentes de IA que executam todas as etapas do processo: desde a primeira conversa com o cliente até a conclusão das tarefas administrativas internas. O sistema qualifica leads, atualiza bases de dados, identifica oportunidades comerciais, processa pedidos e programa follow-ups, de forma autônoma e coordenada.

Os resultados práticos incluem: crescimento da operação sem expansão proporcional do quadro de funcionários; aumento de 10 vezes na produtividade das equipes, que passam a se dedicar a atividades estratégicas; melhoria nas margens de lucro através da redução de custos operacionais; e valorização do trabalho humano, eliminando funções repetitivas e permitindo que profissionais atuem em atividades que exigem criatividade e pensamento estratégico. Nossa solução contribui diretamente para os Objetivos de Desenvolvimento Sustentável 8 e 9 da ONU, promovendo trabalho digno e crescimento econômico sustentável.","Dados coletados após 3 meses de Atenda AI em nossos clientes:
3x mais conversão - Triplicação das taxas de conversão de leads em clientes.
13 horas requalificadas por semana - Tempo liberado por colaborador, redirecionado para iniciativas estratégicas.
20% de aumento de receita - Crescimento da receita com otimização de margens operacionais.

Indicadores de Desempenho
Tempo de resposta: Redução do tempo de espera para praticamente zero, eliminando filas e frustrações dos clientes.
Taxa de resolução autônoma: 93% dos casos de suporte resolvidos sem necessidade de escalamento para atendimento humano.
Qualidade de dados: Aumento significativo de leads registrados no CRM com informações completas e estruturadas, eliminando fichas vazias ou incompletas que antes prejudicavam o follow-up comercial.
Produtividade da equipe: 10x superior - colaboradores liberados de tarefas operacionais repetitivas para focar em negociações complexas e estratégia.

Ganhos Concretos
Case E-commerce ""World Fantasy"" : Um cliente do setor de Aluguel de fantasias aumentou sua eficiência operacional em quase 10x após 3 meses utilizando a Naga IA, mantendo exatamente o mesmo tamanho de equipe. Não houve redução nem aumento de headcount. Aumento de eficiência, mantendo os trabalhos atuais.","A Naga IA é uma plataforma escalável por natureza. Já reproduzimos nossa solução em 5 nichos diferentes de mercado, com foco em e-commerce e varejo, e não existe limitação territorial para expansão.

Nossa arquitetura de agentes se adapta a qualquer vertical sem reconstrução - apenas configurações específicas. Um cliente pode duplicar seu volume de atendimentos sem que isso demande mais recursos da nossa plataforma. Um agente processa milhares de interações simultâneas.
	
Atuamos em e-commerce e varejo - setores com milhões de empresas globalmente enfrentando os mesmos gargalos operacionais. Por ser digital e baseada em nuvem, nossa solução funciona em qualquer região com internet, sem barreiras geográficas.
O modelo permite crescimento exponencial: cada nova implementação fortalece nossos agentes através de aprendizado contínuo, tornando entregas futuras mais rápidas e eficazes."
"","Inovação Científica","sim","Pesquisa & Extensão Inovadora","O Movimento Empresa Júnior é um dos principais programas de extensão das universidades de Pernambuco, presente de Petrolina a Recife. Ele fomenta o empreendedorismo jovem e proporciona vivência empresarial ainda durante a graduação. Seu propósito é claro: formar líderes comprometidos e capazes de tornar o Brasil um país mais empreendedor.

Em Pernambuco, o MEJ é especialmente forte. São 43 Empresas Juniores espalhadas pelo estado, abrangendo os mais diversos curso de Farmácia e Administração a Tecnologia e Engenharias. O movimento conecta o jovem universitário ao mercado, desenvolvendo habilidades do futuro e transformando o aprendizado teórico em prática real.

Grande parte desse protagonismo se deve ao trabalho da FEJEPE, a Federação das Empresas Juniores de Pernambuco. A federação atua fomentando o empreendedorismo no estado, deixando um legado de impacto e resultados. A FEJEPE é, inclusive, uma das duas únicas federações do Brasil a alcançar o selo ENEJ de Alto Impacto por nove anos consecutivos, resultado direto do comprometimento da rede pernambucana em transformar realidades por meio do empreendedorismo.

","[color=rgb(2, 2, 2)]A Rede de Empresas Juniores de Pernambuco vem há anos alcançando marcos importantes, consolidando-se como um dos ecossistemas mais relevantes do Brasil. Em Pernambuco, são 42 empresas juniores em 15 Instituições de Ensino Superior de 8 municípios totalizando mais de 900 empresários juniores. Recife é nosso polo central de Empresas Juniores. São 16 na Universidade Federal de Pernambuco (UFPE), 4 na Universidade Federal Rural de Pernambuco (UFRPE), 1 no Instituto Federal de Pernambuco (IFPE), 1 na UNICAP, 1 na UNIFAFIRE e 2 na Universidade de Pernambuco (UPE). Totalizando 25 Empresas Juniores que movimentaram R$ 2.704.944,62 a partir da venda e execução de 312 projetos com 745 membros envolvidos, sendo 513 [/color][color=rgb(0, 29, 53)]Pretos, Pardos e Indígenas (PPI), mulheres ou membros da comunidade LGBTQIAP+.[/color]
[color=rgb(2, 2, 2)]A partir disso, conseguimos trazer vivência empresarial ainda na universidade possibilitando o desenvolvimento das habilidades do futuro que são aquelas que permitem aos profissionais se adaptar, criar e prosperar em cenários de alta complexidade, automação e transformação digital. Elas combinam [/color][b][color=rgb(2, 2, 2)]competências humanas, tecnológicas e socioemocionais.[/color][/b]
[color=rgb(2, 2, 2)]Desse modo, possibilitamos ao mercado serviço de estudantes capacitados que unem o estudo científico da universidade, inovação e a prática na realização de seus serviços e possibilitamos o desenvolvimento pessoal e profissional aos empresários juniores que compõem a rede. De acordo com a Pesquisa de Mensuração de Impacto no MEJ em 2021, o jovem que passa pelo Movimento tem 4x mais chance de ingressar no mercado de trabalho do que quem sai da universidade sem essa experiência. Atualmente temos empresários no Ifood, Stone, Delitte, governo e tantos outros espaços.[/color]


","[color=rgb(2, 2, 2)]O Movimento Empresa Júnior é um movimento global que iniciou na França em 1967. O Brasil é o país com a maior representação e credibilidade do movimento. Por aqui, são mais de 1500 empresas juniores em 300 Instituições de Ensino Superior nas 27 Universidades federativas do país. Trago esses dados para fundamentar que a replicabilidade e potencial de escala do Movimento Empresa Junior Pernambucano é imensurável. A Lei nº 13.267/2016 (a chamada “Lei das Empresas Juniores”) define que empresa júnior é entidade sob a forma de associação civil, gerida por estudantes matriculados em cursos de graduação, com o propósito de realizar projetos e serviços que contribuam para o desenvolvimento acadêmico e profissional dos associados. Existem alguns principais pontos que regulamentam a existência e expansão do Movimento como a empresa júnior deve estar vinculada a uma instituição de ensino superior, os estudantes que participarem devem estar regularmente matriculados no curso a que a entidade está vinculada, a associação deve ter fins educacionais e não lucrativos: a renda obtida deve ser revertida para suas atividades-fim, e ficam vedadas certas captações ou propagandas político-partidárias e entre outros que garantem uma expansão sólida, ética e legal.[/color]
[color=rgb(2, 2, 2)]Com isso, com as iniciativas dos estudantes, qualquer universidade pode fundar e integrar a sua empresa júnior a Federação. Gerando assim, mais vivência prática, inovação e extensão nas universidades. As Empresas Juniores são administradas pelos estudantes o que permite 100% de adaptação a realidade da cidade, bairro, curso ou universidade.[/color]


"
