"comentario","creterea","desafio","booleano","inscricao-premio","inscricaoPremioRec","Mentor"
"","1750963737427x154850918931365900","","","","",""
"","1750963789342x740622417311039500","","","","",""
"teste","1750963840538x709527632057466900","","","","",""
"","1750963905243x917948856028364800","","","","",""
"","1750963948773x168407758455701500","","","","",""
"","1750963985799x779631706475331600","","","","",""
"","1750964021001x386125084374335500","","","","",""
"","1750963737427x154850918931365900","","","","","rodrigobzrra@gmail.com"
"","1750963789342x740622417311039500","","","","","rodrigobzrra@gmail.com"
"","1750963840538x709527632057466900","","","","","rodrigobzrra@gmail.com"
"","1750963905243x917948856028364800","","","","","rodrigobzrra@gmail.com"
"","1750963948773x168407758455701500","","","","","rodrigobzrra@gmail.com"
"","1750963985799x779631706475331600","","","","","rodrigobzrra@gmail.com"
"","1750964021001x386125084374335500","","","","","rodrigobzrra@gmail.com"
"","1750963737427x154850918931365900","","","","","rodrigobzrra@gmail.com"
"","1750963789342x740622417311039500","","","","","rodrigobzrra@gmail.com"
"","1750963840538x709527632057466900","","","","","rodrigobzrra@gmail.com"
"","1750963905243x917948856028364800","","","","","rodrigobzrra@gmail.com"
"","1750963948773x168407758455701500","","","","","rodrigobzrra@gmail.com"
"","1750963985799x779631706475331600","","","","","rodrigobzrra@gmail.com"
"","1750964021001x386125084374335500","","","","","rodrigobzrra@gmail.com"
"","1750963737427x154850918931365900","","","","","rodrigobzrra@gmail.com"
"","1750963789342x740622417311039500","","","","","rodrigobzrra@gmail.com"
"","1750963840538x709527632057466900","","","","","rodrigobzrra@gmail.com"
"","1750963905243x917948856028364800","","","","","rodrigobzrra@gmail.com"
"","1750963948773x168407758455701500","","","","","rodrigobzrra@gmail.com"
"","1750963985799x779631706475331600","","","","","rodrigobzrra@gmail.com"
"","1750964021001x386125084374335500","","","","","rodrigobzrra@gmail.com"
"","1750963737427x154850918931365900","","","","","rodrigobzrra@gmail.com"
"","1750963789342x740622417311039500","","","","","rodrigobzrra@gmail.com"
"","1750963840538x709527632057466900","","","","","rodrigobzrra@gmail.com"
"","1750963905243x917948856028364800","","","","","rodrigobzrra@gmail.com"
"","1750963948773x168407758455701500","","","","","rodrigobzrra@gmail.com"
"","1750963985799x779631706475331600","","","","","rodrigobzrra@gmail.com"
"","1750964021001x386125084374335500","","","","","rodrigobzrra@gmail.com"
"","1750963737427x154850918931365900","","","","","rodrigobzrra@gmail.com"
"","1750963789342x740622417311039500","","","","","rodrigobzrra@gmail.com"
"","1750963840538x709527632057466900","","","","","rodrigobzrra@gmail.com"
"","1750963905243x917948856028364800","","","","","rodrigobzrra@gmail.com"
"","1750963948773x168407758455701500","","","","","rodrigobzrra@gmail.com"
"","1750963985799x779631706475331600","","","","","rodrigobzrra@gmail.com"
"","1750964021001x386125084374335500","","","","","rodrigobzrra@gmail.com"
"","1750963737427x154850918931365900","","","","","rodrigobzrra@gmail.com"
"","1750963789342x740622417311039500","","","","","rodrigobzrra@gmail.com"
"","1750963840538x709527632057466900","","","","","rodrigobzrra@gmail.com"
"","1750963905243x917948856028364800","","","","","rodrigobzrra@gmail.com"
"","1750963948773x168407758455701500","","","","","rodrigobzrra@gmail.com"
"","1750963985799x779631706475331600","","","","","rodrigobzrra@gmail.com"
"","1750964021001x386125084374335500","","","","","rodrigobzrra@gmail.com"
"","1750963737427x154850918931365900","","","","","rodrigobzrra@gmail.com"
"","1750963789342x740622417311039500","","","","","rodrigobzrra@gmail.com"
"","1750963840538x709527632057466900","","","","","rodrigobzrra@gmail.com"
"","1750963905243x917948856028364800","","","","","rodrigobzrra@gmail.com"
"","1750963948773x168407758455701500","","","","","rodrigobzrra@gmail.com"
"","1750963985799x779631706475331600","","","","","rodrigobzrra@gmail.com"
"","1750964021001x386125084374335500","","","","","rodrigobzrra@gmail.com"
"","1750963737427x154850918931365900","","","","","rodrigobzrra@gmail.com"
"","1750963737427x154850918931365900","","","","","rodrigobzrra@gmail.com"
"","1750963789342x740622417311039500","","","","","rodrigobzrra@gmail.com"
"","1750963840538x709527632057466900","","","","","rodrigobzrra@gmail.com"
"","1750963905243x917948856028364800","","","","","rodrigobzrra@gmail.com"
"","1750963948773x168407758455701500","","","","","rodrigobzrra@gmail.com"
"","1750963985799x779631706475331600","","","","","rodrigobzrra@gmail.com"
"","1750964021001x386125084374335500","","","","","rodrigobzrra@gmail.com"
"","1750963737427x154850918931365900","","","","","rodrigobzrra@gmail.com"
"","1750963789342x740622417311039500","","","","","rodrigobzrra@gmail.com"
"","1750963840538x709527632057466900","","","","","rodrigobzrra@gmail.com"
"","1750963905243x917948856028364800","","","","","rodrigobzrra@gmail.com"
"","1750963948773x168407758455701500","","","","","rodrigobzrra@gmail.com"
"","1750963985799x779631706475331600","","","","","rodrigobzrra@gmail.com"
"","1750964021001x386125084374335500","","","","","rodrigobzrra@gmail.com"
"","1750963737427x154850918931365900","","","","","rodrigobzrra@gmail.com"
"","1750963789342x740622417311039500","","","","","rodrigobzrra@gmail.com"
"","1750963840538x709527632057466900","","","","","rodrigobzrra@gmail.com"
"","1750963905243x917948856028364800","","","","","rodrigobzrra@gmail.com"
"","1750963948773x168407758455701500","","","","","rodrigobzrra@gmail.com"
"","1750963985799x779631706475331600","","","","","rodrigobzrra@gmail.com"
"","1750964021001x386125084374335500","","","","","rodrigobzrra@gmail.com"
"","1750963737427x154850918931365900","","","","","rodrigobzrra@gmail.com"
"","1750963789342x740622417311039500","","","","","rodrigobzrra@gmail.com"
"","1750963840538x709527632057466900","","","","","rodrigobzrra@gmail.com"
"","1750963905243x917948856028364800","","","","","rodrigobzrra@gmail.com"
"","1750963948773x168407758455701500","","","","","rodrigobzrra@gmail.com"
"","1750963985799x779631706475331600","","","","","rodrigobzrra@gmail.com"
"","1750964021001x386125084374335500","","","","","rodrigobzrra@gmail.com"
"","1750963737427x154850918931365900","","","","","rodrigobzrra@gmail.com"
"","1750963789342x740622417311039500","","","","","rodrigobzrra@gmail.com"
"","1750963840538x709527632057466900","","","","","rodrigobzrra@gmail.com"
"","1750963905243x917948856028364800","","","","","rodrigobzrra@gmail.com"
"","1750963948773x168407758455701500","","","","","rodrigobzrra@gmail.com"
"","1750963985799x779631706475331600","","","","","rodrigobzrra@gmail.com"
"","1750964021001x386125084374335500","","","","","rodrigobzrra@gmail.com"
"","1750963737427x154850918931365900","","","","","rodrigobzrra@gmail.com"
"","1750963789342x740622417311039500","","","","","rodrigobzrra@gmail.com"
"","1750963840538x709527632057466900","","","","","rodrigobzrra@gmail.com"
"","1750963948773x168407758455701500","","","","","rodrigobzrra@gmail.com"
"","1750963905243x917948856028364800","","","","","rodrigobzrra@gmail.com"
"","1750963985799x779631706475331600","","","","","rodrigobzrra@gmail.com"
"","1750964021001x386125084374335500","","","","","rodrigobzrra@gmail.com"
"","1750963737427x154850918931365900","","","","","rodrigobzrra@gmail.com"
"","1750963789342x740622417311039500","","","","","rodrigobzrra@gmail.com"
"","1750963840538x709527632057466900","","","","","rodrigobzrra@gmail.com"
"","1750963905243x917948856028364800","","","","","rodrigobzrra@gmail.com"
"","1750963948773x168407758455701500","","","","","rodrigobzrra@gmail.com"
"","1750963985799x779631706475331600","","","","","rodrigobzrra@gmail.com"
"","1750964021001x386125084374335500","","","","","rodrigobzrra@gmail.com"
"","1750963737427x154850918931365900","","","","","rodrigobzrra@gmail.com"
"","1750963789342x740622417311039500","","","","","rodrigobzrra@gmail.com"
"","1750963840538x709527632057466900","","","","","rodrigobzrra@gmail.com"
"","1750963905243x917948856028364800","","","","","rodrigobzrra@gmail.com"
"","1750963948773x168407758455701500","","","","","rodrigobzrra@gmail.com"
"","1750963948773x168407758455701500","","","","","rodrigobzrra@gmail.com"
"","1750963985799x779631706475331600","","","","","rodrigobzrra@gmail.com"
"","1750964021001x386125084374335500","","","","","rodrigobzrra@gmail.com"
"","1750963737427x154850918931365900","","","","","rodrigobzrra@gmail.com"
"","1750963789342x740622417311039500","","","","","rodrigobzrra@gmail.com"
"","1750963840538x709527632057466900","","","","","rodrigobzrra@gmail.com"
"","1750963905243x917948856028364800","","","","","rodrigobzrra@gmail.com"
"","1750963948773x168407758455701500","","","","","rodrigobzrra@gmail.com"
"","1750963985799x779631706475331600","","","","","rodrigobzrra@gmail.com"
"","1750964021001x386125084374335500","","","","","rodrigobzrra@gmail.com"
"","1750963737427x154850918931365900","","","","","rodrigobzrra@gmail.com"
"","1750963789342x740622417311039500","","","","","rodrigobzrra@gmail.com"
"","1750963840538x709527632057466900","","","","","rodrigobzrra@gmail.com"
"","1750963905243x917948856028364800","","","","","rodrigobzrra@gmail.com"
"","1750963948773x168407758455701500","","","","","rodrigobzrra@gmail.com"
"","1750963985799x779631706475331600","","","","","rodrigobzrra@gmail.com"
"","1750964021001x386125084374335500","","","","","rodrigobzrra@gmail.com"
"","1750963737427x154850918931365900","","","","","rodrigobzrra@gmail.com"
"","1750963789342x740622417311039500","","","","","rodrigobzrra@gmail.com"
"","1750963840538x709527632057466900","","","","","rodrigobzrra@gmail.com"
"","1750963905243x917948856028364800","","","","","rodrigobzrra@gmail.com"
"","1750963948773x168407758455701500","","","","","rodrigobzrra@gmail.com"
"","1750963985799x779631706475331600","","","","","rodrigobzrra@gmail.com"
"","1750964021001x386125084374335500","","","","","rodrigobzrra@gmail.com"
"","1750963737427x154850918931365900","","","","","rodrigobzrra@gmail.com"
"","1750963789342x740622417311039500","","","","","rodrigobzrra@gmail.com"
"","1750963840538x709527632057466900","","","","","rodrigobzrra@gmail.com"
"","1750963905243x917948856028364800","","","","","rodrigobzrra@gmail.com"
"","1750963948773x168407758455701500","","","","","rodrigobzrra@gmail.com"
"","1750963985799x779631706475331600","","","","","rodrigobzrra@gmail.com"
"","1750964021001x386125084374335500","","","","","rodrigobzrra@gmail.com"
"Não consegui avaliar bem a ideia por não conseguir visualizar um demo do produto.","1750965024848x176365381922324480","","","","","fernandosouza@recife.pe.gov.br"
"Apresenta apenas um pitch em vídeo, em nenhum momento é apresentado um demo da solução proposta.","1750965055572x808870400252969000","","","","","fernandosouza@recife.pe.gov.br"
"Ausência de um demo para visualizar o produto para poder realizar um comparativo com outras soluções parecidas no mercado.","1750965084733x626654352174481400","","","","","fernandosouza@recife.pe.gov.br"
"Não tive como avaliar as tecnologias, não existe um demo do produto.","1750965113035x319882309975408640","","","","","fernandosouza@recife.pe.gov.br"
"Não veio documentos em anexo.","1750965138894x984751957414510600","","","","","fernandosouza@recife.pe.gov.br"
"Não deu para avaliar a ideia, ausência de documentos e a demo do produto.","1750965182829x394638459540865000","","","","","fernandosouza@recife.pe.gov.br"
"De acordo com o pitch, é informado que o prazo do piloto é de 3 a 6 meses.","1750965208004x798693044226097200","","","","","fernandosouza@recife.pe.gov.br"
"","1750964093459x744066598213779500","","","","","ana.breda@recife.pe.gov.br"
"","1750964123293x533403006340956160","","","","","ana.breda@recife.pe.gov.br"
"","1750964164453x640714698106077200","","","","","ana.breda@recife.pe.gov.br"
"","1750964200955x735368502759129100","","","","","ana.breda@recife.pe.gov.br"
"","1750964240693x680085200583000000","","","","","ana.breda@recife.pe.gov.br"
"","1750964288518x514121274137509900","","","","","ana.breda@recife.pe.gov.br"
"","1750964376988x869254656989331500","","","","","ana.breda@recife.pe.gov.br"
"","1750964093459x744066598213779500","","","","","ana.breda@recife.pe.gov.br"
"","1750964123293x533403006340956160","","","","","ana.breda@recife.pe.gov.br"
"","1750964164453x640714698106077200","","","","","ana.breda@recife.pe.gov.br"
"","1750964200955x735368502759129100","","","","","ana.breda@recife.pe.gov.br"
"","1750964240693x680085200583000000","","","","","ana.breda@recife.pe.gov.br"
"","1750964288518x514121274137509900","","","","","ana.breda@recife.pe.gov.br"
"","1750964376988x869254656989331500","","","","","ana.breda@recife.pe.gov.br"
"","1750964093459x744066598213779500","","","","","ana.breda@recife.pe.gov.br"
"","1750964123293x533403006340956160","","","","","ana.breda@recife.pe.gov.br"
"","1750964164453x640714698106077200","","","","","ana.breda@recife.pe.gov.br"
"","1750964200955x735368502759129100","","","","","ana.breda@recife.pe.gov.br"
"","1750964240693x680085200583000000","","","","","ana.breda@recife.pe.gov.br"
"","1750964288518x514121274137509900","","","","","ana.breda@recife.pe.gov.br"
"","1750964376988x869254656989331500","","","","","ana.breda@recife.pe.gov.br"
"","1750964093459x744066598213779500","","","","","ana.breda@recife.pe.gov.br"
"","1750964123293x533403006340956160","","","","","ana.breda@recife.pe.gov.br"
"","1750964164453x640714698106077200","","","","","ana.breda@recife.pe.gov.br"
"","1750964200955x735368502759129100","","","","","ana.breda@recife.pe.gov.br"
"","1750964240693x680085200583000000","","","","","ana.breda@recife.pe.gov.br"
"","1750964288518x514121274137509900","","","","","ana.breda@recife.pe.gov.br"
"","1750964376988x869254656989331500","","","","","ana.breda@recife.pe.gov.br"
"","1750964093459x744066598213779500","","","","","ana.breda@recife.pe.gov.br"
"","1750964123293x533403006340956160","","","","","ana.breda@recife.pe.gov.br"
"","1750964164453x640714698106077200","","","","","ana.breda@recife.pe.gov.br"
"","1750964200955x735368502759129100","","","","","ana.breda@recife.pe.gov.br"
"","1750964240693x680085200583000000","","","","","ana.breda@recife.pe.gov.br"
"","1750964288518x514121274137509900","","","","","ana.breda@recife.pe.gov.br"
"","1750964376988x869254656989331500","","","","","ana.breda@recife.pe.gov.br"
"Apesar da proposta de dashboard para acompanhamento em tempo real ter relevância, a solução tem probabilidade de trazer um custo inesperado para a Administração devido a necessidade de adoção de smartwatches ou smartbands para monitoramento das pessoas acompanhadas. Considerando que há cerca de 200.000 pessoas cadastradas na estratégia de saúde da família no município com alguma das condições (hipertensão ou diabetes), a escabilidadade pode ser comprometida. Para o sucesso da adoção da solução, ainda precisaria ser considerado o desenvolvimento de integração do aplicativo com o Conecta Recife, aplicação de referência da Prefeitura da Cidade do Recife.","1750963737427x154850918931365900","","","","","vieira.anaines@gmail.com"
"","1750964093459x744066598213779500","","","","","ana.breda@recife.pe.gov.br"
"","1750964123293x533403006340956160","","","","","ana.breda@recife.pe.gov.br"
"","1750964164453x640714698106077200","","","","","ana.breda@recife.pe.gov.br"
"","1750964200955x735368502759129100","","","","","ana.breda@recife.pe.gov.br"
"","1750964240693x680085200583000000","","","","","ana.breda@recife.pe.gov.br"
"","1750964288518x514121274137509900","","","","","ana.breda@recife.pe.gov.br"
"","1750964376988x869254656989331500","","","","","ana.breda@recife.pe.gov.br"
"O modelo de negócio tem viabilidade e outras soluções já existem no mercado com proposta similar (por exemplo, aplicações da Samsung para monitoramento de dados de saúde fornecidos pelos seus dispositivos portáteis inteligentes). No entanto, como o modelo apresenta dispositivo próprio, a escabilidadade dentro da realidade de aplicação do município do Recife pode ser comprometida. ","1750963789342x740622417311039500","","","","","vieira.anaines@gmail.com"
"Glicosímetros e medidores de pressão são equipamentos hoje relativamente baratos, em contrapartida com dispositivos como smartbands e smartwatches com sensores mais confiáveis. No entanto, a possibilidade de integração em apenas um app para coleta desses dados pode equilibrar a relação custo x benefíico da proposta.","1750963840538x709527632057466900","","","","","vieira.anaines@gmail.com"
"","1750965024848x176365381922324480","","","","","oburegio@gmail.com"
"","1750965055572x808870400252969000","","","","","oburegio@gmail.com"
"","1750965084733x626654352174481400","","","","","oburegio@gmail.com"
"","1750965113035x319882309975408640","","","","","oburegio@gmail.com"
"","1750965138894x984751957414510600","","","","","oburegio@gmail.com"
"","1750965182829x394638459540865000","","","","","oburegio@gmail.com"
"","1750965208004x798693044226097200","","","","","oburegio@gmail.com"
"","1750965182829x394638459540865000","","","","","oburegio@gmail.com"
"","1750965138894x984751957414510600","","","","","oburegio@gmail.com"
"","1750965113035x319882309975408640","","","","","oburegio@gmail.com"
"","1750965055572x808870400252969000","","","","","oburegio@gmail.com"
"","1750965024848x176365381922324480","","","","","oburegio@gmail.com"
"A cobrança de um fee por usuário, considerando o número de cadastrados com as DCNT alvos do desafio, podem inviabilizar a aquisição da solução, assim como o fee mensal, valores estes não claros na apresentação da proposta.","1750963789342x740622417311039500","","","","","vieira.anaines@gmail.com"
"Os smartbands e smartwaches já são dispositivos factíveis para monitoramento de dados de saúde, como visto no mercado envolvendo grandes marcas e seus apps para acompanhamento. No entanto, não ficou claro no pitch qual ferramenta de dataviz adotada ou quais linguagens utilizadas para construção da solução, prejudicando a análise sobre manutenção e suporte.","1750963905243x917948856028364800","","","","","vieira.anaines@gmail.com"
"","1750965024848x176365381922324480","","","","","oburegio@gmail.com"
"","1750965055572x808870400252969000","","","","","oburegio@gmail.com"
"","1750965084733x626654352174481400","","","","","oburegio@gmail.com"
"","1750965113035x319882309975408640","","","","","oburegio@gmail.com"
"","1750965138894x984751957414510600","","","","","oburegio@gmail.com"
"","1750965182829x394638459540865000","","","","","oburegio@gmail.com"
"","1750965208004x798693044226097200","","","","","oburegio@gmail.com"
"","1750964093459x744066598213779500","","","","","ana.breda@recife.pe.gov.br"
"","1750964123293x533403006340956160","","","","","ana.breda@recife.pe.gov.br"
"","1750964164453x640714698106077200","","","","","ana.breda@recife.pe.gov.br"
"","1750964200955x735368502759129100","","","","","ana.breda@recife.pe.gov.br"
"","1750964240693x680085200583000000","","","","","ana.breda@recife.pe.gov.br"
"","1750964288518x514121274137509900","","","","","ana.breda@recife.pe.gov.br"
"","1750964376988x869254656989331500","","","","","ana.breda@recife.pe.gov.br"
"Apesar da proposta de dashboard para acompanhamento em tempo real ter relevância, a solução tem probabilidade de trazer um custo inesperado para a Administração devido a necessidade de adoção de smartwatches ou smartbands para monitoramento das pessoas acompanhadas e do modelo envolver fees por usuário ou um fee mensal, considerando que há cerca de 300.000 pessoas cadastradas na estratégia de saúde da família no município com alguma das condições (hipertensão ou diabetes). Para o sucesso da adoção da solução, ainda precisaria ser considerado o desenvolvimento de integração do aplicativo com o Conecta Recife, aplicação de referência da Prefeitura da Cidade do Recife.","1750963737427x154850918931365900","","","","","vieira.anaines@gmail.com"
"Apesar da proposta de dashboard para acompanhamento em tempo real ter relevância, a solução tem probabilidade de trazer um custo inesperado para a Administração devido a necessidade de adoção de smartwatches ou smartbands para monitoramento das pessoas acompanhadas e do modelo envolver fees por usuário ou um fee mensal, considerando que há cerca de 300.000 pessoas cadastradas na estratégia de saúde da família no município com alguma das condições (hipertensão ou diabetes). Para o sucesso da adoção da solução, ainda precisaria ser considerado o desenvolvimento de integração do aplicativo com o Conecta Recife, aplicação de referência da Prefeitura da Cidade do Recife.","1750963737427x154850918931365900","","","","","vieira.anaines@gmail.com"
"","1750965024848x176365381922324480","","","","","oburegio@gmail.com"
"","1750965055572x808870400252969000","","","","","oburegio@gmail.com"
"","1750965084733x626654352174481400","","","","","oburegio@gmail.com"
"","1750965113035x319882309975408640","","","","","oburegio@gmail.com"
"","1750965138894x984751957414510600","","","","","oburegio@gmail.com"
"","1750965138894x984751957414510600","","","","","oburegio@gmail.com"
"","1750965182829x394638459540865000","","","","","oburegio@gmail.com"
"","1750965182829x394638459540865000","","","","","oburegio@gmail.com"
"","1750965208004x798693044226097200","","","","","oburegio@gmail.com"
"","1750965208004x798693044226097200","","","","","oburegio@gmail.com"
"","1750965024848x176365381922324480","","","","","oburegio@gmail.com"
"","1750965055572x808870400252969000","","","","","oburegio@gmail.com"
"","1750965055572x808870400252969000","","","","","oburegio@gmail.com"
"","1750965084733x626654352174481400","","","","","oburegio@gmail.com"
"","1750965113035x319882309975408640","","","","","oburegio@gmail.com"
"","1750965113035x319882309975408640","","","","","oburegio@gmail.com"
"","1750965113035x319882309975408640","","","","","oburegio@gmail.com"
"","1750965138894x984751957414510600","","","","","oburegio@gmail.com"
"","1750965182829x394638459540865000","","","","","oburegio@gmail.com"
"","1750965208004x798693044226097200","","","","","oburegio@gmail.com"
"","1750965024848x176365381922324480","","","","","oburegio@gmail.com"
"","1750965055572x808870400252969000","","","","","oburegio@gmail.com"
"","1750965084733x626654352174481400","","","","","oburegio@gmail.com"
"","1750965113035x319882309975408640","","","","","oburegio@gmail.com"
"","1750965138894x984751957414510600","","","","","oburegio@gmail.com"
"","1750965182829x394638459540865000","","","","","oburegio@gmail.com"
"","1750965208004x798693044226097200","","","","","oburegio@gmail.com"
"","1750965024848x176365381922324480","","","","","oburegio@gmail.com"
"","1750965055572x808870400252969000","","","","","oburegio@gmail.com"
"","1750965084733x626654352174481400","","","","","oburegio@gmail.com"
"","1750965113035x319882309975408640","","","","","oburegio@gmail.com"
"","1750965138894x984751957414510600","","","","","oburegio@gmail.com"
"","1750965182829x394638459540865000","","","","","oburegio@gmail.com"
"","1750965208004x798693044226097200","","","","","oburegio@gmail.com"
"","1750965024848x176365381922324480","","","","","oburegio@gmail.com"
"","1750965055572x808870400252969000","","","","","oburegio@gmail.com"
"","1750965084733x626654352174481400","","","","","oburegio@gmail.com"
"","1750965113035x319882309975408640","","","","","oburegio@gmail.com"
"","1750965138894x984751957414510600","","","","","oburegio@gmail.com"
"","1750965138894x984751957414510600","","","","","oburegio@gmail.com"
"","1750965182829x394638459540865000","","","","","oburegio@gmail.com"
"","1750965208004x798693044226097200","","","","","oburegio@gmail.com"
"","1750965055572x808870400252969000","","","","","oburegio@gmail.com"
"","1750964093459x744066598213779500","","","","","ana.breda@recife.pe.gov.br"
"","1750964123293x533403006340956160","","","","","ana.breda@recife.pe.gov.br"
"","1750964164453x640714698106077200","","","","","ana.breda@recife.pe.gov.br"
"","1750964200955x735368502759129100","","","","","ana.breda@recife.pe.gov.br"
"","1750964240693x680085200583000000","","","","","ana.breda@recife.pe.gov.br"
"","1750964288518x514121274137509900","","","","","ana.breda@recife.pe.gov.br"
"","1750964376988x869254656989331500","","","","","ana.breda@recife.pe.gov.br"
"","1750964093459x744066598213779500","","","","","ana.breda@recife.pe.gov.br"
"","1750964123293x533403006340956160","","","","","ana.breda@recife.pe.gov.br"
"","1750964164453x640714698106077200","","","","","ana.breda@recife.pe.gov.br"
"","1750964164453x640714698106077200","","","","","ana.breda@recife.pe.gov.br"
"","1750964200955x735368502759129100","","","","","ana.breda@recife.pe.gov.br"
"","1750964240693x680085200583000000","","","","","ana.breda@recife.pe.gov.br"
"","1750964288518x514121274137509900","","","","","ana.breda@recife.pe.gov.br"
"","1750964376988x869254656989331500","","","","","ana.breda@recife.pe.gov.br"
"","1750965024848x176365381922324480","","","","","oburegio@gmail.com"
"","1750965055572x808870400252969000","","","","","oburegio@gmail.com"
"","1750965084733x626654352174481400","","","","","oburegio@gmail.com"
"","1750964093459x744066598213779500","","","","","ana.breda@recife.pe.gov.br"
"","1750965113035x319882309975408640","","","","","oburegio@gmail.com"
"","1750965138894x984751957414510600","","","","","oburegio@gmail.com"
"","1750964123293x533403006340956160","","","","","ana.breda@recife.pe.gov.br"
"","1750964164453x640714698106077200","","","","","ana.breda@recife.pe.gov.br"
"","1750965182829x394638459540865000","","","","","oburegio@gmail.com"
"","1750965208004x798693044226097200","","","","","oburegio@gmail.com"
"","1750964200955x735368502759129100","","","","","ana.breda@recife.pe.gov.br"
"","1750964240693x680085200583000000","","","","","ana.breda@recife.pe.gov.br"
"","1750964288518x514121274137509900","","","","","ana.breda@recife.pe.gov.br"
"","1750964376988x869254656989331500","","","","","ana.breda@recife.pe.gov.br"
"","1750965024848x176365381922324480","","","","","oburegio@gmail.com"
"","1750965055572x808870400252969000","","","","","oburegio@gmail.com"
"","1750965084733x626654352174481400","","","","","oburegio@gmail.com"
"","1750965113035x319882309975408640","","","","","oburegio@gmail.com"
"","1750965138894x984751957414510600","","","","","oburegio@gmail.com"
"","1750965182829x394638459540865000","","","","","oburegio@gmail.com"
"","1750965208004x798693044226097200","","","","","oburegio@gmail.com"
"","1750965024848x176365381922324480","","","","","oburegio@gmail.com"
"","1750965055572x808870400252969000","","","","","oburegio@gmail.com"
"","1750965084733x626654352174481400","","","","","oburegio@gmail.com"
"","1750965113035x319882309975408640","","","","","oburegio@gmail.com"
"","1750965113035x319882309975408640","","","","","oburegio@gmail.com"
"","1750965138894x984751957414510600","","","","","oburegio@gmail.com"
"","1750965182829x394638459540865000","","","","","oburegio@gmail.com"
"","1750965208004x798693044226097200","","","","","oburegio@gmail.com"
"","1750965208004x798693044226097200","","","","","oburegio@gmail.com"
"","1750965024848x176365381922324480","","","","","oburegio@gmail.com"
"","1750965055572x808870400252969000","","","","","oburegio@gmail.com"
"","1750965084733x626654352174481400","","","","","oburegio@gmail.com"
"","1750965113035x319882309975408640","","","","","oburegio@gmail.com"
"","1750965138894x984751957414510600","","","","","oburegio@gmail.com"
"","1750965182829x394638459540865000","","","","","oburegio@gmail.com"
"","1750965208004x798693044226097200","","","","","oburegio@gmail.com"
"","1750964288518x514121274137509900","","","","","ana.breda@recife.pe.gov.br"
"","1750964288518x514121274137509900","","","","","ana.breda@recife.pe.gov.br"
"","1750964093459x744066598213779500","","","","","ana.breda@recife.pe.gov.br"
"","1750964123293x533403006340956160","","","","","ana.breda@recife.pe.gov.br"
"","1750964164453x640714698106077200","","","","","ana.breda@recife.pe.gov.br"
"","1750964200955x735368502759129100","","","","","ana.breda@recife.pe.gov.br"
"","1750964240693x680085200583000000","","","","","ana.breda@recife.pe.gov.br"
"","1750964288518x514121274137509900","","","","","ana.breda@recife.pe.gov.br"
"","1750964376988x869254656989331500","","","","","ana.breda@recife.pe.gov.br"
"","1750964093459x744066598213779500","","","","","ana.breda@recife.pe.gov.br"
"","1750964123293x533403006340956160","","","","","ana.breda@recife.pe.gov.br"
"","1750964164453x640714698106077200","","","","","ana.breda@recife.pe.gov.br"
"","1750964200955x735368502759129100","","","","","ana.breda@recife.pe.gov.br"
"","1750964240693x680085200583000000","","","","","ana.breda@recife.pe.gov.br"
"","1750964288518x514121274137509900","","","","","ana.breda@recife.pe.gov.br"
"","1750964376988x869254656989331500","","","","","ana.breda@recife.pe.gov.br"
"","1750964093459x744066598213779500","","","","","ana.breda@recife.pe.gov.br"
"","1750964123293x533403006340956160","","","","","ana.breda@recife.pe.gov.br"
"","1750964164453x640714698106077200","","","","","ana.breda@recife.pe.gov.br"
"","1750964200955x735368502759129100","","","","","ana.breda@recife.pe.gov.br"
"","1750964240693x680085200583000000","","","","","ana.breda@recife.pe.gov.br"
"","1750964288518x514121274137509900","","","","","ana.breda@recife.pe.gov.br"
"","1750964376988x869254656989331500","","","","","ana.breda@recife.pe.gov.br"
"","1750964093459x744066598213779500","","","","","ana.breda@recife.pe.gov.br"
"","1750964123293x533403006340956160","","","","","ana.breda@recife.pe.gov.br"
"","1750964164453x640714698106077200","","","","","ana.breda@recife.pe.gov.br"
"","1750964200955x735368502759129100","","","","","ana.breda@recife.pe.gov.br"
"","1750964240693x680085200583000000","","","","","ana.breda@recife.pe.gov.br"
"","1750964288518x514121274137509900","","","","","ana.breda@recife.pe.gov.br"
"","1750964376988x869254656989331500","","","","","ana.breda@recife.pe.gov.br"
"","1750965024848x176365381922324480","","","","","oburegio@gmail.com"
"","1750965055572x808870400252969000","","","","","oburegio@gmail.com"
"","1750965084733x626654352174481400","","","","","oburegio@gmail.com"
"","1750965113035x319882309975408640","","","","","oburegio@gmail.com"
"","1750965138894x984751957414510600","","","","","oburegio@gmail.com"
"","1750965182829x394638459540865000","","","","","oburegio@gmail.com"
"","1750965208004x798693044226097200","","","","","oburegio@gmail.com"
"","1750964491955x785552669767368700","","","","","adriana.figueira@recife.pe.gov.br"
"","1750964556841x823259996282421200","","","","","adriana.figueira@recife.pe.gov.br"
"","1750964679578x869641551094218800","","","","","adriana.figueira@recife.pe.gov.br"
"","1750964847544x133562261901148160","","","","","adriana.figueira@recife.pe.gov.br"
"","1750964879420x736871818234429400","","","","","adriana.figueira@recife.pe.gov.br"
"","1750964907610x624510857100656600","","","","","adriana.figueira@recife.pe.gov.br"
"","1750964932066x588568839318667300","","","","","adriana.figueira@recife.pe.gov.br"
"","1750964491955x785552669767368700","","","","","adriana.figueira@recife.pe.gov.br"
"","1750964556841x823259996282421200","","","","","adriana.figueira@recife.pe.gov.br"
"","1750964679578x869641551094218800","","","","","adriana.figueira@recife.pe.gov.br"
"","1750964847544x133562261901148160","","","","","adriana.figueira@recife.pe.gov.br"
"","1750964879420x736871818234429400","","","","","adriana.figueira@recife.pe.gov.br"
"","1750964907610x624510857100656600","","","","","adriana.figueira@recife.pe.gov.br"
"","1750964932066x588568839318667300","","","","","adriana.figueira@recife.pe.gov.br"
"","1750964491955x785552669767368700","","","","","adriana.figueira@recife.pe.gov.br"
"","1750964556841x823259996282421200","","","","","adriana.figueira@recife.pe.gov.br"
"","1750964679578x869641551094218800","","","","","adriana.figueira@recife.pe.gov.br"
"","1750964847544x133562261901148160","","","","","adriana.figueira@recife.pe.gov.br"
"","1750964879420x736871818234429400","","","","","adriana.figueira@recife.pe.gov.br"
"","1750964907610x624510857100656600","","","","","adriana.figueira@recife.pe.gov.br"
"","1750964932066x588568839318667300","","","","","adriana.figueira@recife.pe.gov.br"
"A solução resolve parcialmente o problema, propõe uma forma de lidar com resíduos solídos, mas não lida com o aproveitamento de alimentos para ampliação da segurança alimentar e não propõe de forma clara a integração dentre os diferentes atores envolvidos na cadeia.","1750964491955x785552669767368700","","","","","lauracaldasm@gmail.com"
"","1750964491955x785552669767368700","","","","","adriana.figueira@recife.pe.gov.br"
"","1750964556841x823259996282421200","","","","","adriana.figueira@recife.pe.gov.br"
"","1750964679578x869641551094218800","","","","","adriana.figueira@recife.pe.gov.br"
"","1750964847544x133562261901148160","","","","","adriana.figueira@recife.pe.gov.br"
"","1750964879420x736871818234429400","","","","","adriana.figueira@recife.pe.gov.br"
"","1750964907610x624510857100656600","","","","","adriana.figueira@recife.pe.gov.br"
"","1750964932066x588568839318667300","","","","","adriana.figueira@recife.pe.gov.br"
"A comercialização dos créditos de carbono, a base de remuneração do negócio, é ainda pouco clara no Brasil","1750964556841x823259996282421200","","","","","lauracaldasm@gmail.com"
"","1750964491955x785552669767368700","","","","","adriana.figueira@recife.pe.gov.br"
"","1750964556841x823259996282421200","","","","","adriana.figueira@recife.pe.gov.br"
"","1750964679578x869641551094218800","","","","","adriana.figueira@recife.pe.gov.br"
"","1750964847544x133562261901148160","","","","","adriana.figueira@recife.pe.gov.br"
"","1750964879420x736871818234429400","","","","","adriana.figueira@recife.pe.gov.br"
"","1750964907610x624510857100656600","","","","","adriana.figueira@recife.pe.gov.br"
"","1750964932066x588568839318667300","","","","","adriana.figueira@recife.pe.gov.br"
"","1750964491955x785552669767368700","","","","","adriana.figueira@recife.pe.gov.br"
"","1750964556841x823259996282421200","","","","","adriana.figueira@recife.pe.gov.br"
"","1750964679578x869641551094218800","","","","","adriana.figueira@recife.pe.gov.br"
"","1750964847544x133562261901148160","","","","","adriana.figueira@recife.pe.gov.br"
"","1750964879420x736871818234429400","","","","","adriana.figueira@recife.pe.gov.br"
"","1750964907610x624510857100656600","","","","","adriana.figueira@recife.pe.gov.br"
"","1750964932066x588568839318667300","","","","","adriana.figueira@recife.pe.gov.br"
"","1750964879420x736871818234429400","","","","","lauracaldasm@gmail.com"
"","1750964491955x785552669767368700","","","","","adriana.figueira@recife.pe.gov.br"
"","1750964556841x823259996282421200","","","","","adriana.figueira@recife.pe.gov.br"
"","1750964679578x869641551094218800","","","","","adriana.figueira@recife.pe.gov.br"
"","1750964847544x133562261901148160","","","","","adriana.figueira@recife.pe.gov.br"
"","1750964879420x736871818234429400","","","","","adriana.figueira@recife.pe.gov.br"
"","1750964907610x624510857100656600","","","","","adriana.figueira@recife.pe.gov.br"
"","1750964932066x588568839318667300","","","","","adriana.figueira@recife.pe.gov.br"
"","1750964491955x785552669767368700","","","","","adriana.figueira@recife.pe.gov.br"
"","1750964556841x823259996282421200","","","","","adriana.figueira@recife.pe.gov.br"
"","1750964907610x624510857100656600","","","","","lauracaldasm@gmail.com"
"","1750964679578x869641551094218800","","","","","adriana.figueira@recife.pe.gov.br"
"","1750964847544x133562261901148160","","","","","adriana.figueira@recife.pe.gov.br"
"","1750964879420x736871818234429400","","","","","adriana.figueira@recife.pe.gov.br"
"","1750964907610x624510857100656600","","","","","adriana.figueira@recife.pe.gov.br"
"","1750964932066x588568839318667300","","","","","adriana.figueira@recife.pe.gov.br"
"Nenhum prazo foi apresentado","1750964932066x588568839318667300","","","","","lauracaldasm@gmail.com"
"","1750964847544x133562261901148160","","","","","lauracaldasm@gmail.com"
"","1750964679578x869641551094218800","","","","","lauracaldasm@gmail.com"
"","1750964491955x785552669767368700","","","","","adriana.figueira@recife.pe.gov.br"
"","1750964556841x823259996282421200","","","","","adriana.figueira@recife.pe.gov.br"
"","1750964679578x869641551094218800","","","","","adriana.figueira@recife.pe.gov.br"
"","1750964847544x133562261901148160","","","","","adriana.figueira@recife.pe.gov.br"
"","1750964879420x736871818234429400","","","","","adriana.figueira@recife.pe.gov.br"
"","1750964907610x624510857100656600","","","","","adriana.figueira@recife.pe.gov.br"
"","1750964932066x588568839318667300","","","","","adriana.figueira@recife.pe.gov.br"
"","1750964491955x785552669767368700","","","","","adriana.figueira@recife.pe.gov.br"
"","1750964556841x823259996282421200","","","","","adriana.figueira@recife.pe.gov.br"
"","1750964679578x869641551094218800","","","","","adriana.figueira@recife.pe.gov.br"
"","1750964847544x133562261901148160","","","","","adriana.figueira@recife.pe.gov.br"
"","1750964879420x736871818234429400","","","","","adriana.figueira@recife.pe.gov.br"
"","1750964907610x624510857100656600","","","","","adriana.figueira@recife.pe.gov.br"
"Senti falta de analisar o produto em si, na documentação não possui telas e nem vídeos demonstrando o produto em funcionamento. Fica difícil de avaliar o uma solução sem essa demonstração.","1750965024848x176365381922324480","","","","","fernandosouza@recife.pe.gov.br"
"","1750964932066x588568839318667300","","","","","adriana.figueira@recife.pe.gov.br"
"Senti falta de analisar o produto em si, na documentação não possui telas e nem vídeos demonstrando o produto em funcionamento. Fica difícil de avaliar o uma solução sem essa demonstração.","1750965024848x176365381922324480","","","","","fernandosouza@recife.pe.gov.br"
"","1750964847544x133562261901148160","","","","","adriana.figueira@recife.pe.gov.br"
"","1750964907610x624510857100656600","","","","","adriana.figueira@recife.pe.gov.br"
"","1750964879420x736871818234429400","","","","","adriana.figueira@recife.pe.gov.br"
"Foi apresentado apenas a ideia de negócio em documento, em nenhum momento houve demonstração do produto. Pela viabilidade do negócio analisando apenas a documentação, minha nota é 2.","1750965055572x808870400252969000","","","","","fernandosouza@recife.pe.gov.br"
"Senti falta de analisar o produto em si, na documentação não possui telas e nem vídeos demonstrando o produto em funcionamento. Fica difícil de avaliar o uma solução sem essa demonstração.","1750965084733x626654352174481400","","","","","fernandosouza@recife.pe.gov.br"
"Senti falta de analisar o produto em si, na documentação não possui telas e nem vídeos demonstrando o produto em funcionamento. Fica difícil de avaliar o uma solução sem essa demonstração.","1750965113035x319882309975408640","","","","","fernandosouza@recife.pe.gov.br"
"Senti falta de analisar o produto em si, na documentação não possui telas e nem vídeos demonstrando o produto em funcionamento. Fica difícil de avaliar o uma solução sem essa demonstração.","1750965138894x984751957414510600","","","","","fernandosouza@recife.pe.gov.br"
"Senti falta de analisar o produto em si, na documentação não possui telas e nem vídeos demonstrando o produto em funcionamento. Fica difícil de avaliar o uma solução sem essa demonstração.","1750965182829x394638459540865000","","","","","fernandosouza@recife.pe.gov.br"
"Não ficou claro com relação a prazos do produto.","1750965208004x798693044226097200","","","","","fernandosouza@recife.pe.gov.br"
"","1750964491955x785552669767368700","","","","","adriana.figueira@recife.pe.gov.br"
"","1750964556841x823259996282421200","","","","","adriana.figueira@recife.pe.gov.br"
"","1750964679578x869641551094218800","","","","","adriana.figueira@recife.pe.gov.br"
"","1750964847544x133562261901148160","","","","","adriana.figueira@recife.pe.gov.br"
"","1750964879420x736871818234429400","","","","","adriana.figueira@recife.pe.gov.br"
"","1750964907610x624510857100656600","","","","","adriana.figueira@recife.pe.gov.br"
"","1750964932066x588568839318667300","","","","","adriana.figueira@recife.pe.gov.br"
"","1750964491955x785552669767368700","","","","","adriana.figueira@recife.pe.gov.br"
"","1750964556841x823259996282421200","","","","","adriana.figueira@recife.pe.gov.br"
"","1750964679578x869641551094218800","","","","","adriana.figueira@recife.pe.gov.br"
"","1750964847544x133562261901148160","","","","","adriana.figueira@recife.pe.gov.br"
"","1750964879420x736871818234429400","","","","","adriana.figueira@recife.pe.gov.br"
"","1750964907610x624510857100656600","","","","","adriana.figueira@recife.pe.gov.br"
"","1750964932066x588568839318667300","","","","","adriana.figueira@recife.pe.gov.br"
"Solução inclusiva que pode ser utilizada em escolas públicas. Excelente!","1750965024848x176365381922324480","","","","","fernandosouza@recife.pe.gov.br"
"Projeto viável e aplicável para nosso contexto em Recife.","1750965055572x808870400252969000","","","","","fernandosouza@recife.pe.gov.br"
"Não ficou muito claro o custo de produção do equipamento bluetooth que traduz em braile, por esta incógnita, deixo minha nota em 4. ","1750965084733x626654352174481400","","","","","fernandosouza@recife.pe.gov.br"
"Informa que utiliza dispositivos com placas de uso específico em células braile de oito celas, plataforma web e impressoras 3D para produção da solução. Não é difícil de adquiri e nem de manter.","1750965113035x319882309975408640","","","","","fernandosouza@recife.pe.gov.br"
"É uma solução de gerenciamento interessante, mas ainda tem um grande gap no processo para responder o desafio. Ele está todo pensado para grandes redes de mercado e não tem propostas específicas para como lidar com este excedente de alimento que não seria utilizado. ","1750964491955x785552669767368700","","","","","lauracaldasm@gmail.com"
"O modelo de negócios apresentado não faz sentido para um projeto do poder público, não faria sentido a prefeitura intermediar um projeto onde 30% do lucro/não desperdício fosse retido.","1750964556841x823259996282421200","","","","","lauracaldasm@gmail.com"
"Existem soluções semelhantes no mercado, mas o case apresentado demontra grande potencial de economia a partir da implementação. Porem, voltamos ao ponto, é um economia qua talvez só faça sentido para grandes redes de mercado.","1750964679578x869641551094218800","","","","","lauracaldasm@gmail.com"
"Fácil de manter e sustentável a longo prazo","1750964847544x133562261901148160","","","","","lauracaldasm@gmail.com"
"É escalável, mas não para o desafio proposto.","1750964879420x736871818234429400","","","","","lauracaldasm@gmail.com"
"","1750964932066x588568839318667300","","","","","lauracaldasm@gmail.com"
"Esta bem fundamentada em dados gerais, mas não usa os dados da cidade fornecidos, não leva em consideração a implementação na cidade, e ainda possui uma desconexão entre o alimento ""economizado"" e sua destinação.","1750964907610x624510857100656600","","","","","lauracaldasm@gmail.com"
"Atende quase tudo. Senti falta de algo para atingir o objetivo --> ""Profissionais da média complexidade com maior integração com a atenção básica para uma maior eficiência no tratamento"". 
Mas é algo que pode ser desenvolvido ao longo do projeto. ","1750963737427x154850918931365900","","","","","homero@recife.pe.gov.br"
"Houve a apresentação de um modelo de negócios, mas sem especificar se é compatível com o volume de hipertensos (200 mil) e diabéticos (90 mil) em Recife. Não deu para avaliar bem se é viável economicamente para atingir a esse público. ","1750963789342x740622417311039500","","","","","homero@recife.pe.gov.br"
"Abordou outras soluções de mercado, mas chegou a abordar e avaliar o cust/benefício da solução proposta em relação ao existente no mercado.","1750963840538x709527632057466900","","","","","homero@recife.pe.gov.br"
"Considera a utilização de um dispositivo, mas não abordou as tecnologias adotadas, nem abordou a viabilidade para adoção na população de Recife (200 mil HAS e 90 mil DM)","1750963905243x917948856028364800","","","","","homero@recife.pe.gov.br"
"A parte referente a sistemas, avalio que pode ser escalável. Mas a parte referente aos dispositivos para uso pela população, não ficou claro a possibilidade de escalabilidade para a população de Recife e outras cidades. ","1750963948773x168407758455701500","","","","","homero@recife.pe.gov.br"
"Bem apresentada a proposta, que descreveu com clareza o objetivo. Faltou apenas a questão de abordar a viabilidade econômica e escalabilidade da solução. ","1750963985799x779631706475331600","","","","","homero@recife.pe.gov.br"
"Não foi apresentado o prazo para a implantação da solução. Nem para o MVP, nem para a aceleração. Mas, considerando trata-se de uma solução em estágio de MVP, avalio que os prazos para o nosso MVP e adequação às necesidades da Prefeitura do Recife são compatíveis com o preconizado no marco legal das startups.","1750964021001x386125084374335500","","","","","homero@recife.pe.gov.br"
"Considerando os resultados esperados, senti falta dos seguintes itens: 
- Profissionais da média complexidade com maior integração com a atenção básica para uma maior eficiência no tratamento;
- Aumento do número de teleconsultorias para as especialidades relacionadas ao cuidado de pessoas com hipertensão e diabetes pelo telessaúde Recife;
Mas tem uma proposta interessante para coleta de dados do paciente a partir da câmara do celular, que permite atingir um percentual significativo da população. 
Senti falta da informação da pressão arterial, item importante para o acompanhamento da hipertensão.
","1750963737427x154850918931365900","","","","","homero@recife.pe.gov.br"
"Não foi apresentado o modelo de negócio, mas considerando o conjunto da proposta avalio ser adequado para atingir a população de Recife. ","1750963789342x740622417311039500","","","","","homero@recife.pe.gov.br"
"Foi apresentado uma avaliação com outras duas soluções e os diferenciais em relação ao HRV4LIFE. ","1750963840538x709527632057466900","","","","","homero@recife.pe.gov.br"
"Pelo apresentado as teconologias são utilizadas no mercado e de fácil aquisição e manutenção. ","1750963905243x917948856028364800","","","","","homero@recife.pe.gov.br"
"Avalio, em função da teconologia utilizada, que é escalável. Mas não ficou claro a viabilidade econômica. ","1750963948773x168407758455701500","","","","","homero@recife.pe.gov.br"
"Bem apresentado. Faltou apenas explorar melhor a viabilidade econômica (modelo de negócio)","1750963985799x779631706475331600","","","","","homero@recife.pe.gov.br"
"Não foram apresentados os prazos, mas avalio que seja factível em relação aos prazos estabelecidos no marco legal. ","1750964021001x386125084374335500","","","","","homero@recife.pe.gov.br"
"Como depende de equipamentos únicos para produção, isso pode atrapalhar um pouco a escalabilidade e a manutenibilidade dos produtos.","1750965138894x984751957414510600","","","","","fernandosouza@recife.pe.gov.br"
"","1750965182829x394638459540865000","","","","","fernandosouza@recife.pe.gov.br"
"","1750965208004x798693044226097200","","","","","fernandosouza@recife.pe.gov.br"
"","1750963737427x154850918931365900","","","","","gustavo.godoy@recife.pe.gov.br"
"","1750963789342x740622417311039500","","","","","gustavo.godoy@recife.pe.gov.br"
"","1750963840538x709527632057466900","","","","","gustavo.godoy@recife.pe.gov.br"
"","1750963905243x917948856028364800","","","","","gustavo.godoy@recife.pe.gov.br"
"","1750963948773x168407758455701500","","","","","gustavo.godoy@recife.pe.gov.br"
"","1750963985799x779631706475331600","","","","","gustavo.godoy@recife.pe.gov.br"
"","1750964021001x386125084374335500","","","","","gustavo.godoy@recife.pe.gov.br"
"","1750963789342x740622417311039500","","","","","gustavo.godoy@recife.pe.gov.br"
"Solução excelente, une dispositivos complementares (smartphone, óculos e bengala inteligente).","1750965024848x176365381922324480","","","","","fernandosouza@recife.pe.gov.br"
"","1750965055572x808870400252969000","","","","","fernandosouza@recife.pe.gov.br"
"Em relação aos demais concorrentes a solução de fato tem o melhor custo benefício, ainda une óculos com a bengala inteligente.","1750965084733x626654352174481400","","","","","fernandosouza@recife.pe.gov.br"
"Tecnologias contendo dispositivos e software leves e de fácil manutenção.","1750965113035x319882309975408640","","","","","fernandosouza@recife.pe.gov.br"
"Como a solução precisa de equipamentos complementares óculos e bengala inteligente, acredito que a escalabilidade rápida pode se tornar desafiadora na produção dos itens.","1750965138894x984751957414510600","","","","","fernandosouza@recife.pe.gov.br"
"Todos os itens foram bem preenchidos.","1750965182829x394638459540865000","","","","","fernandosouza@recife.pe.gov.br"
"Não identifiquei prazos na proposta.","1750965208004x798693044226097200","","","","","fernandosouza@recife.pe.gov.br"
"","1750963737427x154850918931365900","","","","","rodrigobzrra@gmail.com"
"","1750963789342x740622417311039500","","","","","rodrigobzrra@gmail.com"
"","1750963840538x709527632057466900","","","","","rodrigobzrra@gmail.com"
"","1750963905243x917948856028364800","","","","","rodrigobzrra@gmail.com"
"","1750963948773x168407758455701500","","","","","rodrigobzrra@gmail.com"
"","1750963985799x779631706475331600","","","","","rodrigobzrra@gmail.com"
"","1750964021001x386125084374335500","","","","","rodrigobzrra@gmail.com"
"","1750963737427x154850918931365900","","","","","rodrigobzrra@gmail.com"
"","1750963737427x154850918931365900","","","","","rodrigobzrra@gmail.com"
"","1750963789342x740622417311039500","","","","","rodrigobzrra@gmail.com"
"","1750963840538x709527632057466900","","","","","rodrigobzrra@gmail.com"
"","1750963905243x917948856028364800","","","","","rodrigobzrra@gmail.com"
"","1750963948773x168407758455701500","","","","","rodrigobzrra@gmail.com"
"","1750963985799x779631706475331600","","","","","rodrigobzrra@gmail.com"
"","1750964021001x386125084374335500","","","","","rodrigobzrra@gmail.com"
"","1750963737427x154850918931365900","","","","","rodrigobzrra@gmail.com"
"","1750963789342x740622417311039500","","","","","rodrigobzrra@gmail.com"
"","1750963840538x709527632057466900","","","","","rodrigobzrra@gmail.com"
"","1750963905243x917948856028364800","","","","","rodrigobzrra@gmail.com"
"","1750963948773x168407758455701500","","","","","rodrigobzrra@gmail.com"
"","1750963985799x779631706475331600","","","","","rodrigobzrra@gmail.com"
"","1750964021001x386125084374335500","","","","","rodrigobzrra@gmail.com"
"","1750963737427x154850918931365900","","","","","rodrigobzrra@gmail.com"
"","1750963789342x740622417311039500","","","","","rodrigobzrra@gmail.com"
"","1750963840538x709527632057466900","","","","","rodrigobzrra@gmail.com"
"","1750963905243x917948856028364800","","","","","rodrigobzrra@gmail.com"
"","1750963948773x168407758455701500","","","","","rodrigobzrra@gmail.com"
"","1750963985799x779631706475331600","","","","","rodrigobzrra@gmail.com"
"","1750964021001x386125084374335500","","","","","rodrigobzrra@gmail.com"
"","1750963737427x154850918931365900","","","","","rodrigobzrra@gmail.com"
"","1750963789342x740622417311039500","","","","","rodrigobzrra@gmail.com"
"","1750963840538x709527632057466900","","","","","rodrigobzrra@gmail.com"
"","1750963905243x917948856028364800","","","","","rodrigobzrra@gmail.com"
"","1750963948773x168407758455701500","","","","","rodrigobzrra@gmail.com"
"","1750963985799x779631706475331600","","","","","rodrigobzrra@gmail.com"
"","1750964021001x386125084374335500","","","","","rodrigobzrra@gmail.com"
"","1750963737427x154850918931365900","","","","","rodrigobzrra@gmail.com"
"","1750963789342x740622417311039500","","","","","rodrigobzrra@gmail.com"
"","1750963840538x709527632057466900","","","","","rodrigobzrra@gmail.com"
"","1750963905243x917948856028364800","","","","","rodrigobzrra@gmail.com"
"","1750963948773x168407758455701500","","","","","rodrigobzrra@gmail.com"
"","1750963985799x779631706475331600","","","","","rodrigobzrra@gmail.com"
"","1750964021001x386125084374335500","","","","","rodrigobzrra@gmail.com"
"A solução apresentada não está voltada ao desafio específico. Trata-se de uma apresentação genérica da empresa e seus produtos. Não resolve diretamente o problema proposto.","1750964491955x785552669767368700","","","","","joao.lobo@recife.pe.gov.br"
"","1750964556841x823259996282421200","","","","","joao.lobo@recife.pe.gov.br"
"","1750964679578x869641551094218800","","","","","joao.lobo@recife.pe.gov.br"
"","1750964847544x133562261901148160","","","","","joao.lobo@recife.pe.gov.br"
"","1750964847544x133562261901148160","","","","","joao.lobo@recife.pe.gov.br"
"","1750964679578x869641551094218800","","","","","joao.lobo@recife.pe.gov.br"
"","1750964847544x133562261901148160","","","","","joao.lobo@recife.pe.gov.br"
"","1750964879420x736871818234429400","","","","","joao.lobo@recife.pe.gov.br"
"","1750964907610x624510857100656600","","","","","joao.lobo@recife.pe.gov.br"
"","1750964932066x588568839318667300","","","","","joao.lobo@recife.pe.gov.br"
"","1750964491955x785552669767368700","","","","","joao.lobo@recife.pe.gov.br"
"","1750964556841x823259996282421200","","","","","joao.lobo@recife.pe.gov.br"
"","1750964679578x869641551094218800","","","","","joao.lobo@recife.pe.gov.br"
"","1750964847544x133562261901148160","","","","","joao.lobo@recife.pe.gov.br"
"","1750964879420x736871818234429400","","","","","joao.lobo@recife.pe.gov.br"
"","1750964907610x624510857100656600","","","","","joao.lobo@recife.pe.gov.br"
"","1750964932066x588568839318667300","","","","","joao.lobo@recife.pe.gov.br"
"","1750964491955x785552669767368700","","","","","joao.lobo@recife.pe.gov.br"
"","1750964556841x823259996282421200","","","","","joao.lobo@recife.pe.gov.br"
"","1750964679578x869641551094218800","","","","","joao.lobo@recife.pe.gov.br"
"","1750964847544x133562261901148160","","","","","joao.lobo@recife.pe.gov.br"
"","1750964879420x736871818234429400","","","","","joao.lobo@recife.pe.gov.br"
"","1750964907610x624510857100656600","","","","","joao.lobo@recife.pe.gov.br"
"","1750964932066x588568839318667300","","","","","joao.lobo@recife.pe.gov.br"
"","1750964491955x785552669767368700","","","","","joao.lobo@recife.pe.gov.br"
"","1750964556841x823259996282421200","","","","","joao.lobo@recife.pe.gov.br"
"","1750964679578x869641551094218800","","","","","joao.lobo@recife.pe.gov.br"
"","1750964847544x133562261901148160","","","","","joao.lobo@recife.pe.gov.br"
"","1750964879420x736871818234429400","","","","","joao.lobo@recife.pe.gov.br"
"","1750964907610x624510857100656600","","","","","joao.lobo@recife.pe.gov.br"
"","1750964932066x588568839318667300","","","","","joao.lobo@recife.pe.gov.br"
"","1750964491955x785552669767368700","","","","","joao.lobo@recife.pe.gov.br"
"","1750964556841x823259996282421200","","","","","joao.lobo@recife.pe.gov.br"
"","1750964679578x869641551094218800","","","","","joao.lobo@recife.pe.gov.br"
"","1750964847544x133562261901148160","","","","","joao.lobo@recife.pe.gov.br"
"","1750964879420x736871818234429400","","","","","joao.lobo@recife.pe.gov.br"
"","1750964907610x624510857100656600","","","","","joao.lobo@recife.pe.gov.br"
"","1750964932066x588568839318667300","","","","","joao.lobo@recife.pe.gov.br"
"","1750964491955x785552669767368700","","","","","joao.lobo@recife.pe.gov.br"
"","1750964556841x823259996282421200","","","","","joao.lobo@recife.pe.gov.br"
"","1750964679578x869641551094218800","","","","","joao.lobo@recife.pe.gov.br"
"","1750964847544x133562261901148160","","","","","joao.lobo@recife.pe.gov.br"
"","1750964879420x736871818234429400","","","","","joao.lobo@recife.pe.gov.br"
"","1750964907610x624510857100656600","","","","","joao.lobo@recife.pe.gov.br"
"","1750964932066x588568839318667300","","","","","joao.lobo@recife.pe.gov.br"
"","1750964491955x785552669767368700","","","","","joao.lobo@recife.pe.gov.br"
"","1750964556841x823259996282421200","","","","","joao.lobo@recife.pe.gov.br"
"","1750964679578x869641551094218800","","","","","joao.lobo@recife.pe.gov.br"
"","1750964847544x133562261901148160","","","","","joao.lobo@recife.pe.gov.br"
"","1750964879420x736871818234429400","","","","","joao.lobo@recife.pe.gov.br"
"","1750964907610x624510857100656600","","","","","joao.lobo@recife.pe.gov.br"
"","1750964932066x588568839318667300","","","","","joao.lobo@recife.pe.gov.br"
"","1750964491955x785552669767368700","","","","","joao.lobo@recife.pe.gov.br"
"","1750964556841x823259996282421200","","","","","joao.lobo@recife.pe.gov.br"
"","1750964679578x869641551094218800","","","","","joao.lobo@recife.pe.gov.br"
"","1750964847544x133562261901148160","","","","","joao.lobo@recife.pe.gov.br"
"","1750964879420x736871818234429400","","","","","joao.lobo@recife.pe.gov.br"
"","1750964907610x624510857100656600","","","","","joao.lobo@recife.pe.gov.br"
"","1750964932066x588568839318667300","","","","","joao.lobo@recife.pe.gov.br"
"","1750964491955x785552669767368700","","","","","joao.lobo@recife.pe.gov.br"
"","1750964556841x823259996282421200","","","","","joao.lobo@recife.pe.gov.br"
"","1750964679578x869641551094218800","","","","","joao.lobo@recife.pe.gov.br"
"","1750964847544x133562261901148160","","","","","joao.lobo@recife.pe.gov.br"
"","1750964879420x736871818234429400","","","","","joao.lobo@recife.pe.gov.br"
"","1750964907610x624510857100656600","","","","","joao.lobo@recife.pe.gov.br"
"","1750964932066x588568839318667300","","","","","joao.lobo@recife.pe.gov.br"
"","1750964491955x785552669767368700","","","","","joao.lobo@recife.pe.gov.br"
"","1750964556841x823259996282421200","","","","","joao.lobo@recife.pe.gov.br"
"","1750964679578x869641551094218800","","","","","joao.lobo@recife.pe.gov.br"
"","1750964847544x133562261901148160","","","","","joao.lobo@recife.pe.gov.br"
"","1750964879420x736871818234429400","","","","","joao.lobo@recife.pe.gov.br"
"","1750964907610x624510857100656600","","","","","joao.lobo@recife.pe.gov.br"
"","1750964932066x588568839318667300","","","","","joao.lobo@recife.pe.gov.br"
"","1750964491955x785552669767368700","","","","","joao.lobo@recife.pe.gov.br"
"","1750964556841x823259996282421200","","","","","joao.lobo@recife.pe.gov.br"
"","1750964679578x869641551094218800","","","","","joao.lobo@recife.pe.gov.br"
"","1750964847544x133562261901148160","","","","","joao.lobo@recife.pe.gov.br"
"","1750964879420x736871818234429400","","","","","joao.lobo@recife.pe.gov.br"
"","1750964907610x624510857100656600","","","","","joao.lobo@recife.pe.gov.br"
"","1750964932066x588568839318667300","","","","","joao.lobo@recife.pe.gov.br"
"","1750964491955x785552669767368700","","","","","joao.lobo@recife.pe.gov.br"
"","1750964556841x823259996282421200","","","","","joao.lobo@recife.pe.gov.br"
"","1750964679578x869641551094218800","","","","","joao.lobo@recife.pe.gov.br"
"","1750964847544x133562261901148160","","","","","joao.lobo@recife.pe.gov.br"
"","1750964879420x736871818234429400","","","","","joao.lobo@recife.pe.gov.br"
"","1750964907610x624510857100656600","","","","","joao.lobo@recife.pe.gov.br"
"","1750964932066x588568839318667300","","","","","joao.lobo@recife.pe.gov.br"
"","1750964491955x785552669767368700","","","","","joao.lobo@recife.pe.gov.br"
"","1750964556841x823259996282421200","","","","","joao.lobo@recife.pe.gov.br"
"","1750964679578x869641551094218800","","","","","joao.lobo@recife.pe.gov.br"
"","1750964847544x133562261901148160","","","","","joao.lobo@recife.pe.gov.br"
"","1750964879420x736871818234429400","","","","","joao.lobo@recife.pe.gov.br"
"","1750964907610x624510857100656600","","","","","joao.lobo@recife.pe.gov.br"
"","1750964932066x588568839318667300","","","","","joao.lobo@recife.pe.gov.br"
"","1750965024848x176365381922324480","","","","","rafael.paula@recife.pe.gov.br"
"","1750965055572x808870400252969000","","","","","rafael.paula@recife.pe.gov.br"
"","1750965084733x626654352174481400","","","","","rafael.paula@recife.pe.gov.br"
"","1750965113035x319882309975408640","","","","","rafael.paula@recife.pe.gov.br"
"","1750965138894x984751957414510600","","","","","rafael.paula@recife.pe.gov.br"
"","1750965182829x394638459540865000","","","","","rafael.paula@recife.pe.gov.br"
"","1750965208004x798693044226097200","","","","","rafael.paula@recife.pe.gov.br"
"Apesar da interessante participação social, não fica claro que a solução tenha alto potencial para a solução do problema ou economia para a administração pública.","1750965024848x176365381922324480","","","","","rafael.paula@recife.pe.gov.br"
"","1750965055572x808870400252969000","","","","","rafael.paula@recife.pe.gov.br"
"","1750965084733x626654352174481400","","","","","rafael.paula@recife.pe.gov.br"
"","1750965113035x319882309975408640","","","","","rafael.paula@recife.pe.gov.br"
"","1750965138894x984751957414510600","","","","","rafael.paula@recife.pe.gov.br"
"","1750965182829x394638459540865000","","","","","rafael.paula@recife.pe.gov.br"
"","1750965208004x798693044226097200","","","","","rafael.paula@recife.pe.gov.br"
"","1750965024848x176365381922324480","","","","","oburegio@gmail.com"
"","1750965055572x808870400252969000","","","","","oburegio@gmail.com"
"","1750965084733x626654352174481400","","","","","oburegio@gmail.com"
"","1750965113035x319882309975408640","","","","","oburegio@gmail.com"
"","1750965138894x984751957414510600","","","","","oburegio@gmail.com"
"","1750965182829x394638459540865000","","","","","oburegio@gmail.com"
"","1750965208004x798693044226097200","","","","","oburegio@gmail.com"
"","1750965208004x798693044226097200","","","","","dalmario.telecom@gmail.com"
"","1750965182829x394638459540865000","","","","","dalmario.telecom@gmail.com"
"","1750965138894x984751957414510600","","","","","dalmario.telecom@gmail.com"
"","1750965024848x176365381922324480","","","","","rafael.paula@recife.pe.gov.br"
"","1750965113035x319882309975408640","","","","","dalmario.telecom@gmail.com"
"","1750965113035x319882309975408640","","","","","dalmario.telecom@gmail.com"
"Não ficou explícita.","1750965055572x808870400252969000","","","","","rafael.paula@recife.pe.gov.br"
"Disse ser única.","1750965084733x626654352174481400","","","","","rafael.paula@recife.pe.gov.br"
"Parece ser factível, apesar de não ficar claro se é um aplicativo de voz, qual a ligação com a adesivagem e a qualificação dos motoristas. Parecem projetos distintos.","1750965113035x319882309975408640","","","","","rafael.paula@recife.pe.gov.br"
"Parece ser factível, apesar de não ficar claro se é um aplicativo de voz, qual a ligação com a adesivagem e a qualificação dos motoristas. Parecem projetos distintos.","1750965113035x319882309975408640","","","","","rafael.paula@recife.pe.gov.br"
"","1750965084733x626654352174481400","","","","","rafael.paula@recife.pe.gov.br"
"Parece ser factível, apesar de não ficar claro se é um aplicativo de voz, qual a ligação com a adesivagem e a qualificação dos motoristas. Parecem projetos distintos.","1750965113035x319882309975408640","","","","","rafael.paula@recife.pe.gov.br"
"Parece ser factível, apesar de não ficar claro se é um aplicativo de voz, qual a ligação com a adesivagem e a qualificação dos motoristas. Parecem projetos distintos.","1750965113035x319882309975408640","","","","","rafael.paula@recife.pe.gov.br"
"","1750965138894x984751957414510600","","","","","rafael.paula@recife.pe.gov.br"
"","1750965182829x394638459540865000","","","","","rafael.paula@recife.pe.gov.br"
"","1750965208004x798693044226097200","","","","","rafael.paula@recife.pe.gov.br"
"","1750965208004x798693044226097200","","","","","rafael.paula@recife.pe.gov.br"
"","1750965084733x626654352174481400","","","","","dalmario.telecom@gmail.com"
"","1750965055572x808870400252969000","","","","","dalmario.telecom@gmail.com"
"","1750965024848x176365381922324480","","","","","dalmario.telecom@gmail.com"
"","1750965024848x176365381922324480","","","","","dalmario.telecom@gmail.com"
"","1750965055572x808870400252969000","","","","","dalmario.telecom@gmail.com"
"","1750965084733x626654352174481400","","","","","dalmario.telecom@gmail.com"
"","1750965113035x319882309975408640","","","","","dalmario.telecom@gmail.com"
"","1750965138894x984751957414510600","","","","","dalmario.telecom@gmail.com"
"","1750965138894x984751957414510600","","","","","dalmario.telecom@gmail.com"
"","1750965182829x394638459540865000","","","","","dalmario.telecom@gmail.com"
"","1750965182829x394638459540865000","","","","","dalmario.telecom@gmail.com"
"","1750965208004x798693044226097200","","","","","dalmario.telecom@gmail.com"
"","1750965024848x176365381922324480","","","","","dalmario.telecom@gmail.com"
"","1750965055572x808870400252969000","","","","","dalmario.telecom@gmail.com"
"","1750965084733x626654352174481400","","","","","dalmario.telecom@gmail.com"
"","1750965113035x319882309975408640","","","","","dalmario.telecom@gmail.com"
"","1750965138894x984751957414510600","","","","","dalmario.telecom@gmail.com"
"","1750965182829x394638459540865000","","","","","dalmario.telecom@gmail.com"
"","1750965024848x176365381922324480","","","","","oburegio@gmail.com"
"","1750965055572x808870400252969000","","","","","oburegio@gmail.com"
"","1750965208004x798693044226097200","","","","","dalmario.telecom@gmail.com"
"","1750965084733x626654352174481400","","","","","oburegio@gmail.com"
"","1750965084733x626654352174481400","","","","","oburegio@gmail.com"
"","1750965113035x319882309975408640","","","","","oburegio@gmail.com"
"","1750965138894x984751957414510600","","","","","oburegio@gmail.com"
"","1750965182829x394638459540865000","","","","","oburegio@gmail.com"
"","1750965208004x798693044226097200","","","","","oburegio@gmail.com"
"","1750965024848x176365381922324480","","","","","dalmario.telecom@gmail.com"
"","1750965055572x808870400252969000","","","","","dalmario.telecom@gmail.com"
"","1750965084733x626654352174481400","","","","","dalmario.telecom@gmail.com"
"","1750965113035x319882309975408640","","","","","dalmario.telecom@gmail.com"
"","1750965138894x984751957414510600","","","","","dalmario.telecom@gmail.com"
"","1750965182829x394638459540865000","","","","","dalmario.telecom@gmail.com"
"","1750965208004x798693044226097200","","","","","dalmario.telecom@gmail.com"
"","1750965024848x176365381922324480","","","","","dalmario.telecom@gmail.com"
"","1750965055572x808870400252969000","","","","","dalmario.telecom@gmail.com"
"","1750965084733x626654352174481400","","","","","dalmario.telecom@gmail.com"
"","1750965113035x319882309975408640","","","","","dalmario.telecom@gmail.com"
"","1750965138894x984751957414510600","","","","","dalmario.telecom@gmail.com"
"","1750965182829x394638459540865000","","","","","dalmario.telecom@gmail.com"
"","1750965208004x798693044226097200","","","","","dalmario.telecom@gmail.com"
"","1750965024848x176365381922324480","","","","","dalmario.telecom@gmail.com"
"","1750965055572x808870400252969000","","","","","dalmario.telecom@gmail.com"
"","1750965084733x626654352174481400","","","","","dalmario.telecom@gmail.com"
"","1750965113035x319882309975408640","","","","","dalmario.telecom@gmail.com"
"","1750965138894x984751957414510600","","","","","dalmario.telecom@gmail.com"
"","1750965182829x394638459540865000","","","","","dalmario.telecom@gmail.com"
"","1750965208004x798693044226097200","","","","","dalmario.telecom@gmail.com"
"","1750965208004x798693044226097200","","","","","dalmario.telecom@gmail.com"
"","1750965024848x176365381922324480","","","","","oburegio@gmail.com"
"","1750965055572x808870400252969000","","","","","oburegio@gmail.com"
"","1750965084733x626654352174481400","","","","","oburegio@gmail.com"
"","1750965113035x319882309975408640","","","","","oburegio@gmail.com"
"","1750965138894x984751957414510600","","","","","oburegio@gmail.com"
"","1750965182829x394638459540865000","","","","","oburegio@gmail.com"
"","1750965208004x798693044226097200","","","","","oburegio@gmail.com"
"","1750965024848x176365381922324480","","","","","dalmario.telecom@gmail.com"
"","1750965055572x808870400252969000","","","","","dalmario.telecom@gmail.com"
"","1750965084733x626654352174481400","","","","","dalmario.telecom@gmail.com"
"","1750965113035x319882309975408640","","","","","dalmario.telecom@gmail.com"
"","1750965138894x984751957414510600","","","","","dalmario.telecom@gmail.com"
"","1750965182829x394638459540865000","","","","","dalmario.telecom@gmail.com"
"","1750965208004x798693044226097200","","","","","dalmario.telecom@gmail.com"
"","1750965024848x176365381922324480","","","","","oburegio@gmail.com"
"","1750965055572x808870400252969000","","","","","oburegio@gmail.com"
"","1750965084733x626654352174481400","","","","","oburegio@gmail.com"
"","1750965113035x319882309975408640","","","","","oburegio@gmail.com"
"","1750965138894x984751957414510600","","","","","oburegio@gmail.com"
"","1750965182829x394638459540865000","","","","","oburegio@gmail.com"
"","1750965208004x798693044226097200","","","","","oburegio@gmail.com"
"","1750965024848x176365381922324480","","","","","oburegio@gmail.com"
"","1750965055572x808870400252969000","","","","","oburegio@gmail.com"
"","1750965084733x626654352174481400","","","","","oburegio@gmail.com"
"","1750965113035x319882309975408640","","","","","oburegio@gmail.com"
"","1750965138894x984751957414510600","","","","","oburegio@gmail.com"
"","1750965182829x394638459540865000","","","","","oburegio@gmail.com"
"","1750965208004x798693044226097200","","","","","oburegio@gmail.com"
"","1750965024848x176365381922324480","","","","","oburegio@gmail.com"
"","1750965055572x808870400252969000","","","","","oburegio@gmail.com"
"","1750965084733x626654352174481400","","","","","oburegio@gmail.com"
"","1750965113035x319882309975408640","","","","","oburegio@gmail.com"
"","1750965138894x984751957414510600","","","","","oburegio@gmail.com"
"","1750965055572x808870400252969000","","","","","oburegio@gmail.com"
"","1750965182829x394638459540865000","","","","","oburegio@gmail.com"
"","1750965208004x798693044226097200","","","","","oburegio@gmail.com"
"","1750965024848x176365381922324480","","","","","oburegio@gmail.com"
"","1750965024848x176365381922324480","","","","","dalmario.telecom@gmail.com"
"","1750965055572x808870400252969000","","","","","dalmario.telecom@gmail.com"
"","1750965084733x626654352174481400","","","","","dalmario.telecom@gmail.com"
"","1750965113035x319882309975408640","","","","","dalmario.telecom@gmail.com"
"","1750965138894x984751957414510600","","","","","dalmario.telecom@gmail.com"
"","1750965182829x394638459540865000","","","","","dalmario.telecom@gmail.com"
"","1750965208004x798693044226097200","","","","","dalmario.telecom@gmail.com"
"","1750965024848x176365381922324480","","","","","dalmario.telecom@gmail.com"
"","1750965055572x808870400252969000","","","","","dalmario.telecom@gmail.com"
"","1750965084733x626654352174481400","","","","","dalmario.telecom@gmail.com"
"","1750965113035x319882309975408640","","","","","dalmario.telecom@gmail.com"
"","1750965138894x984751957414510600","","","","","dalmario.telecom@gmail.com"
"","1750965182829x394638459540865000","","","","","dalmario.telecom@gmail.com"
"","1750965208004x798693044226097200","","","","","dalmario.telecom@gmail.com"
"A solução aborda todos os problemas propostos pelo desafio, faltando apenas conectar alguns elos. A sua aplicação, no entanto, não tem potencial de gerar uma economia para o poder público de forma direta. ","1750964491955x785552669767368700","","","","","lauracaldasm@gmail.com"
"","1750964556841x823259996282421200","","","","","lauracaldasm@gmail.com"
"","1750964093459x744066598213779500","","","","","ana.breda@recife.pe.gov.br"
"","1750964123293x533403006340956160","","","","","ana.breda@recife.pe.gov.br"
"","1750964164453x640714698106077200","","","","","ana.breda@recife.pe.gov.br"
"","1750964200955x735368502759129100","","","","","ana.breda@recife.pe.gov.br"
"","1750964240693x680085200583000000","","","","","ana.breda@recife.pe.gov.br"
"","1750964288518x514121274137509900","","","","","ana.breda@recife.pe.gov.br"
"","1750964376988x869254656989331500","","","","","ana.breda@recife.pe.gov.br"
"","1750964093459x744066598213779500","","","","","ana.breda@recife.pe.gov.br"
"","1750964123293x533403006340956160","","","","","ana.breda@recife.pe.gov.br"
"","1750964164453x640714698106077200","","","","","ana.breda@recife.pe.gov.br"
"","1750964200955x735368502759129100","","","","","ana.breda@recife.pe.gov.br"
"","1750964240693x680085200583000000","","","","","ana.breda@recife.pe.gov.br"
"","1750964288518x514121274137509900","","","","","ana.breda@recife.pe.gov.br"
"","1750964376988x869254656989331500","","","","","ana.breda@recife.pe.gov.br"
"","1750964679578x869641551094218800","","","","","lauracaldasm@gmail.com"
"","1750964847544x133562261901148160","","","","","lauracaldasm@gmail.com"
"","1750964879420x736871818234429400","","","","","lauracaldasm@gmail.com"
"","1750964932066x588568839318667300","","","","","lauracaldasm@gmail.com"
"Está bem fundamentada em sua maior parte, mas a parte de destinação para compostagem não ficou clara. Há uma oportunidade de integração com os Safucs, mas isso não foi detalhado a nivel de logística ou tecnologia.","1750964907610x624510857100656600","","","","","lauracaldasm@gmail.com"
"","1750963737427x154850918931365900","","","","","rodrigobzrra@gmail.com"
"","1750963789342x740622417311039500","","","","","rodrigobzrra@gmail.com"
"","1750963840538x709527632057466900","","","","","rodrigobzrra@gmail.com"
"","1750963905243x917948856028364800","","","","","rodrigobzrra@gmail.com"
"","1750963948773x168407758455701500","","","","","rodrigobzrra@gmail.com"
"","1750963985799x779631706475331600","","","","","rodrigobzrra@gmail.com"
"","1750964021001x386125084374335500","","","","","rodrigobzrra@gmail.com"
"","1750963737427x154850918931365900","","","","","rodrigobzrra@gmail.com"
"","1750963789342x740622417311039500","","","","","rodrigobzrra@gmail.com"
"","1750963840538x709527632057466900","","","","","rodrigobzrra@gmail.com"
"","1750963905243x917948856028364800","","","","","rodrigobzrra@gmail.com"
"","1750963948773x168407758455701500","","","","","rodrigobzrra@gmail.com"
"","1750963985799x779631706475331600","","","","","rodrigobzrra@gmail.com"
"","1750964021001x386125084374335500","","","","","rodrigobzrra@gmail.com"
"","1750963737427x154850918931365900","","","","","rodrigobzrra@gmail.com"
"","1750963789342x740622417311039500","","","","","rodrigobzrra@gmail.com"
"","1750963840538x709527632057466900","","","","","rodrigobzrra@gmail.com"
"","1750963905243x917948856028364800","","","","","rodrigobzrra@gmail.com"
"","1750963948773x168407758455701500","","","","","rodrigobzrra@gmail.com"
"","1750963985799x779631706475331600","","","","","rodrigobzrra@gmail.com"
"","1750964021001x386125084374335500","","","","","rodrigobzrra@gmail.com"
"","1750963737427x154850918931365900","","","","","rodrigobzrra@gmail.com"
"","1750963789342x740622417311039500","","","","","rodrigobzrra@gmail.com"
"","1750963840538x709527632057466900","","","","","rodrigobzrra@gmail.com"
"","1750963905243x917948856028364800","","","","","rodrigobzrra@gmail.com"
"","1750963948773x168407758455701500","","","","","rodrigobzrra@gmail.com"
"","1750963985799x779631706475331600","","","","","rodrigobzrra@gmail.com"
"","1750964021001x386125084374335500","","","","","rodrigobzrra@gmail.com"
"","1750963737427x154850918931365900","","","","","rodrigobzrra@gmail.com"
"","1750963789342x740622417311039500","","","","","rodrigobzrra@gmail.com"
"","1750963840538x709527632057466900","","","","","rodrigobzrra@gmail.com"
"","1750963905243x917948856028364800","","","","","rodrigobzrra@gmail.com"
"","1750963948773x168407758455701500","","","","","rodrigobzrra@gmail.com"
"","1750963985799x779631706475331600","","","","","rodrigobzrra@gmail.com"
"","1750964021001x386125084374335500","","","","","rodrigobzrra@gmail.com"
"","1750963737427x154850918931365900","","","","","rodrigobzrra@gmail.com"
"","1750963789342x740622417311039500","","","","","rodrigobzrra@gmail.com"
"","1750963840538x709527632057466900","","","","","rodrigobzrra@gmail.com"
"","1750963905243x917948856028364800","","","","","rodrigobzrra@gmail.com"
"","1750963948773x168407758455701500","","","","","rodrigobzrra@gmail.com"
"","1750963985799x779631706475331600","","","","","rodrigobzrra@gmail.com"
"","1750964021001x386125084374335500","","","","","rodrigobzrra@gmail.com"
"","1750963737427x154850918931365900","","","","","rodrigobzrra@gmail.com"
"","1750963789342x740622417311039500","","","","","rodrigobzrra@gmail.com"
"","1750963905243x917948856028364800","","","","","rodrigobzrra@gmail.com"
"","1750963840538x709527632057466900","","","","","rodrigobzrra@gmail.com"
"","1750963948773x168407758455701500","","","","","rodrigobzrra@gmail.com"
"","1750963985799x779631706475331600","","","","","rodrigobzrra@gmail.com"
"","1750964021001x386125084374335500","","","","","rodrigobzrra@gmail.com"
"","1750963737427x154850918931365900","","","","","rodrigobzrra@gmail.com"
"","1750963789342x740622417311039500","","","","","rodrigobzrra@gmail.com"
"","1750963840538x709527632057466900","","","","","rodrigobzrra@gmail.com"
"","1750963905243x917948856028364800","","","","","rodrigobzrra@gmail.com"
"","1750963948773x168407758455701500","","","","","rodrigobzrra@gmail.com"
"","1750963985799x779631706475331600","","","","","rodrigobzrra@gmail.com"
"","1750964021001x386125084374335500","","","","","rodrigobzrra@gmail.com"
"","1750963737427x154850918931365900","","","","","rodrigobzrra@gmail.com"
"","1750963789342x740622417311039500","","","","","rodrigobzrra@gmail.com"
"","1750963840538x709527632057466900","","","","","rodrigobzrra@gmail.com"
"","1750963905243x917948856028364800","","","","","rodrigobzrra@gmail.com"
"","1750963948773x168407758455701500","","","","","rodrigobzrra@gmail.com"
"","1750963985799x779631706475331600","","","","","rodrigobzrra@gmail.com"
"","1750964021001x386125084374335500","","","","","rodrigobzrra@gmail.com"
"A solução proposta tangencia os resultados esperados e não endereça as principais dores do desafio. ","1750963737427x154850918931365900","","","","","homero@recife.pe.gov.br"
"Não foi apresentado um modelo de negócios. Apresentou apenas uma estimativa de custos para um item da solução. ","1750963789342x740622417311039500","","","","","homero@recife.pe.gov.br"
"Apresentou a solução já existente na cidade (Academia da Cidade), mas não fez uma análise comparativa entre as propostas, nem fez a avaliação do custo/benefício.","1750963840538x709527632057466900","","","","","homero@recife.pe.gov.br"
"Não foi possível avaliar o curso da tecnologia proposta, mas haverá um custo operacional para instalação, manutenção e suporte. ","1750963905243x917948856028364800","","","","","homero@recife.pe.gov.br"
"É possível escalar, mas com um custo imbutido de instalação e manutenção. ","1750963948773x168407758455701500","","","","","homero@recife.pe.gov.br"
"Baixa fundamentação. Fugiu do cerne do desafio e não abordou como soluciona as dores elencadas e como alcançar os resultados esperados. ","1750963985799x779631706475331600","","","","","homero@recife.pe.gov.br"
"Não foi apresentado estimativa de prazo. ","1750964021001x386125084374335500","","","","","homero@recife.pe.gov.br"
"São factíveis, mas há incerteza em relação à precisão do sensor pela câmera de vídeo. ","1750963905243x917948856028364800","","","","","homero@recife.pe.gov.br"
"Não apresentou nada.","1750963737427x154850918931365900","","","","","homero@recife.pe.gov.br"
"Não apresentou nada.","1750963789342x740622417311039500","","","","","homero@recife.pe.gov.br"
"Não apresentou proposta. Todos os campos estão vazios.","1750963737427x154850918931365900","","","","","homero@recife.pe.gov.br"
"Não apresentou proposta. Todos os campos estão vazios.","1750963789342x740622417311039500","","","","","homero@recife.pe.gov.br"
"Não apresentou proposta. Todos os campos estão vazios.","1750963840538x709527632057466900","","","","","homero@recife.pe.gov.br"
"Não apresentou proposta. Todos os campos estão vazios.","1750963905243x917948856028364800","","","","","homero@recife.pe.gov.br"
"Não apresentou proposta. Todos os campos estão vazios.","1750963948773x168407758455701500","","","","","homero@recife.pe.gov.br"
"Não apresentou proposta. Todos os campos estão vazios.","1750963985799x779631706475331600","","","","","homero@recife.pe.gov.br"
"Não apresentou proposta. Todos os campos estão vazios.","1750964021001x386125084374335500","","","","","homero@recife.pe.gov.br"
"A solução proposta endereça, praticamente, todas as dores e resultados esperados e com portencial de ampliação do cuiidado com redução de custos. ","1750963737427x154850918931365900","","","","","homero@recife.pe.gov.br"
"O investimento proposto (1,2M) é compatível com os valores preconizados na no marco legal das startups. Faltou detalhar um pouco mais, mais para uma proposta inicial está adequado. ","1750963789342x740622417311039500","","","","","homero@recife.pe.gov.br"
"Bem apresentada as soluções concorrentes e as vantagens em adotar a solução proposta","1750963840538x709527632057466900","","","","","homero@recife.pe.gov.br"
"Utiliza tecnologias já utilziadas pela Prefeitura do Recife e pelo mercado e tem uma solução própria com bom nível de maturidade e com custo adequado ao escopo e público alvo,","1750963905243x917948856028364800","","","","","homero@recife.pe.gov.br"
"Demonstrou a alta escalabilidade q","1750963948773x168407758455701500","","","","","homero@recife.pe.gov.br"
"Demonstrou a alta escalabilidade que a plataforma tem para atingir a população recifense e com potencial de ampliação para outras cidades, estados, ministério da saúde e até para a rede privada de saúde. ","1750963948773x168407758455701500","","","","","homero@recife.pe.gov.br"
"Muito bem fundamentado e adequado à dores e resultados esperados no desafio,","1750963985799x779631706475331600","","","","","homero@recife.pe.gov.br"
"O prazo proposto (12 semanas) está compatíveis com o esperado no desafio (MVP). Claro que com o avanço do projeto pode ser ajustado para a realidade de Recife ","1750964021001x386125084374335500","","","","","homero@recife.pe.gov.br"
"","1750963737427x154850918931365900","","","","","moisesb@recife.pe.gov.br"
"","1750963789342x740622417311039500","","","","","moisesb@recife.pe.gov.br"
"","1750963840538x709527632057466900","","","","","moisesb@recife.pe.gov.br"
"","1750963905243x917948856028364800","","","","","moisesb@recife.pe.gov.br"
"","1750963948773x168407758455701500","","","","","moisesb@recife.pe.gov.br"
"","1750963985799x779631706475331600","","","","","moisesb@recife.pe.gov.br"
"","1750964021001x386125084374335500","","","","","moisesb@recife.pe.gov.br"
"","1750963737427x154850918931365900","","","","","moisesb@recife.pe.gov.br"
"","1750963789342x740622417311039500","","","","","moisesb@recife.pe.gov.br"
"","1750963840538x709527632057466900","","","","","moisesb@recife.pe.gov.br"
"","1750963905243x917948856028364800","","","","","moisesb@recife.pe.gov.br"
"","1750963948773x168407758455701500","","","","","moisesb@recife.pe.gov.br"
"","1750963985799x779631706475331600","","","","","moisesb@recife.pe.gov.br"
"","1750964021001x386125084374335500","","","","","moisesb@recife.pe.gov.br"
"","1750965024848x176365381922324480","","","","","dalmario.telecom@gmail.com"
"Não há nenhum detalhamento do projeto para avaliação.","1750964093459x744066598213779500","","","","","tmendes00@gmail.com"
"Não há nenhum detalhamento do projeto para avaliação.","1750964123293x533403006340956160","","","","","tmendes00@gmail.com"
"Não há nenhum detalhamento do projeto para avaliação.","1750964164453x640714698106077200","","","","","tmendes00@gmail.com"
"Não há nenhum detalhamento do projeto para avaliação.","1750964200955x735368502759129100","","","","","tmendes00@gmail.com"
"Não há nenhum detalhamento do projeto para avaliação.","1750964240693x680085200583000000","","","","","tmendes00@gmail.com"
"Não há nenhum detalhamento do projeto para avaliação.","1750964240693x680085200583000000","","","","","tmendes00@gmail.com"
"Não há nenhum detalhamento do projeto para avaliação.","1750964288518x514121274137509900","","","","","tmendes00@gmail.com"
"Não há nenhum detalhamento do projeto para avaliação.","1750964376988x869254656989331500","","","","","tmendes00@gmail.com"
"Não foi apresentado uma proposta ou solução, mas sim apontado um vídeo de como uma outra cidade atua.","1750964093459x744066598213779500","","","","","tmendes00@gmail.com"
"Não foi apresentado uma proposta ou solução, mas sim apontado um vídeo de como uma outra cidade atua.","1750964123293x533403006340956160","","","","","tmendes00@gmail.com"
"Não foi apresentado uma proposta ou solução, mas sim apontado um vídeo de como uma outra cidade atua.","1750964164453x640714698106077200","","","","","tmendes00@gmail.com"
"Não foi apresentado uma proposta ou solução, mas sim apontado um vídeo de como uma outra cidade atua.","1750964200955x735368502759129100","","","","","tmendes00@gmail.com"
"Não foi apresentado uma proposta ou solução, mas sim apontado um vídeo de como uma outra cidade atua.","1750964240693x680085200583000000","","","","","tmendes00@gmail.com"
"Não foi apresentado uma proposta ou solução, mas sim apontado um vídeo de como uma outra cidade atua.","1750964288518x514121274137509900","","","","","tmendes00@gmail.com"
"Não foi apresentado uma proposta ou solução, mas sim apontado um vídeo de como uma outra cidade atua.","1750964376988x869254656989331500","","","","","tmendes00@gmail.com"
"Não há proposta apresentada.","1750964093459x744066598213779500","","","","","tmendes00@gmail.com"
"Não há proposta apresentada.","1750964123293x533403006340956160","","","","","tmendes00@gmail.com"
"Não há proposta apresentada.","1750964164453x640714698106077200","","","","","tmendes00@gmail.com"
"Não há proposta apresentada.","1750964200955x735368502759129100","","","","","tmendes00@gmail.com"
"Não há proposta apresentada.","1750964240693x680085200583000000","","","","","tmendes00@gmail.com"
"Não há proposta apresentada.","1750964288518x514121274137509900","","","","","tmendes00@gmail.com"
"Não há proposta apresentada.","1750964376988x869254656989331500","","","","","tmendes00@gmail.com"
"Não foi apresentado nenhuma proposta de solução.","1750964093459x744066598213779500","","","","","tmendes00@gmail.com"
"Não foi apresentado nenhuma proposta de solução.","1750964123293x533403006340956160","","","","","tmendes00@gmail.com"
"Não foi apresentado nenhuma proposta de solução.","1750964164453x640714698106077200","","","","","tmendes00@gmail.com"
"Não foi apresentado nenhuma proposta de solução.","1750964200955x735368502759129100","","","","","tmendes00@gmail.com"
"Não foi apresentado nenhuma proposta de solução.","1750964240693x680085200583000000","","","","","tmendes00@gmail.com"
"Não foi apresentado nenhuma proposta de solução.","1750964288518x514121274137509900","","","","","tmendes00@gmail.com"
"Não foi apresentado nenhuma proposta de solução.","1750964376988x869254656989331500","","","","","tmendes00@gmail.com"
"A proposta consiste de ações que a Autarquia de Manutenção e Limpeza Urbana já realiza, em sua maioria.","1750964093459x744066598213779500","","","","","tmendes00@gmail.com"
"A proposta consiste de ações que a Autarquia de Manutenção e Limpeza Urbana já realiza, em sua maioria.","1750964123293x533403006340956160","","","","","tmendes00@gmail.com"
"Não há detalhamento necessário para avaliar a proposta enquanto a relação custo x benefício quando comparado com as ações que já estão implementadas pelo munícipio, apenas um número genérico de valor sem detalhamento do custo de implantação e das ações relativas.","1750964164453x640714698106077200","","","","","tmendes00@gmail.com"
"As soluções apresentadas, como o uso de drones não se mostraram fatíveis até o momento.","1750964200955x735368502759129100","","","","","tmendes00@gmail.com"
"O documento apresentado não traz qualquer detalhamento na solução, apenas dados genéricos. O vídeo não tem ligação com a proposta, apenas com o tema.","1750964240693x680085200583000000","","","","","tmendes00@gmail.com"
"Foram apresentados dados genéricos, sem detalhamento.","1750964288518x514121274137509900","","","","","tmendes00@gmail.com"
"Não é possível avaliar o tempo de implementação da proposta, uma vez que não há o detalhamento necessário.","1750964376988x869254656989331500","","","","","tmendes00@gmail.com"
"","1750965055572x808870400252969000","","","","","dalmario.telecom@gmail.com"
"","1750965084733x626654352174481400","","","","","dalmario.telecom@gmail.com"
"","1750965113035x319882309975408640","","","","","dalmario.telecom@gmail.com"
"","1750965138894x984751957414510600","","","","","dalmario.telecom@gmail.com"
"","1750965182829x394638459540865000","","","","","dalmario.telecom@gmail.com"
"","1750965208004x798693044226097200","","","","","dalmario.telecom@gmail.com"
"","1750964093459x744066598213779500","","","","","ana.breda@recife.pe.gov.br"
"","1750964123293x533403006340956160","","","","","ana.breda@recife.pe.gov.br"
"","1750964164453x640714698106077200","","","","","ana.breda@recife.pe.gov.br"
"","1750964200955x735368502759129100","","","","","ana.breda@recife.pe.gov.br"
"","1750964240693x680085200583000000","","","","","ana.breda@recife.pe.gov.br"
"","1750964288518x514121274137509900","","","","","ana.breda@recife.pe.gov.br"
"","1750964376988x869254656989331500","","","","","ana.breda@recife.pe.gov.br"
"","1750965024848x176365381922324480","","","","","dalmario.telecom@gmail.com"
"","1750965055572x808870400252969000","","","","","dalmario.telecom@gmail.com"
"","1750965084733x626654352174481400","","","","","dalmario.telecom@gmail.com"
"","1750965113035x319882309975408640","","","","","dalmario.telecom@gmail.com"
"","1750965138894x984751957414510600","","","","","dalmario.telecom@gmail.com"
"","1750965182829x394638459540865000","","","","","dalmario.telecom@gmail.com"
"","1750965208004x798693044226097200","","","","","dalmario.telecom@gmail.com"
"","1750964164453x640714698106077200","","","","","ana.breda@recife.pe.gov.br"
"","1750965024848x176365381922324480","","","","","dalmario.telecom@gmail.com"
"","1750965055572x808870400252969000","","","","","dalmario.telecom@gmail.com"
"","1750965084733x626654352174481400","","","","","dalmario.telecom@gmail.com"
"","1750965113035x319882309975408640","","","","","dalmario.telecom@gmail.com"
"","1750965138894x984751957414510600","","","","","dalmario.telecom@gmail.com"
"","1750965182829x394638459540865000","","","","","dalmario.telecom@gmail.com"
"","1750965208004x798693044226097200","","","","","dalmario.telecom@gmail.com"
"","1750965024848x176365381922324480","","","","","dalmario.telecom@gmail.com"
"","1750965055572x808870400252969000","","","","","dalmario.telecom@gmail.com"
"","1750965084733x626654352174481400","","","","","dalmario.telecom@gmail.com"
"","1750965113035x319882309975408640","","","","","dalmario.telecom@gmail.com"
"","1750965138894x984751957414510600","","","","","dalmario.telecom@gmail.com"
"","1750965182829x394638459540865000","","","","","dalmario.telecom@gmail.com"
"","1750965208004x798693044226097200","","","","","dalmario.telecom@gmail.com"
"","1750964093459x744066598213779500","","","","","ana.breda@recife.pe.gov.br"
"","1750964123293x533403006340956160","","","","","ana.breda@recife.pe.gov.br"
"","1750964164453x640714698106077200","","","","","ana.breda@recife.pe.gov.br"
"","1750964200955x735368502759129100","","","","","ana.breda@recife.pe.gov.br"
"","1750964240693x680085200583000000","","","","","ana.breda@recife.pe.gov.br"
"","1750964288518x514121274137509900","","","","","ana.breda@recife.pe.gov.br"
"","1750964376988x869254656989331500","","","","","ana.breda@recife.pe.gov.br"
"","1750965024848x176365381922324480","","","","","dalmario.telecom@gmail.com"
"","1750965055572x808870400252969000","","","","","dalmario.telecom@gmail.com"
"","1750965084733x626654352174481400","","","","","dalmario.telecom@gmail.com"
"","1750965113035x319882309975408640","","","","","dalmario.telecom@gmail.com"
"","1750965138894x984751957414510600","","","","","dalmario.telecom@gmail.com"
"","1750965182829x394638459540865000","","","","","dalmario.telecom@gmail.com"
"","1750965208004x798693044226097200","","","","","dalmario.telecom@gmail.com"
"","1750965024848x176365381922324480","","","","","dalmario.telecom@gmail.com"
"","1750965055572x808870400252969000","","","","","dalmario.telecom@gmail.com"
"","1750965084733x626654352174481400","","","","","dalmario.telecom@gmail.com"
"","1750965113035x319882309975408640","","","","","dalmario.telecom@gmail.com"
"","1750965138894x984751957414510600","","","","","dalmario.telecom@gmail.com"
"","1750965182829x394638459540865000","","","","","dalmario.telecom@gmail.com"
"","1750965208004x798693044226097200","","","","","dalmario.telecom@gmail.com"
"","1750965024848x176365381922324480","","","","","dalmario.telecom@gmail.com"
"","1750965055572x808870400252969000","","","","","dalmario.telecom@gmail.com"
"","1750965084733x626654352174481400","","","","","dalmario.telecom@gmail.com"
"","1750965113035x319882309975408640","","","","","dalmario.telecom@gmail.com"
"","1750965138894x984751957414510600","","","","","dalmario.telecom@gmail.com"
"","1750965182829x394638459540865000","","","","","dalmario.telecom@gmail.com"
"","1750965208004x798693044226097200","","","","","dalmario.telecom@gmail.com"
"","1750965024848x176365381922324480","","","","","dalmario.telecom@gmail.com"
"","1750965055572x808870400252969000","","","","","dalmario.telecom@gmail.com"
"","1750965084733x626654352174481400","","","","","dalmario.telecom@gmail.com"
"","1750965113035x319882309975408640","","","","","dalmario.telecom@gmail.com"
"","1750965138894x984751957414510600","","","","","dalmario.telecom@gmail.com"
"","1750965182829x394638459540865000","","","","","dalmario.telecom@gmail.com"
"","1750965208004x798693044226097200","","","","","dalmario.telecom@gmail.com"
"","1750965024848x176365381922324480","","","","","dalmario.telecom@gmail.com"
"","1750965055572x808870400252969000","","","","","dalmario.telecom@gmail.com"
"","1750965084733x626654352174481400","","","","","dalmario.telecom@gmail.com"
"","1750965113035x319882309975408640","","","","","dalmario.telecom@gmail.com"
"","1750965138894x984751957414510600","","","","","dalmario.telecom@gmail.com"
"","1750965138894x984751957414510600","","","","","dalmario.telecom@gmail.com"
"","1750965182829x394638459540865000","","","","","dalmario.telecom@gmail.com"
"","1750965208004x798693044226097200","","","","","dalmario.telecom@gmail.com"
"","1750965024848x176365381922324480","","","","","dalmario.telecom@gmail.com"
"","1750965055572x808870400252969000","","","","","dalmario.telecom@gmail.com"
"","1750965084733x626654352174481400","","","","","dalmario.telecom@gmail.com"
"","1750965113035x319882309975408640","","","","","dalmario.telecom@gmail.com"
"","1750965138894x984751957414510600","","","","","dalmario.telecom@gmail.com"
"","1750965182829x394638459540865000","","","","","dalmario.telecom@gmail.com"
"","1750965208004x798693044226097200","","","","","dalmario.telecom@gmail.com"
"","1750963737427x154850918931365900","","","","","gustavo.godoy@recife.pe.gov.br"
"","1750963789342x740622417311039500","","","","","gustavo.godoy@recife.pe.gov.br"
"","1750963840538x709527632057466900","","","","","gustavo.godoy@recife.pe.gov.br"
"","1750963905243x917948856028364800","","","","","gustavo.godoy@recife.pe.gov.br"
"Resolve, mas de forma perene. São ações que demorariam bastante para ter algum efeito, dado seu carater essencialmente educativo e altamente dependente da boa vontade de participação dos usuários de forma contínua.","1750964491955x785552669767368700","","","","","lauracaldasm@gmail.com"
"","1750963948773x168407758455701500","","","","","gustavo.godoy@recife.pe.gov.br"
"","1750963985799x779631706475331600","","","","","gustavo.godoy@recife.pe.gov.br"
"","1750964021001x386125084374335500","","","","","gustavo.godoy@recife.pe.gov.br"
"","1750963789342x740622417311039500","","","","","gustavo.godoy@recife.pe.gov.br"
"","1750963789342x740622417311039500","","","","","gustavo.godoy@recife.pe.gov.br"
"","1750963905243x917948856028364800","","","","","gustavo.godoy@recife.pe.gov.br"
"O negócio não é viável, a permanência dele após o desafio seria lastreada em políticas públicas já existentes, viraria uma despesa fixa no orçamento, sem gerar receita ou potencial economia. No orçamento apresentado 53% do valor solicitado foi para pagamento dos membros da equipe, com valores absolutamente não suficientes para campanha e comunicação que seriam necessárias para que as ações tivessem sucesso. ","1750964556841x823259996282421200","","","","","lauracaldasm@gmail.com"
"","1750964679578x869641551094218800","","","","","lauracaldasm@gmail.com"
"A tecnologia não foi bem explicada.","1750964847544x133562261901148160","","","","","lauracaldasm@gmail.com"
"É escalável, mas precisaria de um alto investimento em campanhas de forma contínua","1750964879420x736871818234429400","","","","","lauracaldasm@gmail.com"
"","1750963737427x154850918931365900","","","","","gustavo.godoy@recife.pe.gov.br"
"","1750963789342x740622417311039500","","","","","gustavo.godoy@recife.pe.gov.br"
"","1750964907610x624510857100656600","","","","","lauracaldasm@gmail.com"
"","1750963840538x709527632057466900","","","","","gustavo.godoy@recife.pe.gov.br"
"","1750963905243x917948856028364800","","","","","gustavo.godoy@recife.pe.gov.br"
"","1750963905243x917948856028364800","","","","","gustavo.godoy@recife.pe.gov.br"
"","1750964932066x588568839318667300","","","","","lauracaldasm@gmail.com"
"","1750963948773x168407758455701500","","","","","gustavo.godoy@recife.pe.gov.br"
"","1750963985799x779631706475331600","","","","","gustavo.godoy@recife.pe.gov.br"
"","1750964907610x624510857100656600","","","","","lauracaldasm@gmail.com"
"","1750964021001x386125084374335500","","","","","gustavo.godoy@recife.pe.gov.br"
"","1750963737427x154850918931365900","","","","","gustavo.godoy@recife.pe.gov.br"
"","1750963789342x740622417311039500","","","","","gustavo.godoy@recife.pe.gov.br"
"","1750963840538x709527632057466900","","","","","gustavo.godoy@recife.pe.gov.br"
"","1750963905243x917948856028364800","","","","","gustavo.godoy@recife.pe.gov.br"
"","1750963948773x168407758455701500","","","","","gustavo.godoy@recife.pe.gov.br"
"","1750963985799x779631706475331600","","","","","gustavo.godoy@recife.pe.gov.br"
"","1750963985799x779631706475331600","","","","","gustavo.godoy@recife.pe.gov.br"
"","1750964021001x386125084374335500","","","","","gustavo.godoy@recife.pe.gov.br"
"","1750963737427x154850918931365900","","","","","gustavo.godoy@recife.pe.gov.br"
"","1750963789342x740622417311039500","","","","","gustavo.godoy@recife.pe.gov.br"
"","1750963840538x709527632057466900","","","","","gustavo.godoy@recife.pe.gov.br"
"","1750963905243x917948856028364800","","","","","gustavo.godoy@recife.pe.gov.br"
"","1750963948773x168407758455701500","","","","","gustavo.godoy@recife.pe.gov.br"
"","1750963985799x779631706475331600","","","","","gustavo.godoy@recife.pe.gov.br"
"","1750964021001x386125084374335500","","","","","gustavo.godoy@recife.pe.gov.br"
"","1750963737427x154850918931365900","","","","","gustavo.godoy@recife.pe.gov.br"
"","1750963948773x168407758455701500","","","","","gustavo.godoy@recife.pe.gov.br"
"","1750964932066x588568839318667300","","","","","lauracaldasm@gmail.com"
"A solução foi bem fundamentada nos dados e nos processo e políticas já existentes na prefeitura","1750964907610x624510857100656600","","","","","lauracaldasm@gmail.com"
"","1750965024848x176365381922324480","","","","","oburegio@gmail.com"
"","1750965055572x808870400252969000","","","","","oburegio@gmail.com"
"","1750965084733x626654352174481400","","","","","oburegio@gmail.com"
"","1750965113035x319882309975408640","","","","","oburegio@gmail.com"
"","1750965138894x984751957414510600","","","","","oburegio@gmail.com"
"","1750965182829x394638459540865000","","","","","oburegio@gmail.com"
"A ideia é escalável até certo ponto. O totem pode se expandir por diferentes feiras e mercados, mas ele depende integralmente da triagem / trabalho realizado pelas secretarias municipais. ","1750964879420x736871818234429400","","","","","lauracaldasm@gmail.com"
"","1750965208004x798693044226097200","","","","","oburegio@gmail.com"
"O orçamento apresentado é possível de manter a longo prazo, porém há dúvidas se a tecnologia de identificação de alimentos e separação com o totem, além da propria manutenção do totem em um ambiente publico/exposto, seria viável","1750964847544x133562261901148160","","","","","lauracaldasm@gmail.com"
"","1750964491955x785552669767368700","","","","","lauracaldasm@gmail.com"
"O negócio não tem lucro ou demontra economia em potencial para o poder público. A resolução de indicadores como redução de insegurança alimentar ou a integração com os sistemas agroecologicos ainda é exatamente igual ao que ocorre atualmente. ","1750964556841x823259996282421200","","","","","lauracaldasm@gmail.com"
"","1750964679578x869641551094218800","","","","","lauracaldasm@gmail.com"
"","1750963737427x154850918931365900","","","","","gustavo.godoy@recife.pe.gov.br"
"","1750963737427x154850918931365900","","","","","gustavo.godoy@recife.pe.gov.br"
"","1750963737427x154850918931365900","","","","","gustavo.godoy@recife.pe.gov.br"
"","1750963789342x740622417311039500","","","","","gustavo.godoy@recife.pe.gov.br"
"","1750963840538x709527632057466900","","","","","gustavo.godoy@recife.pe.gov.br"
"","1750963905243x917948856028364800","","","","","gustavo.godoy@recife.pe.gov.br"
"","1750963948773x168407758455701500","","","","","gustavo.godoy@recife.pe.gov.br"
"","1750964021001x386125084374335500","","","","","gustavo.godoy@recife.pe.gov.br"
"","1750963985799x779631706475331600","","","","","gustavo.godoy@recife.pe.gov.br"
"Boa ideia, talvez não totalmente inovadora.","1750965024848x176365381922324480","","","","","rafael.paula@recife.pe.gov.br"
"Parece ser, apesar de parte do doc. em .pdf tratar de outra ação, Merlim/bengala.","1750965055572x808870400252969000","","","","","rafael.paula@recife.pe.gov.br"
"Não ficou claro.","1750965084733x626654352174481400","","","","","rafael.paula@recife.pe.gov.br"
"","1750965113035x319882309975408640","","","","","rafael.paula@recife.pe.gov.br"
"","1750965138894x984751957414510600","","","","","rafael.paula@recife.pe.gov.br"
"Houve talvez alguma confusão na parte da apresentação da Biblioteca no doc. em .pdf","1750965182829x394638459540865000","","","","","rafael.paula@recife.pe.gov.br"
"","1750965208004x798693044226097200","","","","","rafael.paula@recife.pe.gov.br"
"","1750965024848x176365381922324480","","","","","maia.tito.professor@gmail.com"
"","1750965055572x808870400252969000","","","","","maia.tito.professor@gmail.com"
"","1750965084733x626654352174481400","","","","","maia.tito.professor@gmail.com"
"","1750963737427x154850918931365900","","","","","gustavo.godoy@recife.pe.gov.br"
"","1750963789342x740622417311039500","","","","","gustavo.godoy@recife.pe.gov.br"
"","1750963840538x709527632057466900","","","","","gustavo.godoy@recife.pe.gov.br"
"","1750963905243x917948856028364800","","","","","gustavo.godoy@recife.pe.gov.br"
"","1750963948773x168407758455701500","","","","","gustavo.godoy@recife.pe.gov.br"
"","1750965113035x319882309975408640","","","","","maia.tito.professor@gmail.com"
"","1750963985799x779631706475331600","","","","","gustavo.godoy@recife.pe.gov.br"
"","1750964021001x386125084374335500","","","","","gustavo.godoy@recife.pe.gov.br"
"","1750965138894x984751957414510600","","","","","maia.tito.professor@gmail.com"
"","1750963737427x154850918931365900","","","","","gustavo.godoy@recife.pe.gov.br"
"","1750964021001x386125084374335500","","","","","gustavo.godoy@recife.pe.gov.br"
"","1750965182829x394638459540865000","","","","","maia.tito.professor@gmail.com"
"","1750965208004x798693044226097200","","","","","maia.tito.professor@gmail.com"
"","1750963737427x154850918931365900","","","","","gustavo.godoy@recife.pe.gov.br"
"","1750963789342x740622417311039500","","","","","gustavo.godoy@recife.pe.gov.br"
"","1750963789342x740622417311039500","","","","","gustavo.godoy@recife.pe.gov.br"
"","1750965055572x808870400252969000","","","","","rafael.paula@recife.pe.gov.br"
"","1750963840538x709527632057466900","","","","","gustavo.godoy@recife.pe.gov.br"
"","1750963789342x740622417311039500","","","","","gustavo.godoy@recife.pe.gov.br"
"","1750963905243x917948856028364800","","","","","gustavo.godoy@recife.pe.gov.br"
"","1750965084733x626654352174481400","","","","","rafael.paula@recife.pe.gov.br"
"","1750963948773x168407758455701500","","","","","gustavo.godoy@recife.pe.gov.br"
"","1750965024848x176365381922324480","","","","","maia.tito.professor@gmail.com"
"","1750964021001x386125084374335500","","","","","gustavo.godoy@recife.pe.gov.br"
"","1750963985799x779631706475331600","","","","","gustavo.godoy@recife.pe.gov.br"
"","1750965055572x808870400252969000","","","","","maia.tito.professor@gmail.com"
"","1750965024848x176365381922324480","","","","","rafael.paula@recife.pe.gov.br"
"","1750965055572x808870400252969000","","","","","rafael.paula@recife.pe.gov.br"
"","1750965084733x626654352174481400","","","","","maia.tito.professor@gmail.com"
"","1750965084733x626654352174481400","","","","","rafael.paula@recife.pe.gov.br"
"","1750965113035x319882309975408640","","","","","rafael.paula@recife.pe.gov.br"
"","1750965138894x984751957414510600","","","","","rafael.paula@recife.pe.gov.br"
"","1750965182829x394638459540865000","","","","","rafael.paula@recife.pe.gov.br"
"","1750965208004x798693044226097200","","","","","rafael.paula@recife.pe.gov.br"
"","1750965113035x319882309975408640","","","","","maia.tito.professor@gmail.com"
"","1750965138894x984751957414510600","","","","","maia.tito.professor@gmail.com"
"","1750965182829x394638459540865000","","","","","maia.tito.professor@gmail.com"
"","1750965208004x798693044226097200","","","","","maia.tito.professor@gmail.com"
"","1750965024848x176365381922324480","","","","","maia.tito.professor@gmail.com"
"","1750965055572x808870400252969000","","","","","maia.tito.professor@gmail.com"
"","1750965084733x626654352174481400","","","","","maia.tito.professor@gmail.com"
"","1750965113035x319882309975408640","","","","","maia.tito.professor@gmail.com"
"Não contempla todas as dores, nem todos os resultados esperados e não explica com clareza o que é a solução proposta. Está sem o vídeo e sem nenhuma documentação de apoio. Apenas respondeu alguns campos do formulário. ","1750963737427x154850918931365900","","","","","homero@recife.pe.gov.br"
"","1750965138894x984751957414510600","","","","","maia.tito.professor@gmail.com"
"Não foi apresentado modelo de negócio.","1750963789342x740622417311039500","","","","","homero@recife.pe.gov.br"
"Informou que existem soluções similares, que são mais custosas, mas não foi foi possível avaliar a proposta ALKE por falta de elementos na submissão. ","1750963840538x709527632057466900","","","","","homero@recife.pe.gov.br"
"","1750965024848x176365381922324480","","","","","rafael.paula@recife.pe.gov.br"
"","1750965055572x808870400252969000","","","","","rafael.paula@recife.pe.gov.br"
"","1750965084733x626654352174481400","","","","","rafael.paula@recife.pe.gov.br"
"","1750965113035x319882309975408640","","","","","rafael.paula@recife.pe.gov.br"
"","1750965138894x984751957414510600","","","","","rafael.paula@recife.pe.gov.br"
"","1750965182829x394638459540865000","","","","","rafael.paula@recife.pe.gov.br"
"","1750965182829x394638459540865000","","","","","maia.tito.professor@gmail.com"
"","1750965138894x984751957414510600","","","","","rafael.paula@recife.pe.gov.br"
"","1750965208004x798693044226097200","","","","","maia.tito.professor@gmail.com"
"","1750965208004x798693044226097200","","","","","rafael.paula@recife.pe.gov.br"
"Informou que haverá um dashboard, um aplicativo e uma IA, mas não esclareceu quais são as tecnologias propostas. Informou tratar-se de uma solução leve, gratuita, aplicável à Atenção Básica, mas sem demonstrar nada. ","1750963905243x917948856028364800","","","","","homero@recife.pe.gov.br"
"","1750965024848x176365381922324480","","","","","oburegio@gmail.com"
"","1750965055572x808870400252969000","","","","","oburegio@gmail.com"
"Informou tratar-se de uma solução leve, gratuita e aplicável à Atenção Básica. Mas não demonstrou o que é a solução. Apenas informou tratar-se de um dashboard, aplicativo e IA.","1750963948773x168407758455701500","","","","","homero@recife.pe.gov.br"
"","1750965084733x626654352174481400","","","","","oburegio@gmail.com"
"","1750965113035x319882309975408640","","","","","oburegio@gmail.com"
"","1750964491955x785552669767368700","","","","","lauracaldasm@gmail.com"
"","1750964556841x823259996282421200","","","","","lauracaldasm@gmail.com"
"","1750964679578x869641551094218800","","","","","lauracaldasm@gmail.com"
"","1750964847544x133562261901148160","","","","","lauracaldasm@gmail.com"
"Não foi bem fundamentado. Não apresentou vídeo, nem documentação complementar. Apenas preencheu os demais campos do formulário, mas sem aprofundar na solução proposta. Apresentou uma ideia com pouco aprofundamento","1750963985799x779631706475331600","","","","","homero@recife.pe.gov.br"
"A barreira da escalabilidade se dá pela necessidade de adesão. O foco em líderes comunitários e comerciantes vai depender muito da adesão individual a solução, o que pode ser mais dificl de escalar e manter","1750964879420x736871818234429400","","","","","lauracaldasm@gmail.com"
"Não foi apresentada uma proposta de prazo. ","1750964021001x386125084374335500","","","","","homero@recife.pe.gov.br"
"","1750965138894x984751957414510600","","","","","oburegio@gmail.com"
"","1750964932066x588568839318667300","","","","","lauracaldasm@gmail.com"
"","1750965182829x394638459540865000","","","","","oburegio@gmail.com"
"A solução tem algumas lacunas, como por exemplo a separação entre o que pode ser doado e o que vai para compostagem, não está claro como ocorre essa correlação. ","1750964907610x624510857100656600","","","","","lauracaldasm@gmail.com"
"","1750964093459x744066598213779500","","","","","ana.breda@recife.pe.gov.br"
"","1750964093459x744066598213779500","","","","","ana.breda@recife.pe.gov.br"
"","1750964123293x533403006340956160","","","","","ana.breda@recife.pe.gov.br"
"","1750965208004x798693044226097200","","","","","oburegio@gmail.com"
"","1750964164453x640714698106077200","","","","","ana.breda@recife.pe.gov.br"
"","1750964200955x735368502759129100","","","","","ana.breda@recife.pe.gov.br"
"","1750964240693x680085200583000000","","","","","ana.breda@recife.pe.gov.br"
"","1750964288518x514121274137509900","","","","","ana.breda@recife.pe.gov.br"
"A solução pode resolver o problema, mas precisa de muita adesão individual. Ela tem potencial de reduzir indicadores de desperdício e insegurança alimentar, mas não envolve todos os atores da cadeia, como grandes redes/empresarios, e também não especifica ainda questões logisticas. ","1750964491955x785552669767368700","","","","","lauracaldasm@gmail.com"
"","1750964376988x869254656989331500","","","","","ana.breda@recife.pe.gov.br"
"","1750964093459x744066598213779500","","","","","ana.breda@recife.pe.gov.br"
"","1750964123293x533403006340956160","","","","","ana.breda@recife.pe.gov.br"
"","1750964164453x640714698106077200","","","","","ana.breda@recife.pe.gov.br"
"","1750964093459x744066598213779500","","","","","ana.breda@recife.pe.gov.br"
"","1750964123293x533403006340956160","","","","","ana.breda@recife.pe.gov.br"
"","1750964164453x640714698106077200","","","","","ana.breda@recife.pe.gov.br"
"","1750964200955x735368502759129100","","","","","ana.breda@recife.pe.gov.br"
"","1750964240693x680085200583000000","","","","","ana.breda@recife.pe.gov.br"
"","1750964288518x514121274137509900","","","","","ana.breda@recife.pe.gov.br"
"","1750964376988x869254656989331500","","","","","ana.breda@recife.pe.gov.br"
"","1750964093459x744066598213779500","","","","","ana.breda@recife.pe.gov.br"
"","1750964123293x533403006340956160","","","","","ana.breda@recife.pe.gov.br"
"","1750964164453x640714698106077200","","","","","ana.breda@recife.pe.gov.br"
"","1750964200955x735368502759129100","","","","","ana.breda@recife.pe.gov.br"
"","1750964240693x680085200583000000","","","","","ana.breda@recife.pe.gov.br"
"","1750964288518x514121274137509900","","","","","ana.breda@recife.pe.gov.br"
"","1750964376988x869254656989331500","","","","","ana.breda@recife.pe.gov.br"
"","1750964376988x869254656989331500","","","","","ana.breda@recife.pe.gov.br"
"","1750965024848x176365381922324480","","","","","maia.tito.professor@gmail.com"
"","1750965024848x176365381922324480","","","","","maia.tito.professor@gmail.com"
"","1750965024848x176365381922324480","","","","","rafael.paula@recife.pe.gov.br"
"","1750965055572x808870400252969000","","","","","rafael.paula@recife.pe.gov.br"
"","1750965084733x626654352174481400","","","","","rafael.paula@recife.pe.gov.br"
"","1750965113035x319882309975408640","","","","","rafael.paula@recife.pe.gov.br"
"","1750965138894x984751957414510600","","","","","rafael.paula@recife.pe.gov.br"
"","1750965182829x394638459540865000","","","","","rafael.paula@recife.pe.gov.br"
"","1750965208004x798693044226097200","","","","","rafael.paula@recife.pe.gov.br"
"","1750964491955x785552669767368700","","","","","lauracaldasm@gmail.com"
"Só trata do desperdicio de alimentos por parte do restaurantes","1750964491955x785552669767368700","","","","","lauracaldasm@gmail.com"
"","1750964556841x823259996282421200","","","","","lauracaldasm@gmail.com"
"","1750965055572x808870400252969000","","","","","maia.tito.professor@gmail.com"
"","1750965084733x626654352174481400","","","","","maia.tito.professor@gmail.com"
"","1750964907610x624510857100656600","","","","","lauracaldasm@gmail.com"
"Não leva em consideração a dores e os objetivos do problema proposto, é uma ideia não adaptável ao poder publico","1750964907610x624510857100656600","","","","","lauracaldasm@gmail.com"
"","1750965113035x319882309975408640","","","","","maia.tito.professor@gmail.com"
"","1750964932066x588568839318667300","","","","","lauracaldasm@gmail.com"
"","1750965138894x984751957414510600","","","","","maia.tito.professor@gmail.com"
"Se fosse pensado para outras cadeias de produção poderia ser melhor utilizado nesse desafio","1750964879420x736871818234429400","","","","","lauracaldasm@gmail.com"
"","1750964847544x133562261901148160","","","","","lauracaldasm@gmail.com"
"","1750964679578x869641551094218800","","","","","lauracaldasm@gmail.com"
"","1750965182829x394638459540865000","","","","","maia.tito.professor@gmail.com"
"","1750965208004x798693044226097200","","","","","maia.tito.professor@gmail.com"
"","1750964093459x744066598213779500","","","","","ana.breda@recife.pe.gov.br"
"","1750964123293x533403006340956160","","","","","ana.breda@recife.pe.gov.br"
"","1750964164453x640714698106077200","","","","","ana.breda@recife.pe.gov.br"
"","1750964200955x735368502759129100","","","","","ana.breda@recife.pe.gov.br"
"","1750964240693x680085200583000000","","","","","ana.breda@recife.pe.gov.br"
"","1750964288518x514121274137509900","","","","","ana.breda@recife.pe.gov.br"
"","1750964376988x869254656989331500","","","","","ana.breda@recife.pe.gov.br"
"Poderia estar melhor embasada com a realidade posta e desafios presentes de recife, mas esta bem fundamentada","1750964907610x624510857100656600","","","","","lauracaldasm@gmail.com"
"","1750964093459x744066598213779500","","","","","ana.breda@recife.pe.gov.br"
"","1750964123293x533403006340956160","","","","","ana.breda@recife.pe.gov.br"
"","1750964164453x640714698106077200","","","","","ana.breda@recife.pe.gov.br"
"","1750964200955x735368502759129100","","","","","ana.breda@recife.pe.gov.br"
"","1750964240693x680085200583000000","","","","","ana.breda@recife.pe.gov.br"
"","1750964288518x514121274137509900","","","","","ana.breda@recife.pe.gov.br"
"","1750964376988x869254656989331500","","","","","ana.breda@recife.pe.gov.br"
"A solução é voltada exclusivamente para hortas, ela pode, de maneira indireta, auxiliar na melhora dos indicadores de insegurança alimentar e lidar com o excedente da produção de residuos, mas isto esta posto como ""consequencia natural' da existencia da horta, não como uma solução/produto específico. ","1750964491955x785552669767368700","","","","","lauracaldasm@gmail.com"
"","1750964932066x588568839318667300","","","","","lauracaldasm@gmail.com"
"","1750964556841x823259996282421200","","","","","lauracaldasm@gmail.com"
"","1750964847544x133562261901148160","","","","","lauracaldasm@gmail.com"
"","1750964679578x869641551094218800","","","","","lauracaldasm@gmail.com"
"Depende muito da existência das hortas, claro, e do engajamento de cuidado para elas. É escalável para todas as hortas existentes na cidade, mas há dúvidas se só elas serão suficientes para gerar o impacto desejado. ","1750964879420x736871818234429400","","","","","lauracaldasm@gmail.com"
"","1750964491955x785552669767368700","","","","","lauracaldasm@gmail.com"
"","1750964556841x823259996282421200","","","","","lauracaldasm@gmail.com"
"","1750964679578x869641551094218800","","","","","lauracaldasm@gmail.com"
"","1750964847544x133562261901148160","","","","","lauracaldasm@gmail.com"
"","1750964879420x736871818234429400","","","","","lauracaldasm@gmail.com"
"","1750964932066x588568839318667300","","","","","lauracaldasm@gmail.com"
"","1750964907610x624510857100656600","","","","","lauracaldasm@gmail.com"
"","1750964932066x588568839318667300","","","","","lauracaldasm@gmail.com"
"","1750965024848x176365381922324480","","","","","maia.tito.professor@gmail.com"
"","1750964679578x869641551094218800","","","","","lauracaldasm@gmail.com"
"","1750964491955x785552669767368700","","","","","lauracaldasm@gmail.com"
"","1750964907610x624510857100656600","","","","","lauracaldasm@gmail.com"
"","1750964879420x736871818234429400","","","","","lauracaldasm@gmail.com"
"","1750964847544x133562261901148160","","","","","lauracaldasm@gmail.com"
"","1750964556841x823259996282421200","","","","","lauracaldasm@gmail.com"
"","1750965055572x808870400252969000","","","","","maia.tito.professor@gmail.com"
"","1750965084733x626654352174481400","","","","","maia.tito.professor@gmail.com"
"","1750965024848x176365381922324480","","","","","rafael.paula@recife.pe.gov.br"
"","1750965055572x808870400252969000","","","","","rafael.paula@recife.pe.gov.br"
"","1750965084733x626654352174481400","","","","","rafael.paula@recife.pe.gov.br"
"","1750965113035x319882309975408640","","","","","rafael.paula@recife.pe.gov.br"
"","1750965138894x984751957414510600","","","","","rafael.paula@recife.pe.gov.br"
"","1750965182829x394638459540865000","","","","","rafael.paula@recife.pe.gov.br"
"","1750965208004x798693044226097200","","","","","rafael.paula@recife.pe.gov.br"
"","1750965138894x984751957414510600","","","","","rafael.paula@recife.pe.gov.br"
"","1750965113035x319882309975408640","","","","","maia.tito.professor@gmail.com"
"","1750965138894x984751957414510600","","","","","maia.tito.professor@gmail.com"
"","1750965182829x394638459540865000","","","","","maia.tito.professor@gmail.com"
"","1750965208004x798693044226097200","","","","","maia.tito.professor@gmail.com"
"","1750965208004x798693044226097200","","","","","maia.tito.professor@gmail.com"
"","1750965024848x176365381922324480","","","","","maia.tito.professor@gmail.com"
"","1750965055572x808870400252969000","","","","","maia.tito.professor@gmail.com"
"","1750965084733x626654352174481400","","","","","maia.tito.professor@gmail.com"
"","1750965113035x319882309975408640","","","","","maia.tito.professor@gmail.com"
"","1750965138894x984751957414510600","","","","","maia.tito.professor@gmail.com"
"","1750965024848x176365381922324480","","","","","rafael.paula@recife.pe.gov.br"
"","1750965182829x394638459540865000","","","","","maia.tito.professor@gmail.com"
"Apesar da importância da iniciativa, não fica aparente o modelo de negócio, principalmente comparando com outras tecnologias assistivas.","1750965055572x808870400252969000","","","","","rafael.paula@recife.pe.gov.br"
"","1750965084733x626654352174481400","","","","","rafael.paula@recife.pe.gov.br"
"","1750965113035x319882309975408640","","","","","rafael.paula@recife.pe.gov.br"
"","1750965138894x984751957414510600","","","","","rafael.paula@recife.pe.gov.br"
"","1750965182829x394638459540865000","","","","","rafael.paula@recife.pe.gov.br"
"","1750965208004x798693044226097200","","","","","rafael.paula@recife.pe.gov.br"
"","1750965208004x798693044226097200","","","","","maia.tito.professor@gmail.com"
"","1750965024848x176365381922324480","","","","","rafael.paula@recife.pe.gov.br"
"","1750965055572x808870400252969000","","","","","rafael.paula@recife.pe.gov.br"
"","1750965084733x626654352174481400","","","","","rafael.paula@recife.pe.gov.br"
"","1750965113035x319882309975408640","","","","","rafael.paula@recife.pe.gov.br"
"","1750965138894x984751957414510600","","","","","rafael.paula@recife.pe.gov.br"
"","1750965182829x394638459540865000","","","","","rafael.paula@recife.pe.gov.br"
"","1750965208004x798693044226097200","","","","","rafael.paula@recife.pe.gov.br"
"","1750965182829x394638459540865000","","","","","rafael.paula@recife.pe.gov.br"
"","1750965138894x984751957414510600","","","","","rafael.paula@recife.pe.gov.br"
"","1750965024848x176365381922324480","","","","","maia.tito.professor@gmail.com"
"","1750965055572x808870400252969000","","","","","maia.tito.professor@gmail.com"
"","1750965084733x626654352174481400","","","","","maia.tito.professor@gmail.com"
"","1750965113035x319882309975408640","","","","","maia.tito.professor@gmail.com"
"","1750965138894x984751957414510600","","","","","maia.tito.professor@gmail.com"
"","1750965182829x394638459540865000","","","","","maia.tito.professor@gmail.com"
"","1750965208004x798693044226097200","","","","","maia.tito.professor@gmail.com"
"","1750965024848x176365381922324480","","","","","maia.tito.professor@gmail.com"
"","1750965024848x176365381922324480","","","","","rafael.paula@recife.pe.gov.br"
"","1750965024848x176365381922324480","","","","","rafael.paula@recife.pe.gov.br"
"","1750965055572x808870400252969000","","","","","rafael.paula@recife.pe.gov.br"
"","1750965084733x626654352174481400","","","","","rafael.paula@recife.pe.gov.br"
"","1750965113035x319882309975408640","","","","","rafael.paula@recife.pe.gov.br"
"","1750965138894x984751957414510600","","","","","rafael.paula@recife.pe.gov.br"
"","1750965182829x394638459540865000","","","","","rafael.paula@recife.pe.gov.br"
"","1750965208004x798693044226097200","","","","","rafael.paula@recife.pe.gov.br"
"","1750965055572x808870400252969000","","","","","maia.tito.professor@gmail.com"
"","1750965084733x626654352174481400","","","","","maia.tito.professor@gmail.com"
"","1750965113035x319882309975408640","","","","","maia.tito.professor@gmail.com"
"","1750965138894x984751957414510600","","","","","maia.tito.professor@gmail.com"
"","1750965182829x394638459540865000","","","","","maia.tito.professor@gmail.com"
"","1750965208004x798693044226097200","","","","","maia.tito.professor@gmail.com"
"","1750965208004x798693044226097200","","","","","maia.tito.professor@gmail.com"
"","1750965024848x176365381922324480","","","","","maia.tito.professor@gmail.com"
"","1750965055572x808870400252969000","","","","","maia.tito.professor@gmail.com"
"","1750965084733x626654352174481400","","","","","maia.tito.professor@gmail.com"
"","1750965113035x319882309975408640","","","","","maia.tito.professor@gmail.com"
"","1750965138894x984751957414510600","","","","","maia.tito.professor@gmail.com"
"","1750965182829x394638459540865000","","","","","maia.tito.professor@gmail.com"
"","1750965208004x798693044226097200","","","","","maia.tito.professor@gmail.com"
"","1750963737427x154850918931365900","","","","","gustavo.godoy@recife.pe.gov.br"
"","1750963789342x740622417311039500","","","","","gustavo.godoy@recife.pe.gov.br"
"","1750963840538x709527632057466900","","","","","gustavo.godoy@recife.pe.gov.br"
"","1750963905243x917948856028364800","","","","","gustavo.godoy@recife.pe.gov.br"
"","1750963948773x168407758455701500","","","","","gustavo.godoy@recife.pe.gov.br"
"","1750963985799x779631706475331600","","","","","gustavo.godoy@recife.pe.gov.br"
"","1750964021001x386125084374335500","","","","","gustavo.godoy@recife.pe.gov.br"
"","1750965024848x176365381922324480","","","","","maia.tito.professor@gmail.com"
"","1750965055572x808870400252969000","","","","","maia.tito.professor@gmail.com"
"","1750963840538x709527632057466900","","","","","gustavo.godoy@recife.pe.gov.br"
"","1750965084733x626654352174481400","","","","","maia.tito.professor@gmail.com"
"","1750965113035x319882309975408640","","","","","maia.tito.professor@gmail.com"
"","1750965138894x984751957414510600","","","","","maia.tito.professor@gmail.com"
"","1750965182829x394638459540865000","","","","","maia.tito.professor@gmail.com"
"","1750965208004x798693044226097200","","","","","maia.tito.professor@gmail.com"
"","1750963737427x154850918931365900","","","","","gustavo.godoy@recife.pe.gov.br"
"","1750963789342x740622417311039500","","","","","gustavo.godoy@recife.pe.gov.br"
"","1750963737427x154850918931365900","","","","","gustavo.godoy@recife.pe.gov.br"
"","1750963840538x709527632057466900","","","","","gustavo.godoy@recife.pe.gov.br"
"","1750963905243x917948856028364800","","","","","gustavo.godoy@recife.pe.gov.br"
"","1750963948773x168407758455701500","","","","","gustavo.godoy@recife.pe.gov.br"
"","1750963985799x779631706475331600","","","","","gustavo.godoy@recife.pe.gov.br"
"","1750964021001x386125084374335500","","","","","gustavo.godoy@recife.pe.gov.br"
"","1750963737427x154850918931365900","","","","","gustavo.godoy@recife.pe.gov.br"
"","1750963789342x740622417311039500","","","","","gustavo.godoy@recife.pe.gov.br"
"","1750963840538x709527632057466900","","","","","gustavo.godoy@recife.pe.gov.br"
"","1750965024848x176365381922324480","","","","","maia.tito.professor@gmail.com"
"","1750965055572x808870400252969000","","","","","maia.tito.professor@gmail.com"
"","1750965084733x626654352174481400","","","","","maia.tito.professor@gmail.com"
"","1750965113035x319882309975408640","","","","","maia.tito.professor@gmail.com"
"","1750965138894x984751957414510600","","","","","maia.tito.professor@gmail.com"
"","1750965182829x394638459540865000","","","","","maia.tito.professor@gmail.com"
"","1750965208004x798693044226097200","","","","","maia.tito.professor@gmail.com"
"","1750965024848x176365381922324480","","","","","maia.tito.professor@gmail.com"
"","1750965055572x808870400252969000","","","","","maia.tito.professor@gmail.com"
"","1750965084733x626654352174481400","","","","","maia.tito.professor@gmail.com"
"","1750965113035x319882309975408640","","","","","maia.tito.professor@gmail.com"
"","1750965138894x984751957414510600","","","","","maia.tito.professor@gmail.com"
"","1750965182829x394638459540865000","","","","","maia.tito.professor@gmail.com"
"","1750965208004x798693044226097200","","","","","maia.tito.professor@gmail.com"
"","1750965208004x798693044226097200","","","","","maia.tito.professor@gmail.com"
"","1750963905243x917948856028364800","","","","","gustavo.godoy@recife.pe.gov.br"
"","1750963948773x168407758455701500","","","","","gustavo.godoy@recife.pe.gov.br"
"","1750963985799x779631706475331600","","","","","gustavo.godoy@recife.pe.gov.br"
"","1750964021001x386125084374335500","","","","","gustavo.godoy@recife.pe.gov.br"
"","1750965024848x176365381922324480","","","","","maia.tito.professor@gmail.com"
"","1750965055572x808870400252969000","","","","","maia.tito.professor@gmail.com"
"","1750965084733x626654352174481400","","","","","maia.tito.professor@gmail.com"
"","1750965113035x319882309975408640","","","","","maia.tito.professor@gmail.com"
"","1750965138894x984751957414510600","","","","","maia.tito.professor@gmail.com"
"","1750965182829x394638459540865000","","","","","maia.tito.professor@gmail.com"
"","1750965208004x798693044226097200","","","","","maia.tito.professor@gmail.com"
"O projeto espera contribuir para uma ""redução significativa de acidentes causados por colisões com obstáculos estáticos acima da linha da cintura"". A diminuição no número de acidentes pode levar a uma redução nos custos do sistema público de saúde com tratamentos e internações.

Além disso, o projeto visa a integração com sistemas de geolocalização, conectando-se a ""bases públicas de interesse municipais, tais como repartições públicas, hospitais entre outros"". Embora o documento não detalhe como, essa integração pode otimizar o acesso a serviços públicos, gerando eficiência.","1750965024848x176365381922324480","","","","","fernandosouza@recife.pe.gov.br"
"A solução apresenta um modelo de negócio bem estruturado e detalhado, com forte potencial de viabilidade.","1750965055572x808870400252969000","","","","","fernandosouza@recife.pe.gov.br"
"O projeto tem um custo de produção estimado em R$ 275,80 e um preço final projetado para o consumidor de menos de R$ 300,00 por unidade. 
Este valor é drasticamente inferior ao de soluções internacionais, que, segundo o documento, custam acima de US$ 1.000. 
O baixo custo torna a tecnologia acessível para o mercado brasileiro.","1750965084733x626654352174481400","","","","","fernandosouza@recife.pe.gov.br"
"","1750965024848x176365381922324480","","","","","maia.tito.professor@gmail.com"
"","1750965055572x808870400252969000","","","","","maia.tito.professor@gmail.com"
"","1750965084733x626654352174481400","","","","","maia.tito.professor@gmail.com"
"","1750965113035x319882309975408640","","","","","maia.tito.professor@gmail.com"
"","1750965138894x984751957414510600","","","","","maia.tito.professor@gmail.com"
"","1750965182829x394638459540865000","","","","","maia.tito.professor@gmail.com"
"","1750965208004x798693044226097200","","","","","maia.tito.professor@gmail.com"
"A proposta de solução se baseia em um conjunto de tecnologias de hardware e software que são padrão de mercado, de baixo custo e amplamente disponíveis, o que torna o projeto tecnicamente viável e fácil de manter.","1750965113035x319882309975408640","","","","","fernandosouza@recife.pe.gov.br"
"A escalabilidade de um projeto depende da capacidade de reproduzir a solução em grande quantidade para um número crescente de clientes, sem um aumento proibitivo nos custos ou na complexidade da tecnologia.

A nota não é 5 porque a escalabilidade total depende da transição bem sucedida do método de produção atual (impressão 3D) para um modelo de fabricação em massa.","1750965138894x984751957414510600","","","","","fernandosouza@recife.pe.gov.br"
"","1750965024848x176365381922324480","","","","","maia.tito.professor@gmail.com"
"O formulário de inscrição, apresentado como um projeto detalhado, demonstra uma excelente fundamentação, com um ""pitch"" da ideia muito bem estruturado, claro e convincente. A equipe forneceu informações completas e bem embasadas em todas as áreas essenciais.","1750965182829x394638459540865000","","","","","fernandosouza@recife.pe.gov.br"
"","1750965055572x808870400252969000","","","","","maia.tito.professor@gmail.com"
"","1750965084733x626654352174481400","","","","","maia.tito.professor@gmail.com"
"O documento da proposta de solução não informa um prazo de entrega para o protótipo ou MVP (Mínimo Produto Viável).

Dada a ausência desta informação no material apresentado, não é possível avaliar se o prazo é compatível com os ciclos do programa e, portanto, não é possível atribuir uma nota adequada.","1750965208004x798693044226097200","","","","","fernandosouza@recife.pe.gov.br"
"","1750965113035x319882309975408640","","","","","maia.tito.professor@gmail.com"
"","1750965138894x984751957414510600","","","","","maia.tito.professor@gmail.com"
"","1750965182829x394638459540865000","","","","","maia.tito.professor@gmail.com"
"","1750963737427x154850918931365900","","","","","gustavo.godoy@recife.pe.gov.br"
"","1750963789342x740622417311039500","","","","","gustavo.godoy@recife.pe.gov.br"
"","1750965208004x798693044226097200","","","","","maia.tito.professor@gmail.com"
"","1750963840538x709527632057466900","","","","","gustavo.godoy@recife.pe.gov.br"
"","1750963905243x917948856028364800","","","","","gustavo.godoy@recife.pe.gov.br"
"","1750963948773x168407758455701500","","","","","gustavo.godoy@recife.pe.gov.br"
"","1750963985799x779631706475331600","","","","","gustavo.godoy@recife.pe.gov.br"
"","1750963985799x779631706475331600","","","","","gustavo.godoy@recife.pe.gov.br"
"","1750964021001x386125084374335500","","","","","gustavo.godoy@recife.pe.gov.br"
"","1750963737427x154850918931365900","","","","","moisesb@recife.pe.gov.br"
"","1750963789342x740622417311039500","","","","","moisesb@recife.pe.gov.br"
"","1750963840538x709527632057466900","","","","","moisesb@recife.pe.gov.br"
"","1750963905243x917948856028364800","","","","","moisesb@recife.pe.gov.br"
"","1750963948773x168407758455701500","","","","","moisesb@recife.pe.gov.br"
"","1750963737427x154850918931365900","","","","","gustavo.godoy@recife.pe.gov.br"
"","1750963985799x779631706475331600","","","","","moisesb@recife.pe.gov.br"
"","1750963789342x740622417311039500","","","","","gustavo.godoy@recife.pe.gov.br"
"","1750963840538x709527632057466900","","","","","gustavo.godoy@recife.pe.gov.br"
"","1750964021001x386125084374335500","","","","","moisesb@recife.pe.gov.br"
"","1750963905243x917948856028364800","","","","","gustavo.godoy@recife.pe.gov.br"
"","1750963948773x168407758455701500","","","","","gustavo.godoy@recife.pe.gov.br"
"","1750963985799x779631706475331600","","","","","gustavo.godoy@recife.pe.gov.br"
"","1750964021001x386125084374335500","","","","","gustavo.godoy@recife.pe.gov.br"
"A solução proposta, a ""Bengala Gralha Azul"", resolve a totalidade do problema apresentado. O projeto identifica com clareza a principal lacuna da bengala longa tradicional: a incapacidade de detectar obstáculos acima da linha da cintura, como placas, galhos de árvores e espelhos retrovisores, que resultam em colisões e ferimentos para pessoas com deficiência visual.

O modelo de negócio do projeto inclui a ""venda direta a governos estaduais e municipais, para distribuição em programas de acessibilidade"". O custo de produção da Bengala Gralha Azul é estimado em menos de R$ 500,00 , com um custo mínimo de componentes de R$ 364,00. Esse valor é muito inferior aos produtos importados com funcionalidades semelhantes, cujos custos ""excedem R$ 5.000"". ","1750965024848x176365381922324480","","","","","fernandosouza@recife.pe.gov.br"
"","1750965024848x176365381922324480","","","","","maia.tito.professor@gmail.com"
"","1750965055572x808870400252969000","","","","","maia.tito.professor@gmail.com"
"","1750965084733x626654352174481400","","","","","maia.tito.professor@gmail.com"
"","1750965113035x319882309975408640","","","","","maia.tito.professor@gmail.com"
"","1750965138894x984751957414510600","","","","","maia.tito.professor@gmail.com"
"","1750963737427x154850918931365900","","","","","moisesb@recife.pe.gov.br"
"","1750965182829x394638459540865000","","","","","maia.tito.professor@gmail.com"
"","1750965208004x798693044226097200","","","","","maia.tito.professor@gmail.com"
"","1750963789342x740622417311039500","","","","","moisesb@recife.pe.gov.br"
"","1750963840538x709527632057466900","","","","","moisesb@recife.pe.gov.br"
"","1750963905243x917948856028364800","","","","","moisesb@recife.pe.gov.br"
"","1750963948773x168407758455701500","","","","","moisesb@recife.pe.gov.br"
"","1750963985799x779631706475331600","","","","","moisesb@recife.pe.gov.br"
"","1750964021001x386125084374335500","","","","","moisesb@recife.pe.gov.br"
"O projeto apresenta um modelo de negócio claro, realista e bem-estruturado na seção ""6. MODELO DE NEGÓCIO E POSSÍVEIS PARCERIAS"". A viabilidade é alta pelos seguintes motivos:
1 - Público-Alvo Bem Definido.
2 - Estratégia Comercial Multifacetada e Coerente
3 - Proposta de Valor Clara","1750965055572x808870400252969000","","","","","fernandosouza@recife.pe.gov.br"
"Excelente relação custo x benefício da ""Bengala Gralha Azul"" é um dos pilares mais fortes do projeto e pode ser avaliada por meio da comparação de custos e dos diferenciais de inovação em relação as demais soluções concorrentes.","1750965084733x626654352174481400","","","","","fernandosouza@recife.pe.gov.br"
"O projeto ""Bengala Gralha Azul"" baseia-se em uma arquitetura de hardware e software que é amplamente acessível, de baixo custo e padrão de mercado, o que garante sua alta factibilidade.","1750965113035x319882309975408640","","","","","fernandosouza@recife.pe.gov.br"
"","1750965084733x626654352174481400","","","","","fernandosouza@recife.pe.gov.br"
"","1750963737427x154850918931365900","","","","","gustavo.godoy@recife.pe.gov.br"
"","1750963789342x740622417311039500","","","","","gustavo.godoy@recife.pe.gov.br"
"A escalabilidade da ""Bengala Gralha Azul"" é um ponto forte do projeto, sustentada pela escolha de tecnologias, pelo processo de produção e pelo modelo de negócio proposto.","1750965138894x984751957414510600","","","","","fernandosouza@recife.pe.gov.br"
"","1750963840538x709527632057466900","","","","","gustavo.godoy@recife.pe.gov.br"
"","1750963905243x917948856028364800","","","","","gustavo.godoy@recife.pe.gov.br"
"","1750963948773x168407758455701500","","","","","gustavo.godoy@recife.pe.gov.br"
"","1750963985799x779631706475331600","","","","","gustavo.godoy@recife.pe.gov.br"
"","1750964021001x386125084374335500","","","","","gustavo.godoy@recife.pe.gov.br"
"A qualidade da proposta apresentada no documento é excepcional, demonstrando uma fundamentação robusta em todas as seções e constituindo um pitch de projeto muito bem elaborado e completo.","1750965182829x394638459540865000","","","","","fernandosouza@recife.pe.gov.br"
"A equipe apresentou um cronograma simplificado e estimado de 6 meses que é coerente com a complexidade da solução e se alinha perfeitamente aos prazos do ciclo de desenvolvimento do programa.","1750965208004x798693044226097200","","","","","fernandosouza@recife.pe.gov.br"
"","1750965024848x176365381922324480","","","","","maia.tito.professor@gmail.com"
"","1750965055572x808870400252969000","","","","","maia.tito.professor@gmail.com"
"","1750965084733x626654352174481400","","","","","maia.tito.professor@gmail.com"
"","1750965113035x319882309975408640","","","","","maia.tito.professor@gmail.com"
"","1750965138894x984751957414510600","","","","","maia.tito.professor@gmail.com"
"","1750965182829x394638459540865000","","","","","maia.tito.professor@gmail.com"
"","1750965208004x798693044226097200","","","","","maia.tito.professor@gmail.com"
"A equipe apresentou um cronograma simplificado e estimado de 6 meses que é coerente com a complexidade da solução e se alinha perfeitamente aos prazos do ciclo de desenvolvimento do programa.","1750965208004x798693044226097200","","","","","fernandosouza@recife.pe.gov.br"
"","1750965024848x176365381922324480","","","","","maia.tito.professor@gmail.com"
"","1750965055572x808870400252969000","","","","","maia.tito.professor@gmail.com"
"","1750965084733x626654352174481400","","","","","maia.tito.professor@gmail.com"
"","1750965113035x319882309975408640","","","","","maia.tito.professor@gmail.com"
"","1750965138894x984751957414510600","","","","","maia.tito.professor@gmail.com"
"","1750965182829x394638459540865000","","","","","maia.tito.professor@gmail.com"
"","1750965208004x798693044226097200","","","","","maia.tito.professor@gmail.com"
"A solução proposta é focada em uma das partes do desafio, o cuidado com o diabetes. Mas avalio que tem potencial para ser ampliada para o cuidado da hipertensão durante o desenvolvimento do projeto. Endereça boa parte das dores, mas senti falta de uma conexão maior com os profissionais de saúde. Assim como endereça bem a maior parte dos resultados esperados, considerando o cuidado com o diabetes.","1750963737427x154850918931365900","","","","","homero@recife.pe.gov.br"
"","1750963737427x154850918931365900","","","","","gustavo.godoy@recife.pe.gov.br"
"","1750963789342x740622417311039500","","","","","gustavo.godoy@recife.pe.gov.br"
"","1750963840538x709527632057466900","","","","","gustavo.godoy@recife.pe.gov.br"
"","1750963905243x917948856028364800","","","","","gustavo.godoy@recife.pe.gov.br"
"","1750963948773x168407758455701500","","","","","gustavo.godoy@recife.pe.gov.br"
"","1750963985799x779631706475331600","","","","","gustavo.godoy@recife.pe.gov.br"
"Não foi apresentado um modelo de negócio, mas ficou claro que trata-se de uma solução já pronta para implantação, pois já utilizada por 36 mil pessoas. Avalio como viável a implementação da solução proposta, mas ficou faltando a informação da estimativa do investimento a ser realizado. ","1750963789342x740622417311039500","","","","","homero@recife.pe.gov.br"
"","1750964021001x386125084374335500","","","","","gustavo.godoy@recife.pe.gov.br"
"Apresentou uma análise em relação a outras soluções disponíveis no mercado, como o Glic, MySugr, entre outros. E apresentou os diferenciais da solução Tia Bete. Faltou explorar melhor a relação custo/benefício.","1750963840538x709527632057466900","","","","","homero@recife.pe.gov.br"
"","1750965024848x176365381922324480","","","","","maia.tito.professor@gmail.com"
"","1750965055572x808870400252969000","","","","","maia.tito.professor@gmail.com"
"","1750965084733x626654352174481400","","","","","maia.tito.professor@gmail.com"
"","1750965113035x319882309975408640","","","","","maia.tito.professor@gmail.com"
"","1750965138894x984751957414510600","","","","","maia.tito.professor@gmail.com"
"","1750965182829x394638459540865000","","","","","maia.tito.professor@gmail.com"
"","1750963737427x154850918931365900","","","","","gustavo.godoy@recife.pe.gov.br"
"","1750965208004x798693044226097200","","","","","maia.tito.professor@gmail.com"
"","1750963789342x740622417311039500","","","","","gustavo.godoy@recife.pe.gov.br"
"","1750963840538x709527632057466900","","","","","gustavo.godoy@recife.pe.gov.br"
"","1750963905243x917948856028364800","","","","","gustavo.godoy@recife.pe.gov.br"
"","1750963948773x168407758455701500","","","","","gustavo.godoy@recife.pe.gov.br"
"Não apresentou de forma detalhada as tecnologias utilizadas, mas podemos considerar que tratam-se de tecnologias amplamente utilizadas no mercado, inclusive pela Emprel, considerndo a análise geral do documento e das saídas para os atores envolvidos.","1750963905243x917948856028364800","","","","","homero@recife.pe.gov.br"
"","1750963985799x779631706475331600","","","","","gustavo.godoy@recife.pe.gov.br"
"","1750964021001x386125084374335500","","","","","gustavo.godoy@recife.pe.gov.br"
"","1750965182829x394638459540865000","","","","","maia.tito.professor@gmail.com"
"","1750963737427x154850918931365900","","","","","gustavo.godoy@recife.pe.gov.br"
"","1750963789342x740622417311039500","","","","","gustavo.godoy@recife.pe.gov.br"
"","1750963840538x709527632057466900","","","","","gustavo.godoy@recife.pe.gov.br"
"","1750963948773x168407758455701500","","","","","gustavo.godoy@recife.pe.gov.br"
"","1750963905243x917948856028364800","","","","","gustavo.godoy@recife.pe.gov.br"
"","1750963985799x779631706475331600","","","","","gustavo.godoy@recife.pe.gov.br"
"","1750964021001x386125084374335500","","","","","gustavo.godoy@recife.pe.gov.br"
"Analisando o contexto geral da proposta, avalio que tem tem grande portencial de escalabilidade para o público alvo do desafio. 
Atualmente tem uma base de 36 mil pessoas usando a solução. 
Mas, diante dos componentes da solução que foram apresentados, pode-se ententer que tem potencial para escalar para um público maior e para outros entes da federação e para a iniciativa privada. ","1750963948773x168407758455701500","","","","","homero@recife.pe.gov.br"
"Excelente fundamentação. ","1750963985799x779631706475331600","","","","","homero@recife.pe.gov.br"
"","1750965024848x176365381922324480","","","","","maia.tito.professor@gmail.com"
"","1750965055572x808870400252969000","","","","","maia.tito.professor@gmail.com"
"","1750965084733x626654352174481400","","","","","maia.tito.professor@gmail.com"
"","1750965113035x319882309975408640","","","","","maia.tito.professor@gmail.com"
"","1750965138894x984751957414510600","","","","","maia.tito.professor@gmail.com"
"","1750965138894x984751957414510600","","","","","maia.tito.professor@gmail.com"
"","1750965182829x394638459540865000","","","","","maia.tito.professor@gmail.com"
"","1750965208004x798693044226097200","","","","","maia.tito.professor@gmail.com"
"Como a solução está pronta, apresentou o prazo para implantação. Mas não detalhou o prazo para adaptação para a realidade de Recife, como a ampliação do escopo para o cuidado com a hipertensão e o endereçamento de soluções para as lacunas das dores e resultados esperados não cobertos atualmente péla solução.","1750964021001x386125084374335500","","","","","homero@recife.pe.gov.br"
"","1750965024848x176365381922324480","","","","","maia.tito.professor@gmail.com"
"","1750965055572x808870400252969000","","","","","maia.tito.professor@gmail.com"
"Sim, a aplicação da solução proposta tem um potencial significativo de gerar economia direta e indireta para a Administração Pública em médio e longo prazo:
1- Redução de Custos no Sistema de Saúde (SUS) - Menos Acidentes por tornar a segurança na locomoção mais efetiva.
2 - Inclusão no Mercado de Trabalho e Geração de Renda - Pode aumentar a empregabilidade de pessoas com deficiência visual. 
3 - Otimização de Serviços Públicos - Maior Autonomia do Cidadão para acessar serviços públicos em prédios (prefeituras, secretarias, postos de saúde).","1750965024848x176365381922324480","","","","","fernandosouza@recife.pe.gov.br"
"","1750965084733x626654352174481400","","","","","maia.tito.professor@gmail.com"
"","1750965084733x626654352174481400","","","","","maia.tito.professor@gmail.com"
"","1750965113035x319882309975408640","","","","","maia.tito.professor@gmail.com"
"","1750965113035x319882309975408640","","","","","maia.tito.professor@gmail.com"
"","1750965138894x984751957414510600","","","","","maia.tito.professor@gmail.com"
"","1750965182829x394638459540865000","","","","","maia.tito.professor@gmail.com"
"","1750965208004x798693044226097200","","","","","maia.tito.professor@gmail.com"
"","1750965208004x798693044226097200","","","","","maia.tito.professor@gmail.com"
"O material apresentado não descreve um modelo de negócio completo, mas fornece os pilares estratégicos fundamentais que permitem inferir um modelo com viabilidade moderada. A avaliação é 3 porque a base da ideia é forte e aponta para um caminho lógico, mas faltam detalhes cruciais para uma análise completa.","1750965055572x808870400252969000","","","","","fernandosouza@recife.pe.gov.br"
"A solução proposta, conforme descrita e apresentada no ""pitch"", apresenta uma relação custo x benefício potencialmente superior à de todas as alternativas existentes, pois seu design estratégico visa preencher a lacuna exata que existe no mercado: a de uma solução tecnologicamente avançada, completa e, ao mesmo tempo, financeiramente acessível para a realidade brasileira.","1750965084733x626654352174481400","","","","","fernandosouza@recife.pe.gov.br"
"","1750965024848x176365381922324480","","","","","maia.tito.professor@gmail.com"
" O texto da proposta não especifica detalhadamente a arquitetura tecnológica (ex: hardware exato, modelos de IA, linguagens de programação).","1750965113035x319882309975408640","","","","","fernandosouza@recife.pe.gov.br"
"","1750965055572x808870400252969000","","","","","maia.tito.professor@gmail.com"
"","1750965084733x626654352174481400","","","","","maia.tito.professor@gmail.com"
"","1750965113035x319882309975408640","","","","","maia.tito.professor@gmail.com"
"","1750965138894x984751957414510600","","","","","maia.tito.professor@gmail.com"
"","1750965182829x394638459540865000","","","","","maia.tito.professor@gmail.com"
"","1750965208004x798693044226097200","","","","","maia.tito.professor@gmail.com"
"A solução proposta é, em sua essência escalável, embora enfrente os desafios padrão de qualquer produto que envolva software. A nota 4 indica potencial de escala, com uma ressalva para os desafios de desenvolvimento da solução.","1750965138894x984751957414510600","","","","","fernandosouza@recife.pe.gov.br"
"O formulário de inscrição da equipe demonstra uma considerável definição do problema e na visão estratégica, mas apresenta uma lacuna no detalhamento do modelo de negócio e no operacional. A qualidade geral é boa, mas a ausência de informações cruciais para a análise de viabilidade impede a atribuição da nota máxima.","1750965182829x394638459540865000","","","","","fernandosouza@recife.pe.gov.br"
"A equipe não forneceu um cronograma próprio no material apresentado. ","1750965208004x798693044226097200","","","","","fernandosouza@recife.pe.gov.br"
"A solução proposta endereça as dores e os resultados esperados. Entretanto apresentou ideias gerais, sem aprofundar no como. ","1750963737427x154850918931365900","","","","","homero@recife.pe.gov.br"
"Foi apresentado um modelo de negócio, entretanto avalio que desbalanceado em relação ao escopo, esforço e custo. Por exemplo, 300 mil para desenvolvimento de uma solução de software com vários componentes em 6 meses.  ","1750963789342x740622417311039500","","","","","homero@recife.pe.gov.br"
"Não fez um comparativo com soluções existentes, considerando trata-se de uma solução inovadora. Mas, considerando os outros projetos submetidos, constatamos a existência de outras soluções no mercado com finalidade similar. ","1750963840538x709527632057466900","","","","","homero@recife.pe.gov.br"
"Fez referência à utilização de software de código aberto e arquitetura modular que permita manutenção com equipes locais de TI. Mas não apresentou as tecnologias que pretende utilizar para o desenvolvimento da solução proposta. Mas, considerando o escopo da solução proposta, podemos entender serão utilizadas tecnologias fáceis de manter e um padrões de mercado
","1750963905243x917948856028364800","","","","","homero@recife.pe.gov.br"
"Apresentou a intenção de tornar a solução escalável, tanto para a população recifense, como para outros municípios, mas não demonstrou como. Entretanto, considerando a idea geral do projeto, é possível entender que a solução proposta tem potencial para escalar para o público alvo ddo desafio e para outros municípios","1750963948773x168407758455701500","","","","","homero@recife.pe.gov.br"
"Apresentou uma boa compreensão do desafio e uma boa fundamentação para a solução proposta, mas ainda num estágio bem inicial.  ","1750963985799x779631706475331600","","","","","homero@recife.pe.gov.br"
" a AcessWay aponta que a inacessibilidade gera ""bilhões em perdas produtivas, aumento no desemprego e maiores custos em saúde e assistência social"". Ao mitigar esses problemas, a solução tem o potencial de gerar economia indireta para o setor público.","1750965024848x176365381922324480","","","","","fernandosouza@recife.pe.gov.br"
"Apresentou um prazo para desenvoliemento, mas descasado com a estrutura proposta pelo marco legal das startups e faltando elementos importantes para o desenvolvimento da solução, como a produção de vídeos e demais conteúdos que irão compor a solução. ","1750964021001x386125084374335500","","","","","homero@recife.pe.gov.br"
"O ""pitch"" detalha:

O problema e o tamanho do mercado.
A solução e suas funcionalidades.
O público-alvo e os beneficiários.
A oportunidade de mercado global.

No entanto, em nenhum momento o documento descreve como a AcessWay irá gerar receita. Não há menção a modelos de assinatura para usuários ou cuidadores, taxas para estabelecimentos comerciais se integrarem à plataforma, publicidade, ou qualquer outra estratégia de monetização.","1750965055572x808870400252969000","","","","","fernandosouza@recife.pe.gov.br"
"O próprio documento cita como alternativas aplicativos de mobilidade urbana como Google Maps e Moovit. Embora estas ferramentas sejam, em sua maioria, gratuitas, o pitch argumenta que elas não são pensadas para pessoas com deficiência. Elas não oferecem informações cruciais sobre rotas acessíveis, obstáculos, rampas, ou suporte integrado.","1750965084733x626654352174481400","","","","","fernandosouza@recife.pe.gov.br"
"O projeto se baseia em um aplicativo de celular, que usa a câmera e o GPS do próprio aparelho do usuário. Para as funções de leitura de texto, reconhecimento de objetos e de ambientes, a solução emprega sistemas de inteligência artificial que são comuns e acessíveis. A integração com o WhatsApp para a assistente virtual também é feita a partir de uma tecnologia já existente e muito utilizada","1750965113035x319882309975408640","","","","","fernandosouza@recife.pe.gov.br"
"Existe uma barreira operacional quanto a coleta de dados de acessibilidade para cada nova localidade, o que pode retardar a expansão, mesmo que a tecnologia seja totalmente escalável.","1750965138894x984751957414510600","","","","","fernandosouza@recife.pe.gov.br"
"A equipe demonstrou uma excelente capacidade de identificar um problema real, pesquisar seu mercado e propor uma solução tecnológica viável e de alto impacto. 

No entanto, a ausência completa de um modelo de negócio impede que a fundamentação seja considerada completa. Trata-se de uma excelente apresentação de ""ideia"", mas uma fraca apresentação de ""negócio"".","1750965182829x394638459540865000","","","","","fernandosouza@recife.pe.gov.br"
"A entrega de um MVP em 3 meses é considerada tecnicamente factível. Entretanto não há informação de entrega do produto final.","1750965208004x798693044226097200","","","","","fernandosouza@recife.pe.gov.br"
"Não há documentação do produto, não há ""pitch"" e nem demonstração.","1750965024848x176365381922324480","","","","","fernandosouza@recife.pe.gov.br"
"Não há documentação do produto, não há ""pitch"" e nem demonstração.","1750965055572x808870400252969000","","","","","fernandosouza@recife.pe.gov.br"
"Não há documentação do produto, não há ""pitch"" e nem demonstração.","1750965084733x626654352174481400","","","","","fernandosouza@recife.pe.gov.br"
"Não há documentação do produto, não há ""pitch"" e nem demonstração.","1750965113035x319882309975408640","","","","","fernandosouza@recife.pe.gov.br"
"Não há documentação do produto, não há ""pitch"" e nem demonstração.","1750965138894x984751957414510600","","","","","fernandosouza@recife.pe.gov.br"
"Não há documentação do produto, não há ""pitch"" e nem demonstração.","1750965182829x394638459540865000","","","","","fernandosouza@recife.pe.gov.br"
"Não há documentação do produto, não há ""pitch"" e nem demonstração.","1750965208004x798693044226097200","","","","","fernandosouza@recife.pe.gov.br"
"","1750963737427x154850918931365900","","","","","gustavo.godoy@recife.pe.gov.br"
"","1750963789342x740622417311039500","","","","","gustavo.godoy@recife.pe.gov.br"
"","1750963840538x709527632057466900","","","","","gustavo.godoy@recife.pe.gov.br"
"","1750963905243x917948856028364800","","","","","gustavo.godoy@recife.pe.gov.br"
"","1750963948773x168407758455701500","","","","","gustavo.godoy@recife.pe.gov.br"
"","1750963985799x779631706475331600","","","","","gustavo.godoy@recife.pe.gov.br"
"","1750964021001x386125084374335500","","","","","gustavo.godoy@recife.pe.gov.br"
"","1750963737427x154850918931365900","","","","","gustavo.godoy@recife.pe.gov.br"
"","1750963789342x740622417311039500","","","","","gustavo.godoy@recife.pe.gov.br"
"","1750963737427x154850918931365900","","","","","gustavo.godoy@recife.pe.gov.br"
"","1750963840538x709527632057466900","","","","","gustavo.godoy@recife.pe.gov.br"
"","1750963905243x917948856028364800","","","","","gustavo.godoy@recife.pe.gov.br"
"","1750963948773x168407758455701500","","","","","gustavo.godoy@recife.pe.gov.br"
"","1750963985799x779631706475331600","","","","","gustavo.godoy@recife.pe.gov.br"
"","1750964021001x386125084374335500","","","","","gustavo.godoy@recife.pe.gov.br"
"","1750964021001x386125084374335500","","","","","gustavo.godoy@recife.pe.gov.br"
"","1750963737427x154850918931365900","","","","","gustavo.godoy@recife.pe.gov.br"
"","1750963789342x740622417311039500","","","","","gustavo.godoy@recife.pe.gov.br"
"","1750963840538x709527632057466900","","","","","gustavo.godoy@recife.pe.gov.br"
"","1750963905243x917948856028364800","","","","","gustavo.godoy@recife.pe.gov.br"
"","1750963948773x168407758455701500","","","","","gustavo.godoy@recife.pe.gov.br"
"","1750963985799x779631706475331600","","","","","gustavo.godoy@recife.pe.gov.br"
"","1750964021001x386125084374335500","","","","","gustavo.godoy@recife.pe.gov.br"
"","1750963737427x154850918931365900","","","","","gustavo.godoy@recife.pe.gov.br"
"","1750963789342x740622417311039500","","","","","gustavo.godoy@recife.pe.gov.br"
"","1750963840538x709527632057466900","","","","","gustavo.godoy@recife.pe.gov.br"
"","1750963905243x917948856028364800","","","","","gustavo.godoy@recife.pe.gov.br"
"","1750963948773x168407758455701500","","","","","gustavo.godoy@recife.pe.gov.br"
"","1750963985799x779631706475331600","","","","","gustavo.godoy@recife.pe.gov.br"
"","1750964021001x386125084374335500","","","","","gustavo.godoy@recife.pe.gov.br"
"","1750963737427x154850918931365900","","","","","gustavo.godoy@recife.pe.gov.br"
"","1750963789342x740622417311039500","","","","","gustavo.godoy@recife.pe.gov.br"
"","1750963840538x709527632057466900","","","","","gustavo.godoy@recife.pe.gov.br"
"","1750963905243x917948856028364800","","","","","gustavo.godoy@recife.pe.gov.br"
"","1750963905243x917948856028364800","","","","","gustavo.godoy@recife.pe.gov.br"
"","1750963948773x168407758455701500","","","","","gustavo.godoy@recife.pe.gov.br"
"","1750963948773x168407758455701500","","","","","gustavo.godoy@recife.pe.gov.br"
"","1750963985799x779631706475331600","","","","","gustavo.godoy@recife.pe.gov.br"
"","1750964021001x386125084374335500","","","","","gustavo.godoy@recife.pe.gov.br"
"","1750963737427x154850918931365900","","","","","gustavo.godoy@recife.pe.gov.br"
"","1750963789342x740622417311039500","","","","","gustavo.godoy@recife.pe.gov.br"
"","1750963840538x709527632057466900","","","","","gustavo.godoy@recife.pe.gov.br"
"","1750963905243x917948856028364800","","","","","gustavo.godoy@recife.pe.gov.br"
"","1750963948773x168407758455701500","","","","","gustavo.godoy@recife.pe.gov.br"
"","1750963985799x779631706475331600","","","","","gustavo.godoy@recife.pe.gov.br"
"","1750964021001x386125084374335500","","","","","gustavo.godoy@recife.pe.gov.br"
"A proposta consiste em um dispositivo de auxílio à locomoção, similar a bengalas e cães-guia, que visa prevenir acidentes com os membros superiores dos usuários. Como consequência, espera-se uma redução na procura por atendimento em unidades de saúde, o que otimiza o fluxo de pessoas e gera economia indireta para a administração pública.","1750965024848x176365381922324480","","","","","fernandosouza@recife.pe.gov.br"
"O modelo é viável e simples de ser implementado.","1750965055572x808870400252969000","","","","","fernandosouza@recife.pe.gov.br"
"A solução apresenta um ótimo custo x benefício, também se apresenta como uma solução mais barata que as concorrentes.","1750965084733x626654352174481400","","","","","fernandosouza@recife.pe.gov.br"
"Não ficou muito claro as tecnologias utilizadas no projeto, aparentemente se utiliza de soluções que não tem alto custo para desenvolvimento. Deixo 4 estrelas por não ter detalhes do desenvolvimento do equipamento.","1750965113035x319882309975408640","","","","","fernandosouza@recife.pe.gov.br"
"O produto é escalável, é um dispositivo de tamanho pequeno, entretanto, não entrou em detalhes quanto aos equipamentos internos para identificar a complexidade dos componentes.","1750965138894x984751957414510600","","","","","fernandosouza@recife.pe.gov.br"
"","1750963737427x154850918931365900","","","","","gustavo.godoy@recife.pe.gov.br"
"","1750963789342x740622417311039500","","","","","gustavo.godoy@recife.pe.gov.br"
"Estou atribuindo nota 3 por não conter mais detalhes das tecnologias utilizadas em um documento e nem detalhes do custo de produção.","1750965182829x394638459540865000","","","","","fernandosouza@recife.pe.gov.br"
"O prazo do desenvolvimento do MVP e da solução está dentro do prazo estimado exigido.","1750965208004x798693044226097200","","","","","fernandosouza@recife.pe.gov.br"
"","1750963840538x709527632057466900","","","","","gustavo.godoy@recife.pe.gov.br"
"","1750963905243x917948856028364800","","","","","gustavo.godoy@recife.pe.gov.br"
"","1750963948773x168407758455701500","","","","","gustavo.godoy@recife.pe.gov.br"
"","1750963985799x779631706475331600","","","","","gustavo.godoy@recife.pe.gov.br"
"","1750964021001x386125084374335500","","","","","gustavo.godoy@recife.pe.gov.br"
"","1750963737427x154850918931365900","","","","","gustavo.godoy@recife.pe.gov.br"
"","1750963789342x740622417311039500","","","","","gustavo.godoy@recife.pe.gov.br"
"","1750963840538x709527632057466900","","","","","gustavo.godoy@recife.pe.gov.br"
"","1750963905243x917948856028364800","","","","","gustavo.godoy@recife.pe.gov.br"
"","1750963948773x168407758455701500","","","","","gustavo.godoy@recife.pe.gov.br"
"","1750963948773x168407758455701500","","","","","gustavo.godoy@recife.pe.gov.br"
"","1750963985799x779631706475331600","","","","","gustavo.godoy@recife.pe.gov.br"
"","1750964021001x386125084374335500","","","","","gustavo.godoy@recife.pe.gov.br"
"","1750965024848x176365381922324480","","","","","rafael.paula@recife.pe.gov.br"
"","1750965055572x808870400252969000","","","","","rafael.paula@recife.pe.gov.br"
"","1750965084733x626654352174481400","","","","","rafael.paula@recife.pe.gov.br"
"","1750965113035x319882309975408640","","","","","rafael.paula@recife.pe.gov.br"
"","1750965138894x984751957414510600","","","","","rafael.paula@recife.pe.gov.br"
"","1750965182829x394638459540865000","","","","","rafael.paula@recife.pe.gov.br"
"","1750965208004x798693044226097200","","","","","rafael.paula@recife.pe.gov.br"
"","1750965055572x808870400252969000","","","","","rafael.paula@recife.pe.gov.br"
"A solução proposta resolve em sua totalidade o problema para o qual foi desenhada: a falta de uma ferramenta tecnológica acessível e integrada para a mobilidade autônoma e segura de pessoas cegas ou com baixa visão.

","1750965024848x176365381922324480","","","","","fernandosouza@recife.pe.gov.br"
"O modelo se apresenta viável para desenvolvimento, entretanto achei o custo de produção alto para desenvolvimento.","1750965055572x808870400252969000","","","","","fernandosouza@recife.pe.gov.br"
"Custo x benefício médio, o alto valor para desenvolvimento é um desafio para a administração pública queira subsidiar.","1750965084733x626654352174481400","","","","","fernandosouza@recife.pe.gov.br"
"","1750965024848x176365381922324480","","","","","oburegio@gmail.com"
"","1750965055572x808870400252969000","","","","","oburegio@gmail.com"
"","1750965084733x626654352174481400","","","","","oburegio@gmail.com"
"","1750965208004x798693044226097200","","","","","oburegio@gmail.com"
"","1750965182829x394638459540865000","","","","","oburegio@gmail.com"
"","1750965113035x319882309975408640","","","","","oburegio@gmail.com"
"","1750965138894x984751957414510600","","","","","oburegio@gmail.com"
"","1750963737427x154850918931365900","","","","","gustavo.godoy@recife.pe.gov.br"
"","1750963789342x740622417311039500","","","","","gustavo.godoy@recife.pe.gov.br"
"As tecnologias utilizadas para a solução do desafio são totalmente factíveis, fáceis de manter e representam um padrão de mercado. A própria proposta se baseia na utilização de tecnologias maduras para garantir a viabilidade e a escalabilidade do projeto.","1750965113035x319882309975408640","","","","","fernandosouza@recife.pe.gov.br"
"","1750963840538x709527632057466900","","","","","gustavo.godoy@recife.pe.gov.br"
"","1750963905243x917948856028364800","","","","","gustavo.godoy@recife.pe.gov.br"
"","1750963905243x917948856028364800","","","","","gustavo.godoy@recife.pe.gov.br"
"","1750963948773x168407758455701500","","","","","gustavo.godoy@recife.pe.gov.br"
"","1750963985799x779631706475331600","","","","","gustavo.godoy@recife.pe.gov.br"
"","1750964021001x386125084374335500","","","","","gustavo.godoy@recife.pe.gov.br"
"A solução é totalmente escalável. A escalabilidade é um pilar central da proposta, refletida de forma consistente na escolha da tecnologia, no modelo de negócios e nos objetivos declarados do projeto.","1750965138894x984751957414510600","","","","","fernandosouza@recife.pe.gov.br"
"","1750963840538x709527632057466900","","","","","gustavo.godoy@recife.pe.gov.br"
"A proposta é bem fundamentada, apresentando um detalhamento aprofundado e profissional em todas as seções. O tanto o documento como o vídeo funcionam como um pitch coeso e convincente, sem ausência de informações importantes.","1750965182829x394638459540865000","","","","","fernandosouza@recife.pe.gov.br"
"O prazo de entrega proposto para a solução é totalmente factível e compatível com os prazos do ciclo de desenvolvimento do programa.","1750965208004x798693044226097200","","","","","fernandosouza@recife.pe.gov.br"
"","1750965024848x176365381922324480","","","","","dalmario.telecom@gmail.com"
"","1750965055572x808870400252969000","","","","","dalmario.telecom@gmail.com"
"","1750965084733x626654352174481400","","","","","dalmario.telecom@gmail.com"
"","1750965113035x319882309975408640","","","","","dalmario.telecom@gmail.com"
"","1750965138894x984751957414510600","","","","","dalmario.telecom@gmail.com"
"","1750965182829x394638459540865000","","","","","dalmario.telecom@gmail.com"
"","1750965208004x798693044226097200","","","","","dalmario.telecom@gmail.com"
"","1750963737427x154850918931365900","","","","","gustavo.godoy@recife.pe.gov.br"
"","1750963789342x740622417311039500","","","","","gustavo.godoy@recife.pe.gov.br"
"","1750963840538x709527632057466900","","","","","gustavo.godoy@recife.pe.gov.br"
"","1750963905243x917948856028364800","","","","","gustavo.godoy@recife.pe.gov.br"
"","1750963948773x168407758455701500","","","","","gustavo.godoy@recife.pe.gov.br"
"","1750963985799x779631706475331600","","","","","gustavo.godoy@recife.pe.gov.br"
"","1750964021001x386125084374335500","","","","","gustavo.godoy@recife.pe.gov.br"
"Considerando uma estimativa de 300.000 pessoas cadastradas no município do Recife que possuem alguma das condições crônicas relacionadas, a solução pode ter custo alto para ser reproduzida em grande quantidade e para o número desejado de pacientes devido ao fee mensal ou por usuário e uso de gadget (como o valor não foi explicitado na inscrição, ainda é passível de mensuração).","1750963948773x168407758455701500","","","","","vieira.anaines@gmail.com"
"Para uma melhor pontuação, seria necessário incluir os custos da proposta na inscrição associados ao número esperado de usuários em acompanhamento. Além disso, contextualizar a possiblidade de monitoramento pelas equipes de saúde e gestores de unidade, dentro da perspectiva da gestão pública: como seriam as visualizações de dados para esses grupos, extração de relatórios, se haveria integração com ferramentas já utilizadas no âmbito do setor público.","1750963985799x779631706475331600","","","","","vieira.anaines@gmail.com"
"Ausência de informações mais detalhadas sobre cronogramas de entrega ou prazos no pitch de acordo com a realidade da rede de saúde do Recife.","1750964021001x386125084374335500","","","","","vieira.anaines@gmail.com"
"","1750965024848x176365381922324480","","","","","dalmario.telecom@gmail.com"
"","1750965055572x808870400252969000","","","","","dalmario.telecom@gmail.com"
"","1750965084733x626654352174481400","","","","","dalmario.telecom@gmail.com"
"","1750965113035x319882309975408640","","","","","dalmario.telecom@gmail.com"
"","1750965138894x984751957414510600","","","","","dalmario.telecom@gmail.com"
"","1750965182829x394638459540865000","","","","","dalmario.telecom@gmail.com"
"","1750965208004x798693044226097200","","","","","dalmario.telecom@gmail.com"
"","1750963737427x154850918931365900","","","","","gustavo.godoy@recife.pe.gov.br"
"","1750963789342x740622417311039500","","","","","gustavo.godoy@recife.pe.gov.br"
"","1750963840538x709527632057466900","","","","","gustavo.godoy@recife.pe.gov.br"
"","1750963905243x917948856028364800","","","","","gustavo.godoy@recife.pe.gov.br"
"","1750963948773x168407758455701500","","","","","gustavo.godoy@recife.pe.gov.br"
"","1750963985799x779631706475331600","","","","","gustavo.godoy@recife.pe.gov.br"
"","1750964021001x386125084374335500","","","","","gustavo.godoy@recife.pe.gov.br"
"","1750963985799x779631706475331600","","","","","gustavo.godoy@recife.pe.gov.br"
"","1750965024848x176365381922324480","","","","","dalmario.telecom@gmail.com"
"","1750965055572x808870400252969000","","","","","dalmario.telecom@gmail.com"
"","1750965084733x626654352174481400","","","","","dalmario.telecom@gmail.com"
"","1750965113035x319882309975408640","","","","","dalmario.telecom@gmail.com"
"","1750965138894x984751957414510600","","","","","dalmario.telecom@gmail.com"
"","1750965182829x394638459540865000","","","","","dalmario.telecom@gmail.com"
"","1750965208004x798693044226097200","","","","","dalmario.telecom@gmail.com"
"","1750965024848x176365381922324480","","","","","dalmario.telecom@gmail.com"
"","1750965055572x808870400252969000","","","","","dalmario.telecom@gmail.com"
"","1750965084733x626654352174481400","","","","","dalmario.telecom@gmail.com"
"","1750965113035x319882309975408640","","","","","dalmario.telecom@gmail.com"
"","1750965138894x984751957414510600","","","","","dalmario.telecom@gmail.com"
"","1750965182829x394638459540865000","","","","","dalmario.telecom@gmail.com"
"","1750965208004x798693044226097200","","","","","dalmario.telecom@gmail.com"
"","1750963737427x154850918931365900","","","","","gustavo.godoy@recife.pe.gov.br"
"","1750963789342x740622417311039500","","","","","gustavo.godoy@recife.pe.gov.br"
"","1750963840538x709527632057466900","","","","","gustavo.godoy@recife.pe.gov.br"
"","1750963905243x917948856028364800","","","","","gustavo.godoy@recife.pe.gov.br"
"","1750963948773x168407758455701500","","","","","gustavo.godoy@recife.pe.gov.br"
"","1750963985799x779631706475331600","","","","","gustavo.godoy@recife.pe.gov.br"
"","1750964021001x386125084374335500","","","","","gustavo.godoy@recife.pe.gov.br"
"","1750965024848x176365381922324480","","","","","rafael.paula@recife.pe.gov.br"
"","1750965055572x808870400252969000","","","","","rafael.paula@recife.pe.gov.br"
"","1750965084733x626654352174481400","","","","","rafael.paula@recife.pe.gov.br"
"","1750965113035x319882309975408640","","","","","rafael.paula@recife.pe.gov.br"
"","1750965138894x984751957414510600","","","","","rafael.paula@recife.pe.gov.br"
"","1750965182829x394638459540865000","","","","","rafael.paula@recife.pe.gov.br"
"","1750965208004x798693044226097200","","","","","rafael.paula@recife.pe.gov.br"
"","1750965055572x808870400252969000","","","","","rafael.paula@recife.pe.gov.br"
"","1750963737427x154850918931365900","","","","","rodrigobzrra@gmail.com"
"","1750963789342x740622417311039500","","","","","rodrigobzrra@gmail.com"
"","1750963840538x709527632057466900","","","","","rodrigobzrra@gmail.com"
"","1750963905243x917948856028364800","","","","","rodrigobzrra@gmail.com"
"","1750963948773x168407758455701500","","","","","rodrigobzrra@gmail.com"
"","1750963985799x779631706475331600","","","","","rodrigobzrra@gmail.com"
"","1750964021001x386125084374335500","","","","","rodrigobzrra@gmail.com"
"","1750963737427x154850918931365900","","","","","rodrigobzrra@gmail.com"
"","1750963789342x740622417311039500","","","","","rodrigobzrra@gmail.com"
"","1750963840538x709527632057466900","","","","","rodrigobzrra@gmail.com"
"","1750963905243x917948856028364800","","","","","rodrigobzrra@gmail.com"
"","1750963948773x168407758455701500","","","","","rodrigobzrra@gmail.com"
"","1750963985799x779631706475331600","","","","","rodrigobzrra@gmail.com"
"","1750964021001x386125084374335500","","","","","rodrigobzrra@gmail.com"
"","1750963737427x154850918931365900","","","","","gustavo.godoy@recife.pe.gov.br"
"","1750963789342x740622417311039500","","","","","gustavo.godoy@recife.pe.gov.br"
"","1750963840538x709527632057466900","","","","","gustavo.godoy@recife.pe.gov.br"
"","1750963905243x917948856028364800","","","","","gustavo.godoy@recife.pe.gov.br"
"","1750963948773x168407758455701500","","","","","gustavo.godoy@recife.pe.gov.br"
"","1750963985799x779631706475331600","","","","","gustavo.godoy@recife.pe.gov.br"
"","1750964021001x386125084374335500","","","","","gustavo.godoy@recife.pe.gov.br"
"","1750963737427x154850918931365900","","","","","rodrigobzrra@gmail.com"
"","1750963789342x740622417311039500","","","","","rodrigobzrra@gmail.com"
"","1750963840538x709527632057466900","","","","","rodrigobzrra@gmail.com"
"","1750963905243x917948856028364800","","","","","rodrigobzrra@gmail.com"
"","1750963948773x168407758455701500","","","","","rodrigobzrra@gmail.com"
"","1750963985799x779631706475331600","","","","","rodrigobzrra@gmail.com"
"","1750964021001x386125084374335500","","","","","rodrigobzrra@gmail.com"
"","1750963905243x917948856028364800","","","","","rodrigobzrra@gmail.com"
"","1750964021001x386125084374335500","","","","","rodrigobzrra@gmail.com"
"","1750963737427x154850918931365900","","","","","gustavo.godoy@recife.pe.gov.br"
"","1750963789342x740622417311039500","","","","","gustavo.godoy@recife.pe.gov.br"
"","1750963840538x709527632057466900","","","","","gustavo.godoy@recife.pe.gov.br"
"","1750963905243x917948856028364800","","","","","gustavo.godoy@recife.pe.gov.br"
"","1750963948773x168407758455701500","","","","","gustavo.godoy@recife.pe.gov.br"
"","1750963985799x779631706475331600","","","","","gustavo.godoy@recife.pe.gov.br"
"","1750964021001x386125084374335500","","","","","gustavo.godoy@recife.pe.gov.br"
"","1750964093459x744066598213779500","","","","","ana.breda@recife.pe.gov.br"
"","1750964123293x533403006340956160","","","","","ana.breda@recife.pe.gov.br"
"","1750964164453x640714698106077200","","","","","ana.breda@recife.pe.gov.br"
"","1750964200955x735368502759129100","","","","","ana.breda@recife.pe.gov.br"
"","1750964240693x680085200583000000","","","","","ana.breda@recife.pe.gov.br"
"","1750964288518x514121274137509900","","","","","ana.breda@recife.pe.gov.br"
"","1750964376988x869254656989331500","","","","","ana.breda@recife.pe.gov.br"
"","1750964093459x744066598213779500","","","","","ana.breda@recife.pe.gov.br"
"","1750964123293x533403006340956160","","","","","ana.breda@recife.pe.gov.br"
"","1750964164453x640714698106077200","","","","","ana.breda@recife.pe.gov.br"
"","1750964200955x735368502759129100","","","","","ana.breda@recife.pe.gov.br"
"","1750964240693x680085200583000000","","","","","ana.breda@recife.pe.gov.br"
"","1750964376988x869254656989331500","","","","","ana.breda@recife.pe.gov.br"
"","1750964288518x514121274137509900","","","","","ana.breda@recife.pe.gov.br"
"","1750963737427x154850918931365900","","","","","gustavo.godoy@recife.pe.gov.br"
"","1750963789342x740622417311039500","","","","","gustavo.godoy@recife.pe.gov.br"
"","1750963840538x709527632057466900","","","","","gustavo.godoy@recife.pe.gov.br"
"","1750963905243x917948856028364800","","","","","gustavo.godoy@recife.pe.gov.br"
"","1750963948773x168407758455701500","","","","","gustavo.godoy@recife.pe.gov.br"
"","1750963985799x779631706475331600","","","","","gustavo.godoy@recife.pe.gov.br"
"","1750964021001x386125084374335500","","","","","gustavo.godoy@recife.pe.gov.br"
"","1750963737427x154850918931365900","","","","","gustavo.godoy@recife.pe.gov.br"
"","1750963789342x740622417311039500","","","","","gustavo.godoy@recife.pe.gov.br"
"","1750963840538x709527632057466900","","","","","gustavo.godoy@recife.pe.gov.br"
"","1750963905243x917948856028364800","","","","","gustavo.godoy@recife.pe.gov.br"
"","1750963948773x168407758455701500","","","","","gustavo.godoy@recife.pe.gov.br"
"","1750963985799x779631706475331600","","","","","gustavo.godoy@recife.pe.gov.br"
"","1750963985799x779631706475331600","","","","","gustavo.godoy@recife.pe.gov.br"
"","1750964021001x386125084374335500","","","","","gustavo.godoy@recife.pe.gov.br"
"A solução tem muitas etapas, e algumas delas complexificam processos que já acontecem hoje no serviço público e não são fáceis de serem alterados. Por exemplo, a compra de produtos da agricultura organica/familiar para servir a equipamentos publicos é hoje algo que já acontece, mas está posto de forma obrigatória em licitações, não haveria como, por exemplo, mudar de forma simplificada esse processo para que a compra para equipamentos publicos passasse a ocorrer por esta nova plataforma.","1750964556841x823259996282421200","","","","","lauracaldasm@gmail.com"
"","1750964491955x785552669767368700","","","","","lauracaldasm@gmail.com"
"Existe uma funcionalidade grande na agregação da organização em uma plataforma única, mas os processos em si não são distintos dos que já ocorrem no serviço publico, não sendo necessariamente um grande elemento de custo x beneficio. ","1750964679578x869641551094218800","","","","","lauracaldasm@gmail.com"
"A tecnologia proposta é fácil de adquirir e de manter, porém tem elementos propostos, como o pagamento em criptomoedas, podem ser um fator dificultador","1750964847544x133562261901148160","","","","","lauracaldasm@gmail.com"
"","1750964907610x624510857100656600","","","","","lauracaldasm@gmail.com"
"","1750964932066x588568839318667300","","","","","lauracaldasm@gmail.com"
"","1750964879420x736871818234429400","","","","","lauracaldasm@gmail.com"
"Não considera o funcionamento de processos e politicas ja existentes na cidade","1750964907610x624510857100656600","","","","","lauracaldasm@gmail.com"
"","1750963737427x154850918931365900","","","","","gustavo.godoy@recife.pe.gov.br"
"","1750963737427x154850918931365900","","","","","gustavo.godoy@recife.pe.gov.br"
"","1750963789342x740622417311039500","","","","","gustavo.godoy@recife.pe.gov.br"
"","1750963840538x709527632057466900","","","","","gustavo.godoy@recife.pe.gov.br"
"","1750963905243x917948856028364800","","","","","gustavo.godoy@recife.pe.gov.br"
"","1750963948773x168407758455701500","","","","","gustavo.godoy@recife.pe.gov.br"
"","1750963985799x779631706475331600","","","","","gustavo.godoy@recife.pe.gov.br"
"","1750964021001x386125084374335500","","","","","gustavo.godoy@recife.pe.gov.br"
"","1750964021001x386125084374335500","","","","","gustavo.godoy@recife.pe.gov.br"
"Considerando que o desafio de mobilidade de uma pessoa com deficiência visual abrange tanto ambientes internos quanto externos, a solução, em sua fase atual, resolve de forma robusta a primeira parte.

A solução proposta tem potencial para gerar economia indireta e de longo prazo para a Administração Pública, principalmente ao fomentar a inclusão social.","1750965024848x176365381922324480","","","","","fernandosouza@recife.pe.gov.br"
"Sim, a solução proposta aborda a maior parte das dores e dos resultados esperados e considerou os sistemas já existentes. Faltou tratar a integração com telessaúde e com a atenção especializada. Assim como contribuirá para a geração de economia. ","1750963737427x154850918931365900","","","","","homero@recife.pe.gov.br"
"Sim, foi apresentado um modelo de negócios suscinto, mas adequado para esta fase do projeto. ","1750963789342x740622417311039500","","","","","homero@recife.pe.gov.br"
"Fez a avaliação em relação a outras soluções existentes no mercado. Fez uma análise geral, mas não apresentou a comparação custo/benefício. ","1750963840538x709527632057466900","","","","","homero@recife.pe.gov.br"
"O modelo de negócio apresentado no documento é bem definido, estratégico e demonstra viabilidade. 
A proposta foca em um modelo B2B (Business-to-Business) institucional.","1750965055572x808870400252969000","","","","","fernandosouza@recife.pe.gov.br"
"As teconologias propostas são factíveis e utilizadas no mercado. ","1750963905243x917948856028364800","","","","","homero@recife.pe.gov.br"
"A solução proposta é escalável para o público alvo do desafio e para ampliação para outros clientes, tanto do setor público, como privado. ","1750963948773x168407758455701500","","","","","homero@recife.pe.gov.br"
"","1750963789342x740622417311039500","","","","","homero@recife.pe.gov.br"
"A solução proposta, Lysa Cão-Guia Robô, apresenta uma relação custo-benefício superior quando comparada às alternativas existentes no mercado. 

O principal benefício da Lysa, que a diferencia da maioria das tecnologias assistivas, é a autonomia real. Ela não apenas detecta obstáculos, mas conduz o usuário por meio de tração própria e navegação inteligente. ","1750965084733x626654352174481400","","","","","fernandosouza@recife.pe.gov.br"
"Foi bem fundamentado e considerou boa parte dos das dores e dos resultados esperados. ","1750963985799x779631706475331600","","","","","homero@recife.pe.gov.br"
"Os prazos foram apresentados um pouco dissociados da proposta do EITA (3 meses MVP e 12 meses aceleração). Mas que pode ser ajustado quando do início das atividades.","1750964021001x386125084374335500","","","","","homero@recife.pe.gov.br"
"As tecnologias utilizadas para a construção da solução Lysa são factíveis, viáveis para aquisição e manutenção, e baseadas em padrões de mercado consolidados. 
A escolha do hardware e software demonstra uma estratégia inteligente para equilibrar custo, performance e escalabilidade.","1750965113035x319882309975408640","","","","","fernandosouza@recife.pe.gov.br"
"O documento enfatiza que a arquitetura da Lysa foi projetada para ""produção em volumes crescentes, com uso de componentes padronizados"". O projeto visa superar os desafios da produção manual, que tem um custo elevado de até R$ 35 mil, para um modelo de ""fabricação simplificada"" com custo muito menor.","1750965138894x984751957414510600","","","","","fernandosouza@recife.pe.gov.br"
"O formulário de inscrição, representado pelo documento e formulário da solução Lysa, foi bem fundamentado, apresentando um detalhamento de qualidade. 
A equipe demonstrou um conhecimento do problema, uma solução madura e um planejamento de projeto adequado, tudo apresentado de forma bem clara.","1750965182829x394638459540865000","","","","","fernandosouza@recife.pe.gov.br"
"Proposta sem dados suficientes para avaliação.","1750963737427x154850918931365900","","","","","vieira.anaines@gmail.com"
"Proposta sem dados suficientes para avaliação.","1750963789342x740622417311039500","","","","","vieira.anaines@gmail.com"
"","1750963840538x709527632057466900","","","","","vieira.anaines@gmail.com"
"Proposta sem dados suficientes para avaliação.","1750963840538x709527632057466900","","","","","vieira.anaines@gmail.com"
"Proposta sem dados suficientes para avaliação.","1750963905243x917948856028364800","","","","","vieira.anaines@gmail.com"
"Proposta sem dados suficientes para avaliação.","1750963905243x917948856028364800","","","","","vieira.anaines@gmail.com"
"Proposta sem dados suficientes para avaliação.","1750963948773x168407758455701500","","","","","vieira.anaines@gmail.com"
"Proposta sem dados suficientes para avaliação.","1750963985799x779631706475331600","","","","","vieira.anaines@gmail.com"
"Proposta sem dados suficientes para avaliação.","1750964021001x386125084374335500","","","","","vieira.anaines@gmail.com"
"O prazo de entrega proposto pela equipe é compatível com os prazos estipulados pelo ciclo de inovação.

A equipe propõe um cronograma para o desenvolvimento e entrega do MVP que se estende de 01 de agosto de 2025 a 11 de outubro de 2025, totalizando aproximadamente 2 meses. Este período está dentro do prazo máximo de 3 meses estipulado pelo programa.","1750965208004x798693044226097200","","","","","fernandosouza@recife.pe.gov.br"
"Não endereçou as dores nem os resultados esperados do desafio.","1750963737427x154850918931365900","","","","","homero@recife.pe.gov.br"
"Não endereçou as dores nem os resultados esperados do desafio. Então o modelo de negócios proposto está descolado do desafio.","1750963789342x740622417311039500","","","","","homero@recife.pe.gov.br"
"Não endereçou as dores nem os resultados esperados do desafio. Então a análise das alternativas equivalentes está descolada do desafio.","1750963840538x709527632057466900","","","","","homero@recife.pe.gov.br"
"Não endereçou as dores nem os resultados esperados do desafio. ","1750963905243x917948856028364800","","","","","homero@recife.pe.gov.br"
"Não endereçou as dores nem os resultados esperados do desafio. ","1750963948773x168407758455701500","","","","","homero@recife.pe.gov.br"
"Não endereçou as dores nem os resultados esperados do desafio. Está descolado do desafio.","1750963985799x779631706475331600","","","","","homero@recife.pe.gov.br"
"Não endereçou as dores nem os resultados esperados do desafio. E não apresentou os prazos para o desafio.","1750964021001x386125084374335500","","","","","homero@recife.pe.gov.br"
" A solução oferece possibilidade de monitoramento de indicadores relacionados as DCNTs alvo, mas os custos e possibilidades de integração com sistemas já existentes utilizados pela gestão pública não estão claros na proposta, prejudicando a avaliação.","1750963737427x154850918931365900","","","","","vieira.anaines@gmail.com"
"","1750965024848x176365381922324480","","","","","oburegio@gmail.com"
"","1750965055572x808870400252969000","","","","","oburegio@gmail.com"
"","1750965024848x176365381922324480","","","","","oburegio@gmail.com"
"","1750965084733x626654352174481400","","","","","oburegio@gmail.com"
"","1750965084733x626654352174481400","","","","","oburegio@gmail.com"
"","1750965113035x319882309975408640","","","","","oburegio@gmail.com"
"","1750965138894x984751957414510600","","","","","oburegio@gmail.com"
"","1750965182829x394638459540865000","","","","","oburegio@gmail.com"
"","1750965208004x798693044226097200","","","","","oburegio@gmail.com"
"","1750965138894x984751957414510600","","","","","oburegio@gmail.com"
"","1750965024848x176365381922324480","","","","","oburegio@gmail.com"
"","1750965055572x808870400252969000","","","","","oburegio@gmail.com"
"A solução proposta resolve uma parte importante do problema, mas não sua totalidade.
Contudo, o problema da acessibilidade em um hotel não se limita ao quarto. A solução, como descrita no documento, não aborda a navegação em outras áreas essenciais como o lobby, corredores, elevadores ou áreas de lazer. Portanto, ela resolve uma parte crucial do problema, mas não a estadia completa do usuário com deficiência visual dentro do estabelecimento.","1750965024848x176365381922324480","","","","","fernandosouza@recife.pe.gov.br"
"A solução aborda boa parte das dores e resultados esperados. Mas depende de integração com dispositivos dos próprios usuários. Considerando o público alvo do desafio, pode não atingir um bom percentual da população. ","1750963737427x154850918931365900","","","","","homero@recife.pe.gov.br"
"","1750965138894x984751957414510600","","","","","oburegio@gmail.com"
"O uso da plataforma AWS pode acarretar custos maiores para futura sustentabilidade, além do uso de linguagens como JavaScript e Flutter.","1750963789342x740622417311039500","","","","","vieira.anaines@gmail.com"
"O modelo de negócio apresentado é considerado viável ela se sustenta em três pilares principais identificados no documento:

1 - Demanda de Mercado Regulamentada
2 - Segmento de Cliente Claro
3 - Proposição de Valor e Custo Definidos","1750965055572x808870400252969000","","","","","fernandosouza@recife.pe.gov.br"
"Não apresentou um modelo de negócios, mas considerando o contexto geral da documentação presente, avalio com potencial de viabilidade. ","1750963789342x740622417311039500","","","","","homero@recife.pe.gov.br"
"Não houve menções claras a custos de implementação da solução para comparação com outras soluções, mas a possibilidade do usuário utilizar seu próprio celular para monitoramento de dados foi considerada como diferencial. ","1750963840538x709527632057466900","","","","","vieira.anaines@gmail.com"
"Apresentou os diferenciais da solução proposta em relação à soluções similares, mas sem entrar na relação custo/benefício","1750963840538x709527632057466900","","","","","homero@recife.pe.gov.br"
"Os painéis e apps foram citados como desenvolvidos através de linguagens como JavaScript e Flutter, além do uso da AWS para disponibilização. São linguagens e plataformas conhecidas do mercado, mas que podem acarretar um maior custo e menor sustentabilidade para a Administração Pública.","1750963905243x917948856028364800","","","","","vieira.anaines@gmail.com"
"A solução aparenta ser altamente escalável, mas seria interessante a citação de custos ou ao menos modelo de cobrança para melhor avaliação, o que não ocorreu.","1750963948773x168407758455701500","","","","","vieira.anaines@gmail.com"
"Não apresentou as teconologias utilizadas, mas diante do contexto geral podermos considerar como factível, apesar de não detalhar como faz a integração com os dispositivos externos ao aplicativo.","1750963905243x917948856028364800","","","","","homero@recife.pe.gov.br"
"Ausência de custos, noção mais detalhada de público-alvo (por exemplo, 300.000 potenciais cidadãos com as DCNTs) e necessidades de profissionais e equipes de saúde.","1750963985799x779631706475331600","","","","","vieira.anaines@gmail.com"
"Ausência de custos, noção mais detalhada de público-alvo (por exemplo, 300.000 potenciais cidadãos com as DCNTs) e necessidades de profissionais e equipes de saúde.","1750963985799x779631706475331600","","","","","vieira.anaines@gmail.com"
"Avalio como média escalabilidade em função da baixa probabilidade do público alvo ter os dispositivos para integração. ","1750963948773x168407758455701500","","","","","homero@recife.pe.gov.br"
"A proposta foi bem fundamentada, mas faltou explorar a tecnologia adotada, prazos e investimento","1750963985799x779631706475331600","","","","","homero@recife.pe.gov.br"
"Não foram apresentados os prazos. Mas considerando ser uma tecnologia pronta, avalio como possível de se adequado aos prazos do desafio. ","1750964021001x386125084374335500","","","","","homero@recife.pe.gov.br"
"Submissão em duplicidade. Descartada essa submissão (12) o considerada a seguinte (13).","1750963737427x154850918931365900","","","","","homero@recife.pe.gov.br"
"Submissão em duplicidade. Descartada essa submissão (12) o considerada a seguinte (13).","1750963789342x740622417311039500","","","","","homero@recife.pe.gov.br"
"Submissão em duplicidade. Descartada essa submissão (12) o considerada a seguinte (13).","1750963840538x709527632057466900","","","","","homero@recife.pe.gov.br"
"Submissão em duplicidade. Descartada essa submissão (12) o considerada a seguinte (13).","1750963905243x917948856028364800","","","","","homero@recife.pe.gov.br"
"Submissão em duplicidade. Descartada essa submissão (12) o considerada a seguinte (13).","1750963948773x168407758455701500","","","","","homero@recife.pe.gov.br"
"Submissão em duplicidade. Descartada essa submissão (12) o considerada a seguinte (13).","1750963985799x779631706475331600","","","","","homero@recife.pe.gov.br"
"Submissão em duplicidade. Descartada essa submissão (12) o considerada a seguinte (13).","1750964021001x386125084374335500","","","","","homero@recife.pe.gov.br"
"Proposta apresenta perspectiva factível de monitoramento de dados de saúde, mas não há menção clara a possibilidade de integração com sistemas de saúde já existentes. Ademais, o custo citado no pitch é provável por usuário, o que prejudica a avaliação em relação à economia para a Administração Pública.","1750963737427x154850918931365900","","","","","vieira.anaines@gmail.com"
"Considerando a menção que os custos podem chegar a R$ 3 por usuário, esse valor chegaria a ser multiplicado por cerca de 300.000 potenciais usuários cadastrados na rede de saúde, além dos profissionais e gestores. O uso do celular para monitoramento por parte dos usuários pode equilibrar a relação custo x benefício em relação a outras soluções.
","1750963840538x709527632057466900","","","","","vieira.anaines@gmail.com"
"Não foram mencionados cronogramas e prazos detalhados, apenas uma possibilidade de implementação da solução em 6 meses de forma genérica.","1750964021001x386125084374335500","","","","","vieira.anaines@gmail.com"
"Endereça uma parte de um item das dores elencadas --> ""Ausência de apoio para mudança de hábitos (exercício, alimentação e cuidado medicamentoso);""
Endereça um item dos resultados esperados ---> ""Pessoas com hipertensão e diabetes com autocuidado apoiado;""
Não ficou claro no modelo de negócios se o dispositivo será fornecido ou vendido para o público alvo do desafio. ","1750963737427x154850918931365900","","","","","homero@recife.pe.gov.br"
"Proposta cadastrada de forma genérica, documentos sem menção clara ao objetivo do desafio.","1750963737427x154850918931365900","","","","","vieira.anaines@gmail.com"
"Proposta cadastrada de forma genérica, documentos sem menção clara ao objetivo do desafio.","1750963789342x740622417311039500","","","","","vieira.anaines@gmail.com"
"Proposta cadastrada de forma genérica, documentos sem menção clara ao objetivo do desafio.","1750963840538x709527632057466900","","","","","vieira.anaines@gmail.com"
"Proposta cadastrada de forma genérica, documentos sem menção clara ao objetivo do desafio.","1750963905243x917948856028364800","","","","","vieira.anaines@gmail.com"
"Proposta cadastrada de forma genérica, documentos sem menção clara ao objetivo do desafio.","1750963948773x168407758455701500","","","","","vieira.anaines@gmail.com"
"Proposta cadastrada de forma genérica, documentos sem menção clara ao objetivo do desafio.","1750963985799x779631706475331600","","","","","vieira.anaines@gmail.com"
"Proposta cadastrada de forma genérica, documentos sem menção clara ao objetivo do desafio.","1750964021001x386125084374335500","","","","","vieira.anaines@gmail.com"
"Foi apresentado a existência de um protótipo e não apresentou um modelo de negócios, apenas um valor a ser investido, mas sem muita clareza do projeto como um todo e como atingir a população alvo. ","1750963789342x740622417311039500","","","","","homero@recife.pe.gov.br"
"Fez uma análise em relação a soluções alternativas, mas não abordou a relação custo/benefício. ","1750963840538x709527632057466900","","","","","homero@recife.pe.gov.br"
"Algo a ser construído ainda  e sem um estudo em relação a robustes e factibilidade. Entretando apresentou um valor a ser investido que está dentro do preconizado no marco legal das startups. ","1750963905243x917948856028364800","","","","","homero@recife.pe.gov.br"
"Não demonstrou como escalar a solução para o público alvo do desafio, apesar do baixo custo para desenvolvimento,","1750963948773x168407758455701500","","","","","homero@recife.pe.gov.br"
"Ideia bem fundamentada, contendo o que pretende resolver, o prazo e a estimativa de investimento.  ","1750963985799x779631706475331600","","","","","homero@recife.pe.gov.br"
"O prazo da solução proposta não considerou os tempos procinizados no marco legal das startups. Mas podemos considerar que pode ser adaptado para o MVP e Aceleração.","1750964021001x386125084374335500","","","","","homero@recife.pe.gov.br"
"A proposta de solução apresenta uma excelente relação custo x benefício quando comparada às opções equivalentes no mercado para o problema específico que visa resolver.","1750965084733x626654352174481400","","","","","fernandosouza@recife.pe.gov.br"
"As tecnologias utilizadas para a solução do desafio são factíveis. A proposta se baseia na combinação inteligente de tecnologias que são padrão de mercado, de fácil aquisição, baixo custo e simples manutenção.","1750965113035x319882309975408640","","","","","fernandosouza@recife.pe.gov.br"
"A solução proposta é escalável, uma vez que seu modelo tecnológico e de negócio foi projetado para ser reproduzido em grande quantidade para um número elevado de clientes.","1750965138894x984751957414510600","","","","","fernandosouza@recife.pe.gov.br"
"O pitch foi bem apresentado, quanto ao uso da ferramenta, mas não deixou claro quanto aos custo comparativo em relação as demais soluções existentes. Também senti falta desta informação na documentação.","1750965182829x394638459540865000","","","","","fernandosouza@recife.pe.gov.br"
"Não é possível realizar a análise, pois o cronograma ou prazo de entrega da solução não foi informado pela equipe no material apresentado.","1750965208004x798693044226097200","","","","","fernandosouza@recife.pe.gov.br"
"Endereça boa parte das dores e resultados esperados. Faltou abordar a integração com profissionais da média complexidade e o aumento do número de teleconsultorias para as especialidades relacionadas ao cuidado de pessoas com hipertensão e diabetes pelo telessaúde Recife. ","1750963737427x154850918931365900","","","","","homero@recife.pe.gov.br"
"Boa viabilidade do modelo de negócios, apesar de não estimar valores a serem investidos","1750963789342x740622417311039500","","","","","homero@recife.pe.gov.br"
"Apresentou uma avaliação em relação às soluções similares, mas não abordou a relação custo/benefício.  ","1750963840538x709527632057466900","","","","","homero@recife.pe.gov.br"
"Sim. As tecnologias propostas para desenvolver a solução do desafio são factíveis, fáceis de manter e padrão de mercado.","1750963905243x917948856028364800","","","","","homero@recife.pe.gov.br"
"Sim. Demosntrou a escalabilidade da solução. ","1750963948773x168407758455701500","","","","","homero@recife.pe.gov.br"
"Bem fundamentado, endereça quase todas as dores e resultados esperados. Faltou a estimativa de investimento. ","1750963985799x779631706475331600","","","","","homero@recife.pe.gov.br"
"Prazo proposto compatível com o escopo e com o marco loega das startups.","1750964021001x386125084374335500","","","","","homero@recife.pe.gov.br"
"Resolve prioritariamente problemas para restaurantes. No efeito em cadeia resolve os problemas propostos, mas não lida com todos os agentes do processo, especialmente feirantes e a conexão com os sistemas agroflorestais ","1750964491955x785552669767368700","","","","","lauracaldasm@gmail.com"
"","1750964907610x624510857100656600","","","","","lauracaldasm@gmail.com"
"","1750964879420x736871818234429400","","","","","lauracaldasm@gmail.com"
"é factível, mas o processo de vendas e doações acontecer por um app talvez dificulte a adesão","1750964847544x133562261901148160","","","","","lauracaldasm@gmail.com"
"","1750964932066x588568839318667300","","","","","lauracaldasm@gmail.com"
"Excessivamente dependente do mercado privado aderir a iniciativa ","1750964556841x823259996282421200","","","","","lauracaldasm@gmail.com"
"","1750964679578x869641551094218800","","","","","lauracaldasm@gmail.com"
"Endereça a maior parte das dores e resultados esperados. Não ficou claro como atingir o público alvo que não está cadastrado no PEC e-SUS. Mas como proposto uma interface com IA via chat, é possível fazer esse contato via o cadastro cidadania que é desconhecido do proponente. ","1750963737427x154850918931365900","","","","","homero@recife.pe.gov.br"
"Modelo de negócio apresentado e compatível com o orçamento disponível para o desafio. Faltou fazer uma adequação em relação ao MVP. ","1750963789342x740622417311039500","","","","","homero@recife.pe.gov.br"
"Não fez o cotejamento em relação a opções equivalentes, nem a relação custo x benefício. Mas é fazer esse cotejamento até com os demais projetos apresentados, alguns com parte da solução já implementada. ","1750963840538x709527632057466900","","","","","homero@recife.pe.gov.br"
"As teconologias apresentadas são factíveis, mas ainda não são padrões de mercado. Mas por tratar-se de solução que faz de tecnologias emergentes, pode-se considerar esse risco como natural para um projeto como este. ","1750963905243x917948856028364800","","","","","homero@recife.pe.gov.br"
"Considerando os componentes propostos no projeto, avalio a proposta como escalável para o público alvo do desafio e com grande potencial para escalar para outros municípios. ","1750963948773x168407758455701500","","","","","homero@recife.pe.gov.br"
"Fundamentação bem completa, descrevendo com clareza o que deseja fazer, como deseja fazer, em que prazo e com que nível de investimento. Excelente fundamentação.  ","1750963985799x779631706475331600","","","","","homero@recife.pe.gov.br"
"Prazo bem adequado ao escopo do projeto, precisando um pequeno ajuste em relação ao MVP.","1750964021001x386125084374335500","","","","","homero@recife.pe.gov.br"
"Proposta em duplicidade. Descartada essa proposta, a 16 e considerada a proposta 22.  ","1750963737427x154850918931365900","","","","","homero@recife.pe.gov.br"
"Proposta em duplicidade. Descartada essa proposta, a 16 e considerada a proposta 22.  ","1750963789342x740622417311039500","","","","","homero@recife.pe.gov.br"
"Proposta em duplicidade. Descartada essa proposta, a 16 e considerada a proposta 22.  ","1750963840538x709527632057466900","","","","","homero@recife.pe.gov.br"
"Proposta em duplicidade. Descartada essa proposta, a 16 e considerada a proposta 22.  ","1750963905243x917948856028364800","","","","","homero@recife.pe.gov.br"
"Proposta em duplicidade. Descartada essa proposta, a 16 e considerada a proposta 22.  ","1750963948773x168407758455701500","","","","","homero@recife.pe.gov.br"
"Proposta em duplicidade. Descartada essa proposta, a 16 e considerada a proposta 22.  ","1750963985799x779631706475331600","","","","","homero@recife.pe.gov.br"
"","1750963737427x154850918931365900","","","","","homero@recife.pe.gov.br"
"Proposta em duplicidade. Descartada essa proposta, a 16 e considerada a proposta 22.  ","1750963737427x154850918931365900","","","","","homero@recife.pe.gov.br"
"Proposta em duplicidade. Descartada essa proposta, a 16 e considerada a proposta 22.  ","1750963789342x740622417311039500","","","","","homero@recife.pe.gov.br"
"Proposta em duplicidade. Descartada essa proposta, a 16 e considerada a proposta 22.  ","1750963840538x709527632057466900","","","","","homero@recife.pe.gov.br"
"Proposta em duplicidade. Descartada essa proposta, a 16 e considerada a proposta 22.  ","1750963905243x917948856028364800","","","","","homero@recife.pe.gov.br"
"Proposta em duplicidade. Descartada essa proposta, a 16 e considerada a proposta 22.  ","1750963985799x779631706475331600","","","","","homero@recife.pe.gov.br"
"Proposta em duplicidade. Descartada essa proposta, a 16 e considerada a proposta 22.  ","1750963985799x779631706475331600","","","","","homero@recife.pe.gov.br"
"Proposta em duplicidade. Descartada essa proposta, a 16 e considerada a proposta 22.  ","1750964021001x386125084374335500","","","","","homero@recife.pe.gov.br"
"Proposta em duplicidade. Descartada essa proposta, a 16 e considerada a proposta 22.  ","1750963737427x154850918931365900","","","","","homero@recife.pe.gov.br"
"Proposta em duplicidade. Descartada essa proposta, a 16 e considerada a proposta 22.  ","1750963737427x154850918931365900","","","","","homero@recife.pe.gov.br"
"Proposta em duplicidade. Descartada essa proposta, a 16 e considerada a proposta 22.  ","1750963737427x154850918931365900","","","","","homero@recife.pe.gov.br"
"Sim, a solução proposta resolve o problema de forma abrangente. O desafio central apresentado é como prover acessibilidade visual para dar autonomia e inclusão a pessoas cegas e com baixa visão, que hoje enfrentam incertezas e falta de segurança ao sair de casa.

Poderia haver uma economia indireta e de longo prazo com redução de acidentes e pela inclusão de pessoas com deficiência visual ao mercado de trabalho e à educação. ","1750965024848x176365381922324480","","","","","fernandosouza@recife.pe.gov.br"
"Projeto se apresenta viável, apesar do investimento inicial de R$50.000,00, a instalação de totens ocorre uma única vez e precisaria de manutenção e segurança das instalações . ","1750965055572x808870400252969000","","","","","fernandosouza@recife.pe.gov.br"
"Embora existam soluções de mercado para navegação de pessoas com deficiência visual (como Lazarillo ou as funcionalidades de acessibilidade do Google Maps), a proposta do ""Guia Urbano"" apresenta uma relação custo x benefício superior para o seu contexto específico de aplicação. 

O projeto não tenta reinventar o GPS para cegos, mas sim criar uma camada de serviço além do que já é servido pelos concorrentes, ela mapeia a colaboração de usuários sobre a navegação.","1750965084733x626654352174481400","","","","","fernandosouza@recife.pe.gov.br"
"As tecnologias selecionadas para a construção da solução ""Guia Urbano"" são maduras e representam um padrão de mercado para o desenvolvimento de produtos digitais modernos.","1750965113035x319882309975408640","","","","","fernandosouza@recife.pe.gov.br"
"","1750965024848x176365381922324480","","","","","rafael.paula@recife.pe.gov.br"
"","1750965055572x808870400252969000","","","","","rafael.paula@recife.pe.gov.br"
"","1750965084733x626654352174481400","","","","","rafael.paula@recife.pe.gov.br"
"","1750965113035x319882309975408640","","","","","rafael.paula@recife.pe.gov.br"
"","1750965084733x626654352174481400","","","","","rafael.paula@recife.pe.gov.br"
"","1750965055572x808870400252969000","","","","","rafael.paula@recife.pe.gov.br"
"A solução ""Guia Urbano"" apresenta uma escalabilidade dividida: a arquitetura tecnológica é escalável, mas o modelo operacional e de conteúdo possui desafios que limitam sua expansão em larga escala. A dependência de hardware físico em cada nova rota ou localidade pode se tornar um desafio, pois exigirá investimento.","1750965138894x984751957414510600","","","","","fernandosouza@recife.pe.gov.br"
"","1750965138894x984751957414510600","","","","","rafael.paula@recife.pe.gov.br"
"","1750965182829x394638459540865000","","","","","rafael.paula@recife.pe.gov.br"
"","1750965208004x798693044226097200","","","","","rafael.paula@recife.pe.gov.br"
"","1750965113035x319882309975408640","","","","","rafael.paula@recife.pe.gov.br"
" A apresentação é visualmente bem elaborada e comunica de forma eficaz o propósito e o impacto social do projeto.
 O documento apresentada funcionalidades detalhadas e telas de exemplo.
O único ponto de informação crucial que está ausente é o modelo de negócio para garantir a sustentabilidade e a viabilidade econômica do projeto a longo prazo, após o investimento inicial no MVP.

","1750965182829x394638459540865000","","","","","fernandosouza@recife.pe.gov.br"
"Não foi relatado o tempo para entrega do MVP, apenas do produto com prazo de 16 semanas.","1750965208004x798693044226097200","","","","","fernandosouza@recife.pe.gov.br"
"Não endereçou as dores e resultados esperados. Focou na teleconsultoria, mas desconectado do desafio. ","1750963737427x154850918931365900","","","","","homero@recife.pe.gov.br"
"Não foi aporesentado o modelo de negócios. ","1750963789342x740622417311039500","","","","","homero@recife.pe.gov.br"
"Não fez avaliação com soluções similares. ","1750963840538x709527632057466900","","","","","homero@recife.pe.gov.br"
"Não apresentou as teconologias que pretende utilizar. ","1750963905243x917948856028364800","","","","","homero@recife.pe.gov.br"
"Pela ideia proposta, foco na teleinterconsultaa, é possível escalar, mas de forma limitada porque depende da ampliação de recursos humanos.","1750963948773x168407758455701500","","","","","homero@recife.pe.gov.br"
"Muitas partes ilegíveis no manual, o pitch não diz praticamente nada, não houve a fundamentação em relação às dores e resultados esperados, não apresentou prazos, nem estimativa de investimento. ","1750963985799x779631706475331600","","","","","homero@recife.pe.gov.br"
"Os prazos não foram apresentados","1750964021001x386125084374335500","","","","","homero@recife.pe.gov.br"
"A solução proposta endereça as dores e resultados esperados no desafio e, potencialmente, constribui para uma redução de custos de internações a atendimentos desnecessários quando os pacientes não acompanham o seu estado de saúde. ","1750963737427x154850918931365900","","","","","homero@recife.pe.gov.br"
"A viabilidade do modelo de negócio ficou compometida em função dos seguintes fatores: (1) não foi apresentada uma estimativa de investimento, (2) não foi apresentado o tamanho da equipe a ser alocada; (3) o escopo do projeto indica um superdimenciamento em relação ao prazo de execução; (4) o prazo de execução está sem detalhamento e desconectado do preconizado no marco legal das startups e (5) conta com uso massivo de teleconsulta, que depende de investimento na ampliação do corpo de profissionais. ","1750963789342x740622417311039500","","","","","homero@recife.pe.gov.br"
"Foi realizada uma análise em relação a algumas soluções de mercado, mas não foi realizada a análise de custo benefício em relação à soluções similares,","1750963840538x709527632057466900","","","","","homero@recife.pe.gov.br"
"Abordou superficialmente as tecnologias propostas para implementação da solução. Mas o que abordou considera a utilização de soluões livres e de código aberto e teconologias utilizadas utilizadas no mercado. Entretanto, há propostas de fincionalidades e soluções que envolvem tecnologias pouco conhecidas. ","1750963905243x917948856028364800","","","","","homero@recife.pe.gov.br"
"Considerando a amplitude da solução proposta (gêmeo digital, iot, IA, barramento de interoperabilidade, teleconsulta, ....), a escalabilidade fica comprometida. ","1750963948773x168407758455701500","","","","","homero@recife.pe.gov.br"
"A ideia proposta foi bem apresentada. Ficou claro o que a equipe pretende realizar. Mas o como irá realizar ficou superficial. Careceu de detalhar melhor os prazos, a equipe envolvida e o investimento necessário. Os prazos informações foram muito superficiais e não abordou a questão do investimento. ","1750963985799x779631706475331600","","","","","homero@recife.pe.gov.br"
"Apresentou o seguinte prazo: (1) Piloto em 6 meses em 2 ou 3 unidades de saúde; (2) ampliar numa fase 2 para todas as unidades de um distrito sanitário, mas sem especificar o tempo; (3) em 2 anos ampliar para toda rede municipal de saúde. Avalio como superficial, desconectado com os prazos do Marco Legal das Startups.","1750964021001x386125084374335500","","","","","homero@recife.pe.gov.br"
"A proposta 19 não foi avaliada porque está em duplicidade com a proposta 27. Descartada a 19 e avaliada a 27.","1750963737427x154850918931365900","","","","","homero@recife.pe.gov.br"
"A proposta 19 não foi avaliada porque está em duplicidade com a proposta 27. Descartada a 19 e avaliada a 27.","1750963789342x740622417311039500","","","","","homero@recife.pe.gov.br"
"A proposta 19 não foi avaliada porque está em duplicidade com a proposta 27. Descartada a 19 e avaliada a 27.","1750963840538x709527632057466900","","","","","homero@recife.pe.gov.br"
"A proposta 19 não foi avaliada porque está em duplicidade com a proposta 27. Descartada a 19 e avaliada a 27.","1750963905243x917948856028364800","","","","","homero@recife.pe.gov.br"
"A proposta 19 não foi avaliada porque está em duplicidade com a proposta 27. Descartada a 19 e avaliada a 27.","1750963948773x168407758455701500","","","","","homero@recife.pe.gov.br"
"A proposta 19 não foi avaliada porque está em duplicidade com a proposta 27. Descartada a 19 e avaliada a 27.","1750963985799x779631706475331600","","","","","homero@recife.pe.gov.br"
"A proposta 19 não foi avaliada porque está em duplicidade com a proposta 27. Descartada a 19 e avaliada a 27.","1750964021001x386125084374335500","","","","","homero@recife.pe.gov.br"
"A solução proposta endereça parcialmente as dores e resultados esperados. Traz um ganho com a possibilidade do exame de retinografia ser realizado na rede de atenção básica e disponibiliza uma rede de profissionais para atendimento em teleconsulta. ","1750963737427x154850918931365900","","","","","homero@recife.pe.gov.br"
"A solução proposta endereça parcialmente as dores e resultados esperados. Traz um ganho com a possibilidade do exame de retinografia ser realizado na rede de atenção básica e disponibiliza uma rede de profissionais para atendimento em teleconsultoria. ","1750963737427x154850918931365900","","","","","homero@recife.pe.gov.br"
"Trata-se de uma solução que já encontra-se em operação, portanto viável, mas não apresentou a informação do investimento necessário para adoção, portanto sem possibilidade de avaliação, nesse aspecto. ","1750963789342x740622417311039500","","","","","homero@recife.pe.gov.br"
"Apresentou o diferencial da solução proposta em relação aos similares de mercado, mas não apresentou a relação custo/benefício. ","1750963840538x709527632057466900","","","","","homero@recife.pe.gov.br"
"Informou que utiliza IA para análise de imagens, assim como plataforma de telemedicina, mas não informou as teconologias utilizadas. ","1750963905243x917948856028364800","","","","","homero@recife.pe.gov.br"
"Consideando o que foi apresentado, podemos avaliar como uma solução escalável. ","1750963948773x168407758455701500","","","","","homero@recife.pe.gov.br"
"Considerando o escopo da solução proposta, foi bem funcamentada do ponto de vista do que se propõe a realizar. Mas não apresentou prazos nem a estimativa de investimento. Inferimos que pode se tratar de uma solução pronta, a implementação seria num prazo dentro do preconizado no marco legal das startups. ","1750963985799x779631706475331600","","","","","homero@recife.pe.gov.br"
"Não apresentou prazos. Inferimos que, por se tratar de uma solução pronta, a implementação seria num prazo dentro do preconizado no marco legal das startups. ","1750964021001x386125084374335500","","","","","homero@recife.pe.gov.br"
"A solução proposta endereça parte do problema proposto no desafio. É baseada no aplicativo mobile com foco no autocuidado e na interação com o os profissionais de saúde, o que é muito bom. Tangenciou a questão da educação e da teleconsultoria. E tem potencial de geração de economia para a administração pública em função do acompanhamento preventivo, evitando custos com atendimento nas unidades de emergência e em internações. ","1750963737427x154850918931365900","","","","","homero@recife.pe.gov.br"
"Foi apresentado um modelo de negócios compatível com o desafio proposto. ","1750963789342x740622417311039500","","","","","homero@recife.pe.gov.br"
" A equipe informou que existem opções equivalentes no mercado e qual é o diferencial da sua proposta. Não apresentou a relação custo/benefício em relação a outras propostas. ","1750963840538x709527632057466900","","","","","homero@recife.pe.gov.br"
"As tecnologias utilizadas para a solução do desafio são factíveis, fáceis de manter e padrão de mercado.","1750963905243x917948856028364800","","","","","homero@recife.pe.gov.br"
"A solução proposta tem grande potencial de escalabilidade. Um ponto a melhorar é a integração com ferramantas já utilizadas pelos profissionais de saude, tais como e-SUS território, Whatsapp, PEC e-SUS APS, sistema de login (Conetca Recife Logion) ... de forma a evitar a adoção de mais uma ferramenta a ser adotada pela equipe de saúde. ","1750963948773x168407758455701500","","","","","homero@recife.pe.gov.br"
"Bem embasado e bem fundamentado, esclarecendo com exatidação a proposta, as dores que endereça e os resultados esperados. Também realizou a estimativa de prazo e de investimento de acordo com o preconizado pelo marco legal das startups. ","1750963985799x779631706475331600","","","","","homero@recife.pe.gov.br"
"Prazo informado e compatível com o preconizado no marco legal das startups. Equipe de trabalho proposta comparível com o escopo do projeto proposto. ","1750964021001x386125084374335500","","","","","homero@recife.pe.gov.br"
"A equipe entendeu bem o problema e propôs uma solução que vai no cerne da questão colocada no desafio: o autocuidado e apoio aos profissionais de saúde (ACS, enfermeiro, médico, dentista, ...). Tem potencial para redução de custos, considerando ações preventivas que evitam agravamento do quadro clínico do paciente e por conseguencia custos elevadas, tanto para a saúde do paciente, como para o sistema de saúde municipal. 
","1750963737427x154850918931365900","","","","","homero@recife.pe.gov.br"
"Focou na solução. Não apresentou um modelo de negócios e a informação do investimento necessário ficou insuficiente para análise. ","1750963789342x740622417311039500","","","","","homero@recife.pe.gov.br"
"Identificou soluções similares, fez comparativo com os diferenciais da solução proposta, mas não abordou a relação custo/benefício. ","1750963840538x709527632057466900","","","","","homero@recife.pe.gov.br"
"Não aprofundou nas tecnologias a serem adotadas, mas citou o que pretende fazer, um assistente virtual em forma de um chatbot com IA, usando o Chat GPT, portanto são factíveis, fáceis de manter e bem utilziadas no mercado, mas com um custo imbutido que não foi dimencionado. ","1750963905243x917948856028364800","","","","","homero@recife.pe.gov.br"
"Apesar do custo embutido com a IA (chat GPT) que não foi dimencioinado, a solução tem um alto potencial de escalabilidade. ","1750963948773x168407758455701500","","","","","homero@recife.pe.gov.br"
"A solução proposta foi bem embasa. A equipe entendeu o problema, os principais atores, as principais dores, os resultados esperados e propos uma solução que endereça as principais dores e resultados esperados, mas deixou a desejar na definição dos prazos, abordou apenas o MVP e no invetimento a ser realizado. ","1750963985799x779631706475331600","","","","","homero@recife.pe.gov.br"
"Propôs uma ação dentro do prazo do MVP, mas não avançou na aceleração. Entretanto a equipe de trabalho constituida é comparível com o escopo proposto para o projeto, ","1750964021001x386125084374335500","","","","","homero@recife.pe.gov.br"
"Focou na solução. Não apresentou um modelo de negócios e a informação do investimento necessário ficou insuficiente para análise. ","1750963789342x740622417311039500","","","","","homero@recife.pe.gov.br"
"As tecnologias utilizadas para a solução do desafio são factíveis, fáceis de manter e padrão de mercado. Não foi apresentado o custo com a utilização de IA.","1750963905243x917948856028364800","","","","","homero@recife.pe.gov.br"
"A solução proposta endereça o autocuidado e a integração com familiares, cuidadores e profissionais de saúde. Entretanto a proposta não fez análise de inserção na saúde pública. É muito focada no setor da saúde privada. ","1750963737427x154850918931365900","","","","","homero@recife.pe.gov.br"
"A solução já está em operação no setor privado, entratanto não fez a proposta adaptação do modelo de négócio para utilização na saúde pública. Em relação ao investimento proposto (3 milhões) para evolução da solução nos próximos 2 anos,  está bem acima do orçamento máximo previsto para o projeto (1,6 milhões). ","1750963789342x740622417311039500","","","","","homero@recife.pe.gov.br"
"Fez o compartivo com soluções desenvolvidas em outros países e focou que o diferencial da proposta é a adaptação para a realidade brasileira com foco no saúde privada. Portanto, considerando a argumentação, pode-se inferir que um ponto negativo é que a proposta foi pensada para a saúde privada, portante falta pensar a proposta considerando as diretrizes e dinâmicas da saúde pública. ","1750963840538x709527632057466900","","","","","homero@recife.pe.gov.br"
"As teconologias da solução factíveis, fáceis de manter e padrão de mercado. Faltou abordar que tecnologia de IA que está sendo adotada. ","1750963905243x917948856028364800","","","","","homero@recife.pe.gov.br"
"Sim, a solução é escalável do ponto de vista das tecnologias utilizadas, apesar de faltar a abordagem em relação à aplicação na saúde pública. ","1750963948773x168407758455701500","","","","","homero@recife.pe.gov.br"
"A solução proposta é bem fundamentada, endereça a questão do autocuidado e a integração com os profissionais de saúde, apresenta a estimativa de investimento, mas faltou abordar a adequação ao prazo e investimento do desafio (marco legal das atartups) e de fazer a adequação da solução à saúde pública (SUS). ","1750963985799x779631706475331600","","","","","homero@recife.pe.gov.br"
"Não apresentou o prazo para atender ao requisitado pelo desafio, apesar de ser uma solução já pronta. ","1750964021001x386125084374335500","","","","","homero@recife.pe.gov.br"
"A solução proposta resolve o problema que se propõe a atacar. O problema central identificado é a limitação na locomoção urbana de pessoas com deficiência visual, causada especificamente pela ""ausência de sinalizações sonoras e de soluções de orientação acessíveis e de baixo custo"" , e pelo fato de que as tecnologias existentes são ""caras, pouco acessíveis ou não adaptadas à realidade brasileira"".","1750965024848x176365381922324480","","","","","fernandosouza@recife.pe.gov.br"
"O modelo de negócio é viável porque tem várias fontes de renda, um plano de crescimento em etapas e um forte lado social.

Fontes de Receita informadas:

Venda de serviços para o setor público (prefeituras e governos).

Parcerias com grandes empresas de infraestrutura, como transporte público.

Planos de assinatura para estabelecimentos comerciais como shoppings, hospitais e supermercados.

Licenciamento da tecnologia para outros países, visando a expansão internacional.

Fontes alternativas de financiamento, como crowdfunding e doações, impulsionadas pelo forte impacto social do projeto.","1750965055572x808870400252969000","","","","","fernandosouza@recife.pe.gov.br"
"A avaliação se baseia na análise das soluções existentes, mencionadas no próprio documento e de conhecimento geral, em comparação com a proposta de valor do Projeto Visus.","1750965084733x626654352174481400","","","","","fernandosouza@recife.pe.gov.br"
"A escolha tecnológica do Projeto Visus é uma grande vantagem, pois se baseia em um conjunto de ferramentas de baixo custo, fácil manutenção e padrão de mercado, o que garante a viabilidade técnica e econômica da solução.","1750965113035x319882309975408640","","","","","fernandosouza@recife.pe.gov.br"
"A capacidade de crescer (escalabilidade) é um ponto central do Projeto Visus, citada nos documentos como uma grande vantagem. A análise mostra que a tecnologia e os planos foram feitos desde o início para que a solução possa ser usada por muitos clientes e em vários lugares.","1750965138894x984751957414510600","","","","","fernandosouza@recife.pe.gov.br"
"Cobre o acompanhamento da pressão arterial e glicemia. Entretanto outras dores e resultados esperados não foram contemplados. Espera-se uma potencial economia para a Administração Pública com o acompanhamento mais preciso desses indicadores.","1750963737427x154850918931365900","","","","","homero@recife.pe.gov.br"
"Os documentos entregues têm todas as informações importantes e explicam bem a ideia. O material é completo e de alta qualidade.","1750965182829x394638459540865000","","","","","fernandosouza@recife.pe.gov.br"
"A equipe demonstrou um planejamento claro e realista, alinhando sua proposta diretamente aos prazos estipulados pelo programa.","1750965208004x798693044226097200","","","","","fernandosouza@recife.pe.gov.br"
"Apresentou um modelo de negócio com investimento para o MVP. Faltou o investimento na aceleração. ","1750963789342x740622417311039500","","","","","homero@recife.pe.gov.br"
"Informa que existem soluções equivalentes, mas que não são integradas ao SUS. Não demonstrou a relação custo/benefício. ","1750963840538x709527632057466900","","","","","homero@recife.pe.gov.br"
"Informa que existem soluções equivalentes, mas que não são integradas ao SUS. Não demonstrou a relação custo/benefício. ","1750963840538x709527632057466900","","","","","homero@recife.pe.gov.br"
"Citou que serão priorizados softwares livres, o que indica tecnologias mantidas pela comunidade e com baixo custo. Mas não informou quais tecnologias serão utilizadas. ","1750963905243x917948856028364800","","","","","homero@recife.pe.gov.br"
"sim, a solução tem potencial de escalabilidade. ","1750963948773x168407758455701500","","","","","homero@recife.pe.gov.br"
"Tem uma fundamentação boa, endereça a questão do autocuidado, com o registro da pressão arterial e índice glicêmico pelo usuário via aplicativo. Apresentou o prazo para o MVP e aceleração e o investimento para a equipe. Faltou o invetimento para a aceleração. ","1750963985799x779631706475331600","","","","","homero@recife.pe.gov.br"
"Apresentou o prazo para o MVP e aceleração e o investimento para a equipe. Faltou o invetimento para a aceleração. ","1750964021001x386125084374335500","","","","","homero@recife.pe.gov.br"
"A solução proposta endereça as dores e resultados esperados no desafio.","1750963737427x154850918931365900","","","","","homero@recife.pe.gov.br"
"A solução proposta endereça as dores e resultados esperados no desafio.","1750963737427x154850918931365900","","","","","homero@recife.pe.gov.br"
"A proposta apresentada é viável. As estimativas de prazo e investimento estão compartíveis com o MVP, mas não abordaram a aceleração. ","1750963789342x740622417311039500","","","","","homero@recife.pe.gov.br"
"Existem soluções similares, mas a proposta considerou a realidade de Recife e as soluções já existentes, procurando cobrir as lacunas existentes no modelo atual de atendimento assistencial. Mas não abordou soluções de mercado similares e não apresentou a relação custo/benefício em relação a outras soluções de mercado.","1750963840538x709527632057466900","","","","","homero@recife.pe.gov.br"
"As tecnologias utilizadas para a solução do desafio são factíveis, fáceis de manter, largamente utilizadas no mercado e baixo custo.","1750963905243x917948856028364800","","","","","homero@recife.pe.gov.br"
"A solução é escalável, considerando as tecnologias utilizadas e a forma de aplicação na rede municipal de saúde","1750963948773x168407758455701500","","","","","homero@recife.pe.gov.br"
"Bem fundamentado observando as dores e resultados esperados no desafio e alinhado com a forma de trabalho e os sistemas já na rede municipal de saúde. Realizou a a estimativa de prazo e de investimento para o MVP, mas não considerou a aceleração, onde entrará custos adicionais como mensageria via Whatsapp. ","1750963985799x779631706475331600","","","","","homero@recife.pe.gov.br"
"Falro realizar o planejamento para a aceleração, ","1750964021001x386125084374335500","","","","","homero@recife.pe.gov.br"
"Falro realizar o planejamento para a aceleração, ","1750964021001x386125084374335500","","","","","homero@recife.pe.gov.br"
"","1750963737427x154850918931365900","","","","","moisesb@recife.pe.gov.br"
"","1750963789342x740622417311039500","","","","","moisesb@recife.pe.gov.br"
"","1750963840538x709527632057466900","","","","","moisesb@recife.pe.gov.br"
"","1750963905243x917948856028364800","","","","","moisesb@recife.pe.gov.br"
"","1750963948773x168407758455701500","","","","","moisesb@recife.pe.gov.br"
"","1750963985799x779631706475331600","","","","","moisesb@recife.pe.gov.br"
"","1750964021001x386125084374335500","","","","","moisesb@recife.pe.gov.br"
"","1750963737427x154850918931365900","","","","","moisesb@recife.pe.gov.br"
"","1750963789342x740622417311039500","","","","","moisesb@recife.pe.gov.br"
"","1750963840538x709527632057466900","","","","","moisesb@recife.pe.gov.br"
"","1750963905243x917948856028364800","","","","","moisesb@recife.pe.gov.br"
"","1750963948773x168407758455701500","","","","","moisesb@recife.pe.gov.br"
"","1750963985799x779631706475331600","","","","","moisesb@recife.pe.gov.br"
"","1750964021001x386125084374335500","","","","","moisesb@recife.pe.gov.br"
"","1750963737427x154850918931365900","","","","","moisesb@recife.pe.gov.br"
"","1750963789342x740622417311039500","","","","","moisesb@recife.pe.gov.br"
"","1750963840538x709527632057466900","","","","","moisesb@recife.pe.gov.br"
"","1750963905243x917948856028364800","","","","","moisesb@recife.pe.gov.br"
"","1750963948773x168407758455701500","","","","","moisesb@recife.pe.gov.br"
"","1750963985799x779631706475331600","","","","","moisesb@recife.pe.gov.br"
"","1750964021001x386125084374335500","","","","","moisesb@recife.pe.gov.br"
"","1750964021001x386125084374335500","","","","","moisesb@recife.pe.gov.br"
"","1750963737427x154850918931365900","","","","","moisesb@recife.pe.gov.br"
"","1750963789342x740622417311039500","","","","","moisesb@recife.pe.gov.br"
"","1750963840538x709527632057466900","","","","","moisesb@recife.pe.gov.br"
"","1750963905243x917948856028364800","","","","","moisesb@recife.pe.gov.br"
"","1750963905243x917948856028364800","","","","","moisesb@recife.pe.gov.br"
"","1750963948773x168407758455701500","","","","","moisesb@recife.pe.gov.br"
"","1750963985799x779631706475331600","","","","","moisesb@recife.pe.gov.br"
"","1750963905243x917948856028364800","","","","","moisesb@recife.pe.gov.br"
"","1750964021001x386125084374335500","","","","","moisesb@recife.pe.gov.br"
"","1750963737427x154850918931365900","","","","","moisesb@recife.pe.gov.br"
"","1750963789342x740622417311039500","","","","","moisesb@recife.pe.gov.br"
"","1750963840538x709527632057466900","","","","","moisesb@recife.pe.gov.br"
"","1750963905243x917948856028364800","","","","","moisesb@recife.pe.gov.br"
"","1750963948773x168407758455701500","","","","","moisesb@recife.pe.gov.br"
"","1750963985799x779631706475331600","","","","","moisesb@recife.pe.gov.br"
"","1750964021001x386125084374335500","","","","","moisesb@recife.pe.gov.br"
"","1750963737427x154850918931365900","","","","","moisesb@recife.pe.gov.br"
"","1750963789342x740622417311039500","","","","","moisesb@recife.pe.gov.br"
"","1750963840538x709527632057466900","","","","","moisesb@recife.pe.gov.br"
"","1750963905243x917948856028364800","","","","","moisesb@recife.pe.gov.br"
"","1750963948773x168407758455701500","","","","","moisesb@recife.pe.gov.br"
"","1750963985799x779631706475331600","","","","","moisesb@recife.pe.gov.br"
"","1750964021001x386125084374335500","","","","","moisesb@recife.pe.gov.br"
"","1750963737427x154850918931365900","","","","","moisesb@recife.pe.gov.br"
"","1750963789342x740622417311039500","","","","","moisesb@recife.pe.gov.br"
"","1750963840538x709527632057466900","","","","","moisesb@recife.pe.gov.br"
"","1750963905243x917948856028364800","","","","","moisesb@recife.pe.gov.br"
"","1750963948773x168407758455701500","","","","","moisesb@recife.pe.gov.br"
"","1750963985799x779631706475331600","","","","","moisesb@recife.pe.gov.br"
"","1750964021001x386125084374335500","","","","","moisesb@recife.pe.gov.br"
"","1750965024848x176365381922324480","","","","","rafael.paula@recife.pe.gov.br"
"","1750965055572x808870400252969000","","","","","rafael.paula@recife.pe.gov.br"
"","1750965084733x626654352174481400","","","","","rafael.paula@recife.pe.gov.br"
"","1750965113035x319882309975408640","","","","","rafael.paula@recife.pe.gov.br"
"","1750965138894x984751957414510600","","","","","rafael.paula@recife.pe.gov.br"
"","1750965182829x394638459540865000","","","","","rafael.paula@recife.pe.gov.br"
"","1750965208004x798693044226097200","","","","","rafael.paula@recife.pe.gov.br"
"","1750963737427x154850918931365900","","","","","moisesb@recife.pe.gov.br"
"","1750963789342x740622417311039500","","","","","moisesb@recife.pe.gov.br"
"","1750963840538x709527632057466900","","","","","moisesb@recife.pe.gov.br"
"","1750963905243x917948856028364800","","","","","moisesb@recife.pe.gov.br"
"","1750963948773x168407758455701500","","","","","moisesb@recife.pe.gov.br"
"","1750963985799x779631706475331600","","","","","moisesb@recife.pe.gov.br"
"","1750964021001x386125084374335500","","","","","moisesb@recife.pe.gov.br"
"","1750964093459x744066598213779500","","","","","algdb@hotmail.com"
"","1750964093459x744066598213779500","","","","","algdb@hotmail.com"
"","1750964093459x744066598213779500","","","","","algdb@hotmail.com"
"","1750964123293x533403006340956160","","","","","algdb@hotmail.com"
"","1750964164453x640714698106077200","","","","","algdb@hotmail.com"
"","1750964164453x640714698106077200","","","","","algdb@hotmail.com"
"","1750964200955x735368502759129100","","","","","algdb@hotmail.com"
"","1750964240693x680085200583000000","","","","","algdb@hotmail.com"
"","1750964288518x514121274137509900","","","","","algdb@hotmail.com"
"","1750964376988x869254656989331500","","","","","algdb@hotmail.com"
"","1750964093459x744066598213779500","","","","","algdb@hotmail.com"
"","1750964123293x533403006340956160","","","","","algdb@hotmail.com"
"","1750964164453x640714698106077200","","","","","algdb@hotmail.com"
"","1750964200955x735368502759129100","","","","","algdb@hotmail.com"
"","1750964240693x680085200583000000","","","","","algdb@hotmail.com"
"","1750964288518x514121274137509900","","","","","algdb@hotmail.com"
"","1750964376988x869254656989331500","","","","","algdb@hotmail.com"
"","1750964093459x744066598213779500","","","","","algdb@hotmail.com"
"","1750964123293x533403006340956160","","","","","algdb@hotmail.com"
"","1750964164453x640714698106077200","","","","","algdb@hotmail.com"
"","1750964200955x735368502759129100","","","","","algdb@hotmail.com"
"","1750964240693x680085200583000000","","","","","algdb@hotmail.com"
"","1750964240693x680085200583000000","","","","","algdb@hotmail.com"
"","1750964288518x514121274137509900","","","","","algdb@hotmail.com"
"","1750964376988x869254656989331500","","","","","algdb@hotmail.com"
"","1750964376988x869254656989331500","","","","","algdb@hotmail.com"
"","1750964093459x744066598213779500","","","","","algdb@hotmail.com"
"","1750964123293x533403006340956160","","","","","algdb@hotmail.com"
"","1750964164453x640714698106077200","","","","","algdb@hotmail.com"
"","1750964200955x735368502759129100","","","","","algdb@hotmail.com"
"","1750964200955x735368502759129100","","","","","algdb@hotmail.com"
"","1750964240693x680085200583000000","","","","","algdb@hotmail.com"
"","1750964288518x514121274137509900","","","","","algdb@hotmail.com"
"","1750964376988x869254656989331500","","","","","algdb@hotmail.com"
"","1750965024848x176365381922324480","","","","","rafael.paula@recife.pe.gov.br"
"","1750965055572x808870400252969000","","","","","rafael.paula@recife.pe.gov.br"
"","1750965084733x626654352174481400","","","","","rafael.paula@recife.pe.gov.br"
"","1750965113035x319882309975408640","","","","","rafael.paula@recife.pe.gov.br"
"","1750965138894x984751957414510600","","","","","rafael.paula@recife.pe.gov.br"
"","1750965182829x394638459540865000","","","","","rafael.paula@recife.pe.gov.br"
"","1750965208004x798693044226097200","","","","","rafael.paula@recife.pe.gov.br"
"","1750964093459x744066598213779500","","","","","algdb@hotmail.com"
"","1750964123293x533403006340956160","","","","","algdb@hotmail.com"
"","1750964164453x640714698106077200","","","","","algdb@hotmail.com"
"","1750964200955x735368502759129100","","","","","algdb@hotmail.com"
"","1750964240693x680085200583000000","","","","","algdb@hotmail.com"
"","1750964288518x514121274137509900","","","","","algdb@hotmail.com"
"","1750964376988x869254656989331500","","","","","algdb@hotmail.com"
"","1750963737427x154850918931365900","","","","","moisesb@recife.pe.gov.br"
"","1750964021001x386125084374335500","","","","","moisesb@recife.pe.gov.br"
"","1750964021001x386125084374335500","","","","","moisesb@recife.pe.gov.br"
"","1750963789342x740622417311039500","","","","","moisesb@recife.pe.gov.br"
"","1750963840538x709527632057466900","","","","","moisesb@recife.pe.gov.br"
"","1750963905243x917948856028364800","","","","","moisesb@recife.pe.gov.br"
"","1750963948773x168407758455701500","","","","","moisesb@recife.pe.gov.br"
"","1750963985799x779631706475331600","","","","","moisesb@recife.pe.gov.br"
"Seguindo o mesmo critério de avaliação, não existe nenhum produto apresentado para realizar um avaliação. ","1750965024848x176365381922324480","","","","","fernandosouza@recife.pe.gov.br"
"O projeto apresenta certa viabilidade, mas o modelo de negócio não está completamente estruturado nos documentos fornecidos. ","1750965055572x808870400252969000","","","","","fernandosouza@recife.pe.gov.br"
"A ideia da  Visão e Ritmo, mesmo sem apresentar o produto, apresenta uma considerável relação custo x benefício quando comparada às alternativas existentes no mercado.","1750965084733x626654352174481400","","","","","fernandosouza@recife.pe.gov.br"
"De acordo com a proposta, mesmo sem apresentar um protótipo, as tecnologias não são difíceis de manter, pois são soluções que já estão vigentes no mercado e disponíveis há bastante tempo.","1750965113035x319882309975408640","","","","","fernandosouza@recife.pe.gov.br"
"A proposta pode ser escalável, aplicativos mobile podem ter milhões de usuários. Pelo que entendi o áudio vai ser processado localmente no hardware e não depende de instalações de beacons ou equipamentos.","1750965138894x984751957414510600","","","","","fernandosouza@recife.pe.gov.br"
"O formulário apresenta boa fundamentação com informações consistentes e bem estruturadas, mas com algumas lacunas:

Faltou explanar sobre a experiência técnica da equipe, arquitetura do sistema e estratégias de testes.","1750965182829x394638459540865000","","","","","fernandosouza@recife.pe.gov.br"
"O cronograma não está claro, apenas foi informado em vídeo que estará pronto no segundo semestre de 2025.","1750965208004x798693044226097200","","","","","fernandosouza@recife.pe.gov.br"
"","1750964093459x744066598213779500","","","","","algdb@hotmail.com"
"","1750964123293x533403006340956160","","","","","algdb@hotmail.com"
"","1750964164453x640714698106077200","","","","","algdb@hotmail.com"
"","1750964200955x735368502759129100","","","","","algdb@hotmail.com"
"","1750964240693x680085200583000000","","","","","algdb@hotmail.com"
"","1750964288518x514121274137509900","","","","","algdb@hotmail.com"
"","1750964376988x869254656989331500","","","","","algdb@hotmail.com"
"","1750964093459x744066598213779500","","","","","algdb@hotmail.com"
"","1750964123293x533403006340956160","","","","","algdb@hotmail.com"
"","1750964164453x640714698106077200","","","","","algdb@hotmail.com"
"","1750964200955x735368502759129100","","","","","algdb@hotmail.com"
"","1750964240693x680085200583000000","","","","","algdb@hotmail.com"
"","1750964288518x514121274137509900","","","","","algdb@hotmail.com"
"","1750964376988x869254656989331500","","","","","algdb@hotmail.com"
"A solução contribui para aumentar a autonomia das pessoas com deficiência visual, oferecendo recursos que facilitam a identificação de objetos e pessoas no ambiente, a leitura de textos e placas em tempo real, a descrição de ambientes e a detecção de obstáculos.

","1750965024848x176365381922324480","","","","","fernandosouza@recife.pe.gov.br"
"O documento do BoraVer apresenta uma descrição técnica do produto, mas não define claramente um modelo de negócio.","1750965055572x808870400252969000","","","","","fernandosouza@recife.pe.gov.br"
"","1750964093459x744066598213779500","","","","","algdb@hotmail.com"
"","1750964123293x533403006340956160","","","","","algdb@hotmail.com"
"","1750964164453x640714698106077200","","","","","algdb@hotmail.com"
"","1750964200955x735368502759129100","","","","","algdb@hotmail.com"
"","1750964240693x680085200583000000","","","","","algdb@hotmail.com"
"","1750964288518x514121274137509900","","","","","algdb@hotmail.com"
"Solução só daria retorno a Longo prazo","1750964376988x869254656989331500","","","","","algdb@hotmail.com"
"A solução funciona 100% offline, com baixo custo operacional, não depende de conectividade e não depende de big techs.

O BoraVer tem relação custo x benefício competitiva mas não superior às alternativas gratuitas existentes. O diferencial offline é excelente para um segmento específico.","1750965084733x626654352174481400","","","","","fernandosouza@recife.pe.gov.br"
"Tecnologias utilizadas são padrões de mercado, ela são amplamente utilizadas, com baixo custo e fáceis de manter.","1750965113035x319882309975408640","","","","","fernandosouza@recife.pe.gov.br"
"O projeto pode ser escalável, apps deste tipo permitem que vários usuários possam utilizar ao mesmo tempo, o desafio maior é preparar uma estrutura própria para suportar a escalabilidade.","1750965138894x984751957414510600","","","","","fernandosouza@recife.pe.gov.br"
"Descrição das tecnologias foram descritas, funcionalidades bem explicadas, cronograma realista com análise de concorrentes presente e com demonstração de protótipo funcional.","1750965182829x394638459540865000","","","","","fernandosouza@recife.pe.gov.br"
"O prazo para aceleração é de 1 ano, o que torna viável, entretanto, o tempo para o MVP é de 3 a 6 meses.","1750965208004x798693044226097200","","","","","fernandosouza@recife.pe.gov.br"
"","1750964093459x744066598213779500","","","","","algdb@hotmail.com"
"","1750964123293x533403006340956160","","","","","algdb@hotmail.com"
"","1750964164453x640714698106077200","","","","","algdb@hotmail.com"
"","1750964200955x735368502759129100","","","","","algdb@hotmail.com"
"","1750964240693x680085200583000000","","","","","algdb@hotmail.com"
"","1750964288518x514121274137509900","","","","","algdb@hotmail.com"
"","1750964376988x869254656989331500","","","","","algdb@hotmail.com"
"","1750965024848x176365381922324480","","","","","rafael.paula@recife.pe.gov.br"
"","1750965055572x808870400252969000","","","","","rafael.paula@recife.pe.gov.br"
"","1750965024848x176365381922324480","","","","","rafael.paula@recife.pe.gov.br"
"","1750965084733x626654352174481400","","","","","rafael.paula@recife.pe.gov.br"
"","1750965113035x319882309975408640","","","","","rafael.paula@recife.pe.gov.br"
"","1750965138894x984751957414510600","","","","","rafael.paula@recife.pe.gov.br"
"","1750965182829x394638459540865000","","","","","rafael.paula@recife.pe.gov.br"
"","1750965113035x319882309975408640","","","","","rafael.paula@recife.pe.gov.br"
"","1750965208004x798693044226097200","","","","","rafael.paula@recife.pe.gov.br"
"","1750964093459x744066598213779500","","","","","algdb@hotmail.com"
"","1750964123293x533403006340956160","","","","","algdb@hotmail.com"
"","1750964164453x640714698106077200","","","","","algdb@hotmail.com"
"","1750964200955x735368502759129100","","","","","algdb@hotmail.com"
"","1750964240693x680085200583000000","","","","","algdb@hotmail.com"
"","1750964288518x514121274137509900","","","","","algdb@hotmail.com"
"","1750964376988x869254656989331500","","","","","algdb@hotmail.com"
"","1750964093459x744066598213779500","","","","","algdb@hotmail.com"
"","1750964123293x533403006340956160","","","","","algdb@hotmail.com"
"","1750964164453x640714698106077200","","","","","algdb@hotmail.com"
"","1750964200955x735368502759129100","","","","","algdb@hotmail.com"
"","1750964240693x680085200583000000","","","","","algdb@hotmail.com"
"","1750964288518x514121274137509900","","","","","algdb@hotmail.com"
"","1750964376988x869254656989331500","","","","","algdb@hotmail.com"
"","1750964093459x744066598213779500","","","","","algdb@hotmail.com"
"","1750964123293x533403006340956160","","","","","algdb@hotmail.com"
"","1750964164453x640714698106077200","","","","","algdb@hotmail.com"
"","1750964200955x735368502759129100","","","","","algdb@hotmail.com"
"","1750964240693x680085200583000000","","","","","algdb@hotmail.com"
"","1750964288518x514121274137509900","","","","","algdb@hotmail.com"
"","1750964376988x869254656989331500","","","","","algdb@hotmail.com"
"","1750964093459x744066598213779500","","","","","algdb@hotmail.com"
"","1750964123293x533403006340956160","","","","","algdb@hotmail.com"
"","1750964164453x640714698106077200","","","","","algdb@hotmail.com"
"","1750964200955x735368502759129100","","","","","algdb@hotmail.com"
"","1750964240693x680085200583000000","","","","","algdb@hotmail.com"
"","1750964288518x514121274137509900","","","","","algdb@hotmail.com"
"","1750964376988x869254656989331500","","","","","algdb@hotmail.com"
"","1750964093459x744066598213779500","","","","","algdb@hotmail.com"
"","1750964123293x533403006340956160","","","","","algdb@hotmail.com"
"","1750964164453x640714698106077200","","","","","algdb@hotmail.com"
"","1750964200955x735368502759129100","","","","","algdb@hotmail.com"
"","1750964240693x680085200583000000","","","","","algdb@hotmail.com"
"","1750964288518x514121274137509900","","","","","algdb@hotmail.com"
"","1750964376988x869254656989331500","","","","","algdb@hotmail.com"
"","1750965024848x176365381922324480","","","","","rafael.paula@recife.pe.gov.br"
"","1750965055572x808870400252969000","","","","","rafael.paula@recife.pe.gov.br"
"","1750965084733x626654352174481400","","","","","rafael.paula@recife.pe.gov.br"
"","1750965113035x319882309975408640","","","","","rafael.paula@recife.pe.gov.br"
"","1750965138894x984751957414510600","","","","","rafael.paula@recife.pe.gov.br"
"","1750965182829x394638459540865000","","","","","rafael.paula@recife.pe.gov.br"
"","1750965208004x798693044226097200","","","","","rafael.paula@recife.pe.gov.br"
"","1750964093459x744066598213779500","","","","","tmendes00@gmail.com"
"","1750964123293x533403006340956160","","","","","tmendes00@gmail.com"
"","1750964164453x640714698106077200","","","","","tmendes00@gmail.com"
"","1750964200955x735368502759129100","","","","","tmendes00@gmail.com"
"","1750964240693x680085200583000000","","","","","tmendes00@gmail.com"
"","1750964288518x514121274137509900","","","","","tmendes00@gmail.com"
"","1750964376988x869254656989331500","","","","","tmendes00@gmail.com"
"","1750964093459x744066598213779500","","","","","algdb@hotmail.com"
"","1750964376988x869254656989331500","","","","","tmendes00@gmail.com"
"Não foi apresentado cronograma ou documento similar para análise.","1750964376988x869254656989331500","","","","","tmendes00@gmail.com"
"A solução apresentada é muito similar ao funcionamento do Conecta Recife, com a adição de uma inteligência para fazer avaliação dos dados.","1750964164453x640714698106077200","","","","","tmendes00@gmail.com"
"","1750963737427x154850918931365900","","","","","moisesb@recife.pe.gov.br"
"","1750963789342x740622417311039500","","","","","moisesb@recife.pe.gov.br"
"","1750963840538x709527632057466900","","","","","moisesb@recife.pe.gov.br"
"Hoje, a cidade do Recife possui um serviço de entrega voluntária sólido, inclusive com a implantação de grandes centros para recepção de todo tipo de material para descarte, as Ecoestações. A problemática maior está no enfrentamento ao descarte irregular.","1750964093459x744066598213779500","","","","","tmendes00@gmail.com"
"","1750964093459x744066598213779500","","","","","algdb@hotmail.com"
"","1750964123293x533403006340956160","","","","","algdb@hotmail.com"
"","1750964288518x514121274137509900","","","","","algdb@hotmail.com"
"A implantação da solução é viável, mas impacta de forma tímida no problema.","1750964123293x533403006340956160","","","","","tmendes00@gmail.com"
"","1750963789342x740622417311039500","","","","","moisesb@recife.pe.gov.br"
"Não foi apresentado centro de custo para a solução.","1750964164453x640714698106077200","","","","","tmendes00@gmail.com"
"","1750963905243x917948856028364800","","","","","moisesb@recife.pe.gov.br"
"","1750963737427x154850918931365900","","","","","moisesb@recife.pe.gov.br"
"","1750964200955x735368502759129100","","","","","tmendes00@gmail.com"
"","1750963948773x168407758455701500","","","","","moisesb@recife.pe.gov.br"
"","1750964123293x533403006340956160","","","","","algdb@hotmail.com"
"","1750963985799x779631706475331600","","","","","moisesb@recife.pe.gov.br"
"","1750964164453x640714698106077200","","","","","algdb@hotmail.com"
"","1750963985799x779631706475331600","","","","","moisesb@recife.pe.gov.br"
"","1750964200955x735368502759129100","","","","","algdb@hotmail.com"
"","1750964240693x680085200583000000","","","","","algdb@hotmail.com"
"","1750964021001x386125084374335500","","","","","moisesb@recife.pe.gov.br"
"","1750964288518x514121274137509900","","","","","algdb@hotmail.com"
"","1750964376988x869254656989331500","","","","","algdb@hotmail.com"
"","1750964240693x680085200583000000","","","","","tmendes00@gmail.com"
"","1750964021001x386125084374335500","","","","","moisesb@recife.pe.gov.br"
"","1750964093459x744066598213779500","","","","","algdb@hotmail.com"
"O material apresentado não possui detalhamento suficiente do escopo de implantação, não possui centro de custo, não possui etapas para execução, o que impossibilita a análise crítica do ponto.","1750964288518x514121274137509900","","","","","tmendes00@gmail.com"
"Não foi apresentado cronograma de implantação.","1750964376988x869254656989331500","","","","","tmendes00@gmail.com"
"","1750964093459x744066598213779500","","","","","algdb@hotmail.com"
"","1750964123293x533403006340956160","","","","","algdb@hotmail.com"
"","1750964200955x735368502759129100","","","","","algdb@hotmail.com"
"","1750964164453x640714698106077200","","","","","algdb@hotmail.com"
"","1750964240693x680085200583000000","","","","","algdb@hotmail.com"
"","1750965024848x176365381922324480","","","","","rafael.paula@recife.pe.gov.br"
"","1750965055572x808870400252969000","","","","","rafael.paula@recife.pe.gov.br"
"","1750964288518x514121274137509900","","","","","algdb@hotmail.com"
"","1750964376988x869254656989331500","","","","","algdb@hotmail.com"
"","1750965084733x626654352174481400","","","","","rafael.paula@recife.pe.gov.br"
"","1750965113035x319882309975408640","","","","","rafael.paula@recife.pe.gov.br"
"","1750965138894x984751957414510600","","","","","rafael.paula@recife.pe.gov.br"
"","1750965182829x394638459540865000","","","","","rafael.paula@recife.pe.gov.br"
"","1750965208004x798693044226097200","","","","","rafael.paula@recife.pe.gov.br"
"","1750964093459x744066598213779500","","","","","algdb@hotmail.com"
"","1750964123293x533403006340956160","","","","","algdb@hotmail.com"
"","1750964164453x640714698106077200","","","","","algdb@hotmail.com"
"","1750964200955x735368502759129100","","","","","algdb@hotmail.com"
"","1750964240693x680085200583000000","","","","","algdb@hotmail.com"
"","1750964288518x514121274137509900","","","","","algdb@hotmail.com"
"","1750963737427x154850918931365900","","","","","moisesb@recife.pe.gov.br"
"","1750964288518x514121274137509900","","","","","algdb@hotmail.com"
"","1750963789342x740622417311039500","","","","","moisesb@recife.pe.gov.br"
"","1750964376988x869254656989331500","","","","","algdb@hotmail.com"
"","1750963840538x709527632057466900","","","","","moisesb@recife.pe.gov.br"
"","1750963905243x917948856028364800","","","","","moisesb@recife.pe.gov.br"
"","1750963948773x168407758455701500","","","","","moisesb@recife.pe.gov.br"
"","1750963985799x779631706475331600","","","","","moisesb@recife.pe.gov.br"
"","1750964021001x386125084374335500","","","","","moisesb@recife.pe.gov.br"
"","1750965024848x176365381922324480","","","","","rafael.paula@recife.pe.gov.br"
"","1750965055572x808870400252969000","","","","","rafael.paula@recife.pe.gov.br"
"","1750965084733x626654352174481400","","","","","rafael.paula@recife.pe.gov.br"
"","1750965113035x319882309975408640","","","","","rafael.paula@recife.pe.gov.br"
"","1750965138894x984751957414510600","","","","","rafael.paula@recife.pe.gov.br"
"","1750965182829x394638459540865000","","","","","rafael.paula@recife.pe.gov.br"
"","1750965208004x798693044226097200","","","","","rafael.paula@recife.pe.gov.br"
"A solução apresentada não ataca o principal problema do descarte irregular, apesar de trazer melhorias para os equipamentos de descarte já existentes.","1750964093459x744066598213779500","","","","","tmendes00@gmail.com"
"","1750965024848x176365381922324480","","","","","rafael.paula@recife.pe.gov.br"
"","1750964123293x533403006340956160","","","","","tmendes00@gmail.com"
"","1750965024848x176365381922324480","","","","","rafael.paula@recife.pe.gov.br"
"","1750964164453x640714698106077200","","","","","tmendes00@gmail.com"
"","1750964200955x735368502759129100","","","","","tmendes00@gmail.com"
"","1750964240693x680085200583000000","","","","","tmendes00@gmail.com"
"","1750964093459x744066598213779500","","","","","algdb@hotmail.com"
"","1750964123293x533403006340956160","","","","","algdb@hotmail.com"
"","1750965024848x176365381922324480","","","","","rafael.paula@recife.pe.gov.br"
"","1750964093459x744066598213779500","","","","","algdb@hotmail.com"
"Apesar de haver alguns itens nos documentos que estão com limitação de acesso, em comparação com as demais soluções, apresentou um detalhamento melhor sobre a etapas de implantação e descrição da solução.","1750964288518x514121274137509900","","","","","tmendes00@gmail.com"
"","1750964164453x640714698106077200","","","","","algdb@hotmail.com"
"","1750964200955x735368502759129100","","","","","algdb@hotmail.com"
"","1750964240693x680085200583000000","","","","","algdb@hotmail.com"
"Não consegui ter acesso ao MVP por estar restrito.","1750964376988x869254656989331500","","","","","tmendes00@gmail.com"
"","1750964288518x514121274137509900","","","","","algdb@hotmail.com"
"","1750964376988x869254656989331500","","","","","algdb@hotmail.com"
"","1750965024848x176365381922324480","","","","","rafael.paula@recife.pe.gov.br"
"","1750964093459x744066598213779500","","","","","algdb@hotmail.com"
"","1750964123293x533403006340956160","","","","","algdb@hotmail.com"
"","1750964164453x640714698106077200","","","","","algdb@hotmail.com"
"","1750964200955x735368502759129100","","","","","algdb@hotmail.com"
"","1750964240693x680085200583000000","","","","","algdb@hotmail.com"
"","1750965024848x176365381922324480","","","","","rafael.paula@recife.pe.gov.br"
"","1750964288518x514121274137509900","","","","","algdb@hotmail.com"
"","1750964376988x869254656989331500","","","","","algdb@hotmail.com"
"","1750965024848x176365381922324480","","","","","rafael.paula@recife.pe.gov.br"
"","1750965024848x176365381922324480","","","","","rafael.paula@recife.pe.gov.br"
"","1750964093459x744066598213779500","","","","","algdb@hotmail.com"
"","1750965024848x176365381922324480","","","","","rafael.paula@recife.pe.gov.br"
"Isso precisa ser avaliado o custo financeiro e se na prática esses drones conseguem de fato cumprir a ideia","1750964123293x533403006340956160","","","","","algdb@hotmail.com"
"","1750964164453x640714698106077200","","","","","algdb@hotmail.com"
"","1750965024848x176365381922324480","","","","","rafael.paula@recife.pe.gov.br"
"","1750964200955x735368502759129100","","","","","algdb@hotmail.com"
"","1750964240693x680085200583000000","","","","","algdb@hotmail.com"
"","1750964288518x514121274137509900","","","","","algdb@hotmail.com"
"","1750964376988x869254656989331500","","","","","algdb@hotmail.com"
"","1750964376988x869254656989331500","","","","","algdb@hotmail.com"
"","1750965024848x176365381922324480","","","","","rafael.paula@recife.pe.gov.br"
"","1750965055572x808870400252969000","","","","","rafael.paula@recife.pe.gov.br"
"","1750965055572x808870400252969000","","","","","rafael.paula@recife.pe.gov.br"
"","1750965024848x176365381922324480","","","","","rafael.paula@recife.pe.gov.br"
"Apesar do componente de educação ser fundamental para sensibilização a respeito do manejo adequado dos resíduos, a solução proposta não engloba nenhuma ação de curto prazo para identificar ou coibir os descartes que já estão acontecendo.","1750964093459x744066598213779500","","","","","tmendes00@gmail.com"
"","1750965055572x808870400252969000","","","","","rafael.paula@recife.pe.gov.br"
"","1750965138894x984751957414510600","","","","","rafael.paula@recife.pe.gov.br"
"","1750964093459x744066598213779500","","","","","algdb@hotmail.com"
"","1750964123293x533403006340956160","","","","","algdb@hotmail.com"
"Aparentemente, a solução pode ser implementada, mas não foi apresentado um plano claro de implantação.","1750964123293x533403006340956160","","","","","tmendes00@gmail.com"
"","1750964164453x640714698106077200","","","","","algdb@hotmail.com"
"","1750964200955x735368502759129100","","","","","algdb@hotmail.com"
"","1750964240693x680085200583000000","","","","","algdb@hotmail.com"
"","1750964164453x640714698106077200","","","","","tmendes00@gmail.com"
"","1750964288518x514121274137509900","","","","","algdb@hotmail.com"
"","1750964376988x869254656989331500","","","","","algdb@hotmail.com"
"","1750964200955x735368502759129100","","","","","tmendes00@gmail.com"
"","1750964240693x680085200583000000","","","","","tmendes00@gmail.com"
"","1750965024848x176365381922324480","","","","","rafael.paula@recife.pe.gov.br"
"","1750964093459x744066598213779500","","","","","algdb@hotmail.com"
"","1750964164453x640714698106077200","","","","","algdb@hotmail.com"
"A documentação apresentada é bastante genérica, sem o detalhamento adequado para avaliar as etapas de implantação e os custos associados.","1750964288518x514121274137509900","","","","","tmendes00@gmail.com"
"","1750965055572x808870400252969000","","","","","rafael.paula@recife.pe.gov.br"
"O material não possui detalhamento suficiente para análise.","1750964376988x869254656989331500","","","","","tmendes00@gmail.com"
"","1750965113035x319882309975408640","","","","","rafael.paula@recife.pe.gov.br"
"","1750964093459x744066598213779500","","","","","algdb@hotmail.com"
"","1750964123293x533403006340956160","","","","","algdb@hotmail.com"
"","1750964164453x640714698106077200","","","","","algdb@hotmail.com"
"","1750964200955x735368502759129100","","","","","algdb@hotmail.com"
"","1750964240693x680085200583000000","","","","","algdb@hotmail.com"
"","1750964288518x514121274137509900","","","","","algdb@hotmail.com"
"","1750964376988x869254656989331500","","","","","algdb@hotmail.com"
"","1750964093459x744066598213779500","","","","","tmendes00@gmail.com"
"A ideia da solução é muito boa, mas não está embasada em documentação para sua efetivação.","1750964123293x533403006340956160","","","","","tmendes00@gmail.com"
"Na documentação apresentada, não há informação de custo para anáise.","1750964164453x640714698106077200","","","","","tmendes00@gmail.com"
"","1750964200955x735368502759129100","","","","","tmendes00@gmail.com"
"","1750964240693x680085200583000000","","","","","tmendes00@gmail.com"
"A ideia da solução para estar bem alinhada com a problemática apresenta, mas a documentação apresentada é superficial, quando existente.","1750964288518x514121274137509900","","","","","tmendes00@gmail.com"
"Os prazo de execução está em conformidade com a expectativa, mas não há credibilidade das informações, uma vez que a documentação é genérica.
","1750964376988x869254656989331500","","","","","tmendes00@gmail.com"
"","1750964093459x744066598213779500","","","","","algdb@hotmail.com"
"","1750964123293x533403006340956160","","","","","algdb@hotmail.com"
"","1750964164453x640714698106077200","","","","","algdb@hotmail.com"
"","1750964288518x514121274137509900","","","","","algdb@hotmail.com"
"","1750963737427x154850918931365900","","","","","moisesb@recife.pe.gov.br"
"","1750964200955x735368502759129100","","","","","algdb@hotmail.com"
"","1750964240693x680085200583000000","","","","","algdb@hotmail.com"
"","1750963789342x740622417311039500","","","","","moisesb@recife.pe.gov.br"
"","1750964376988x869254656989331500","","","","","algdb@hotmail.com"
"","1750964288518x514121274137509900","","","","","algdb@hotmail.com"
"","1750963840538x709527632057466900","","","","","moisesb@recife.pe.gov.br"
"","1750964240693x680085200583000000","","","","","algdb@hotmail.com"
"","1750964200955x735368502759129100","","","","","algdb@hotmail.com"
"","1750963905243x917948856028364800","","","","","moisesb@recife.pe.gov.br"
"","1750963948773x168407758455701500","","","","","moisesb@recife.pe.gov.br"
"","1750964093459x744066598213779500","","","","","algdb@hotmail.com"
"","1750963985799x779631706475331600","","","","","moisesb@recife.pe.gov.br"
"","1750964021001x386125084374335500","","","","","moisesb@recife.pe.gov.br"
"","1750965024848x176365381922324480","","","","","rafael.paula@recife.pe.gov.br"
"","1750965055572x808870400252969000","","","","","rafael.paula@recife.pe.gov.br"
"","1750965084733x626654352174481400","","","","","rafael.paula@recife.pe.gov.br"
"","1750965113035x319882309975408640","","","","","rafael.paula@recife.pe.gov.br"
"","1750965138894x984751957414510600","","","","","rafael.paula@recife.pe.gov.br"
"","1750965182829x394638459540865000","","","","","rafael.paula@recife.pe.gov.br"
"","1750965208004x798693044226097200","","","","","rafael.paula@recife.pe.gov.br"
"","1750965024848x176365381922324480","","","","","rafael.paula@recife.pe.gov.br"
"","1750965055572x808870400252969000","","","","","rafael.paula@recife.pe.gov.br"
"","1750965084733x626654352174481400","","","","","rafael.paula@recife.pe.gov.br"
"","1750965113035x319882309975408640","","","","","rafael.paula@recife.pe.gov.br"
"","1750965138894x984751957414510600","","","","","rafael.paula@recife.pe.gov.br"
"","1750965182829x394638459540865000","","","","","rafael.paula@recife.pe.gov.br"
"","1750965208004x798693044226097200","","","","","rafael.paula@recife.pe.gov.br"
"","1750963737427x154850918931365900","","","","","moisesb@recife.pe.gov.br"
"","1750963789342x740622417311039500","","","","","moisesb@recife.pe.gov.br"
"","1750963840538x709527632057466900","","","","","moisesb@recife.pe.gov.br"
"","1750963905243x917948856028364800","","","","","moisesb@recife.pe.gov.br"
"","1750963948773x168407758455701500","","","","","moisesb@recife.pe.gov.br"
"","1750963985799x779631706475331600","","","","","moisesb@recife.pe.gov.br"
"","1750964021001x386125084374335500","","","","","moisesb@recife.pe.gov.br"
"","1750964093459x744066598213779500","","","","","algdb@hotmail.com"
"","1750964123293x533403006340956160","","","","","algdb@hotmail.com"
"","1750964164453x640714698106077200","","","","","algdb@hotmail.com"
"","1750964200955x735368502759129100","","","","","algdb@hotmail.com"
"","1750964240693x680085200583000000","","","","","algdb@hotmail.com"
"","1750964288518x514121274137509900","","","","","algdb@hotmail.com"
"","1750964376988x869254656989331500","","","","","algdb@hotmail.com"
"","1750964288518x514121274137509900","","","","","algdb@hotmail.com"
"","1750964093459x744066598213779500","","","","","algdb@hotmail.com"
"","1750964123293x533403006340956160","","","","","algdb@hotmail.com"
"","1750964093459x744066598213779500","","","","","algdb@hotmail.com"
"","1750964164453x640714698106077200","","","","","algdb@hotmail.com"
"","1750964200955x735368502759129100","","","","","algdb@hotmail.com"
"","1750964240693x680085200583000000","","","","","algdb@hotmail.com"
"","1750964288518x514121274137509900","","","","","algdb@hotmail.com"
"","1750964376988x869254656989331500","","","","","algdb@hotmail.com"
"","1750964288518x514121274137509900","","","","","algdb@hotmail.com"
"Dentro da conceituação da proposta de transformação de resíduos plasticos e resíduos organicos em combustivel alternativo, não ficou muito cláro qial o procedimento. Seja por pirólise ou outro tipo de processo! Ou como seria a interação dos geradores de resíduos com a unidade de transformação ou as unidades de trnasformação. ","1750964491955x785552669767368700","","","","","cesararaujo569@gmail.com"
"Dentro da conceituação da proposta de transformação de resíduos plasticos e resíduos organicos em combustivel alternativo, não ficou muito cláro qial o procedimento. Seja por pirólise ou outro tipo de processo! Ou como seria a interação dos geradores de resíduos com a unidade de transformação ou as unidades de trnasformação. ","1750964491955x785552669767368700","","","","","cesararaujo569@gmail.com"
"Como trata-se de um projeto ainda em fase conseitual, não ficou evidente na proposta. Como avaliador, e ciente de processos similares existem, posso supor que é comercialmente viavel mas na proposta não está claro o modelo de negócio!","1750964556841x823259996282421200","","","","","cesararaujo569@gmail.com"
"A solução se apresenta como um caminho viavel, precisa definir melhor como seria o fluxo dos resíduos do ponto de geração o procedimento de recilcagem ou transformação em combustivel apontado na proposta. por esse motivo não atingiu nota maxima neste quesito. ","1750964491955x785552669767368700","","","","","cesararaujo569@gmail.com"
"Foram apontados 3 caminhos viaveis, amplamente conhecidos para a monetização. Conectando a proposta tecnologica com modelos de negácios existetens. portanto nota maxima neste quesito!","1750964556841x823259996282421200","","","","","cesararaujo569@gmail.com"
"","1750963737427x154850918931365900","","","","","moisesb@recife.pe.gov.br"
"","1750963789342x740622417311039500","","","","","moisesb@recife.pe.gov.br"
"","1750963840538x709527632057466900","","","","","moisesb@recife.pe.gov.br"
"","1750963905243x917948856028364800","","","","","moisesb@recife.pe.gov.br"
"","1750963948773x168407758455701500","","","","","moisesb@recife.pe.gov.br"
"","1750963985799x779631706475331600","","","","","moisesb@recife.pe.gov.br"
"","1750964021001x386125084374335500","","","","","moisesb@recife.pe.gov.br"
"Na proposta não foi apresentado diferenciais de custo X beneficio, entre os custos operacionais que o municipio tem, nos ultimos anos, e em como a proposta auxiliaria a reduzir ou apliar a eficiencia dos custos atuais com um beneficio maior para a gestão pública ou para o cidadão. ","1750964679578x869641551094218800","","","","","cesararaujo569@gmail.com"
"São tecnologias de alta complexidade que demanda o acompanhamento de equipe especializada, com alta qualificação. Para ajustes ou modificações demandaria ao município uma série de adaptações nos procedimentos já desenvolvidos. ","1750964847544x133562261901148160","","","","","cesararaujo569@gmail.com"
"As tecnologias apontadas são escalaveis, mas não deixa claro qual o minimo de recursos necessários para operar. ","1750964879420x736871818234429400","","","","","cesararaujo569@gmail.com"
"Na proposta não foi apresentado diferenciais de custo X beneficio, entre os custos operacionais que o municipio tem, nos ultimos anos, e em como a proposta auxiliaria a reduzir ou apliar a eficiencia dos custos atuais com um beneficio maior para a gestão pública ou para o cidadão. ","1750964679578x869641551094218800","","","","","cesararaujo569@gmail.com"
"A solução se apresenta como um caminho viavel, precisa definir melhor como seria o fluxo dos resíduos do ponto de geração o procedimento de recilcagem ou transformação em combustivel apontado na proposta. por esse motivo não atingiu nota maxima neste quesito. ","1750964491955x785552669767368700","","","","","cesararaujo569@gmail.com"
"Todo o Formulário foi prenchido. A proposta esta em nivel conceitual, e apresenta o minimo para a compreenção do leitor. Poderia ser mais extenso em informações sobre custos minimos ou exemplos hipotéticos de como seria a operação pratica da solução.","1750964907610x624510857100656600","","","","","cesararaujo569@gmail.com"
"Todo o Formulário foi prenchido. A proposta esta em nivel conceitual, e apresenta o minimo para a compreenção do leitor. Poderia ser mais extenso em informações sobre custos minimos ou exemplos hipotéticos de como seria a operação pratica da solução.","1750964907610x624510857100656600","","","","","cesararaujo569@gmail.com"
"A proposta esta em nivel conceitual, e apresenta o minimo para a compreenção do leitor. Poderia ser mais extenso em informações sobre prazos de execução mesmo que em cenários hipotéticos para ilustrar aos avaliadores. ","1750964932066x588568839318667300","","","","","cesararaujo569@gmail.com"
"","1750963737427x154850918931365900","","","","","moisesb@recife.pe.gov.br"
"","1750963789342x740622417311039500","","","","","moisesb@recife.pe.gov.br"
"","1750963840538x709527632057466900","","","","","moisesb@recife.pe.gov.br"
"","1750963905243x917948856028364800","","","","","moisesb@recife.pe.gov.br"
"","1750963948773x168407758455701500","","","","","moisesb@recife.pe.gov.br"
"","1750963948773x168407758455701500","","","","","moisesb@recife.pe.gov.br"
"","1750963985799x779631706475331600","","","","","moisesb@recife.pe.gov.br"
"","1750964021001x386125084374335500","","","","","moisesb@recife.pe.gov.br"
"","1750963737427x154850918931365900","","","","","moisesb@recife.pe.gov.br"
"","1750963789342x740622417311039500","","","","","moisesb@recife.pe.gov.br"
"","1750963840538x709527632057466900","","","","","moisesb@recife.pe.gov.br"
"","1750963905243x917948856028364800","","","","","moisesb@recife.pe.gov.br"
"","1750963905243x917948856028364800","","","","","moisesb@recife.pe.gov.br"
"","1750963948773x168407758455701500","","","","","moisesb@recife.pe.gov.br"
"","1750963985799x779631706475331600","","","","","moisesb@recife.pe.gov.br"
"","1750964021001x386125084374335500","","","","","moisesb@recife.pe.gov.br"
"","1750963737427x154850918931365900","","","","","moisesb@recife.pe.gov.br"
"","1750963789342x740622417311039500","","","","","moisesb@recife.pe.gov.br"
"","1750963840538x709527632057466900","","","","","moisesb@recife.pe.gov.br"
"","1750963905243x917948856028364800","","","","","moisesb@recife.pe.gov.br"
"","1750963948773x168407758455701500","","","","","moisesb@recife.pe.gov.br"
"","1750963985799x779631706475331600","","","","","moisesb@recife.pe.gov.br"
"","1750964021001x386125084374335500","","","","","moisesb@recife.pe.gov.br"
"A solução proposta foca em apenas um item gerador de resíduo e não resolve as dores e problemas destacados.","1750964093459x744066598213779500","","","","","viviane.kawashima@recife.pe.gov.br"
"Para o desafio proposto o modelo de negócio não faz sentido, se tornando inviável por esse motivo.","1750964123293x533403006340956160","","","","","viviane.kawashima@recife.pe.gov.br"
"Só foi apresentada uma ideia muito incipiente, sem destacar nenhum diferencial.","1750964164453x640714698106077200","","","","","viviane.kawashima@recife.pe.gov.br"
"Não foi explicitado como seria desenvolvido o produto/solução.","1750964200955x735368502759129100","","","","","viviane.kawashima@recife.pe.gov.br"
"Não é possível avaliar, pois não foi apresentada uma solução clara.","1750964240693x680085200583000000","","","","","viviane.kawashima@recife.pe.gov.br"
"Não é possível avaliar, pois não foi apresentada uma solução clara.","1750964240693x680085200583000000","","","","","viviane.kawashima@recife.pe.gov.br"
"Não foi enviado nenhum anexo e a ideia foi pouco explorada.","1750964288518x514121274137509900","","","","","viviane.kawashima@recife.pe.gov.br"
"Não foi evidenciado.","1750964376988x869254656989331500","","","","","viviane.kawashima@recife.pe.gov.br"
"","1750964093459x744066598213779500","","","","","viviane.kawashima@recife.pe.gov.br"
"","1750964123293x533403006340956160","","","","","viviane.kawashima@recife.pe.gov.br"
"","1750964164453x640714698106077200","","","","","viviane.kawashima@recife.pe.gov.br"
"","1750964200955x735368502759129100","","","","","viviane.kawashima@recife.pe.gov.br"
"","1750964200955x735368502759129100","","","","","viviane.kawashima@recife.pe.gov.br"
"","1750964240693x680085200583000000","","","","","viviane.kawashima@recife.pe.gov.br"
"","1750964288518x514121274137509900","","","","","viviane.kawashima@recife.pe.gov.br"
"","1750964376988x869254656989331500","","","","","viviane.kawashima@recife.pe.gov.br"
"","1750964093459x744066598213779500","","","","","viviane.kawashima@recife.pe.gov.br"
"","1750964123293x533403006340956160","","","","","viviane.kawashima@recife.pe.gov.br"
"","1750964164453x640714698106077200","","","","","viviane.kawashima@recife.pe.gov.br"
"","1750964200955x735368502759129100","","","","","viviane.kawashima@recife.pe.gov.br"
"","1750964240693x680085200583000000","","","","","viviane.kawashima@recife.pe.gov.br"
"","1750964288518x514121274137509900","","","","","viviane.kawashima@recife.pe.gov.br"
"","1750964376988x869254656989331500","","","","","viviane.kawashima@recife.pe.gov.br"
"","1750964093459x744066598213779500","","","","","viviane.kawashima@recife.pe.gov.br"
"","1750964123293x533403006340956160","","","","","viviane.kawashima@recife.pe.gov.br"
"","1750964164453x640714698106077200","","","","","viviane.kawashima@recife.pe.gov.br"
"","1750964200955x735368502759129100","","","","","viviane.kawashima@recife.pe.gov.br"
"","1750964240693x680085200583000000","","","","","viviane.kawashima@recife.pe.gov.br"
"","1750964240693x680085200583000000","","","","","viviane.kawashima@recife.pe.gov.br"
"","1750964288518x514121274137509900","","","","","viviane.kawashima@recife.pe.gov.br"
"","1750964376988x869254656989331500","","","","","viviane.kawashima@recife.pe.gov.br"
"A solução demonstra atuar numa parcela muito pequena do problema, não endereçando o cerne do desafio: o monitoramento e fiscalização do descarte irregular. A parte da solução destinada a monitoramento são os drones, que não é uma forma eficaz nem viável de monitorar vários pontos da cidade ao mesmo tempo. O uso das lixeiras seletivas com sensores ajudam no monitoramento do NÍVEL de volume de resíduos, que seria a logística de coleta do lixo, não no descarte irregular.","1750964093459x744066598213779500","","","","","viviane.kawashima@recife.pe.gov.br"
"A solução além de não endereçar corretamente o problema, seria inviável economicamente falando além de não ser escalável (uso de drones para realizar monitoramento). Além disso, não foi detalhado como seriam construídas as soluções imaginadas: no item das ecobarreiras, por exemplo, não são citados sequer os materiais utilizados ou seu mecanismo de funcionamento, além de não atuar na prevenção nem no monitoramento (atua na consequência, não na causa).","1750964123293x533403006340956160","","","","","viviane.kawashima@recife.pe.gov.br"
"Não existe nenhuma tecnologia inovadora e não foi demonstrado nenhum diferencial.","1750964164453x640714698106077200","","","","","viviane.kawashima@recife.pe.gov.br"
"As tecnologias empregadas não são viáveis ou não foram bem descritas/especificadas:
- Drones: alto custo, baixa cobertura e alcance, requer operador.
- Lixeiras seletivas: a tecnologia empregada não tem correlação com o monitoramento e fiscalização, mas sim com o nível de resíduos na lixeira.
- Ecobarreiras: só são citadas sem nenhuma especificação.
- App de denúncia: única parte viável, mas é o mais simples e fácil de ser empregado, dependendo da participação da população e não funcionando de forma automatizada, que é uma das dores do desafio.","1750964200955x735368502759129100","","","","","viviane.kawashima@recife.pe.gov.br"
"Parte da solução é escalável e outra parte não é. A parte que é escalável não soluciona o problema.","1750964240693x680085200583000000","","","","","viviane.kawashima@recife.pe.gov.br"
"O documento está carente de informações e o vídeo anexado não é um pitch da solução, é apenas um vídeo educativo e informativo sobre como funciona coleta seletiva.","1750964288518x514121274137509900","","","","","viviane.kawashima@recife.pe.gov.br"
"Além do cronograma estourar o prazo do MVP, não fica evidenciado o escopo de implantação do mesmo.","1750964376988x869254656989331500","","","","","viviane.kawashima@recife.pe.gov.br"
"A solução ajudaria a resolver parte do problema, já que o seu foco está na gestão de resíduos e economia circular. É provável que essa ação reduziria o descarte irregular de lixo domiciliar, mas dificilmente resolveria o descarte proveniente de construções, podas de árvore ou descarte de móveis e eletrodomésticos. Não foi demonstrada nenhuma solução tecnológica que realize o monitoramento em si, a plataforma apenas permitira integração com tais soluções, que seria o cerne do desafio.","1750964093459x744066598213779500","","","","","viviane.kawashima@recife.pe.gov.br"
"Alta maturidade, mas não endereça corretamente o desafio. Média viabilidade, considerando que o Recife opera com aplicativo e website próprios e únicos para interação com a população e a solução apresentada funciona no modelo white label.","1750964123293x533403006340956160","","","","","viviane.kawashima@recife.pe.gov.br"
"Não foram demonstrados os custos da solução, inviabilizando o julgamento deste critério.","1750964164453x640714698106077200","","","","","viviane.kawashima@recife.pe.gov.br"
"Tecnologia viável, mas não resolveria o desafio.","1750964200955x735368502759129100","","","","","viviane.kawashima@recife.pe.gov.br"
"Bastante escalável, apesar de não endereçar corretamente o desafio.","1750964240693x680085200583000000","","","","","viviane.kawashima@recife.pe.gov.br"
"Faltou demonstrar custos, prazo de implantação e a solução poderia incluir a parte do monitoramento e fiscalização como o desafio demanda.","1750964288518x514121274137509900","","","","","viviane.kawashima@recife.pe.gov.br"
"Não foi evidenciado nenhum prazo, mas é possível inferir que o prazo de implantação de uma ferramenta white label (que já está lançada) seja curto.","1750964376988x869254656989331500","","","","","viviane.kawashima@recife.pe.gov.br"
"A solução endereça as dores e resultados esperados do desafio. Foca na educação em saúde,  considera a realidade do SUS e atua na interação entre usuário e profissionais de saúde. Fez a proposta com base no MVP. Não apresentou o planejamento para a aceleração. ","1750963737427x154850918931365900","","","","","homero@recife.pe.gov.br"
"Focou no MVP, faltou a abordagem para a aceleração. Mas apresentou uma compreensão geral do problema e do público alvo. ","1750963789342x740622417311039500","","","","","homero@recife.pe.gov.br"
"Existem soluções similares no mercado. O diferencial proposto foi a adequação à dinânica e forma de funcionamento do SUS. ","1750963840538x709527632057466900","","","","","homero@recife.pe.gov.br"
"São tecnologias baseadas em softwares livres, IA e messageria. Não ficou claro se são tecnologias adotadas largamente no mercado. Tem o custo com uso de iA e Whatsapp.","1750963905243x917948856028364800","","","","","homero@recife.pe.gov.br"
"A solução apresentada tem um potencial para escalar para o público alvo do desafio, assim como para outros entes da federação.","1750963948773x168407758455701500","","","","","homero@recife.pe.gov.br"
"Boa fundamentação, cobrindo as dores e resultados esperados no desafio. Mas focou no MVP. Faltou apresentar estimativa de prazos e investimento para a aceleração. ","1750963985799x779631706475331600","","","","","homero@recife.pe.gov.br"
"Apresentou o prazo de entrega para o MVP, mas faltou apresentar para a aceleração. ","1750964021001x386125084374335500","","","","","homero@recife.pe.gov.br"
"São tecnologias baseadas em softwares livres, IA e messageria. Não ficou claro se são tecnologias adotadas largamente no mercado. Tem o custo com uso de iA e Whatsapp.","1750963905243x917948856028364800","","","","","homero@recife.pe.gov.br"
"A solução endereça as dores e resultados esperados do desafio. Foca na educação em saúde,  considera a realidade do SUS e atua na interação entre usuário e profissionais de saúde. ","1750963737427x154850918931365900","","","","","homero@recife.pe.gov.br"
"","1750963737427x154850918931365900","","","","","moisesb@recife.pe.gov.br"
"","1750963789342x740622417311039500","","","","","moisesb@recife.pe.gov.br"
"","1750963840538x709527632057466900","","","","","moisesb@recife.pe.gov.br"
"","1750963905243x917948856028364800","","","","","moisesb@recife.pe.gov.br"
"","1750963948773x168407758455701500","","","","","moisesb@recife.pe.gov.br"
"","1750963985799x779631706475331600","","","","","moisesb@recife.pe.gov.br"
"A solução endereça uma parte das dores e resultados esperados do desafio, considera a realidade do SUS e atua na interação entre usuário e profissionais de saúde. ","1750963737427x154850918931365900","","","","","homero@recife.pe.gov.br"
"Apresentou o orçamento global do projeto, mas faltou fazer o recorte para o MVP. Não separou o investimento ao longo do tempo. ","1750963789342x740622417311039500","","","","","homero@recife.pe.gov.br"
"Existem soluções similares, mas apresentou o diferencial de plugin para integração com o PEC e-SUS APS reduzindo a necessidade de inserção de novas ferramentas para as equipes. Não abordou a relação custo/benefício em relação às outras soluções.","1750963840538x709527632057466900","","","","","homero@recife.pe.gov.br"
"A solução endereça uma parte das dores e resultados esperados do desafio, considera a realidade do SUS e atua na interação entre usuário e profissionais de saúde. Entretanto não explorou bem como se dará a interação com usuário. ","1750963737427x154850918931365900","","","","","homero@recife.pe.gov.br"
"As tecnologias utilizadas para a solução do desafio são factíveis, fáceis de manter, padrão de mercado e de baixo custo.","1750963905243x917948856028364800","","","","","homero@recife.pe.gov.br"
"A solução proposta tem grande potencial de escalabilidade para o público alvo do desafio e para outros entes da federação. ","1750963948773x168407758455701500","","","","","homero@recife.pe.gov.br"
"Apresentou uma boa fundamentação, identificando as dores, resultados esperados, investimento a ser realizado, tecnologias a serem utilizadas, mas faltou fazer o planejamento ao longo do tempo e detalhar melhor as funcionalidades para os usuários e profissionais de saúde. ","1750963985799x779631706475331600","","","","","homero@recife.pe.gov.br"
"Faltou apresentar o planejamento das entregas ao longo do tempo. Não fez o recorte do MVP. ","1750964021001x386125084374335500","","","","","homero@recife.pe.gov.br"
"A solução proposta para Recife endereça as dores e resultados esperados e contribui para eficência e economia para administração pública. ","1750963737427x154850918931365900","","","","","homero@recife.pe.gov.br"
"Apresentou diversas iniciativas do proponente em outros órgãos e a estimativa de investimento para o MVP. Mas não abordou com maior profundidade o modelo negócios para o desafio de Recife. ","1750963789342x740622417311039500","","","","","homero@recife.pe.gov.br"
"Não apresentou a relação custo/benefício em relação às alternativas similares de mercado, mas apresentou os diferenciais da solução proposta. ","1750963840538x709527632057466900","","","","","homero@recife.pe.gov.br"
"As tecnologias utilizadas para a solução do desafio são factíveis, com um grau de manutenção estimado de médio de alto, padrão de mercado e com um custo de IA e messageria. ","1750963905243x917948856028364800","","","","","homero@recife.pe.gov.br"
"A solução tem potencial de escalabilidade para o público alvo do desafio e para adoção em outros entes da federação, ","1750963948773x168407758455701500","","","","","homero@recife.pe.gov.br"
"A submissão apresentou a proposta para o desafio no pitch e anexou vários documentos sem relação direta com o desafio. Faltou informar o invetimento e planejamento para a aceleração. ","1750963985799x779631706475331600","","","","","homero@recife.pe.gov.br"
"Apresentou o planejamento para o MVP de forma adequada, mas faltou apresentar o planejamento para a aceleração. ","1750964021001x386125084374335500","","","","","homero@recife.pe.gov.br"
"Apresentou o planejamento para o MVP de forma adequada, mas faltou apresentar o planejamento para a aceleração. ","1750964021001x386125084374335500","","","","","homero@recife.pe.gov.br"
"Apresentou diversas iniciativas do proponente em outros órgãos e a estimativa de investimento para o MVP. Mas não abordou com maior profundidade o modelo negócios para o desafio de Recife. ","1750963789342x740622417311039500","","","","","homero@recife.pe.gov.br"
"Apresentou diversas iniciativas do proponente em outros órgãos e a estimativa de investimento para o MVP. ","1750963789342x740622417311039500","","","","","homero@recife.pe.gov.br"
"A solução endereça parte da solução, com a abordagem de aplicativo para o cidadão e dashboard para a administração pública. ","1750963737427x154850918931365900","","","","","homero@recife.pe.gov.br"
"Só apresentou a estimativa de investimento para o MVP.","1750963789342x740622417311039500","","","","","homero@recife.pe.gov.br"
"Informou que existem soluções similares, mas custosas. Não apresentou a relação custo/benfício. ","1750963840538x709527632057466900","","","","","homero@recife.pe.gov.br"
"Não apresentou as tecnologias que pretende utilizar para a implementação da solução, mas citou que será um aplicativo para o usuário, um dashboard para os profissionais de saúde, com uso de IA. ","1750963905243x917948856028364800","","","","","homero@recife.pe.gov.br"
"Como não apresentou as teconologias que serão adotadas, comprometeu a análise. Mas considerando o conjunto da solução proposta, avaliamos com potencial para ser escalável. ","1750963948773x168407758455701500","","","","","homero@recife.pe.gov.br"
"Boa fundamentação, demonstrando ter compreendido o que propõe o desafio e propondo uma solução para endereçar parte das dores e resultados esperados. Focou no MVP, faltando abordar a aceleração e não detalhou as tecnologias a serem utilizadas. ","1750963985799x779631706475331600","","","","","homero@recife.pe.gov.br"
"Focou no MVP, faltando abordar a aceleração. Estimou o tempo do MVP superior ao estabelecido para o desafio. ","1750964021001x386125084374335500","","","","","homero@recife.pe.gov.br"
"Endereça boa parte das dores e resultados esperados. Educação em saúde, monitoramento, autocuidado, integração com equipes de profissionais de saúde. Não abordou o Instrumento para identificar as pessoas com Hipertensão Arterial Sistêmica (HAS) e/ou Diabetes Mellitus (DM), viabilizando o diagnóstico em tempo oportuno; nem como tratar as solicitações de teleconsultorias nas especialidades relacionadas ao cuidado de HAS e DM. ","1750963737427x154850918931365900","","","","","homero@recife.pe.gov.br"
"Apresentou o investimento para o MVP como um todo e as formas de captação de recursos, mas não detalhou o investimento ao longo do tempo, fazendo, pelo menos a separação do MVP com a aceleração. ","1750963789342x740622417311039500","","","","","homero@recife.pe.gov.br"
"Não citou, mas existem alternatimas similares no mercado. ","1750963840538x709527632057466900","","","","","homero@recife.pe.gov.br"
"A proposta combina tecnologias simples (WhatsApp, OCR, IA para voz e texto) com uma arquitetura baseada em banco de dados, APIs e dashboards. Mas não especificou quais plataformas serão utilizadas. ","1750963905243x917948856028364800","","","","","homero@recife.pe.gov.br"
"Considerando que a proposta combina tecnologias simples (WhatsApp, OCR, IA para voz e texto) com uma arquitetura baseada em banco de dados, APIs e dashboards, tem boa capacidade de escalabilidade.","1750963948773x168407758455701500","","","","","homero@recife.pe.gov.br"
"A solução proposta foi bem fundamentada, mas faltou apresentar de forma mais detalhada as tecnologias envolvidas e planelamento ao longo do tempo, separando as atividades a serem executadas durante o MVP e a aceleração. ","1750963985799x779631706475331600","","","","","homero@recife.pe.gov.br"
"Faltou apresentar planelamento ao longo do tempo, separando as atividades a serem executadas durante o MVP e durante a aceleração. ","1750964021001x386125084374335500","","","","","homero@recife.pe.gov.br"
"Endereça boa parte das dores e resultados esperados. Monitoramento, autocuidado, integração com equipes de profissionais de saúde. Não abordou o Instrumento para identificar as pessoas com Hipertensão Arterial Sistêmica (HAS) e/ou Diabetes Mellitus (DM), viabilizando o diagnóstico em tempo oportuno; nem como tratar as solicitações de teleconsultorias nas especialidades relacionadas ao cuidado de HAS e DM. ","1750963737427x154850918931365900","","","","","homero@recife.pe.gov.br"
"Não foi apresentado.","1750963789342x740622417311039500","","","","","homero@recife.pe.gov.br"
"Apresentou o diferencial da solução proposta em relação a outras soluções de mercado. Não apresentou A relação custo x benefício","1750963840538x709527632057466900","","","","","homero@recife.pe.gov.br"
"A proposta de solução irá utilizar como plataformas o Whatsapp, IA e um dashboad, mas não especificou as teconologias envolvidas. ","1750963905243x917948856028364800","","","","","homero@recife.pe.gov.br"
"Em função das tecnologias envolvidas a solução deve ter um bom grau de escalabilidade. Mas como não aprofundou nas funcionalidades, tecologias e processo de trabalho, ficou a desejar uma avaliação mais completa em relação à escalabilidade da solução proposta. ","1750963948773x168407758455701500","","","","","homero@recife.pe.gov.br"
"A fundamentação foi superficial com a apresentação de ideias gerais, sem aprofundar melhor na solução, processos, prazos e estimativa de investimento. ","1750963985799x779631706475331600","","","","","homero@recife.pe.gov.br"
"Não foi apresentado estimativa de prazo. ","1750964021001x386125084374335500","","","","","homero@recife.pe.gov.br"
"A solução proposta endereça, praticamente, todas as dores e resulsultados esperados no desafio.","1750963737427x154850918931365900","","","","","homero@recife.pe.gov.br"
"Foi apresentado um modelo de negócios com estimativa de prazos e investimentos, que precisam se ajustados ao MVP e aceleração. Mas que, no cômputo geral, estão dentro do escopo do desafio","1750963789342x740622417311039500","","","","","homero@recife.pe.gov.br"
"Existem soluções similares, mas a proposta foi desenhada com foco nas dores e resultados esperados no desafio e na realidade do SUS. ","1750963840538x709527632057466900","","","","","homero@recife.pe.gov.br"
"Citou que irá utilizar uma plataforma de chat (whatsapp), IA, Dashboards, integrações, interoperabilidade, sistemas na WEB, integração dispositivos do tipo POCT, para mas não especificou ferramentas, softwares e tecnologias que irá utilizar o desenvolvimento e suportar a solução.  ","1750963905243x917948856028364800","","","","","homero@recife.pe.gov.br"
"Considerando utilizar uma plataforma de chat (whatsapp), IA, Dashboards, interoperabilidade, sistemas na WEB, integração dispositivos do tipo POCT, podemos avaliar como boa probabilidade de escalar a solução para o público alvo do desafio e para outros entes da federação.","1750963948773x168407758455701500","","","","","homero@recife.pe.gov.br"
"Excelente fundamentação, contemplando praticamente todas as informações solicitadas.","1750963985799x779631706475331600","","","","","homero@recife.pe.gov.br"
"Prazos dos entregáveis apresentados, precisando um pequeno ajuste para o MVP, o que não compromete a proposta como um todo. ","1750964021001x386125084374335500","","","","","homero@recife.pe.gov.br"
"O aplicativo VisoWay ataca diretamente limitações de auxílios tradicionais. Ele identifica e descreve obstáculos que uma bengala não detecta (como objetos em alturas variadas) e fornecer um contexto ambiental detalhado que promove maior autonomia. Entretanto, a solução não substitui completamente a necessidade de outras ferramentas, como o a sensibilidade tátil de uma bengala para detecção imediata de piso ou a companhia de um cão-guia.

A solução tem como objetivo a inclusão social e o aumento da qualidade de vida de um grupo específico de cidadãos.","1750965024848x176365381922324480","","","","","fernandosouza@recife.pe.gov.br"
"Endereçou boa parte das dores e resultados esperados. Faltou endereçar as solicitações de teleconsultorias nas especialidades relacionadas ao cuidado de HAS e DM.   ","1750963737427x154850918931365900","","","","","homero@recife.pe.gov.br"
"Endereçou boa parte das dores e resultados esperados. Faltou endereçar as solicitações de teleconsultorias nas especialidades relacionadas ao cuidado de HAS e DM e dar uma atenção maior para a educação em saúde.","1750963737427x154850918931365900","","","","","homero@recife.pe.gov.br"
"Endereçou boa parte das dores e resultados esperados. Faltou endereçar as solicitações de teleconsultorias nas especialidades relacionadas ao cuidado de HAS e DM e dar uma atenção maior para a educação em saúde.","1750963737427x154850918931365900","","","","","homero@recife.pe.gov.br"
"O modelo de negócio se concentrou no MVP. Faltou ampliar para a aceleração de forma a contemplar o projeto como um todo. ","1750963789342x740622417311039500","","","","","homero@recife.pe.gov.br"
"O modelo de negócio será B2B, os exemplos utilizados foram varejistas e museus. Tanto museus como varejistas investem cada vez mais em iniciativas para fortalecer a marca e a lealdade do cliente. A viabilidade do projeto é possível, pois resolve uma necessidade real dos setores citados no vídeo. Um modelo de cobrança de taxas de licenciamento, assinaturas ou taxas de customização, podem gerar um valor agregado maior.","1750965055572x808870400252969000","","","","","fernandosouza@recife.pe.gov.br"
"Apresentou o diferencial da solução em relação às similares existentes no mercado, mas não fez a relação custo/benefício. ","1750963840538x709527632057466900","","","","","homero@recife.pe.gov.br"
"As tecnologias utilizadas para a solução do desafio são factíveis, fáceis de manter, padrão de mercado e de baixo custo,
","1750963905243x917948856028364800","","","","","homero@recife.pe.gov.br"
"A solução proposta tem um potencial alto de escalabilidade para atingir o público alvo do desafio e com potencial para expansão para outros entes da federação. ","1750963948773x168407758455701500","","","","","homero@recife.pe.gov.br"
"A proposta de solução VisioWay apresenta uma relação custo x benefício superior quando comparada às soluções equivalentes no mercado, especialmente ao considerarmos o seu modelo de negócio B2B (focado em museus e varejistas).

Aplicativos Gratuitos (Generalistas): Ferramentas como o Seeing AI da Microsoft ou o Be My Eyes são excelentes, mas possuem limitações. O Seeing AI é mais focado em descrições gerais de cenas e leitura de textos. O Be My Eyes depende da disponibilidade de voluntários e é mais utilizado para tarefas pontuais do que para navegação contínua. O benefício do VisioWay é superior por ser uma solução especialista e controlada para navegação em ambientes complexos.

Serviços com Agentes Humanos: Soluções como o Aira conectam o usuário a agentes humanos pagos que guiam o usuário em tempo real. Ele possui um custo elevado, geralmente através de assinaturas por minuto, tornando-o inviável para a maioria dos usuários e instituições.

Hardware Dedicado: Dispositivos como bengalas inteligentes (ex: WeWALK) ou câmeras vestíveis (ex: Orcam MyEye) oferecem funcionalidades importantes, mas implicam um alto custo de aquisição do hardware para o usuário final.

Sistemas baseados em Infraestrutura: Soluções como o NaviLens utilizam códigos QR especiais instalados no ambiente. É uma solução eficaz, mas requer um investimento na instalação e manutenção de uma infraestrutura física de etiquetas.","1750965084733x626654352174481400","","","","","fernandosouza@recife.pe.gov.br"
"A proposta foi bem fundamentada, abordou boa parte das informações requeridas, mas faltou considerar todas as etapas do desafio que contempla o MVP e aceleração. Focou apenas no MVP.","1750963985799x779631706475331600","","","","","homero@recife.pe.gov.br"
"Faltou considerar todas as etapas do desafio que contempla o MVP e aceleração. Focou apenas no MVP.","1750964021001x386125084374335500","","","","","homero@recife.pe.gov.br"
"Endereçou boa parte das dores e resultados esperados. Faltou endereçar as solicitações de teleconsultorias nas especialidades relacionadas ao cuidado de HAS e DM e dar uma atenção maior para a educação em saúde.","1750963737427x154850918931365900","","","","","homero@recife.pe.gov.br"
"As tecnologias propostas para o desenvolvimento do VisioWay são inteiramente factíveis, modernas e representam o padrão de mercado para a criação de soluções baseadas em inteligência artificial e aplicativos móveis.

A solução não depende de tecnologias experimentais ou de difícil aquisição. Pelo contrário, ela se baseia em um ecossistema tecnológico (Cloud, IA, Mobile) que, embora avançado, é amplamente utilizado e suportado.","1750965113035x319882309975408640","","","","","fernandosouza@recife.pe.gov.br"
"As tecnologias abordadas no projeto já são suportadas para escalabilidade, a utilização de um arquitetura em cloud permite que um número ilimitado de usuários possam usufruir do aplicativo.","1750965138894x984751957414510600","","","","","fernandosouza@recife.pe.gov.br"
"Os documentos analisados estão com qualidade, contém planejamento de custos e clareza quanto as soluções utilizadas. Existe uma apresentação da equipe e detalhamento de utilização da ferramenta. Entretanto, não há uma estratégia de como adquirir clientes prospectados e nem projeções de receitas.","1750965182829x394638459540865000","","","","","fernandosouza@recife.pe.gov.br"
"Não há menção de prazo para um MVP, apenas para solução da proposta que está dentro dos 12 meses requeridos pelo programa.","1750965208004x798693044226097200","","","","","fernandosouza@recife.pe.gov.br"
"Endereçou boa parte das dores e resultados esperados. Faltou dar uma atenção maior para a educação em saúde. Inclui a participação da família e conta com o apoio de um dispositivo para medicação remota de pressão arterial, glicemia e dispensação de medicamentos. ","1750963737427x154850918931365900","","","","","homero@recife.pe.gov.br"
"Não apresentou o modelo de negócios,","1750963789342x740622417311039500","","","","","homero@recife.pe.gov.br"
"","1750964093459x744066598213779500","","","","","ana.breda@recife.pe.gov.br"
"Não apresentou a relação custo/benefício 'não foi apresentada, mas apresentou o diferencial em relação a outras soluções existentes no mercado. ","1750963840538x709527632057466900","","","","","homero@recife.pe.gov.br"
"","1750964200955x735368502759129100","","","","","ana.breda@recife.pe.gov.br"
"As tecnologias utilizadas para a solução do desafio são factíveis, de baixo custo, fáceis de manter e padrão de mercado. A dúvida reside no dispositivo ""Anjo"", se robusto, fácil de manter, se tem custo acessível. 
","1750963905243x917948856028364800","","","","","homero@recife.pe.gov.br"
"A solução baseada em software e a ideia proposta são escaláveis. A dúvida reside no dispositivo ""Anjo"", se robusto, fácil de manter, se tem custo acessível. ","1750963948773x168407758455701500","","","","","homero@recife.pe.gov.br"
"A fundamentação deixou a desejar em alguns aspectos. Faltou o planejamento para o desafio com o todo, contenplando a estimativa de prazos e custos. Focou apenas no MVP. E faltou explorar melhor como se dará o processo de funcionamento nas unidades de saúde. ","1750963985799x779631706475331600","","","","","homero@recife.pe.gov.br"
"A fundamentação deixou a desejar em alguns aspectos. Faltou a informação da estimativa de investimento e explorar melhor como se dará o processo de funcionamento nas unidades de saúde. ","1750963985799x779631706475331600","","","","","homero@recife.pe.gov.br"
"Os prazos foram estimados em 4 fases, mas um pouco descasado do requirido pelo desafio (MVP + Aceleração) e carente de um maior detalhamento. ","1750964021001x386125084374335500","","","","","homero@recife.pe.gov.br"
"A relação custo/benefício 'não foi apresentada, mas apresentou o diferencial em relação a outras soluções existentes no mercado. ","1750963840538x709527632057466900","","","","","homero@recife.pe.gov.br"
"","1750964093459x744066598213779500","","","","","tmendes00@gmail.com"
"Não é possível avaliar o modelo de negócio, uma vez que na documentação apresentada não há nenhum detalhamento sobre a solução e nem sobre sua implantação, apenas uma ideia genérica.","1750964123293x533403006340956160","","","","","tmendes00@gmail.com"
"Não foi apresentado dados que permitam fazer essa análise.","1750964164453x640714698106077200","","","","","tmendes00@gmail.com"
"Não foi apresentado informações técnicas sobre a solução, apenas a ideia genérica.","1750964200955x735368502759129100","","","","","tmendes00@gmail.com"
"","1750964240693x680085200583000000","","","","","tmendes00@gmail.com"
"Só foi apresentado uma ideia genérica da solução, sem detalhamento sobre suas tecnologias e implantação.","1750964288518x514121274137509900","","","","","tmendes00@gmail.com"
"Não foi apresentado cronograma de implementação.","1750964376988x869254656989331500","","","","","tmendes00@gmail.com"
"","1750964093459x744066598213779500","","","","","tmendes00@gmail.com"
"","1750964123293x533403006340956160","","","","","tmendes00@gmail.com"
"","1750964164453x640714698106077200","","","","","tmendes00@gmail.com"
"","1750964200955x735368502759129100","","","","","tmendes00@gmail.com"
"","1750964240693x680085200583000000","","","","","tmendes00@gmail.com"
"","1750964288518x514121274137509900","","","","","tmendes00@gmail.com"
"","1750964376988x869254656989331500","","","","","tmendes00@gmail.com"
"","1750964093459x744066598213779500","","","","","tmendes00@gmail.com"
"","1750964123293x533403006340956160","","","","","tmendes00@gmail.com"
"","1750964164453x640714698106077200","","","","","tmendes00@gmail.com"
"","1750964200955x735368502759129100","","","","","tmendes00@gmail.com"
"","1750964240693x680085200583000000","","","","","tmendes00@gmail.com"
"","1750964288518x514121274137509900","","","","","tmendes00@gmail.com"
"","1750964376988x869254656989331500","","","","","tmendes00@gmail.com"
"O projeto CAIS se apresenta versátil e não se limita apenas aos semáforos. A tecnologia foi planejada para funcionar em espaços públicos e privados, o que aumenta o seu alcance na autonomia e inclusão social.","1750965024848x176365381922324480","","","","","fernandosouza@recife.pe.gov.br"
"","1750964093459x744066598213779500","","","","","tmendes00@gmail.com"
"","1750964123293x533403006340956160","","","","","tmendes00@gmail.com"
"","1750964164453x640714698106077200","","","","","tmendes00@gmail.com"
"","1750964200955x735368502759129100","","","","","tmendes00@gmail.com"
"","1750964240693x680085200583000000","","","","","tmendes00@gmail.com"
"","1750964288518x514121274137509900","","","","","tmendes00@gmail.com"
"","1750964376988x869254656989331500","","","","","tmendes00@gmail.com"
"","1750964093459x744066598213779500","","","","","tmendes00@gmail.com"
"","1750964123293x533403006340956160","","","","","tmendes00@gmail.com"
"","1750964164453x640714698106077200","","","","","tmendes00@gmail.com"
"","1750964200955x735368502759129100","","","","","tmendes00@gmail.com"
"","1750964240693x680085200583000000","","","","","tmendes00@gmail.com"
"","1750964288518x514121274137509900","","","","","tmendes00@gmail.com"
"","1750964376988x869254656989331500","","","","","tmendes00@gmail.com"
"O projeto apresenta um modelo de negócio com viabilidade para implementação. Ela está estruturada em um modelo para o setor público, onde a principal parceria e fonte de implementação seria a Prefeitura, com possibilidade de expansão para entidades privadas.

O projeto não recebe a nota máxima porque falta um plano detalhado de como ele se sustentará financeiramente no futuro. Os documentos focam apenas na busca por apoio para o desenvolvimento e implementação.","1750965055572x808870400252969000","","","","","fernandosouza@recife.pe.gov.br"
"Endereçou boa parte das dores e resultados esperados. Faltou abordar um Instrumento único onde possam ser identificadas as pessoas do território de abrangência da equipe da Atenção Básica, com Hipertensão Arterial Sistêmica (HAS) e/ou Diabetes Mellitus (DM), o risco cardiovascular, o nível do Modelo de Atenção às Doenças Crônicas, o acompanhamento e o status da resposta terapêutica.","1750963737427x154850918931365900","","","","","homero@recife.pe.gov.br"
"Não foi apresentado o modelo de negócios, ","1750963789342x740622417311039500","","","","","homero@recife.pe.gov.br"
"","1750964093459x744066598213779500","","","","","tmendes00@gmail.com"
"","1750964123293x533403006340956160","","","","","tmendes00@gmail.com"
"","1750964164453x640714698106077200","","","","","tmendes00@gmail.com"
"","1750964200955x735368502759129100","","","","","tmendes00@gmail.com"
"","1750964240693x680085200583000000","","","","","tmendes00@gmail.com"
"","1750964288518x514121274137509900","","","","","tmendes00@gmail.com"
"","1750964376988x869254656989331500","","","","","tmendes00@gmail.com"
"Fez o comparativo com algumas soluções similares, apresentou os diferenciais da solução proposta, mas não fez a relação custo/benefício. ","1750963840538x709527632057466900","","","","","homero@recife.pe.gov.br"
"Informou que terá um agente de IA, aplicativo para o cidadão, outro para os profissionais de saúde, dashboard para a os profissionais de saúde e gestão e conversação com os pacientes via whatsapp, mas não detalhou as tecnologias que serãoi utilizadas para desenvolver e suportar a solução. ","1750963905243x917948856028364800","","","","","homero@recife.pe.gov.br"
"","1750964093459x744066598213779500","","","","","tmendes00@gmail.com"
"","1750964123293x533403006340956160","","","","","tmendes00@gmail.com"
"","1750964164453x640714698106077200","","","","","tmendes00@gmail.com"
"","1750964200955x735368502759129100","","","","","tmendes00@gmail.com"
"","1750964240693x680085200583000000","","","","","tmendes00@gmail.com"
"","1750964288518x514121274137509900","","","","","tmendes00@gmail.com"
"","1750964376988x869254656989331500","","","","","tmendes00@gmail.com"
"De acordo com a ideia apresentada e os processos de trabalho apresentados, avaliamos como um bom grau escalabilidade","1750963948773x168407758455701500","","","","","homero@recife.pe.gov.br"
"A fundamentação algumas informações ficaram ausentes, como o modelo de negóciosm estimativa de investimento planejamento das entregas (prazos).","1750963985799x779631706475331600","","","","","homero@recife.pe.gov.br"
"Os prazos não foram apresentados.","1750964021001x386125084374335500","","","","","homero@recife.pe.gov.br"
"","1750964093459x744066598213779500","","","","","tmendes00@gmail.com"
"","1750964123293x533403006340956160","","","","","tmendes00@gmail.com"
"","1750964123293x533403006340956160","","","","","tmendes00@gmail.com"
"","1750964164453x640714698106077200","","","","","tmendes00@gmail.com"
"","1750964200955x735368502759129100","","","","","tmendes00@gmail.com"
"","1750964240693x680085200583000000","","","","","tmendes00@gmail.com"
"","1750964288518x514121274137509900","","","","","tmendes00@gmail.com"
"","1750964376988x869254656989331500","","","","","tmendes00@gmail.com"
"","1750963737427x154850918931365900","","","","","gustavo.godoy@recife.pe.gov.br"
"","1750963789342x740622417311039500","","","","","gustavo.godoy@recife.pe.gov.br"
"","1750963840538x709527632057466900","","","","","gustavo.godoy@recife.pe.gov.br"
"","1750963905243x917948856028364800","","","","","gustavo.godoy@recife.pe.gov.br"
"","1750963948773x168407758455701500","","","","","gustavo.godoy@recife.pe.gov.br"
"","1750963985799x779631706475331600","","","","","gustavo.godoy@recife.pe.gov.br"
"","1750964021001x386125084374335500","","","","","gustavo.godoy@recife.pe.gov.br"
"","1750964093459x744066598213779500","","","","","tmendes00@gmail.com"
"","1750964123293x533403006340956160","","","","","tmendes00@gmail.com"
"","1750964164453x640714698106077200","","","","","tmendes00@gmail.com"
"","1750964200955x735368502759129100","","","","","tmendes00@gmail.com"
"","1750964240693x680085200583000000","","","","","tmendes00@gmail.com"
"","1750964288518x514121274137509900","","","","","tmendes00@gmail.com"
"","1750964376988x869254656989331500","","","","","tmendes00@gmail.com"
"","1750964093459x744066598213779500","","","","","tmendes00@gmail.com"
"","1750964093459x744066598213779500","","","","","tmendes00@gmail.com"
"","1750964123293x533403006340956160","","","","","tmendes00@gmail.com"
"","1750964164453x640714698106077200","","","","","tmendes00@gmail.com"
"","1750964200955x735368502759129100","","","","","tmendes00@gmail.com"
"","1750964240693x680085200583000000","","","","","tmendes00@gmail.com"
"","1750964288518x514121274137509900","","","","","tmendes00@gmail.com"
"","1750964376988x869254656989331500","","","","","tmendes00@gmail.com"
"","1750964093459x744066598213779500","","","","","tmendes00@gmail.com"
"","1750964123293x533403006340956160","","","","","tmendes00@gmail.com"
"","1750964164453x640714698106077200","","","","","tmendes00@gmail.com"
"","1750964164453x640714698106077200","","","","","tmendes00@gmail.com"
"","1750964200955x735368502759129100","","","","","tmendes00@gmail.com"
"","1750964240693x680085200583000000","","","","","tmendes00@gmail.com"
"","1750964288518x514121274137509900","","","","","tmendes00@gmail.com"
"","1750964376988x869254656989331500","","","","","tmendes00@gmail.com"
"Tem uma solução pronta que endereça parte das dores e resultados esperados. É mais focada em planos de saúde. Propõe adaptar para a dinâmica e processos do setor público.","1750963737427x154850918931365900","","","","","homero@recife.pe.gov.br"
"Foi apresentado um modelo de negócios baseado em quantidade de usuários. ","1750963789342x740622417311039500","","","","","homero@recife.pe.gov.br"
"Não apresentou soluções similares, mas existem com melhor potencial de resolução do desafio proposto. ","1750963840538x709527632057466900","","","","","homero@recife.pe.gov.br"
"As tecnologias utilizadas para a solução do desafio são factíveis, fáceis de manter, padrão de mercado e de baixo custo.","1750963905243x917948856028364800","","","","","homero@recife.pe.gov.br"
"A solução proposta tem um bom nível de escalabilidade, tanto do ponto de vista da tecnologias, como do processo de trabalho proposto, apesar de precisar uma adequação para os processos e dinâmica da saúde pública (SUS).","1750963948773x168407758455701500","","","","","homero@recife.pe.gov.br"
"Apresentou um produto,  mas com pouca adequação para os requerimentos do desafio. ","1750963985799x779631706475331600","","","","","homero@recife.pe.gov.br"
"Foi apresentado um prazo sem detalhar o que será feito e descasado com o preconizado no marco legal das startups (MVP +Aceleração).","1750964021001x386125084374335500","","","","","homero@recife.pe.gov.br"
"A solução proposta apresenta uma boa relação custo-benefício quando comparada às opções equivalentes no mercado. A análise leva em conta tanto os custos de implementação e aquisição quanto o impacto e a qualidade do benefício gerado para o usuário e para a gestão pública.","1750965084733x626654352174481400","","","","","fernandosouza@recife.pe.gov.br"
"Endereça boa parte das dores e resultados esperados, mas faltou expolorar melhor a integração com os sistemas existentes.","1750963737427x154850918931365900","","","","","homero@recife.pe.gov.br"
"Foi apresentado um modelo de negócios com um investimento para o piloto, depois um valor mensal em função da quantidade de usuários. Carece um um aprofundamento maior. ","1750963789342x740622417311039500","","","","","homero@recife.pe.gov.br"
"As tecnologias utilizadas para a solução do desafio são factíveis. O projeto utiliza componentes eletrônicos que são, ao mesmo tempo, de baixo custo, padrão de mercado e fáceis de adquirir e manter.","1750965113035x319882309975408640","","","","","fernandosouza@recife.pe.gov.br"
"Fez o comparativo com soluções existentes no mercado e apresentou os diferenciais da solução proposta. Não apresentou a relação custo/benefício em relação às demais soluções, ","1750963840538x709527632057466900","","","","","homero@recife.pe.gov.br"
"As tecnologias utilizadas para a solução do desafio são factíveis, fáceis de manter, utilizadas no mercado.","1750963905243x917948856028364800","","","","","homero@recife.pe.gov.br"
"A solução é baseada em hardware simples e replicável, os componentes eletrônicos como ESP32 e os leitores RFID são padrão de mercado, produzidos em massa e de fácil aquisição.","1750965138894x984751957414510600","","","","","fernandosouza@recife.pe.gov.br"
"De acordo com a ideia apresentada e os processos de trabalho apresentados, avaliamos como um bom grau escalabilidade","1750963948773x168407758455701500","","","","","homero@recife.pe.gov.br"
"O formulário de inscrição, representado pelo conjunto de documentos fornecidos, foi bem fundamentado. A equipe apresentou uma proposta de solução de qualidade, com um pitch visualmente bem elaborado, detalhado e que aborda de forma consistente e aprofundada todos os pontos cruciais para a análise do projeto.","1750965182829x394638459540865000","","","","","fernandosouza@recife.pe.gov.br"
"Apresentou uma boa fundamentação com estimativas de prazo e investimento que carecem de um detalhamento maior. ","1750963985799x779631706475331600","","","","","homero@recife.pe.gov.br"
"Foi apresentada uma estimativa de prazo que precisa de um aprofundamento maior. ","1750964021001x386125084374335500","","","","","homero@recife.pe.gov.br"
"Não foram encontrados relatos em relação ao prazo de MVP e nem quanto a aceleração do produto.","1750965208004x798693044226097200","","","","","fernandosouza@recife.pe.gov.br"
"Solução se propõe a resolver boa párte do desafio proposto. ","1750963737427x154850918931365900","","","","","homero@recife.pe.gov.br"
"Não foi apresentado um modelo de negócios, nem a estimativa de investimento,","1750963789342x740622417311039500","","","","","homero@recife.pe.gov.br"
"Analisou outras alternativas de mercado, apresentou os diferenciais da solução proposta, mas não fez a relação custo/benefício.","1750963840538x709527632057466900","","","","","homero@recife.pe.gov.br"
"Informou que terá um agente de IA, dashboard para a os profissionais de saúde e gestão e conversação inteligente com os pacientes via whatsapp, mas não detalhou as tecnologias que serão utilizadas para desenvolver e suportar a solução. ","1750963905243x917948856028364800","","","","","homero@recife.pe.gov.br"
"De acordo com a ideia apresentada e os processos de trabalho apresentados, avaliamos como um bom grau escalabilidade","1750963948773x168407758455701500","","","","","homero@recife.pe.gov.br"
"A fundamentação carece das informações das estimativas de prazo e investimento. ","1750963985799x779631706475331600","","","","","homero@recife.pe.gov.br"
"Não foi apresentada a estimativa de prazo","1750964021001x386125084374335500","","","","","homero@recife.pe.gov.br"
"Não foi apresentada a estimativa de prazo","1750964021001x386125084374335500","","","","","homero@recife.pe.gov.br"
"A proposta não busca substituir a bengala, mas sim atuar como um complemento a ela, criando um sistema de navegação muito mais completo e seguro que aborda tanto o plano do chão quanto o espaço aéreo do usuário. Desta forma, o SenseWay ataca diretamente a causa-raiz da insegurança e dos acidentes mencionados.

O critério de ""geração de economia (dinheiro)"" é aplicável e mensurável neste caso, especialmente no que tange à economia com despesas de saúde pública por exemplo. ","1750965024848x176365381922324480","","","","","fernandosouza@recife.pe.gov.br"
"O projeto apresenta um modelo de negócio claro, estruturado e altamente viável, com pontos que sustentam seu potencial. o modelo de negócio é bem fundamentado, com uma estratégia clara, precificação competitiva e um plano de escalabilidade.","1750965055572x808870400252969000","","","","","fernandosouza@recife.pe.gov.br"
" A proposta de solução SenseWay apresenta uma relação custo x benefício potencialmente superior à das alternativas de mercado mencionadas no comparativo. A combinação de um preço acessível com uma solução robusta, desenvolvida localmente e em colaboração com o público-alvo, confere ao projeto uma ótima relação custo x benefício no mercado atual.","1750965084733x626654352174481400","","","","","fernandosouza@recife.pe.gov.br"
"As tecnologias selecionadas para o SenseWay são padrões de mercado, amplamente disponíveis, acessíveis e adequadas para o objetivo do produto, indicando factibilidade técnica e econômica.

Tecnologias como Sensores, IA, Bloetooth e mecanismos de feedback(vibração).","1750965113035x319882309975408640","","","","","fernandosouza@recife.pe.gov.br"
"Conforme o pitch, a solução foi concebida com a escalabilidade como um de seus pilares, o que se reflete na escolha da tecnologia, no modelo de produção e na estratégia de mercado.

O plano prevê uma ""produção escalável em parceria com associações e instituições"". Este modelo de parceria é uma boa estratégia para escalar a produção sem a necessidade de grandes investimentos iniciais em infraestrutura própria.","1750965138894x984751957414510600","","","","","fernandosouza@recife.pe.gov.br"
"A equipe apresentou uma proposta de solução extremamente bem fundamentada, com um pitch claro, coeso e que cobre todas as áreas essenciais para a avaliação de um novo projeto.","1750965182829x394638459540865000","","","","","fernandosouza@recife.pe.gov.br"
"O prazo informado pela equipe é perfeitamente compatível com as etapas e os prazos do ciclo de aceleração.

Compatibilidade com o Prazo do MVP (até 3 meses): A equipe informa que o projeto já se encontra no nível de maturidade TRL 6, com um ""protótipo testado em campo"". Um protótipo em TRL 6 já é, por definição, mais avançado que um MVP inicial. Portanto, a entrega de um produto viável em até 3 meses é uma meta realista e factível.

Compatibilidade com o Prazo de Aceleração (1 ano): A equipe estima que ""o ciclo de desenvolvimento para TRL 8 está estimado em 12 meses"". Este prazo de 12 meses para evoluir do protótipo atual (TRL 6) para um produto final qualificado e pronto para produção (TRL 8) se alinha exatamente com o período de 1 ano oferecido para a aceleração do produto.","1750965208004x798693044226097200","","","","","fernandosouza@recife.pe.gov.br"
"O desafio principal é a incapacidade de estudantes cegos ou com baixa visão de acessar conteúdo visual apresentado em tempo real durante as aulas (ex: anotações no quadro, gráficos, etc.). Isso cria uma barreira que impede a participação ativa e o aprendizado autônomo.

O Elucidar aborda este problema de forma direta ao capturar o vídeo da aula, processá-lo com Inteligência Artificial e entregar ao aluno uma descrição textual acessível do conteúdo visual e do áudio em tempo real. A demonstração prática com o tema ""funções afim"" reforça que a ferramenta é eficaz em um cenário real de sala de aula, interpretando equações e explicações do professor.","1750965024848x176365381922324480","","","","","fernandosouza@recife.pe.gov.br"
"A proposta se estrutura em um modelo B2G (Business-to-Government), onde a solução é vendida para a Administração Pública (como secretarias de educação municipais ou estaduais) em vez de para o usuário final. A solução ataca um problema social e educacional crítico: a exclusão de alunos com deficiência visual. Ao mesmo tempo, resolve um problema administrativo: o altíssimo custo das tecnologias alternativas. O projeto tem uma vantagem econômica em relação aos demais e que pode ser adotado pela administração pública.","1750965055572x808870400252969000","","","","","fernandosouza@recife.pe.gov.br"
"","1750963985799x779631706475331600","","","","","moisesb@recife.pe.gov.br"
"","1750964021001x386125084374335500","","","","","moisesb@recife.pe.gov.br"
"","1750964021001x386125084374335500","","","","","moisesb@recife.pe.gov.br"
"A solução proposta apresenta uma relação custo x benefício drasticamente superior à das opções equivalentes disponíveis no mercado como Orcam My Eye e a Magnifier da Apple.","1750965084733x626654352174481400","","","","","fernandosouza@recife.pe.gov.br"
"O conjunto de tecnologias proposto para a solução Elucidar é inteiramente factível, combinando componentes de mercado de baixo custo com uma abordagem padrão e bem planejada para o uso de Inteligência Artificial.

O sistema utiliza ""câmera com wi-fi"" com um custo unitário estimado em apenas R$ 100,00. Trata-se de um equipamento comum e acessível. A utilização de Wi-Fi é um padrão de mercado, amplamente disponível em instituições de ensino. ","1750965113035x319882309975408640","","","","","fernandosouza@recife.pe.gov.br"
"A solução proposta é totalmente escalável, uma característica central do seu design tecnológico e operacional. O processamento mais pesado da Inteligência Artificial ocorre no celular do próprio aluno, utilizando uma conexão Wi-Fi local. Isso distribui a carga computacional em vez de centralizá-la em um único servidor que poderia se tornar um gargalo.
O modelo de negócio (B2G), focado na venda para secretarias de educação, é muito mais escalável do que um modelo focado no consumidor final. Um único contrato pode abranger centenas de escolas, como o exemplo das 157 unidades do Recife.","1750965138894x984751957414510600","","","","","fernandosouza@recife.pe.gov.br"
"A fundamentação apresentada no formulário é boa. O material é completo, e bem pesquisado. O pitch da ideia é claro e persuasivo, justificando a nota máxima.","1750965182829x394638459540865000","","","","","fernandosouza@recife.pe.gov.br"
"Como a equipe não apresentou um prazo de entrega em sua proposta, não é possível avaliar se o cronograma é compatível com os prazos do ciclo de aceleração (até 3 meses para o MVP e 1 ano para o produto).","1750965208004x798693044226097200","","","","","fernandosouza@recife.pe.gov.br"
"Não há informação para analisar a solução para esta avaliação.","1750965024848x176365381922324480","","","","","fernandosouza@recife.pe.gov.br"
"Não há informação para analisar a solução para esta avaliação.","1750965055572x808870400252969000","","","","","fernandosouza@recife.pe.gov.br"
"Não há informação para analisar a solução para esta avaliação.","1750965084733x626654352174481400","","","","","fernandosouza@recife.pe.gov.br"
"Não há informação para analisar a solução para esta avaliação.","1750965113035x319882309975408640","","","","","fernandosouza@recife.pe.gov.br"
"Não há informação para analisar a solução para esta avaliação.","1750965138894x984751957414510600","","","","","fernandosouza@recife.pe.gov.br"
"Não há informação para analisar a solução para esta avaliação.","1750965182829x394638459540865000","","","","","fernandosouza@recife.pe.gov.br"
"Não há informação para analisar a solução para esta avaliação.","1750965208004x798693044226097200","","","","","fernandosouza@recife.pe.gov.br"
"","1750963737427x154850918931365900","","","","","moisesb@recife.pe.gov.br"
"","1750963789342x740622417311039500","","","","","moisesb@recife.pe.gov.br"
"","1750963840538x709527632057466900","","","","","moisesb@recife.pe.gov.br"
"","1750963905243x917948856028364800","","","","","moisesb@recife.pe.gov.br"
"","1750963905243x917948856028364800","","","","","moisesb@recife.pe.gov.br"
"","1750963948773x168407758455701500","","","","","moisesb@recife.pe.gov.br"
"","1750965024848x176365381922324480","","","","","rafael.paula@recife.pe.gov.br"
"","1750963985799x779631706475331600","","","","","moisesb@recife.pe.gov.br"
"","1750964021001x386125084374335500","","","","","moisesb@recife.pe.gov.br"
"","1750964093459x744066598213779500","","","","","tmendes00@gmail.com"
"","1750964123293x533403006340956160","","","","","tmendes00@gmail.com"
"","1750964164453x640714698106077200","","","","","tmendes00@gmail.com"
"","1750964200955x735368502759129100","","","","","tmendes00@gmail.com"
"","1750964240693x680085200583000000","","","","","tmendes00@gmail.com"
"","1750964288518x514121274137509900","","","","","tmendes00@gmail.com"
"","1750964376988x869254656989331500","","","","","tmendes00@gmail.com"
"Resolve e criar oportunidades para outras cadeias. Tanto poderá impactar positivamente para gestão pública, quanto reorganizar outras cadeias, tendo como parte dela catadores/as de resíduos sólidos. Mas ainda assim, precisará prever cenários que isso tire oportunidades para os próprios catadores/as.","1750964491955x785552669767368700","","","","","prof.eder.leao@gmail.com"
"A viabilidade é percebida no pitch deck, mas seria interessante em outras etapas apresentar a solução.

Senti falta de demonstrar gargalos e também análise da concorrência.","1750964556841x823259996282421200","","","","","prof.eder.leao@gmail.com"
"Não foi apresentado no pitch deck ou pitch vídeo outras soluções existentes. Embora conhecendo outras alternativas de economia circular, inclusive de biocombustíveis. A proposta parece atender uma melhor eficiência, termos de volume e alcance de novas cadeias.","1750964679578x869641551094218800","","","","","prof.eder.leao@gmail.com"
"","1750964093459x744066598213779500","","","","","tmendes00@gmail.com"
"","1750964123293x533403006340956160","","","","","tmendes00@gmail.com"
"","1750964164453x640714698106077200","","","","","tmendes00@gmail.com"
"","1750964200955x735368502759129100","","","","","tmendes00@gmail.com"
"","1750964240693x680085200583000000","","","","","tmendes00@gmail.com"
"","1750964288518x514121274137509900","","","","","tmendes00@gmail.com"
"","1750964376988x869254656989331500","","","","","tmendes00@gmail.com"
"Não há informação sobre o custo/gastos ou receita para contrapor o que se espera. Mas considerando o fato do custo que são manter lixões ou gestão ineficaz de resíduos urbanos e industriais em muitos locais, a proposta considerando que possa reduzir sim esse impacto.","1750964847544x133562261901148160","","","","","prof.eder.leao@gmail.com"
"Sim, considerando o que foi apresentado, e sabendo que os lixões e volume de resíduos continua aumentando, a proposta poderá ser escalável.","1750964879420x736871818234429400","","","","","prof.eder.leao@gmail.com"
"Sim. Inclusive ajudou a compreender melhor a possibilidade de execução.","1750964907610x624510857100656600","","","","","prof.eder.leao@gmail.com"
"Isso poderia deixar mais claro, mas compreendi pelo material disponível que é factível a entrega, quanto ao prazo de fato, não dá para ter toda certeza. Inclusive marcaram que estavam na fase de mockup. ","1750964932066x588568839318667300","","","","","prof.eder.leao@gmail.com"
"Isso poderia deixar mais claro, mas compreendi pelo material disponível que é factível a entrega, quanto ao prazo de fato, não dá para ter toda certeza. Inclusive marcaram que estavam na fase de mockup. ","1750964932066x588568839318667300","","","","","prof.eder.leao@gmail.com"
"","1750964093459x744066598213779500","","","","","tmendes00@gmail.com"
"","1750964123293x533403006340956160","","","","","tmendes00@gmail.com"
"","1750964164453x640714698106077200","","","","","tmendes00@gmail.com"
"","1750964200955x735368502759129100","","","","","tmendes00@gmail.com"
"","1750964240693x680085200583000000","","","","","tmendes00@gmail.com"
"","1750964288518x514121274137509900","","","","","tmendes00@gmail.com"
"","1750964376988x869254656989331500","","","","","tmendes00@gmail.com"
"A solução auxilia na resolução como um componente importante, mas ainda sinto a necessidade de conectores de como os alimentos chegariam aos necessitados, mitigando ou eliminando a insegura,ça alimentar, visto que a possibilidade de disperdício em varejo é reduzida com a silução.","1750964491955x785552669767368700","","","","","cesararaujo569@gmail.com"
"A solução auxilia na resolução como um componente importante, por esse componente preditivo, há uma possibilidade de teste de previsibilidade para os bancos de alimentos.","1750964491955x785552669767368700","","","","","cesararaujo569@gmail.com"
"Como descrito, já ha um modelo de negócio testado e validado. ","1750964556841x823259996282421200","","","","","cesararaujo569@gmail.com"
"foi descrito que há soluções equivalentes mas não apontou quais. Nem nomes ou custos comparativos. ","1750964679578x869641551094218800","","","","","cesararaujo569@gmail.com"
"","1750964093459x744066598213779500","","","","","tmendes00@gmail.com"
"","1750964123293x533403006340956160","","","","","tmendes00@gmail.com"
"","1750964164453x640714698106077200","","","","","tmendes00@gmail.com"
"","1750964200955x735368502759129100","","","","","tmendes00@gmail.com"
"","1750964240693x680085200583000000","","","","","tmendes00@gmail.com"
"","1750964288518x514121274137509900","","","","","tmendes00@gmail.com"
"","1750964376988x869254656989331500","","","","","tmendes00@gmail.com"
"As tecnologias são conhecidas, como ferramentas preditivas. Na apresentação não ficou muito detalhado afim de proteger a Propriedade Intelectual","1750964847544x133562261901148160","","","","","cesararaujo569@gmail.com"
"Trata-se de software, uma plataforma web, logo a escalabilidade do serviço é alta. ","1750964879420x736871818234429400","","","","","cesararaujo569@gmail.com"
"A fundamentação foi ampla e coesa!","1750964907610x624510857100656600","","","","","cesararaujo569@gmail.com"
"Uma proposta importante para aplicar na gestão de vários mercados [atacado e varejo]. Entendo que possa otimizar melhor alocação e escolhas, bem como baixar preços. ","1750964491955x785552669767368700","","","","","prof.eder.leao@gmail.com"
"Sim, e demonstra uma proposta validada e testada. E poderá ser ampliada. ","1750964556841x823259996282421200","","","","","prof.eder.leao@gmail.com"
"Não ficou clara a análise concorrência. Embora eu conheça outras soluções próximas a esta e compreenda o valor desta como possível de concorrer com diferencial. Recomendo em outras propostas ou etapas, acrescentar esse benchmarking.","1750964679578x869641551094218800","","","","","prof.eder.leao@gmail.com"
"Sim, está demonstrada no pitch deck e pitch vídeo.","1750964847544x133562261901148160","","","","","prof.eder.leao@gmail.com"
"Com um caso pratico descrito, imagina-se que a entrega é factivel, contudo neste materialapresentado não esta claro o prazo. ","1750964932066x588568839318667300","","","","","cesararaujo569@gmail.com"
"Sim, o mercado é amplo, e a proposta não precisa ser restrita apenas apenas a mercados de varejo e atacado. ","1750964879420x736871818234429400","","","","","prof.eder.leao@gmail.com"
"Sim, o mercado é amplo, e a proposta não precisa ser restrita apenas apenas a mercados de varejo e atacado. ","1750964879420x736871818234429400","","","","","prof.eder.leao@gmail.com"
"Sim, Recomendo incluir na equipe membros de áreas que estudam comportamento do consumidor e consumo.","1750964907610x624510857100656600","","","","","prof.eder.leao@gmail.com"
"Sim, pelo que foi apresentado a solução existe e pode ser bem desenvolvida com devido incentivo e mentorias.","1750964932066x588568839318667300","","","","","prof.eder.leao@gmail.com"
"Sim, pelo que foi apresentado a solução existe e pode ser bem desenvolvida com devido incentivo e mentorias.","1750964932066x588568839318667300","","","","","prof.eder.leao@gmail.com"
"Censo Papeleira?
Em parte resolve. A gestão de dados é fundamental, mas poderia ter sido mais direto em apresentar como é a solução mesmo e como ela resolve de fato. Existe muita informação do que pode fazer ou foi feito, mas sem diretamente explicar qual a proposta aqui.","1750964491955x785552669767368700","","","","","prof.eder.leao@gmail.com"
"Proposta apresenta solução com foco no problema apresentado, mas a ausência de informações sobre a composição de custo de sua implementação prejudicaram a totalidade da análise.","1750963737427x154850918931365900","","","","","vieira.anaines@gmail.com"
"O pitch foi apresentando com várias indicações de soluções ou experiências do proponente, não houve foco no que realmente quer apresentar. O Censo Papeleira, poderia ser de fato o caso melhor explorado pq tem um padlet apresentando informações. Isso já seria interessante, e explicar como foi feito, que dados gerou, o que se fez, etc. ","1750964556841x823259996282421200","","","","","prof.eder.leao@gmail.com"
"Não foi apresentada uma análise de concorrência ou comparações claras com outras soluções e como de fato isso gerar melhor relação custo benefício.","1750964679578x869641551094218800","","","","","prof.eder.leao@gmail.com"
"Pelo que foi apresentado da ideia que seria a principal, sim. Mas poderia demonstrar mais como de fato fez, mantém e usa ela.","1750964847544x133562261901148160","","","","","prof.eder.leao@gmail.com"
"Se considerar o Censo Papeleira, sim. Por ser virtual e poder gerar dados e criar camadas de análise dessas relações de economia circular na cidade.","1750964879420x736871818234429400","","","","","prof.eder.leao@gmail.com"
"Não consegui identificar outros membros. Senti falta de outras informações, como um pitch deck estruturado e foco na proposta que está sendo apresentada.","1750964907610x624510857100656600","","","","","prof.eder.leao@gmail.com"
"Embora indique que houve entrega numa outra experiência, pela falta de outras informações, não considero plausível que haja entrega de um MVP até 3 meses.","1750964932066x588568839318667300","","","","","prof.eder.leao@gmail.com"
"Embora indique que houve entrega numa outra experiência, pela falta de outras informações, não considero plausível que haja entrega de um MVP até 3 meses.","1750964932066x588568839318667300","","","","","prof.eder.leao@gmail.com"
"Não á um desenho bem delimeitado de solução para a insegurança alimentar, apenas POCs realtivas a limpeza urbana","1750964491955x785552669767368700","","","","","cesararaujo569@gmail.com"
"Sim, inclusive nível de gestão urbana de resíduos sólidos, melhor da saúde ambiental e diminuir custo, sendo bem aplicado.","1750964491955x785552669767368700","","","","","prof.eder.leao@gmail.com"
"Não á um desenho bem delimeitado de solução para a insegurança alimentar, apenas POCs realtivas a limpeza urbana. Sem modelo de negócio definido. ","1750964556841x823259996282421200","","","","","cesararaujo569@gmail.com"
"Não foram apresentados modelos similares existentes no mercado. ","1750964679578x869641551094218800","","","","","cesararaujo569@gmail.com"
"São tecnologias simples e bem emprecadas, porem não foram apresentados projetos que resolvam o desafio proposto. ","1750964847544x133562261901148160","","","","","cesararaujo569@gmail.com"
"Não há uma solução bem definida para o desafio","1750964879420x736871818234429400","","","","","cesararaujo569@gmail.com"
"Solução utiliza o WhatsApp combinado a IA Generativa, indicando que o modelo tem alto potencial de viabilidade, apesar da proposta necessitar ser adaptada para o desafio. Opouco detalhamento de cases e falta de visualização ao menos de um protótipo em funcionamento prejudicaram a avaliação.","1750963789342x740622417311039500","","","","","vieira.anaines@gmail.com"
"nada direcionado ao desafio. ","1750964907610x624510857100656600","","","","","cesararaujo569@gmail.com"
"Não foi definido um prazo. ","1750964932066x588568839318667300","","","","","cesararaujo569@gmail.com"
"Sim, mas surgiu dúvidas com relação a aplicação de fato. Esse modelo é do Uzeh? O problema de resíduos sólidos é bem grave nos municípios pequenos e tmb grandes cidades. Mas poderia explicar como iria atender de fato. Existem outras soluções com aplicativo ou web para gerenciar, mas muitos tem dificuldade na prática em aplicar, dado nuances de gestão, monetização, contratos, etc.","1750964556841x823259996282421200","","","","","prof.eder.leao@gmail.com"
"Não foi apresentado de forma clara. Poderia apresentar essa análise, visto que existem outras empresas e até instituições públicas que já buscam resolver. E assim mostrar como IA poderia de fato ser um diferencial comparada as demais.","1750964679578x869641551094218800","","","","","prof.eder.leao@gmail.com"
"Sim, com a equipe e recurso, e tmb com ela é possível escalar. Mas precisar demonstrar isso.","1750964847544x133562261901148160","","","","","prof.eder.leao@gmail.com"
"Sim, com a equipe e recurso, e tmb com ela é factível. Mas precisar demonstrar isso.","1750964847544x133562261901148160","","","","","prof.eder.leao@gmail.com"
"A solução propõe o uso de de IA Generativa combinada com chatbots no Whatsapp, o que já existe no mercado. Avaliação da proposta prejudicada pela ausência de detalhamento dos custos apresentados para implementação da proposta. ","1750963840538x709527632057466900","","","","","vieira.anaines@gmail.com"
"Sim, poderia já ter demonstrado isso, outras experiências, já que aponta ter um MVP validado ou sendo utilizado no mercado.","1750964879420x736871818234429400","","","","","prof.eder.leao@gmail.com"
"As informações no formulário atendem o básico para compreender o que fazem e como querem aplicar no caso do desafio.","1750964907610x624510857100656600","","","","","prof.eder.leao@gmail.com"
"Compreendendo que já há experiência e um produto validado e/ou em uso no mercado. E que poderia ser adaptado as condições de Recife e solicitadas no desafio.","1750964932066x588568839318667300","","","","","prof.eder.leao@gmail.com"
"Parte importante da solução já é um produto de alta utilização por usuários (Whatsapp), mas o modelo de LLM não foi especificado, prejudicando a avaliação do quesito, além dos custos para implementação não estarem detalhados/claros.","1750963905243x917948856028364800","","","","","vieira.anaines@gmail.com"
"A depender dos custos e modelo de LLM utilizado, solução pode ser altamente escalável devido a acessibilidade do Whatsapp.","1750963948773x168407758455701500","","","","","vieira.anaines@gmail.com"
"Para uma melhor fundamentação, seria necessário apresentar detalhamento do custo de implementação, explicitar o motor de decisão/modelo de LLM utilizado na solução (para verificar necessidade de infraestrutura, capacidade de integração e viabilidade de manutenção a longo prazo) e apresentar ao menos um protótipo em funcionamento, ao menos com outro objeto.","1750963985799x779631706475331600","","","","","vieira.anaines@gmail.com"
"Proponente escalou entrega do MVP em exatas 12 semanas.","1750964021001x386125084374335500","","","","","vieira.anaines@gmail.com"
"Se aplicado e conseguir gerenciar poderá além de reduzir custos [menos lixo, mais alimentos, mais saúde], mas tributos na participação de outros atores.","1750964491955x785552669767368700","","","","","prof.eder.leao@gmail.com"
"Sim, está bem fundamentado que é possível e validado. ","1750964556841x823259996282421200","","","","","prof.eder.leao@gmail.com"
"No que foi apresentado sim. Especialmente na parte de análise da concorrência.","1750964679578x869641551094218800","","","","","prof.eder.leao@gmail.com"
"Falta de apresentação de documentos e vídeos para link com a proposta prejudicaram a avaliação.","1750963737427x154850918931365900","","","","","vieira.anaines@gmail.com"
"Sim, possíveis de aplicar, contudo, precisa verificar a custo de serviço para gestão pública e manutenção do time e solução.","1750964847544x133562261901148160","","","","","prof.eder.leao@gmail.com"
"Falta de apresentação de documentos e vídeo de apresentação da proposta prejudicaram a avaliação.","1750963789342x740622417311039500","","","","","vieira.anaines@gmail.com"
"Falta de apresentação de documentos e vídeo de apresentação da proposta prejudicaram a avaliação.","1750963840538x709527632057466900","","","","","vieira.anaines@gmail.com"
"Falta de apresentação de documentos e vídeo de apresentação da proposta prejudicaram a avaliação.","1750963905243x917948856028364800","","","","","vieira.anaines@gmail.com"
"Falta de apresentação de documentos e vídeo de apresentação da proposta prejudicaram a avaliação.","1750963948773x168407758455701500","","","","","vieira.anaines@gmail.com"
"Falta de apresentação de documentos e vídeo de apresentação da proposta prejudicaram a avaliação.","1750963985799x779631706475331600","","","","","vieira.anaines@gmail.com"
"Falta de apresentação de documentos e vídeo de apresentação da proposta prejudicaram a avaliação.","1750963985799x779631706475331600","","","","","vieira.anaines@gmail.com"
"Se aplicado para várias gestões municipais, como modelo, sim.","1750964879420x736871818234429400","","","","","prof.eder.leao@gmail.com"
"Falta de apresentação de documentos e vídeo de apresentação da proposta prejudicaram a avaliação.","1750964021001x386125084374335500","","","","","vieira.anaines@gmail.com"
"Sim, ajudou a compreender a proposta e alinhar com o pitch deck e pitch video.","1750964907610x624510857100656600","","","","","prof.eder.leao@gmail.com"
"","1750964932066x588568839318667300","","","","","prof.eder.leao@gmail.com"
"Me parece que esta proposta é para outro desafio, e não possui nenhuma conexão com o desafio 03 voltado a segurança alimentar. ","1750964491955x785552669767368700","","","","","cesararaujo569@gmail.com"
"Me parece que esta proposta é para outro desafio, e não possui nenhuma conexão com o desafio 03 voltado a segurança alimentar.  Mas ainda assim seria um otimo candidato ao desafio o2. ","1750964491955x785552669767368700","","","","","cesararaujo569@gmail.com"
"Me parece que esta proposta é para outro desafio, e não possui nenhuma conexão com o desafio 03 voltado a segurança alimentar.  Mas ainda assim seria um otimo candidato ao desafio o2. 
Demonstrou um modelo de negócios factivel. ","1750964556841x823259996282421200","","","","","cesararaujo569@gmail.com"
"Me parece que esta proposta é para outro desafio, e não possui nenhuma conexão com o desafio 03 voltado a segurança alimentar.  Mas ainda assim seria um otimo candidato ao desafio o2. 
Apresentou um com comparativo de custo X beneficio","1750964679578x869641551094218800","","","","","cesararaujo569@gmail.com"
"Me parece que esta proposta é para outro desafio, e não possui nenhuma conexão com o desafio 03 voltado a segurança alimentar.  Mas ainda assim seria um otimo candidato ao desafio o2. 
Como proposta conceitual, não há uma definição clara das tecnologias apresentadas, as interfaces do modelo de ferramenta conceitual não refletem ainda a proposta. ","1750964847544x133562261901148160","","","","","cesararaujo569@gmail.com"
"Me parece que esta proposta é para outro desafio, e não possui nenhuma conexão com o desafio 03 voltado a segurança alimentar.  Mas ainda assim seria um otimo candidato ao desafio o2. Caso fosse direcionado ao desafio 02 apresentaria uma solução escalavel. ","1750964879420x736871818234429400","","","","","cesararaujo569@gmail.com"
"Me parece que esta proposta é para outro desafio, e não possui nenhuma conexão com o desafio 03 voltado a segurança alimentar. Sim porem para o desafio errado. ","1750964907610x624510857100656600","","","","","cesararaujo569@gmail.com"
"Me parece que esta proposta é para outro desafio, e não possui nenhuma conexão com o desafio 03 voltado a segurança alimentar. Como proposta para o desafio 02 estaria bem definido o prazo. ","1750964932066x588568839318667300","","","","","cesararaujo569@gmail.com"
"A proposta de fato é muito interessante. Mas poderia compreender melhor a realidade de Recife e explicar por exemplo, se estão querendo focar os agricultores de base agroecológica que estão nas feiras? Qual desperdício gerado por eles? [existe, mas não numa proporção que necessite resolver com essa proposta em específico, até pq eles resolvem de outros modos, e o custo é menor].  Ou seria ampliar o escoamento dos produtos, ampliando as opções de venda na cidade? Quais hortas urbanas? [elas existem, mas qual desperdício delas?]

Agora no caso de acumulo de resíduos orgânicos, compostagem, isso de fato é um problema urbano, e há poucas soluções. Isso poderia ser mapeado antes, e poderia a EkoRecife gerir esses projetos e empresas e ligar as pessoas e empresas. Enfim, outros pontos da plataforma podem atender bem. E de fato, precisamos de dados, mas é preciso uma conversa antes com a PCR/Secretaria de Agricultura Urbana, por exemplo, ONGs/Oscips e Associações de Agricultores para entender a realidade de Recife.","1750964491955x785552669767368700","","","","","prof.eder.leao@gmail.com"
"Sim, existe um app validado e que pode ser já usado.","1750964556841x823259996282421200","","","","","prof.eder.leao@gmail.com"
"Isso não ficou claro, colocar informações de concorrentes/soluções próximas seria importante para comparar as propostas de valores e serviços/entregas de cada. Inclusive as que existem Recife.","1750964679578x869641551094218800","","","","","prof.eder.leao@gmail.com"
"São factíveis, mas falta entender melhor os custos dela.","1750964847544x133562261901148160","","","","","prof.eder.leao@gmail.com"
"Para atender Recife toda, sim e tmb outras cidades/municípios. Mas é preciso compreender a parte de como operar a escala com a equipe e os gestores municipais. Entender os custos seria importante para essa análise.","1750964879420x736871818234429400","","","","","prof.eder.leao@gmail.com"
"para o que precisa informar e ajudar no entendimento do pitch deck e pitch.","1750964907610x624510857100656600","","","","","prof.eder.leao@gmail.com"
"Já existe a tecnologia. Precisaria adaptar a realidade de Recife.","1750964932066x588568839318667300","","","","","prof.eder.leao@gmail.com"
"A importância de mapear e estimular é importante. Mas o segundo caso é o principal em Recife, existem, mas precisa analisar a execução diante da realidade de Recife. O problema de comunicação existe tmb. ","1750964491955x785552669767368700","","","","","prof.eder.leao@gmail.com"
"","1750964491955x785552669767368700","","","","","cesararaujo569@gmail.com"
"","1750964556841x823259996282421200","","","","","cesararaujo569@gmail.com"
"A proposta poderá atender a alimentação, engajamento comunitário, aumentar a produção de alimentos, desenvolver a paisagem/psicologia ambiental.","1750964556841x823259996282421200","","","","","prof.eder.leao@gmail.com"
"","1750964679578x869641551094218800","","","","","cesararaujo569@gmail.com"
"","1750964847544x133562261901148160","","","","","cesararaujo569@gmail.com"
"","1750964879420x736871818234429400","","","","","cesararaujo569@gmail.com"
"","1750964907610x624510857100656600","","","","","cesararaujo569@gmail.com"
"","1750964907610x624510857100656600","","","","","cesararaujo569@gmail.com"
"","1750964932066x588568839318667300","","","","","cesararaujo569@gmail.com"
"Faltou deixar claro essa parte. Existem outras soluções. Inclusive a nível regional e local. ","1750964679578x869641551094218800","","","","","prof.eder.leao@gmail.com"
"A proposta tem aderencia e apresenta evidencias de implementação e impacto.","1750964491955x785552669767368700","","","","","cesararaujo569@gmail.com"
"A proposta tem aderencia e apresenta evidencias de modelo de negócio factivel. ","1750964556841x823259996282421200","","","","","cesararaujo569@gmail.com"
"Precisaria analisar melhor o custo para o município/cidade por horta, o valor gerado, produção, alocação dessa produção, engajamento, manutenção de equipe, equipamentos, materiais, por exemplo. A demonstração disso poderia ter sido colocada. ","1750964847544x133562261901148160","","","","","prof.eder.leao@gmail.com"
"Precisa analisar a realidade de Recife, da gestão, do território, para compreender de será possível alcançar diversas localidades e zonas com nuances históricas, culturais, econômicas e sociais tão diferentes. ","1750964879420x736871818234429400","","","","","prof.eder.leao@gmail.com"
"","1750964907610x624510857100656600","","","","","prof.eder.leao@gmail.com"
"A proposta apresenta de forma sucinta uma redução de custos.  Mas não detalhou muito apesar de já implementar no mercado. ","1750964679578x869641551094218800","","","","","cesararaujo569@gmail.com"
"Se fizer 1 MVP numa comunidade, sim. E que já tenha vários indicadores. E em um ano, multiplicar em localidades diferentes, para comparação.","1750964932066x588568839318667300","","","","","prof.eder.leao@gmail.com"
"A proposta tem aderencia e apresenta evidencias de tecnologias factiveis e já implementadas","1750964847544x133562261901148160","","","","","cesararaujo569@gmail.com"
"A proposta tem aderencia e apresenta evidencias de implementação e escalabilidade","1750964879420x736871818234429400","","","","","cesararaujo569@gmail.com"
"A proposta tem aderencia e apresenta um fundamentação satisfatoria e profunda","1750964907610x624510857100656600","","","","","cesararaujo569@gmail.com"
"A proposta tem aderencia e apresenta entregas em prazo satisfatório","1750964932066x588568839318667300","","","","","cesararaujo569@gmail.com"
"","1750963737427x154850918931365900","","","","","moisesb@recife.pe.gov.br"
"","1750963789342x740622417311039500","","","","","moisesb@recife.pe.gov.br"
"","1750963840538x709527632057466900","","","","","moisesb@recife.pe.gov.br"
"","1750963905243x917948856028364800","","","","","moisesb@recife.pe.gov.br"
"","1750963948773x168407758455701500","","","","","moisesb@recife.pe.gov.br"
"","1750963985799x779631706475331600","","","","","moisesb@recife.pe.gov.br"
"","1750964021001x386125084374335500","","","","","moisesb@recife.pe.gov.br"
"A solução porposta apresenta formas de contribuir com a resolução do desafio.","1750964491955x785552669767368700","","","","","cesararaujo569@gmail.com"
"A solução porposta apresenta um modelo viavel e já implementado em outras localidades","1750964556841x823259996282421200","","","","","cesararaujo569@gmail.com"
"A solução porposta apresenta formas de custos x beneficios em comparativos a outras soluções","1750964679578x869641551094218800","","","","","cesararaujo569@gmail.com"
"As tecnologias apresentadas são conhecidas e replicaveis. ","1750964847544x133562261901148160","","","","","cesararaujo569@gmail.com"
"A solução porposta apresenta formas de contribuir com a resolução do desafio de forma escalavel.","1750964879420x736871818234429400","","","","","cesararaujo569@gmail.com"
"A solução porposta apresenta fundamentação consistente com o desafio. 
","1750964907610x624510857100656600","","","","","cesararaujo569@gmail.com"
"Por tratar-se de uma solução já implementada o prazo aparenta ser curto para adaptação e impplementação","1750964932066x588568839318667300","","","","","cesararaujo569@gmail.com"
"","1750963737427x154850918931365900","","","","","moisesb@recife.pe.gov.br"
"","1750963789342x740622417311039500","","","","","moisesb@recife.pe.gov.br"
"","1750963840538x709527632057466900","","","","","moisesb@recife.pe.gov.br"
"","1750963905243x917948856028364800","","","","","moisesb@recife.pe.gov.br"
"A soluçõa proposta tem total aderencia ao desafio e se apresenta como um potencial resolvedor!","1750964491955x785552669767368700","","","","","cesararaujo569@gmail.com"
"","1750963948773x168407758455701500","","","","","moisesb@recife.pe.gov.br"
"A soluçõa proposta tem um modelo de negócio bem definido","1750964556841x823259996282421200","","","","","cesararaujo569@gmail.com"
"","1750963985799x779631706475331600","","","","","moisesb@recife.pe.gov.br"
"","1750964021001x386125084374335500","","","","","moisesb@recife.pe.gov.br"
"A soluçõa proposta tem concorrentes e soluçoes similares mas não detalhou muito!","1750964679578x869641551094218800","","","","","cesararaujo569@gmail.com"
"A soluçõa proposta tem total aderencia ao desafio e se apresenta com tecnologias simples de implementar poderm de muita necessidade de acompanhamento e engajamento. ","1750964847544x133562261901148160","","","","","cesararaujo569@gmail.com"
"Sim, escalabilidade apresentada, contudo o fator humano é crucial para o acompanhamento e engajamento. ","1750964879420x736871818234429400","","","","","cesararaujo569@gmail.com"
"A soluçõa proposta fundamentou bem com informações inclusas no formulário. ","1750964907610x624510857100656600","","","","","cesararaujo569@gmail.com"
"O prazo esta bem definido bem como os custos envolvidos. ","1750964932066x588568839318667300","","","","","cesararaujo569@gmail.com"
"Atua em contextos importantes na área de gestão de recursos. tem uma proposta que contribui a resolução do desafio. ","1750964491955x785552669767368700","","","","","cesararaujo569@gmail.com"
"Sim, possui um modelo de negocio claro e que precisa ser ajustado ao trato com o poder público, seja na integração de politicas publicas ou como ferramentas de interessa na implementação de normativas publicas. ","1750964556841x823259996282421200","","","","","cesararaujo569@gmail.com"
"As soluções equivalentes foram apresentadas doe forma transparente e ficou evidete que a solução se sustenta em seus diferenciais. ","1750964679578x869641551094218800","","","","","cesararaujo569@gmail.com"
"A tecnologia é de facil compreenção e teria um fator de integração facilitado com os serviços já ofertados pela gestão publica. 
","1750964847544x133562261901148160","","","","","cesararaujo569@gmail.com"
"De fato se apresenta como escalavel por não demandar muita infra estrutura do usuário. apenas dispositivo movel ou um computador","1750964879420x736871818234429400","","","","","cesararaujo569@gmail.com"
"sim foi bem fundadmentado e ficou de facil compreenção ","1750964907610x624510857100656600","","","","","cesararaujo569@gmail.com"
"Esta dentro do esperado","1750964932066x588568839318667300","","","","","cesararaujo569@gmail.com"
"A proposta enquanto conceito apresenta informações que aponta a resolução do desafio","1750964491955x785552669767368700","","","","","cesararaujo569@gmail.com"
"A proposta enquanto conceito apresenta informações que aponta a um modelo de negocios em desenvolvimento","1750964556841x823259996282421200","","","","","cesararaujo569@gmail.com"
"A proposta enquanto conceito não apresenta informações que aponta existencia de soluçÕes equivalentes ","1750964679578x869641551094218800","","","","","cesararaujo569@gmail.com"
"A proposta enquanto conceito apresenta informações que aponta a facilidade de uso e manutenção do sistema, bem como sua escalabilidade","1750964847544x133562261901148160","","","","","cesararaujo569@gmail.com"
"A proposta enquanto conceito apresenta informações que aponta a facilidade de uso e manutenção do sistema, bem como sua escalabilidade","1750964879420x736871818234429400","","","","","cesararaujo569@gmail.com"
"A proposta foi bem fundamentada! Mas necessita uma maior afinidade com as politicas publicas já desenvolvidas para a otima integração. ","1750964907610x624510857100656600","","","","","cesararaujo569@gmail.com"
"apresenta prazos factiveis ","1750964932066x588568839318667300","","","","","cesararaujo569@gmail.com"
"","1750963737427x154850918931365900","","","","","gustavo.godoy@recife.pe.gov.br"
"","1750963789342x740622417311039500","","","","","gustavo.godoy@recife.pe.gov.br"
"","1750963840538x709527632057466900","","","","","gustavo.godoy@recife.pe.gov.br"
"","1750963905243x917948856028364800","","","","","gustavo.godoy@recife.pe.gov.br"
"","1750963948773x168407758455701500","","","","","gustavo.godoy@recife.pe.gov.br"
"","1750963985799x779631706475331600","","","","","gustavo.godoy@recife.pe.gov.br"
"","1750964021001x386125084374335500","","","","","gustavo.godoy@recife.pe.gov.br"
"","1750963737427x154850918931365900","","","","","gustavo.godoy@recife.pe.gov.br"
"","1750963789342x740622417311039500","","","","","gustavo.godoy@recife.pe.gov.br"
"","1750963840538x709527632057466900","","","","","gustavo.godoy@recife.pe.gov.br"
"","1750963905243x917948856028364800","","","","","gustavo.godoy@recife.pe.gov.br"
"","1750963948773x168407758455701500","","","","","gustavo.godoy@recife.pe.gov.br"
"","1750963985799x779631706475331600","","","","","gustavo.godoy@recife.pe.gov.br"
"","1750964021001x386125084374335500","","","","","gustavo.godoy@recife.pe.gov.br"
"","1750963737427x154850918931365900","","","","","moisesb@recife.pe.gov.br"
"","1750963789342x740622417311039500","","","","","moisesb@recife.pe.gov.br"
"","1750963840538x709527632057466900","","","","","moisesb@recife.pe.gov.br"
"","1750963905243x917948856028364800","","","","","moisesb@recife.pe.gov.br"
"","1750964093459x744066598213779500","","","","","diogo.henriquepaz@gmail.com"
"","1750963948773x168407758455701500","","","","","moisesb@recife.pe.gov.br"
"","1750964123293x533403006340956160","","","","","diogo.henriquepaz@gmail.com"
"","1750963985799x779631706475331600","","","","","moisesb@recife.pe.gov.br"
"","1750964021001x386125084374335500","","","","","moisesb@recife.pe.gov.br"
"","1750964164453x640714698106077200","","","","","diogo.henriquepaz@gmail.com"
"","1750964200955x735368502759129100","","","","","diogo.henriquepaz@gmail.com"
"","1750964240693x680085200583000000","","","","","diogo.henriquepaz@gmail.com"
"","1750964288518x514121274137509900","","","","","diogo.henriquepaz@gmail.com"
"","1750964376988x869254656989331500","","","","","diogo.henriquepaz@gmail.com"
"","1750963737427x154850918931365900","","","","","gustavo.godoy@recife.pe.gov.br"
"","1750963789342x740622417311039500","","","","","gustavo.godoy@recife.pe.gov.br"
"","1750963840538x709527632057466900","","","","","gustavo.godoy@recife.pe.gov.br"
"","1750963905243x917948856028364800","","","","","gustavo.godoy@recife.pe.gov.br"
"","1750963948773x168407758455701500","","","","","gustavo.godoy@recife.pe.gov.br"
"","1750963985799x779631706475331600","","","","","gustavo.godoy@recife.pe.gov.br"
"","1750964021001x386125084374335500","","","","","gustavo.godoy@recife.pe.gov.br"
"","1750963985799x779631706475331600","","","","","gustavo.godoy@recife.pe.gov.br"
"","1750963905243x917948856028364800","","","","","gustavo.godoy@recife.pe.gov.br"
"","1750963905243x917948856028364800","","","","","gustavo.godoy@recife.pe.gov.br"
"","1750963737427x154850918931365900","","","","","gustavo.godoy@recife.pe.gov.br"
"","1750963737427x154850918931365900","","","","","gustavo.godoy@recife.pe.gov.br"
"","1750963737427x154850918931365900","","","","","gustavo.godoy@recife.pe.gov.br"
"","1750963905243x917948856028364800","","","","","gustavo.godoy@recife.pe.gov.br"
"A proposta enquanto conceito apresenta informações que aponta a resolução do desafio","1750964491955x785552669767368700","","","","","cesararaujo569@gmail.com"
"A proposta enquanto conceito apresenta informações que aponta a um modelo de negocios em desenvolvimento","1750964556841x823259996282421200","","","","","cesararaujo569@gmail.com"
"","1750964491955x785552669767368700","","","","","cesararaujo569@gmail.com"
"","1750964556841x823259996282421200","","","","","cesararaujo569@gmail.com"
"","1750964679578x869641551094218800","","","","","cesararaujo569@gmail.com"
"","1750964847544x133562261901148160","","","","","cesararaujo569@gmail.com"
"","1750964879420x736871818234429400","","","","","cesararaujo569@gmail.com"
"","1750964907610x624510857100656600","","","","","cesararaujo569@gmail.com"
"","1750964932066x588568839318667300","","","","","cesararaujo569@gmail.com"
"Ainda em fase conceitual a proposta tem elementos que apontam a mesma como solução viavel ao desafio","1750964491955x785552669767368700","","","","","cesararaujo569@gmail.com"
"O modelo de negócio ainda não foi testado porem possui elementos factiveis. ","1750964556841x823259996282421200","","","","","cesararaujo569@gmail.com"
"Há similares, porem a abordagem integrada e equipe especializada se apresentam como grande diferencial","1750964679578x869641551094218800","","","","","cesararaujo569@gmail.com"
"as tecnologias existem e o grupo aponta a necessidade de desenvolvimento das suas proprias. ","1750964847544x133562261901148160","","","","","cesararaujo569@gmail.com"
"A proposta é escalave, tendo apenas o fator engajamento e monitoramento dos resultados como gargalos em geral. ","1750964879420x736871818234429400","","","","","cesararaujo569@gmail.com"
"A fundamentação esta completa e clara!","1750964907610x624510857100656600","","","","","cesararaujo569@gmail.com"
"O prazo de entrega é factivel","1750964932066x588568839318667300","","","","","cesararaujo569@gmail.com"
"","1750963737427x154850918931365900","","","","","moisesb@recife.pe.gov.br"
"","1750963789342x740622417311039500","","","","","moisesb@recife.pe.gov.br"
"","1750963840538x709527632057466900","","","","","moisesb@recife.pe.gov.br"
"","1750963905243x917948856028364800","","","","","moisesb@recife.pe.gov.br"
"","1750963948773x168407758455701500","","","","","moisesb@recife.pe.gov.br"
"","1750963985799x779631706475331600","","","","","moisesb@recife.pe.gov.br"
"","1750964021001x386125084374335500","","","","","moisesb@recife.pe.gov.br"
"Importante por cobrir a cadeia circular de foodservice. ","1750964491955x785552669767368700","","","","","prof.eder.leao@gmail.com"
"Apresenta tecnologia e parcerias que viabilizam a proposta. E é validada e em uso.","1750964556841x823259996282421200","","","","","prof.eder.leao@gmail.com"
"As concorrentes também são parceiras. O que é bastante interessante para fortalecimento da proposta.","1750964679578x869641551094218800","","","","","prof.eder.leao@gmail.com"
"Sim, o que foi apresentado e está disponível de informações no pitch deck é uma tecnologia que pode ser escalada com baixo custo.","1750964847544x133562261901148160","","","","","prof.eder.leao@gmail.com"
"","1750964879420x736871818234429400","","","","","prof.eder.leao@gmail.com"
"Faltou mais detalhes, embora pela apresentação do pitch e pitch deck ficou mais compreender.","1750964907610x624510857100656600","","","","","prof.eder.leao@gmail.com"
"Compreendo que seja mais adaptação, novas parcerias em Recife e também analisar melhor o mercado daqui.","1750964932066x588568839318667300","","","","","prof.eder.leao@gmail.com"
"A solução ja vem sendo implementada em outros estados, e algumas tecnologias ainda vem sendo desenvolvidas. ","1750964491955x785552669767368700","","","","","cesararaujo569@gmail.com"
"A solução ja vem sendo implementada em outros estados, demanstrando um impacto mensuravel e sua viabilidade","1750964556841x823259996282421200","","","","","cesararaujo569@gmail.com"
"Existem opções equivalentes, e foram apresnetados os diferenciais das demais em comparação com a solução proposta. ","1750964679578x869641551094218800","","","","","cesararaujo569@gmail.com"
"A soluções são factiveis e não necessáriamente inovadoras. O grande desafio esta no engajamento dos usuários ao uso!","1750964847544x133562261901148160","","","","","cesararaujo569@gmail.com"
"A solução apresenta-se escalavel, demandando engajamento dos usuários. que é um desafio a aparte. ","1750964879420x736871818234429400","","","","","cesararaujo569@gmail.com"
"A solução apresenta-se escalavel, demandando engajamento dos usuários. que é um desafio a aparte. ","1750964879420x736871818234429400","","","","","cesararaujo569@gmail.com"
"O formulário foi devidamente preenchido e comtem informações suficientes para a compreenção da proposta. ","1750964907610x624510857100656600","","","","","cesararaujo569@gmail.com"
"","1750964932066x588568839318667300","","","","","cesararaujo569@gmail.com"
"Aparentemente este quesito ainda esta sob desenvolvimento. mas não fica claro em quanto tempo a solução é implementada. ","1750964932066x588568839318667300","","","","","cesararaujo569@gmail.com"
"","1750963737427x154850918931365900","","","","","moisesb@recife.pe.gov.br"
"","1750963789342x740622417311039500","","","","","moisesb@recife.pe.gov.br"
"","1750963840538x709527632057466900","","","","","moisesb@recife.pe.gov.br"
"","1750963905243x917948856028364800","","","","","moisesb@recife.pe.gov.br"
"","1750963948773x168407758455701500","","","","","moisesb@recife.pe.gov.br"
"","1750963985799x779631706475331600","","","","","moisesb@recife.pe.gov.br"
"","1750964021001x386125084374335500","","","","","moisesb@recife.pe.gov.br"
"Sim a proposta tem adesão ao desafio","1750964491955x785552669767368700","","","","","cesararaujo569@gmail.com"
"O modelo é viavel, mas é interessante apontar como seria o processo de incentivo a redução do disperdício. ","1750964556841x823259996282421200","","","","","cesararaujo569@gmail.com"
"O modelo possui lacunas no que toca a triagem de alimentos discartados. O que garante que um alimento em bom estado não será contaminado ao entrar em contato com um alimento já fora de condiçÕes de consumo. E como as secretarias parceiras teriam equipe em quantidade para realizar a logistica e seleção? Aparentemente a proposta não tem aderencia as politicas publicas e a infraestrutura existentes. ","1750964556841x823259996282421200","","","","","cesararaujo569@gmail.com"
"Não fica evidente em relação a outras soluções. ","1750964679578x869641551094218800","","","","","cesararaujo569@gmail.com"
"As tecnologias existem, mas não fica claro que o emprego das mesmas da forma como foi apresentada auxilia na distribuição de alimentos serviveis e o descarte regular dos incerviveis. ","1750964847544x133562261901148160","","","","","cesararaujo569@gmail.com"
"Pouca escalabilidade, não fica claro como seria o processo de separação pelas equipes de secretarias parceiras. ","1750964879420x736871818234429400","","","","","cesararaujo569@gmail.com"
"pouco fundamentada","1750964907610x624510857100656600","","","","","cesararaujo569@gmail.com"
"devido a pouca fundamentação falta subsidio para garantir a entrega mesmo em fase conceitual","1750964932066x588568839318667300","","","","","cesararaujo569@gmail.com"
"Pontos positivos: ferramenta apresenta solução de monitoramento e acompanhamento de usuários com diabetes.
Pontos críticos: parte do desafio envolve usuários com hipertensão; custos não detalhados para subsidiar se a proposta, além da entrega do monitoramento, é vantajosa.","1750963737427x154850918931365900","","","","","vieira.anaines@gmail.com"
"","1750963737427x154850918931365900","","","","","moisesb@recife.pe.gov.br"
"","1750963789342x740622417311039500","","","","","moisesb@recife.pe.gov.br"
"","1750963840538x709527632057466900","","","","","moisesb@recife.pe.gov.br"
"","1750963905243x917948856028364800","","","","","moisesb@recife.pe.gov.br"
"","1750963948773x168407758455701500","","","","","moisesb@recife.pe.gov.br"
"","1750963985799x779631706475331600","","","","","moisesb@recife.pe.gov.br"
"A solução proposta não resolve o desafio. Faltou adaptar as ideias e ações para resolver os problemas expostos.","1750964093459x744066598213779500","","","","","viviane.kawashima@recife.pe.gov.br"
"","1750964021001x386125084374335500","","","","","moisesb@recife.pe.gov.br"
"Pontos positivos: solução de chatbot integrando IA generativa já testada; MVP.
Pontos críticos: custos de implementação não detalhados para subsidiar a proposta.","1750963789342x740622417311039500","","","","","vieira.anaines@gmail.com"
"O projeto é viável de ser implementado, mas não resolve o desafio.","1750964123293x533403006340956160","","","","","viviane.kawashima@recife.pe.gov.br"
"Pontos positivos: solução de chatbot via Whatsapp integrando IA generativa.
Pontos críticos: custos de implementação não detalhados para comparar a proposta com demais soluções que utilizem chatbots, inclusive outras inscritas no desafio.","1750963840538x709527632057466900","","","","","vieira.anaines@gmail.com"
"As ideias citadas são viáveis e tem baixo custo, mas a maioria não se aplica na resolução do desafio.","1750964164453x640714698106077200","","","","","viviane.kawashima@recife.pe.gov.br"
"Pontos positivos: solução de chatbot já testada; MVP.
Pontos críticos: custos de implementação não detalhados para subsidiar a proposta.","1750963789342x740622417311039500","","","","","vieira.anaines@gmail.com"
"","1750964200955x735368502759129100","","","","","viviane.kawashima@recife.pe.gov.br"
"","1750964240693x680085200583000000","","","","","viviane.kawashima@recife.pe.gov.br"
"","1750964288518x514121274137509900","","","","","viviane.kawashima@recife.pe.gov.br"
"Pontos positivos: solução de chatbot via Whatsapp com proposta, regras e mapeamento estabelecidos.
Pontos críticos: custos de implementação não detalhados para comparar a proposta com demais soluções que utilizem chatbots, inclusive outras inscritas no desafio; ausência de solução para pacientes com hipertensão.","1750963840538x709527632057466900","","","","","vieira.anaines@gmail.com"
"Pontos positivos: ferramenta apresenta solução de monitoramento e acompanhamento de usuários com diabetes.
Pontos críticos: parte do desafio envolve usuários com hipertensão; custos não detalhados para subsidiar se a proposta, além da entrega do monitoramento, é vantajosa.","1750963737427x154850918931365900","","","","","vieira.anaines@gmail.com"
"Não foi explicitado um cronograma de ações. O documento de referência do projeto das papeleiras teve um prazo bem maior que o mvp para um escopo muito pequeno comparado ao desafio.","1750964376988x869254656989331500","","","","","viviane.kawashima@recife.pe.gov.br"
"Pontos positivos: solução de chatbot utilizando o Whatsapp, passível de integração com sistemas utilizados pelo município.
","1750963905243x917948856028364800","","","","","vieira.anaines@gmail.com"
"Pontos positivos: solução de chatbot via Whatsapp com proposta, regras e mapeamento estabelecidos.
Pontos críticos: custos de implementação não detalhados para comparar a proposta com demais soluções que utilizem chatbots, inclusive outras inscritas no desafio; ausência de solução para pacientes com hipertensão.","1750963840538x709527632057466900","","","","","vieira.anaines@gmail.com"
"Pontos positivos: chatbots são soluções altamente escaláveis.
Pontos críticos: custos de implementação não detalhados para subsidiar a proposta; parte do público-alvo essencial do desafio não alcançada pela proposta.","1750963948773x168407758455701500","","","","","vieira.anaines@gmail.com"
"Pontos positivos: ferramenta apresenta solução mapeada e testada para acompanhamento de usuários com diabetes.
Pontos críticos: parte do desafio envolve usuários com hipertensão; custos não detalhados para subsidiar se a proposta, além da entrega do monitoramento, é vantajosa.","1750963737427x154850918931365900","","","","","vieira.anaines@gmail.com"
"Pontos positivos: protocolo clínico desenhado com critérios objetivos para acompanhamento.
Pontos críticos: custos de implementação não detalhados para subsidiar a proposta; parte do público-alvo não alcançado pela solução.","1750963985799x779631706475331600","","","","","vieira.anaines@gmail.com"
"Nenhuma menção a cronogramas e prazos na proposta.","1750964021001x386125084374335500","","","","","vieira.anaines@gmail.com"
"A proposta resolve, mas precisa ficar claro os custos para a gestão municipal e o que deixará de gastar com a solução implementada, por exemplo a coleta de lixo. Outro lado é entender como de será o benefício dos restaurantes e cooperativas/associações [e lembrar que estas é que coletar, isso já implica outra logística]. São muitos pontos de iteração para entender e como isso afetará as dinâmicas de diversos atores.","1750964491955x785552669767368700","","","","","prof.eder.leao@gmail.com"
"Se considerar o chatbot [que é algo simples de criar e a Prefeitura do Recife poderia implementar apenas no Conecta, sim], mas a solução tem q ficar mais clara a viabilidade na logística, monitoramento, entender os ganhos de todos.","1750964556841x823259996282421200","","","","","prof.eder.leao@gmail.com"
"Prazo muito extenso (12 meses) para entrega de relatórios que subsidiem os primeiros insights relevantes.","1750964021001x386125084374335500","","","","","vieira.anaines@gmail.com"
"Prazo muito extenso (12 meses) para entrega de relatórios que subsidiem os primeiros insights relevantes.","1750964021001x386125084374335500","","","","","vieira.anaines@gmail.com"
"Não ficou claro. Porque existem outras soluções como esta, que tmb propõe plataformas e chatbots. Precisaria entender todo processo e custos. ","1750964679578x869641551094218800","","","","","prof.eder.leao@gmail.com"
"Viável a parte do chatbot. Mas a factibilidade estaria mais na execução. Que precisa demonstrar como está sendo feito de fato.","1750964847544x133562261901148160","","","","","prof.eder.leao@gmail.com"
"Se aplicado, há grande possibilidade, por haver o mesmo problema em centenas ou milhares de municípios. Mas precisa compreender qual o suporte para essa escalabilidade. ","1750964879420x736871818234429400","","","","","prof.eder.leao@gmail.com"
"","1750964907610x624510857100656600","","","","","prof.eder.leao@gmail.com"
"Se for para entregar chatbot, que entendesse que já exista e aplicar um piloto, sim, mas a questão é gerir a complexidade de uma cidade, que tem diferenças logísticas, econômicas e culturais em cada zona por exemplo.","1750964932066x588568839318667300","","","","","prof.eder.leao@gmail.com"
"","1750963737427x154850918931365900","","","","","moisesb@recife.pe.gov.br"
"","1750963789342x740622417311039500","","","","","moisesb@recife.pe.gov.br"
"","1750963840538x709527632057466900","","","","","moisesb@recife.pe.gov.br"
"O projeto é 100% voltado para educação ambiental para crianças em escolas, o que corresponderia à uma parcela ínfima na resolução do desafio proposto. O desafio não é sobre reciclagem, mas a reciclagem é um caminho que auxilia e endereça uma pequena parcela do proposto.","1750964093459x744066598213779500","","","","","viviane.kawashima@recife.pe.gov.br"
"","1750963905243x917948856028364800","","","","","moisesb@recife.pe.gov.br"
"","1750963948773x168407758455701500","","","","","moisesb@recife.pe.gov.br"
"","1750963985799x779631706475331600","","","","","moisesb@recife.pe.gov.br"
"","1750964021001x386125084374335500","","","","","moisesb@recife.pe.gov.br"
"É viável de ser implementado mas não solucionaria o desafio.","1750964123293x533403006340956160","","","","","viviane.kawashima@recife.pe.gov.br"
"Pontos positivos: apresentação de número amplo de ferramentas para monitoramento.
Pontos críticos: custos de implementação não detalhados para subsidiar a proposta; proponentes citaram que já participaram de outras rodadas do E.I.T.A; solução em TRL7.","1750963737427x154850918931365900","","","","","vieira.anaines@gmail.com"
"A plataforma sugerida não é inovadora, existem diversas outras com a mesma proposta que são mais maduras e possuem mais recursos.","1750964164453x640714698106077200","","","","","viviane.kawashima@recife.pe.gov.br"
"É factível mas tem baixa relação com o desafio.","1750964200955x735368502759129100","","","","","viviane.kawashima@recife.pe.gov.br"
"É escalável mas possui baixa correlação com o desafio.","1750964240693x680085200583000000","","","","","viviane.kawashima@recife.pe.gov.br"
"A proposta do ecossistema circular é fundamental, mas são muitas estratégias e ações para executar dentro do desafio proposto. Recomendo buscar apenas 1 ou 2 estratégias para executar. O projeto já captou recursos? tem demonstrações? embora tenha os artigos, que ajudam a compreender bastante os conceitos apresentados pelo que pude ler, e seja apresentado como mockup. Mas ainda assim abrange demais. ","1750964491955x785552669767368700","","","","","prof.eder.leao@gmail.com"
"Houve uma boa dedicação na construção da documentação, tornando muito claro quais as ideias e como a plataforma funcionaria.","1750964288518x514121274137509900","","","","","viviane.kawashima@recife.pe.gov.br"
"Pontos críticos: custos de implementação não detalhados para subsidiar a proposta; proponentes citaram que já participaram de outras rodadas do E.I.T.A e se adaptariam para este ciclo, mas produto não é MVP; sem maiores detalhes na inscrição.","1750963789342x740622417311039500","","","","","vieira.anaines@gmail.com"
"O prazo é coerente mas não resolveria o problema.","1750964376988x869254656989331500","","","","","viviane.kawashima@recife.pe.gov.br"
"Pontos positivos: proposição de número amplo de ferramentas para monitoramento (dashboard, IA generativa, relatórios, alertas).
Pontos críticos: custos de implementação não detalhados para subsidiar a proposta; proponentes citaram que já participaram de outras rodadas do E.I.T.A; solução em TRL7.","1750963737427x154850918931365900","","","","","vieira.anaines@gmail.com"
"","1750963737427x154850918931365900","","","","","moisesb@recife.pe.gov.br"
"Se caso se concentre em uma ou duas das estratégias, considero que sim. Recomendo resolver 1 problema com 1 solução. E já atenderia bastante o desafio proposto. Por exemplo, a startup poderia construir o selo com a gamificação, e dado a expertise do time, poderia criar credibilidade. ","1750964556841x823259996282421200","","","","","prof.eder.leao@gmail.com"
"","1750963789342x740622417311039500","","","","","moisesb@recife.pe.gov.br"
"Pontos críticos: custos de implementação não detalhados para subsidiar a avaliação do componente custo; existem soluções diferentes no mercado que abarcam as ferramentas, mas proponentes não trouxeram mais informações.","1750963840538x709527632057466900","","","","","vieira.anaines@gmail.com"
"","1750963840538x709527632057466900","","","","","moisesb@recife.pe.gov.br"
"","1750963905243x917948856028364800","","","","","moisesb@recife.pe.gov.br"
"","1750963948773x168407758455701500","","","","","moisesb@recife.pe.gov.br"
"","1750963985799x779631706475331600","","","","","moisesb@recife.pe.gov.br"
"","1750964021001x386125084374335500","","","","","moisesb@recife.pe.gov.br"
"Pontos positivos: proposição ampla de integrações com soluções já utilizadas na Gestão Pública.
Pontos críticos: sem detalhamento sobre qual modelo de IA seria utilizado; proposta sem menção a linguagens ou ferramentas utilizadas para desenvolvimento.","1750963905243x917948856028364800","","","","","vieira.anaines@gmail.com"
"Não deixou claro essas opções. E existem várias, inclusive buscando integrar de forma sistêmica. Ter feito um benchmarking aqui poderia ajudar a focalizar nos pontos de valor para as outras soluções.
Se considerar o orçamento proposto, não seria viável para o EITA, mas como política pública e executando algumas das estratégias, poderia atender e ser um baixo investimento.","1750964679578x869641551094218800","","","","","prof.eder.leao@gmail.com"
"Pontos críticos: proposta sem maior fundamentação para avaliação da escalabilidade.","1750963948773x168407758455701500","","","","","vieira.anaines@gmail.com"
"Ainda que em fase de ideação, mas cada estratégia é bem factível, no entanto, a viabilidade de várias num primeiro momento, ainda nessa fase, é preciso observar.","1750964847544x133562261901148160","","","","","prof.eder.leao@gmail.com"
"Precisaria de mais informações. E perceber a capacidade de execução da proposta.","1750964879420x736871818234429400","","","","","prof.eder.leao@gmail.com"
"","1750964907610x624510857100656600","","","","","prof.eder.leao@gmail.com"
"Pontos críticos: proposta sem detalhamento de custos, cronogramas, prazos; proposta sem menção a linguagens ou ferramentas que serão utilizadas para desenvolvimento da solução de monitoramento.","1750963985799x779631706475331600","","","","","vieira.anaines@gmail.com"
"Considerando a equipe e expertise poderão atender, mas a questão dos recursos disponíveis para o EITA, poderia não atender tudo.","1750964932066x588568839318667300","","","","","prof.eder.leao@gmail.com"
"Pontos positivos: fundamentação sobre integrações com ferramentas já existentes na Gestão Pública.
Pontos críticos: proposta sem detalhamento de custos, cronogramas, prazos; proposta sem menção a linguagens ou ferramentas que serão utilizadas para desenvolvimento da solução de monitoramento.","1750963985799x779631706475331600","","","","","vieira.anaines@gmail.com"
"Sem menção a prazos.","1750964021001x386125084374335500","","","","","vieira.anaines@gmail.com"
"Se a logística ficar a cargo da startup, será um grande benefício.","1750964491955x785552669767368700","","","","","prof.eder.leao@gmail.com"
"Sim, com essa plataforma e viabilidade da logística. E já está validado numa grande métropole.","1750964556841x823259996282421200","","","","","prof.eder.leao@gmail.com"
"Faltou apresentar com clareza essa ponto. E existem vários casos e soluções.","1750964679578x869641551094218800","","","","","prof.eder.leao@gmail.com"
"Sim, atende no momento. Contudo, entender o custo da logística aqui, seria o ponto principal para compreender a factibilidade. ","1750964847544x133562261901148160","","","","","prof.eder.leao@gmail.com"
"","1750964879420x736871818234429400","","","","","prof.eder.leao@gmail.com"
"","1750964907610x624510857100656600","","","","","prof.eder.leao@gmail.com"
"A solução já existe para a parte tecnológica, mas no caso da parte de logística, precisa demonstrar como vai garantir numa fase de MVP e depois.","1750964932066x588568839318667300","","","","","prof.eder.leao@gmail.com"
"Pontos positivos: proposta de utilização de agentes de IA e dashboards para monitoramento;
Pontos críticos: em fase de mockup/projeto conceitual; entregáveis prometidos com prazos com alta probabilidade de inexequibilidade. ","1750963737427x154850918931365900","","","","","vieira.anaines@gmail.com"
"Proposta conceitual, muitos entregáveis com prazos curtos para execução, provável subdimensionamento de infraestrutura necessária.","1750963789342x740622417311039500","","","","","vieira.anaines@gmail.com"
"Custos apresentados são baixos, mas com alta probabilidade de inexequibilidade; múltiplas soluções equivalentes já em andamento sendo desenvolvidas pelo município.","1750963840538x709527632057466900","","","","","vieira.anaines@gmail.com"
"Projeto conceitual propõe o uso de muitas tecnologias sem especificação do que será desenvolvido, prejudicando a avaliação, apesar de parte do proposto apresentar factibilidade.","1750963905243x917948856028364800","","","","","vieira.anaines@gmail.com"
"Para resolução do problema, mesmo conceito, se aplicado poderá impactar positivamente, mas não fica claro como isso gerará economia real da gestão pública. Mesmo que seja um mockup apresentado. Ainda que se observe uma coleta eficiente, menor desperdício, melhora da saúde ambiental, como principais resultados. Mas é importante analisar como a PCR resolve isso, quanto custa para ela? Quais o custo de outras soluções existentes aqui ou em outros municípios para redução do lixo, desperdício e doações?","1750964491955x785552669767368700","","","","","prof.eder.leao@gmail.com"
"Infraestrutura proposta inexequível diante da necessidade de utilização esperada.","1750963948773x168407758455701500","","","","","vieira.anaines@gmail.com"
"Proposta apresentou detalhamento de custos, prazos e conceituais. Para um mockup, poderia ter sido fundamentada com mais especificidade em relação às tecnologias a serem utilizadas para desenvolvimento da solução (não apresentar a proposta com citações de forma ampla).","1750963985799x779631706475331600","","","","","vieira.anaines@gmail.com"
"Prazos inexequíveis diante a complexidade da solução.","1750964021001x386125084374335500","","","","","vieira.anaines@gmail.com"
"","1750963737427x154850918931365900","","","","","moisesb@recife.pe.gov.br"
"","1750963789342x740622417311039500","","","","","moisesb@recife.pe.gov.br"
"","1750963789342x740622417311039500","","","","","moisesb@recife.pe.gov.br"
"","1750963840538x709527632057466900","","","","","moisesb@recife.pe.gov.br"
"","1750963905243x917948856028364800","","","","","moisesb@recife.pe.gov.br"
"","1750963948773x168407758455701500","","","","","moisesb@recife.pe.gov.br"
"","1750963985799x779631706475331600","","","","","moisesb@recife.pe.gov.br"
"","1750964021001x386125084374335500","","","","","moisesb@recife.pe.gov.br"
"A proposta é interessante, e existem outros modelos fora que usam totens ou painéis interativos, por exemplo. Mas é importante entender como estão sendo usados, onde estão sendo usados, quais resultados/benefícios estão sendo obtidos. Quanto será esse totem? Quantos precisarão? Qual o custo de manutenção? entre outras questões. E outra questão, quem coleta? qual custo disso?","1750964556841x823259996282421200","","","","","prof.eder.leao@gmail.com"
"Não encontrei informações de análise de concorrência e outras soluções. E para esse caso, existem opções, seja para um ou todos os pontos propostos. Ainda que as soluções dessa startup sejam melhores, mas é importante apresentar isso.","1750964679578x869641551094218800","","","","","prof.eder.leao@gmail.com"
"Com relação a plataforma ou app considero factível e a parte mais fácil de implementar. Mas o totem, logística, outros custos da solução precisam ficar mais claros. ","1750964847544x133562261901148160","","","","","prof.eder.leao@gmail.com"
"Precisaria de mais informações, de como será executado e os resultados obtidos. Mas se considerar apenas a plataforma, e se fosse investido mais nisso, poderia escalar sim.","1750964879420x736871818234429400","","","","","prof.eder.leao@gmail.com"
"","1750964907610x624510857100656600","","","","","prof.eder.leao@gmail.com"
"Dada a complexidade e várias ações necessárias, se considerar alguns pilotos. Mas a parte do totem e logística, pode dificultar. ","1750964932066x588568839318667300","","","","","prof.eder.leao@gmail.com"
"Pontos positivos: proposta fundamentada; modelo de monitoramento especificado e com indicadores estabelecidos.
Pontos críticos: solução conceitual e com elementos similares já em curso de desenvolvimento no município; solução indica elementos de médio a longo prazo para resultados.","1750963737427x154850918931365900","","","","","vieira.anaines@gmail.com"
"Pontos críticos: proposta sem apresentação clara do modelo de negócio do proponente.","1750963789342x740622417311039500","","","","","vieira.anaines@gmail.com"
"Pontos críticos: proposta apresentou custos de forma ampla/genérica; soluções equivalentes existem em implementação ou já implementadas pelo próprio município.","1750963840538x709527632057466900","","","","","vieira.anaines@gmail.com"
"Pontos críticos: fora a menção ao uso de dashboards para acompanhamento, não houve especificação técnica de linguagens e tecnologias a serem utilizadas para desenvolvimento da solução.","1750963905243x917948856028364800","","","","","vieira.anaines@gmail.com"
"A solução proposta endereça muito bem os problemas abordados no desafio. Do ponto de vista de economia para a administração pública, é provável que a longo prazo gere economia, como mencionado no documento anexado, mas não foi evidenciada nenhuma memória de cálculo nem custos da solução.","1750964093459x744066598213779500","","","","","viviane.kawashima@recife.pe.gov.br"
"O modelo de negócio demonstra ser altamente viável.","1750964123293x533403006340956160","","","","","viviane.kawashima@recife.pe.gov.br"
"Pontos positivos: fundamentação da ideia parte do pressuposto de integração com a rede e ferramentas existentes, o que facilitaria a reprodução.
Pontos críticos: menções muito amplas de tecnologias a serem utilizadas para desenvolvimento da solução; muitos entregáveis propostos no item 4, com possível inexequibilidade de prazos e execução.","1750963948773x168407758455701500","","","","","vieira.anaines@gmail.com"
"Pontos positivos: proposta bem fundamentada do ponto de vista técnico em saúde;
Pontos críticos: conceitual/mockup sem maior especificidade técnica do ponto de vista de tecnologias a serem utilizadas.","1750963985799x779631706475331600","","","","","vieira.anaines@gmail.com"
"Não é possível avaliar os custos, já que não foi explicitado no documento. Existem outras empresas no mercado com produto semelhante, mas não é possível comparar.","1750964164453x640714698106077200","","","","","viviane.kawashima@recife.pe.gov.br"
"Pontos positivos: cronograma detalhado.
Pontos críticos: Provável prazo inexequível para desenvolvimento de aplicação conforme proposições de entrega da proposta","1750964021001x386125084374335500","","","","","vieira.anaines@gmail.com"
"Não é possível avaliar os custos, já que não foi explicitado no documento. Existem outras empresas no mercado com produto semelhante, mas não é possível comparar. A própria empresa não preencheu o item do formulário sobre essa questão.","1750964164453x640714698106077200","","","","","viviane.kawashima@recife.pe.gov.br"
"Demonstra ter potencial nas tecnologias e equipamentos utilizados, mas não fica evidenciado se os equipamentos implantados tem algum tipo de segurança contra roubos ou depredação.","1750964200955x735368502759129100","","","","","viviane.kawashima@recife.pe.gov.br"
"Prazo do MVP é de 6 meses, em contraste com o prazo de 3 meses estimado pelo desafio.","1750964021001x386125084374335500","","","","","vieira.anaines@gmail.com"
"Parece ser escalável, mas não dá pra ter uma ideia exata por não apresentar os custos de cada dispositivo.","1750964240693x680085200583000000","","","","","viviane.kawashima@recife.pe.gov.br"
"Pontos positivos: solução alinhada com necessidades de monitoramento e acompanhamento de usuários da rede de saúde; custos apresentados de forma exequível e detalhada.","1750963737427x154850918931365900","","","","","vieira.anaines@gmail.com"
"O vídeo do pitch foi bom, mas todo o formulário ficou sem preenchimento. Além disso, no documento que foi anexado não preencheram os custos.","1750964288518x514121274137509900","","","","","viviane.kawashima@recife.pe.gov.br"
"Planejamento compatível com o prazo proposto.","1750964376988x869254656989331500","","","","","viviane.kawashima@recife.pe.gov.br"
"Pontos positivos: solução alinhada com necessidades de monitoramento e acompanhamento de usuários da rede de saúde; custos apresentados de forma exequível e detalhada.
Pontos críticos: plataforma própria de agente de IA, o que pode comprometer manutenção e viabilidade futura.","1750963737427x154850918931365900","","","","","vieira.anaines@gmail.com"
"Pontos positivos: solução alinhada com necessidades de monitoramento e acompanhamento de usuários da rede de saúde; custos apresentados de forma exequível e detalhada.
","1750963737427x154850918931365900","","","","","vieira.anaines@gmail.com"
"Proposta viável; TRL7; API Open Source e possibilidade de integração com LLMs Open Source.","1750963789342x740622417311039500","","","","","vieira.anaines@gmail.com"
"Custos detalhados exequíveis; proposta tenta se adequar nas soluções a alternativas open source.","1750963840538x709527632057466900","","","","","vieira.anaines@gmail.com"
"Pontos positivos: uso de API open source para comunicação com o Whatsapp; possibilidade de integração com LLMs open source; banco de dados sugerido em PostgresSQL e frontend em React.js.
Pontos críticos: necessária maior especificação sobre desenvolvimento dos painéis e extração de relatórios.","1750963905243x917948856028364800","","","","","vieira.anaines@gmail.com"
"Prazo do MVP é de 6 meses, em contraste com o prazo de 3 meses estimado pelo desafio.","1750964021001x386125084374335500","","","","","vieira.anaines@gmail.com"
"Pontos positivos: uso do Whatsapp facilita escalabilidade e acessibilidade; possibilidades de integração com ferramentas open source para sustentabilidade da solução a longo prazo.","1750963948773x168407758455701500","","","","","vieira.anaines@gmail.com"
"Pontos positivos: parte técnica de desenvolvimento da proposta bem fundamentada, cronogramas e custos detalhados e exequíveis;
Pontos críticos: melhoria na fundamentação da proposta do ponto de vista técnico em Saúde (indicadores a serem acompanhados, adaptação e noção do público-alvo)","1750963985799x779631706475331600","","","","","vieira.anaines@gmail.com"
"Pontos positivos: solução alinhada com necessidades de monitoramento e acompanhamento de usuários da rede de saúde; custos apresentados de forma exequível e detalhada.
Pontos críticos: necessária maior clareza sobre como seria realizado o monitoramento ativo dos usuários.
","1750963737427x154850918931365900","","","","","vieira.anaines@gmail.com"
"","1750964093459x744066598213779500","","","","","diogo.henriquepaz@gmail.com"
"","1750964123293x533403006340956160","","","","","diogo.henriquepaz@gmail.com"
"","1750964123293x533403006340956160","","","","","diogo.henriquepaz@gmail.com"
"","1750964164453x640714698106077200","","","","","diogo.henriquepaz@gmail.com"
"","1750964200955x735368502759129100","","","","","diogo.henriquepaz@gmail.com"
"","1750964200955x735368502759129100","","","","","diogo.henriquepaz@gmail.com"
"","1750964240693x680085200583000000","","","","","diogo.henriquepaz@gmail.com"
"","1750964240693x680085200583000000","","","","","diogo.henriquepaz@gmail.com"
"Pontos positivos: solução alinhada com necessidades de monitoramento e acompanhamento de usuários da rede de saúde, proposta prevê monitoramento ativo dos usuários e utilização do e-SUS APS como único e principal motor; orçamento apresentado de forma exequível e detalhada. ","1750963737427x154850918931365900","","","","","vieira.anaines@gmail.com"
"","1750963737427x154850918931365900","","","","","moisesb@recife.pe.gov.br"
"","1750964288518x514121274137509900","","","","","diogo.henriquepaz@gmail.com"
"","1750964376988x869254656989331500","","","","","diogo.henriquepaz@gmail.com"
"","1750963789342x740622417311039500","","","","","moisesb@recife.pe.gov.br"
"","1750963840538x709527632057466900","","","","","moisesb@recife.pe.gov.br"
"","1750963905243x917948856028364800","","","","","moisesb@recife.pe.gov.br"
"","1750963948773x168407758455701500","","","","","moisesb@recife.pe.gov.br"
"","1750963985799x779631706475331600","","","","","moisesb@recife.pe.gov.br"
"","1750964021001x386125084374335500","","","","","moisesb@recife.pe.gov.br"
"","1750964093459x744066598213779500","","","","","diogo.henriquepaz@gmail.com"
"","1750964123293x533403006340956160","","","","","diogo.henriquepaz@gmail.com"
"A solução está muito bem fundamentada, mas não resolve plenamente o desafio. O argumento utilizado foi o de trabalhar em ações PREVENTIVAS, e por esse motivo não foram exploradas ações de monitoramento e fiscalização como demandado. Além disso, essas ações preventivas tem um impacto muito maior no descarte irregular de resíduos DOMICILIARES, mas os problemas de descarte irregular de grande volume e que geram altos custos para a administração pública estão relacionados a resíduos de construções, obras, eletrodomésticos, móveis...","1750964093459x744066598213779500","","","","","viviane.kawashima@recife.pe.gov.br"
"O modelo de negócio em si é viável, mas não endereça corretamente os principais problemas do desafio.","1750964123293x533403006340956160","","","","","viviane.kawashima@recife.pe.gov.br"
"Pontos positivos: solução apresentada factível e que leva em conta a realidade já existente da rede de saúde do município; alto conhecimento de funcionamento do e-SUS APS.
Pontos críticos: prazos com probabilidade de inexequibilidade em relação a fase atual de desenvolvimento da proposta (mockup/conceitual).","1750963789342x740622417311039500","","","","","vieira.anaines@gmail.com"
"Pontos positivos: simplificação através de proposição de plugin alinhado a agente de IA e chatbot humanizado.
","1750963840538x709527632057466900","","","","","vieira.anaines@gmail.com"
"O quadro comparativo foi muito bem fundamentado, estaria perfeito se fosse um desafio de gestão de resíduos. Para o monitoramento e fiscalização de descarte irregular a solução fica aquém de outras que atuam no cerne da questão.","1750964164453x640714698106077200","","","","","viviane.kawashima@recife.pe.gov.br"
"Só não evidencia uma tecnologia capaz de realizar monitoramento/fiscalização.","1750964200955x735368502759129100","","","","","viviane.kawashima@recife.pe.gov.br"
"","1750964240693x680085200583000000","","","","","viviane.kawashima@recife.pe.gov.br"
"Excelente fundamentação e documentação, só houve um deslize na compreensão do desafio, não endereçando as propostas corretamente.","1750964288518x514121274137509900","","","","","viviane.kawashima@recife.pe.gov.br"
"","1750963737427x154850918931365900","","","","","moisesb@recife.pe.gov.br"
"","1750963789342x740622417311039500","","","","","moisesb@recife.pe.gov.br"
"","1750963840538x709527632057466900","","","","","moisesb@recife.pe.gov.br"
"","1750963905243x917948856028364800","","","","","moisesb@recife.pe.gov.br"
"","1750963948773x168407758455701500","","","","","moisesb@recife.pe.gov.br"
"","1750963985799x779631706475331600","","","","","moisesb@recife.pe.gov.br"
"Não foi evidenciado o prazo de entrega","1750964376988x869254656989331500","","","","","viviane.kawashima@recife.pe.gov.br"
"","1750964021001x386125084374335500","","","","","moisesb@recife.pe.gov.br"
"Pontos positivos: proponente com alto conhecimento do e-SUS APS; uso de agente de IA e implementação de chatbot via WhatsApp, facilitando acessibilidade; BD PostgreSQL; interface em React,
Pontos críticos: Gemini com LLM, o que pode escalar custos futuramente; limitação da API na cobertura de módulos.","1750963905243x917948856028364800","","","","","vieira.anaines@gmail.com"
"","1750963948773x168407758455701500","","","","","vieira.anaines@gmail.com"
"Pontos positivos: conhecimento e inclinação à com o e-SUS APS em alinhamento com o uso de IA generativa para monitoramento ativo, além de chatbot em Whatsapp, facilitam a escalabilidade da proposta.
","1750963948773x168407758455701500","","","","","vieira.anaines@gmail.com"
"","1750964093459x744066598213779500","","","","","viviane.kawashima@recife.pe.gov.br"
"Pontos positivos: proposta bem fundamentada do ponto de vista tecnológico e de saúde.","1750963985799x779631706475331600","","","","","vieira.anaines@gmail.com"
"","1750964123293x533403006340956160","","","","","viviane.kawashima@recife.pe.gov.br"
"","1750964164453x640714698106077200","","","","","viviane.kawashima@recife.pe.gov.br"
"","1750964200955x735368502759129100","","","","","viviane.kawashima@recife.pe.gov.br"
"","1750964200955x735368502759129100","","","","","viviane.kawashima@recife.pe.gov.br"
"","1750964240693x680085200583000000","","","","","viviane.kawashima@recife.pe.gov.br"
"","1750964288518x514121274137509900","","","","","viviane.kawashima@recife.pe.gov.br"
"","1750964376988x869254656989331500","","","","","viviane.kawashima@recife.pe.gov.br"
"Pontos críticos: para a fase de implementação da solução, prazos apresentados possuem alto grau de inexequibilidade. ","1750964021001x386125084374335500","","","","","vieira.anaines@gmail.com"
"","1750963737427x154850918931365900","","","","","moisesb@recife.pe.gov.br"
"","1750963789342x740622417311039500","","","","","moisesb@recife.pe.gov.br"
"Pontos positivos: proponente com alto conhecimento do e-SUS APS; uso de agente de IA e implementação de chatbot via WhatsApp, facilitando acessibilidade; BD PostgreSQL; interface em React,
Pontos críticos: Gemini com LLM, o que pode escalar custos futuramente; limitação da API na cobertura de módulos; ausência de menção a plataforma/tecnologia de implementação do módulo BI.","1750963905243x917948856028364800","","","","","vieira.anaines@gmail.com"
"","1750963840538x709527632057466900","","","","","moisesb@recife.pe.gov.br"
"","1750963905243x917948856028364800","","","","","moisesb@recife.pe.gov.br"
"","1750963948773x168407758455701500","","","","","moisesb@recife.pe.gov.br"
"","1750963985799x779631706475331600","","","","","moisesb@recife.pe.gov.br"
"","1750964021001x386125084374335500","","","","","moisesb@recife.pe.gov.br"
"Pontos positivos: proposta apresenta ferramenta para monitoramento ativo dos usuários.
Pontos críticos: Custo alto de implementação por usuário; solução de prateleira com baixa possibilidade de adaptação e integração com sistemas já usados no município.","1750963737427x154850918931365900","","","","","vieira.anaines@gmail.com"
"Pontos críticos: baixa viabilidade de implementação na solução diante a realidade do município.","1750963789342x740622417311039500","","","","","vieira.anaines@gmail.com"
"Pontos críticos: baixo custo benefício em comparação a outras ferramentas considerando o tamanho do público-alvo (cerca de 300 mil usuários apenas no segmento pacientes).","1750963840538x709527632057466900","","","","","vieira.anaines@gmail.com"
"Pontos críticos: proposta com baixa possibilidade de integração com soluções já existentes; solução proprietária.","1750963905243x917948856028364800","","","","","vieira.anaines@gmail.com"
"Pontos críticos: solução proprietária e com custo relativamente alto por usuário.","1750963948773x168407758455701500","","","","","vieira.anaines@gmail.com"
"Pontos críticos: proposta poderia ser melhor adaptada à realidade esperada do desafio.","1750963985799x779631706475331600","","","","","vieira.anaines@gmail.com"
"Sem detalhamento de prazos e cronogramas.","1750964021001x386125084374335500","","","","","vieira.anaines@gmail.com"
"Solução não condizente com o público-alvo e proposta do desafio.","1750963737427x154850918931365900","","","","","vieira.anaines@gmail.com"
"Solução não condizente com o público-alvo e proposta do desafio.","1750963789342x740622417311039500","","","","","vieira.anaines@gmail.com"
"Solução não condizente com o público-alvo e proposta do desafio.","1750963840538x709527632057466900","","","","","vieira.anaines@gmail.com"
"Solução não condizente com o público-alvo e proposta do desafio.","1750963905243x917948856028364800","","","","","vieira.anaines@gmail.com"
"Solução não condizente com o público-alvo e proposta do desafio.","1750963948773x168407758455701500","","","","","vieira.anaines@gmail.com"
"Solução não condizente com o público-alvo e proposta do desafio.","1750963948773x168407758455701500","","","","","vieira.anaines@gmail.com"
"Solução não condizente com o público-alvo e proposta do desafio.","1750963985799x779631706475331600","","","","","vieira.anaines@gmail.com"
"Solução não condizente com o público-alvo e proposta do desafio.","1750964021001x386125084374335500","","","","","vieira.anaines@gmail.com"
"","1750963737427x154850918931365900","","","","","moisesb@recife.pe.gov.br"
"","1750963789342x740622417311039500","","","","","moisesb@recife.pe.gov.br"
"","1750963840538x709527632057466900","","","","","moisesb@recife.pe.gov.br"
"","1750963905243x917948856028364800","","","","","moisesb@recife.pe.gov.br"
"","1750963948773x168407758455701500","","","","","moisesb@recife.pe.gov.br"
"","1750963985799x779631706475331600","","","","","moisesb@recife.pe.gov.br"
"","1750964021001x386125084374335500","","","","","moisesb@recife.pe.gov.br"
"O uso de dispositivos como smartbands e smartwatches pode ser impeditivo em relação a custos para a Administração Pública, além da pouca clareza sobre custos de implementação.","1750963737427x154850918931365900","","","","","vieira.anaines@gmail.com"
"Modelo de negócio não está claro na apresentação da proposta.","1750963789342x740622417311039500","","","","","vieira.anaines@gmail.com"
"Não há detalhamento de custos para comparação com outras soluções; uso de dispositivos como smartbands e smartwatches pode ser impeditivo em relação a custos para a Administração Pública.","1750963840538x709527632057466900","","","","","vieira.anaines@gmail.com"
"Proposta sem maiores detalhes, além do uso de dispositivos inteligentes para monitoramento, em relação a tecnologias a serem utilizadas para desenvolvimento.","1750963905243x917948856028364800","","","","","vieira.anaines@gmail.com"
"Sem levantamento de custos e detalhamento de tecnologias a serem utilizadas na proposta, o que prejudica a avaliação.","1750963948773x168407758455701500","","","","","vieira.anaines@gmail.com"
"Proposta pouco fundamentada do ponto de vista técnico, especialmente em relação às ferramentas, prazos, custos e modelo de negócio.","1750963985799x779631706475331600","","","","","vieira.anaines@gmail.com"
"Sem cronograma apresentado.","1750964021001x386125084374335500","","","","","vieira.anaines@gmail.com"
"Proposta pouco fundamentada em relação a prazos, custos e modelo de negócio.","1750963985799x779631706475331600","","","","","vieira.anaines@gmail.com"
"Modelo de negócio não está claro na apresentação da proposta.","1750963789342x740622417311039500","","","","","vieira.anaines@gmail.com"
"O uso de dispositivos como smartbands e smartwatches pode ser impeditivo em relação a custos para a Administração Pública, além da pouca clareza sobre custos de implementação.","1750963737427x154850918931365900","","","","","vieira.anaines@gmail.com"
"","1750963737427x154850918931365900","","","","","moisesb@recife.pe.gov.br"
"","1750963789342x740622417311039500","","","","","moisesb@recife.pe.gov.br"
"","1750963840538x709527632057466900","","","","","moisesb@recife.pe.gov.br"
"Proposta com solução de prateleira e necessidade de uso de dispositivos inteligentes para monitoramento, o que pode inviabilizar a sustentação a longo prazo.","1750963905243x917948856028364800","","","","","vieira.anaines@gmail.com"
"","1750963905243x917948856028364800","","","","","moisesb@recife.pe.gov.br"
"","1750963948773x168407758455701500","","","","","moisesb@recife.pe.gov.br"
"","1750963985799x779631706475331600","","","","","moisesb@recife.pe.gov.br"
"","1750964021001x386125084374335500","","","","","moisesb@recife.pe.gov.br"
"Pontos positivos: proponente apresenta parceiros sólidos e número de usuários atendidos significativo; proposta apresenta solução integrada com ferramentas já existentes e em uso no município.","1750963789342x740622417311039500","","","","","vieira.anaines@gmail.com"
"Pontos positivos: proposta integração com e-SUS APS e ferramentas já existentes no município.
Pontos críticos: ausência de proposição de monitoramento mais ativo e focado em engajamento dos usuários.","1750963737427x154850918931365900","","","","","vieira.anaines@gmail.com"
"","1750963737427x154850918931365900","","","","","moisesb@recife.pe.gov.br"
"","1750963789342x740622417311039500","","","","","moisesb@recife.pe.gov.br"
"","1750963840538x709527632057466900","","","","","moisesb@recife.pe.gov.br"
"","1750963905243x917948856028364800","","","","","moisesb@recife.pe.gov.br"
"","1750963948773x168407758455701500","","","","","moisesb@recife.pe.gov.br"
"","1750963985799x779631706475331600","","","","","moisesb@recife.pe.gov.br"
"","1750964021001x386125084374335500","","","","","moisesb@recife.pe.gov.br"
"Pontos positivos: proponente apresenta parceiros sólidos e número de usuários atendidos significativo; proposta apresenta solução integrada com ferramentas já existentes e em uso no município.
","1750963789342x740622417311039500","","","","","vieira.anaines@gmail.com"
"Pontos positivos: solução simplificada e com previsibilidade de integração a ferramentas já existentes e em uso.
Pontos críticos: desafio provoca o desenvolvimento de soluções que visem o maior engajamento de usuários, além da ampliação de acessibilidade do monitoramento aos pacientes.","1750963840538x709527632057466900","","","","","vieira.anaines@gmail.com"
"Pontos positivos: uso de banco de dados em PostgreSQL.
Pontos críticos: maior clareza em relação a ferramenta de armazenamento em nuvem e aplicação das linguagens e tecnologias nos entregáveis.
","1750963905243x917948856028364800","","","","","vieira.anaines@gmail.com"
"Pontos positivos: solução simples, com proposição de integração ao e-SUS APS e ConectaSaúde, focada em coleta de dados.","1750963948773x168407758455701500","","","","","vieira.anaines@gmail.com"
"","1750964164453x640714698106077200","","","","","diogo.henriquepaz@gmail.com"
"","1750964200955x735368502759129100","","","","","diogo.henriquepaz@gmail.com"
"","1750964200955x735368502759129100","","","","","diogo.henriquepaz@gmail.com"
"Pontos positivos: Proposta apresentou orçamento, cronograma e aspectos básicos técnicos para implementação. 
Pontos críticos: como boa parte da solução envolve o uso de dashboards e insights a partir de indicadores, inscrição poderia já apresentar indicadores que serão trabalhados.","1750963985799x779631706475331600","","","","","vieira.anaines@gmail.com"
"","1750964240693x680085200583000000","","","","","diogo.henriquepaz@gmail.com"
"","1750964288518x514121274137509900","","","","","diogo.henriquepaz@gmail.com"
"","1750964288518x514121274137509900","","","","","diogo.henriquepaz@gmail.com"
"","1750964376988x869254656989331500","","","","","diogo.henriquepaz@gmail.com"
"","1750964021001x386125084374335500","","","","","moisesb@recife.pe.gov.br"
"","1750963948773x168407758455701500","","","","","moisesb@recife.pe.gov.br"
"","1750964093459x744066598213779500","","","","","diogo.henriquepaz@gmail.com"
"","1750964093459x744066598213779500","","","","","diogo.henriquepaz@gmail.com"
"Cronograma detalhado apresentado, prazos dos sistemas de notificação e alerta com alta probabilidade de inexequibilidade. ","1750964021001x386125084374335500","","","","","vieira.anaines@gmail.com"
"","1750964123293x533403006340956160","","","","","diogo.henriquepaz@gmail.com"
"","1750964123293x533403006340956160","","","","","diogo.henriquepaz@gmail.com"
"","1750964164453x640714698106077200","","","","","diogo.henriquepaz@gmail.com"
"","1750964200955x735368502759129100","","","","","diogo.henriquepaz@gmail.com"
"","1750963840538x709527632057466900","","","","","moisesb@recife.pe.gov.br"
"","1750964200955x735368502759129100","","","","","diogo.henriquepaz@gmail.com"
"","1750964240693x680085200583000000","","","","","diogo.henriquepaz@gmail.com"
"","1750964240693x680085200583000000","","","","","diogo.henriquepaz@gmail.com"
"","1750964288518x514121274137509900","","","","","diogo.henriquepaz@gmail.com"
"","1750964376988x869254656989331500","","","","","diogo.henriquepaz@gmail.com"
"","1750964376988x869254656989331500","","","","","diogo.henriquepaz@gmail.com"
"Pontos positivos: solução apresentada factível e que leva em conta a realidade já existente da rede de saúde do município; alto conhecimento de funcionamento do e-SUS APS.
Pontos críticos: prazos com probabilidade de inexequibilidade em relação a fase atual de desenvolvimento da proposta (mockup/conceitual).","1750963789342x740622417311039500","","","","","vieira.anaines@gmail.com"
"Pontos críticos: para a fase de implementação da solução, prazos apresentados possuem alto grau de inexequibilidade. ","1750964021001x386125084374335500","","","","","vieira.anaines@gmail.com"
"Pontos positivos: proponente com alto conhecimento do e-SUS APS; uso de agente de IA e implementação de chatbot via WhatsApp, facilitando acessibilidade; BD PostgreSQL; interface em React,
Pontos críticos: Gemini com LLM, o que pode escalar custos futuramente; limitação da API na cobertura de módulos; ausência de menção a plataforma/tecnologia de implementação do módulo BI.","1750963905243x917948856028364800","","","","","vieira.anaines@gmail.com"
"A proposta enquanto conceito apresenta informações que aponta a resolução do desafio","1750964491955x785552669767368700","","","","","cesararaujo569@gmail.com"
"A proposta enquanto conceito apresenta informações que aponta a um modelo de negocios em desenvolvimento","1750964556841x823259996282421200","","","","","cesararaujo569@gmail.com"
"Parte importante da solução já é um produto de alta utilização por usuários (Whatsapp); modelo de LLM não foi especificado; custos para implementação não estão detalhados/claros.","1750963905243x917948856028364800","","","","","vieira.anaines@gmail.com"
"A proposta enquanto conceito apresenta informações que aponta a resolução do desafio","1750964491955x785552669767368700","","","","","cesararaujo569@gmail.com"
"A proposta enquanto conceito apresenta informações que aponta a um modelo de negocios em desenvolvimento","1750964556841x823259996282421200","","","","","cesararaujo569@gmail.com"
"Solução não alinhada com a proposição do desafio.","1750963737427x154850918931365900","","","","","vieira.anaines@gmail.com"
"","1750964093459x744066598213779500","","","","","diogo.henriquepaz@gmail.com"
"","1750964093459x744066598213779500","","","","","diogo.henriquepaz@gmail.com"
"Solução não alinhada com a proposição do desafio.","1750963789342x740622417311039500","","","","","vieira.anaines@gmail.com"
"Solução não alinhada com a proposição do desafio.","1750963840538x709527632057466900","","","","","vieira.anaines@gmail.com"
"","1750964123293x533403006340956160","","","","","diogo.henriquepaz@gmail.com"
"Solução não alinhada com a proposição do desafio.","1750963905243x917948856028364800","","","","","vieira.anaines@gmail.com"
"Solução não alinhada com a proposição do desafio.","1750963948773x168407758455701500","","","","","vieira.anaines@gmail.com"
"Solução não alinhada com a proposição do desafio.","1750963985799x779631706475331600","","","","","vieira.anaines@gmail.com"
"","1750964164453x640714698106077200","","","","","diogo.henriquepaz@gmail.com"
"","1750964164453x640714698106077200","","","","","diogo.henriquepaz@gmail.com"
"Solução não alinhada com a proposição do desafio.","1750964021001x386125084374335500","","","","","vieira.anaines@gmail.com"
"","1750964200955x735368502759129100","","","","","diogo.henriquepaz@gmail.com"
"","1750964240693x680085200583000000","","","","","diogo.henriquepaz@gmail.com"
"","1750964288518x514121274137509900","","","","","diogo.henriquepaz@gmail.com"
"","1750964376988x869254656989331500","","","","","diogo.henriquepaz@gmail.com"
"A solução proposta endereça plenamente os problemas elencados no desafio e demonstra um grande potencial de gerar economia para a gestão pública (através dos custos apresentados).","1750964093459x744066598213779500","","","","","viviane.kawashima@recife.pe.gov.br"
"O modelo de negócio apresentado demonstra ser viável, mas para ter maior garantia poderia ter sido abordado algum aspecto sobre INTEGRAÇÃO com aplicativos e sistemas já existentes e utilizados pela prefeitura.","1750964123293x533403006340956160","","","","","viviane.kawashima@recife.pe.gov.br"
"Pontos positivos: jornada do usuário já inicialmente desenhada; solução apresentada factível e que leva em conta a realidade já existente da rede de saúde do município;
Pontos críticos: maior clareza do que será a plataforma; proposta estaria melhor fundamentada com apresentação de protótipo.","1750963789342x740622417311039500","","","","","vieira.anaines@gmail.com"
"Existem soluções semelhantes no mercado, mas a solução apresentada destacou seu potencial competitivo em relação aos custos, incluindo na prestação do serviço não só os equipamentos mas a equipe que realiza o monitoramento e checagem dos vídeos das câmeras.","1750964164453x640714698106077200","","","","","viviane.kawashima@recife.pe.gov.br"
"","1750964093459x744066598213779500","","","","","diogo.henriquepaz@gmail.com"
"","1750964123293x533403006340956160","","","","","diogo.henriquepaz@gmail.com"
"","1750964164453x640714698106077200","","","","","diogo.henriquepaz@gmail.com"
"","1750964200955x735368502759129100","","","","","diogo.henriquepaz@gmail.com"
"","1750964240693x680085200583000000","","","","","diogo.henriquepaz@gmail.com"
"","1750964288518x514121274137509900","","","","","diogo.henriquepaz@gmail.com"
"","1750964376988x869254656989331500","","","","","diogo.henriquepaz@gmail.com"
"","1750964093459x744066598213779500","","","","","diogo.henriquepaz@gmail.com"
"","1750964123293x533403006340956160","","","","","diogo.henriquepaz@gmail.com"
"","1750964240693x680085200583000000","","","","","diogo.henriquepaz@gmail.com"
"","1750964200955x735368502759129100","","","","","diogo.henriquepaz@gmail.com"
"","1750964164453x640714698106077200","","","","","diogo.henriquepaz@gmail.com"
"Pontos positivos: proposta prevê integração com o PEC e-SUS APS para monitoramento dos usuários.
Pontos críticos: orçamento poderia ser mais detalhado com o faseamento além do MVP.","1750963737427x154850918931365900","","","","","vieira.anaines@gmail.com"
"","1750964376988x869254656989331500","","","","","diogo.henriquepaz@gmail.com"
"","1750964288518x514121274137509900","","","","","diogo.henriquepaz@gmail.com"
"Pontos positivos: proposta prevê integração com o PEC e-SUS APS para monitoramento dos usuários.","1750963737427x154850918931365900","","","","","vieira.anaines@gmail.com"
"Pontos positivos: proposta prevê integração com o PEC e-SUS APS para monitoramento dos usuários.","1750963737427x154850918931365900","","","","","vieira.anaines@gmail.com"
"Pontos positivos: jornada do usuário já inicialmente desenhada; solução apresentada factível e que leva em conta a realidade já existente da rede de saúde do município;
Pontos críticos: maior clareza do que será a plataforma; proposta estaria melhor fundamentada com apresentação do protótipo mencionado.","1750963789342x740622417311039500","","","","","vieira.anaines@gmail.com"
"Foi muito bem detalhado como funciona o hardware e software e estão adequados.","1750964200955x735368502759129100","","","","","viviane.kawashima@recife.pe.gov.br"
"Pontos positivos: orçamento até a entrega do MVP.","1750963840538x709527632057466900","","","","","vieira.anaines@gmail.com"
"Solução demonstrou ser escalável quanto ao custo e à capacidade da empresa de atendimento na implantação e monitoramento de um número expressivo de totens.","1750964240693x680085200583000000","","","","","viviane.kawashima@recife.pe.gov.br"
"Pontos positivos: jornada do usuário já inicialmente desenhada; solução apresentada factível e que leva em conta a realidade já existente da rede de saúde do município.
Pontos críticos: maior clareza do que será a plataforma; proposta estaria melhor fundamentada com apresentação do protótipo mencionado.","1750963789342x740622417311039500","","","","","vieira.anaines@gmail.com"
"Pontos positivos: solução alinhada com o desafio e que prevê integração com o PEC e-SUS APS para monitoramento e acompanhamento de usuários da rede de saúde.","1750963737427x154850918931365900","","","","","vieira.anaines@gmail.com"
"Pontos positivos: jornada do usuário já inicialmente desenhada; solução apresentada factível e que leva em conta a realidade já existente da rede de saúde do município.
Pontos críticos: maior clareza dos entregáveis da proposta; proposta estaria melhor fundamentada com apresentação do protótipo mencionado.","1750963789342x740622417311039500","","","","","vieira.anaines@gmail.com"
"O projeto foi muito bem fundamento, mas senti falta do cronograma.","1750964288518x514121274137509900","","","","","viviane.kawashima@recife.pe.gov.br"
"Não foi demonstrado, não é possível avaliar.","1750964376988x869254656989331500","","","","","viviane.kawashima@recife.pe.gov.br"
"","1750964093459x744066598213779500","","","","","diogo.henriquepaz@gmail.com"
"","1750964123293x533403006340956160","","","","","diogo.henriquepaz@gmail.com"
"","1750964164453x640714698106077200","","","","","diogo.henriquepaz@gmail.com"
"","1750964200955x735368502759129100","","","","","diogo.henriquepaz@gmail.com"
"Pontos positivos: orçamento até a entrega do MVP apresenta baixo custo em comparação a outras soluções apresentadas.
","1750963840538x709527632057466900","","","","","vieira.anaines@gmail.com"
"","1750964240693x680085200583000000","","","","","diogo.henriquepaz@gmail.com"
"","1750964288518x514121274137509900","","","","","diogo.henriquepaz@gmail.com"
"","1750964376988x869254656989331500","","","","","diogo.henriquepaz@gmail.com"
"","1750964093459x744066598213779500","","","","","diogo.henriquepaz@gmail.com"
"","1750964123293x533403006340956160","","","","","diogo.henriquepaz@gmail.com"
"","1750964164453x640714698106077200","","","","","diogo.henriquepaz@gmail.com"
"","1750964200955x735368502759129100","","","","","diogo.henriquepaz@gmail.com"
"","1750964200955x735368502759129100","","","","","diogo.henriquepaz@gmail.com"
"","1750964240693x680085200583000000","","","","","diogo.henriquepaz@gmail.com"
"","1750964288518x514121274137509900","","","","","diogo.henriquepaz@gmail.com"
"","1750964376988x869254656989331500","","","","","diogo.henriquepaz@gmail.com"
"Pontos positivos: proposta de integração com o e-SUS APS; implementação de comunicação via WhatsApp, facilitando acessibilidade; BD PostgreSQL.
Pontos críticos: outras soluções propõem o uso de IA Generativa e com clareza em relação de modelo de LLM a ser utilizado; ausência de detalhes sobre a implementação de dasbhoards.
","1750963905243x917948856028364800","","","","","vieira.anaines@gmail.com"
"","1750964093459x744066598213779500","","","","","diogo.henriquepaz@gmail.com"
"","1750964123293x533403006340956160","","","","","diogo.henriquepaz@gmail.com"
"","1750964164453x640714698106077200","","","","","diogo.henriquepaz@gmail.com"
"","1750964200955x735368502759129100","","","","","diogo.henriquepaz@gmail.com"
"","1750964240693x680085200583000000","","","","","diogo.henriquepaz@gmail.com"
"","1750964288518x514121274137509900","","","","","diogo.henriquepaz@gmail.com"
"","1750964376988x869254656989331500","","","","","diogo.henriquepaz@gmail.com"
"Pontos positivos: integração com o e-SUS APS; comunicação via Whatsapp; back-end escalável.
","1750963948773x168407758455701500","","","","","vieira.anaines@gmail.com"
"Pontos positivos: proposta bem fundamentada do ponto de vista tecnológico e de saúde.
","1750963985799x779631706475331600","","","","","vieira.anaines@gmail.com"
"Pontos críticos: cronograma não vai além da fase de entrega do MVP.","1750964021001x386125084374335500","","","","","vieira.anaines@gmail.com"
"","1750964093459x744066598213779500","","","","","diogo.henriquepaz@gmail.com"
"","1750964123293x533403006340956160","","","","","diogo.henriquepaz@gmail.com"
"","1750964164453x640714698106077200","","","","","diogo.henriquepaz@gmail.com"
"","1750964200955x735368502759129100","","","","","diogo.henriquepaz@gmail.com"
"","1750964240693x680085200583000000","","","","","diogo.henriquepaz@gmail.com"
"","1750964288518x514121274137509900","","","","","diogo.henriquepaz@gmail.com"
"","1750964376988x869254656989331500","","","","","diogo.henriquepaz@gmail.com"
"","1750964093459x744066598213779500","","","","","diogo.henriquepaz@gmail.com"
"A solução depende da participação de cidadãos atuando como agentes de fiscalização. Essa medida pode ajudar, mas não soluciona o problema. Além de depender do engajamento da população, não garante que os resíduos não sejam descartados em horários de menor fluxo de pessoas, como de madrugada, por exemplo. A dependência de ação humana dificulta o atendimento pleno dos problemas mapeados.","1750964093459x744066598213779500","","","","","viviane.kawashima@recife.pe.gov.br"
"","1750964123293x533403006340956160","","","","","diogo.henriquepaz@gmail.com"
"","1750964164453x640714698106077200","","","","","diogo.henriquepaz@gmail.com"
"","1750964200955x735368502759129100","","","","","diogo.henriquepaz@gmail.com"
"","1750964240693x680085200583000000","","","","","diogo.henriquepaz@gmail.com"
"","1750964288518x514121274137509900","","","","","diogo.henriquepaz@gmail.com"
"","1750964376988x869254656989331500","","","","","diogo.henriquepaz@gmail.com"
"O modelo é viável como ação adicional ao projeto, não como solução.","1750964123293x533403006340956160","","","","","viviane.kawashima@recife.pe.gov.br"
"baixo custo e baixa resolução do problema.","1750964164453x640714698106077200","","","","","viviane.kawashima@recife.pe.gov.br"
"Depende muito da ação humana, carente de automação.","1750964200955x735368502759129100","","","","","viviane.kawashima@recife.pe.gov.br"
"Depende muito da ação humana, carente de automação.","1750964200955x735368502759129100","","","","","viviane.kawashima@recife.pe.gov.br"
"","1750964093459x744066598213779500","","","","","diogo.henriquepaz@gmail.com"
"","1750964123293x533403006340956160","","","","","diogo.henriquepaz@gmail.com"
"","1750964164453x640714698106077200","","","","","diogo.henriquepaz@gmail.com"
"","1750964200955x735368502759129100","","","","","diogo.henriquepaz@gmail.com"
"","1750964240693x680085200583000000","","","","","diogo.henriquepaz@gmail.com"
"","1750964288518x514121274137509900","","","","","diogo.henriquepaz@gmail.com"
"","1750964376988x869254656989331500","","","","","diogo.henriquepaz@gmail.com"
"Medida altamente escalável, mas só ajuda a resolver uma pequena parcela do problema.","1750964240693x680085200583000000","","","","","viviane.kawashima@recife.pe.gov.br"
"Poucas informações e falta detalhamento do produto, apresentação de mockups, protótipo ou qualquer outra evidência que saia do campo das ideias","1750964288518x514121274137509900","","","","","viviane.kawashima@recife.pe.gov.br"
"Pontos positivos: solução propõe monitoramento ativo dos usuários de saúde com as DCNT alvo do desafio.
Pontos críticos: TRL4; ausência de detalhamento de custos; plataforma proprietária e sem previsão de integração a soluções já existentes adotadas pelo município.","1750963737427x154850918931365900","","","","","vieira.anaines@gmail.com"
"","1750964093459x744066598213779500","","","","","diogo.henriquepaz@gmail.com"
"","1750964123293x533403006340956160","","","","","diogo.henriquepaz@gmail.com"
"","1750964164453x640714698106077200","","","","","diogo.henriquepaz@gmail.com"
"","1750964200955x735368502759129100","","","","","diogo.henriquepaz@gmail.com"
"","1750964240693x680085200583000000","","","","","diogo.henriquepaz@gmail.com"
"","1750964288518x514121274137509900","","","","","diogo.henriquepaz@gmail.com"
"","1750964376988x869254656989331500","","","","","diogo.henriquepaz@gmail.com"
"Para o que foi proposto, o prazo atende. Mas a solução proposta é muito pequena diante do problema.","1750964376988x869254656989331500","","","","","viviane.kawashima@recife.pe.gov.br"
"Pontos críticos: sem apresentação de custos da implementação da solução para melhor análise do critério; em TRL4.","1750963789342x740622417311039500","","","","","vieira.anaines@gmail.com"
"Pontos críticos: já existem soluções similares no mercado que são proprietárias para monitoramento desses dados de forma mais genérica; sem menção a custos na proposta.","1750963840538x709527632057466900","","","","","vieira.anaines@gmail.com"
"","1750964093459x744066598213779500","","","","","diogo.henriquepaz@gmail.com"
"","1750964123293x533403006340956160","","","","","diogo.henriquepaz@gmail.com"
"","1750964164453x640714698106077200","","","","","diogo.henriquepaz@gmail.com"
"","1750964200955x735368502759129100","","","","","diogo.henriquepaz@gmail.com"
"","1750964240693x680085200583000000","","","","","diogo.henriquepaz@gmail.com"
"","1750964288518x514121274137509900","","","","","diogo.henriquepaz@gmail.com"
"","1750964376988x869254656989331500","","","","","diogo.henriquepaz@gmail.com"
"","1750964093459x744066598213779500","","","","","diogo.henriquepaz@gmail.com"
"","1750964123293x533403006340956160","","","","","diogo.henriquepaz@gmail.com"
"","1750964164453x640714698106077200","","","","","diogo.henriquepaz@gmail.com"
"","1750964200955x735368502759129100","","","","","diogo.henriquepaz@gmail.com"
"","1750964240693x680085200583000000","","","","","diogo.henriquepaz@gmail.com"
"","1750964288518x514121274137509900","","","","","diogo.henriquepaz@gmail.com"
"","1750964376988x869254656989331500","","","","","diogo.henriquepaz@gmail.com"
"Pontos positivos: BD PostgreSQL; interface em React; uso de biblioteca de código aberto para machine learning.
Pontos críticos: menção à armazenamento em nuvem sem dimensionamento de custos de implementação; menção genérica a integração com sistemas de saúde.","1750963905243x917948856028364800","","","","","vieira.anaines@gmail.com"
"Pontos críticos: avaliação de escalabilidade prejudicada pela ausência de menção a custos de implementação.","1750963948773x168407758455701500","","","","","vieira.anaines@gmail.com"
"Abordou outras soluções de mercado, mas chegou a abordar e avaliar o cust/benefício da solução proposta em relação ao existente no mercado.","1750963840538x709527632057466900","","","","","homero@recife.pe.gov.br"
"Pontos críticos: proposta poderia ter sido melhor fundamentada do ponto de vista técnico em saúde e ter apresentado orçamento detalhado.","1750963985799x779631706475331600","","","","","vieira.anaines@gmail.com"
"Prazos não exequíveis diante a fase atual da solução (TRL4).","1750964021001x386125084374335500","","","","","vieira.anaines@gmail.com"
"Considera a utilização de um dispositivo, dashboard, IA, app, mas não abordou as tecnologias adotadas, nem abordou a viabilidade para adoção na população de Recife (200 mil HAS e 90 mil DM)","1750963905243x917948856028364800","","","","","homero@recife.pe.gov.br"
"","1750964093459x744066598213779500","","","","","diogo.henriquepaz@gmail.com"
"","1750964123293x533403006340956160","","","","","diogo.henriquepaz@gmail.com"
"","1750964164453x640714698106077200","","","","","diogo.henriquepaz@gmail.com"
"","1750964200955x735368502759129100","","","","","diogo.henriquepaz@gmail.com"
"","1750964240693x680085200583000000","","","","","diogo.henriquepaz@gmail.com"
"","1750964288518x514121274137509900","","","","","diogo.henriquepaz@gmail.com"
"","1750964376988x869254656989331500","","","","","diogo.henriquepaz@gmail.com"
"A parte referente a sistemas, avalio que pode ser escalável. Mas a parte referente aos dispositivos para uso pela população, não ficou claro a possibilidade de escalabilidade para a população de Recife e outras cidades. ","1750963948773x168407758455701500","","","","","homero@recife.pe.gov.br"
"Não foi apresentado o prazo para a implantação da solução. Nem para o MVP, nem para a aceleração. Mas, considerando trata-se de uma solução em estágio de MVP, avalio que os prazos para o nosso MVP e adequação às necesidades da Prefeitura do Recife são compatíveis com o preconizado no marco legal das startups.","1750964021001x386125084374335500","","","","","homero@recife.pe.gov.br"
"","1750964093459x744066598213779500","","","","","diogo.henriquepaz@gmail.com"
"","1750964123293x533403006340956160","","","","","diogo.henriquepaz@gmail.com"
"","1750964164453x640714698106077200","","","","","diogo.henriquepaz@gmail.com"
"","1750964200955x735368502759129100","","","","","diogo.henriquepaz@gmail.com"
"","1750964240693x680085200583000000","","","","","diogo.henriquepaz@gmail.com"
"","1750964288518x514121274137509900","","","","","diogo.henriquepaz@gmail.com"
"","1750964376988x869254656989331500","","","","","diogo.henriquepaz@gmail.com"
"Proposta prevê monitoramento ativo dos usuários através de engajamento e criação de dashboards para acompanhamento de usuários, mas não apresenta detalhamento de custos ou proposição de integração com sistemas já existentes no setor público.","1750963737427x154850918931365900","","","","","vieira.anaines@gmail.com"
"Proposta sem detalhamento de custos de implementação e cronograma.","1750963789342x740622417311039500","","","","","vieira.anaines@gmail.com"
"","1750964093459x744066598213779500","","","","","diogo.henriquepaz@gmail.com"
"","1750964123293x533403006340956160","","","","","diogo.henriquepaz@gmail.com"
"","1750964164453x640714698106077200","","","","","diogo.henriquepaz@gmail.com"
"","1750964200955x735368502759129100","","","","","diogo.henriquepaz@gmail.com"
"","1750964240693x680085200583000000","","","","","diogo.henriquepaz@gmail.com"
"","1750964288518x514121274137509900","","","","","diogo.henriquepaz@gmail.com"
"","1750964376988x869254656989331500","","","","","diogo.henriquepaz@gmail.com"
"Existem soluções similares no mercado; proposta não apresentou detalhamento de custos para avaliação.","1750963840538x709527632057466900","","","","","vieira.anaines@gmail.com"
"Sem menção/especificidade de linguagens e plataformas a serem utilizadas para implementação da solução","1750963905243x917948856028364800","","","","","vieira.anaines@gmail.com"
"","1750964093459x744066598213779500","","","","","diogo.henriquepaz@gmail.com"
"","1750964123293x533403006340956160","","","","","diogo.henriquepaz@gmail.com"
"","1750964164453x640714698106077200","","","","","diogo.henriquepaz@gmail.com"
"","1750964200955x735368502759129100","","","","","diogo.henriquepaz@gmail.com"
"","1750964240693x680085200583000000","","","","","diogo.henriquepaz@gmail.com"
"","1750964288518x514121274137509900","","","","","diogo.henriquepaz@gmail.com"
"","1750964376988x869254656989331500","","","","","diogo.henriquepaz@gmail.com"
"O uso de assistente IA Interativo, dashboards para acompanhamento e acompanhamento pelo Whatsapp podem tornar a solução escalável, mas sem especificação de tecnologias e custos a avaliação é prejudicada.
","1750963948773x168407758455701500","","","","","vieira.anaines@gmail.com"
"","1750964093459x744066598213779500","","","","","diogo.henriquepaz@gmail.com"
"","1750964123293x533403006340956160","","","","","diogo.henriquepaz@gmail.com"
"","1750964164453x640714698106077200","","","","","diogo.henriquepaz@gmail.com"
"","1750964200955x735368502759129100","","","","","diogo.henriquepaz@gmail.com"
"","1750964240693x680085200583000000","","","","","diogo.henriquepaz@gmail.com"
"","1750964288518x514121274137509900","","","","","diogo.henriquepaz@gmail.com"
"","1750964376988x869254656989331500","","","","","diogo.henriquepaz@gmail.com"
"Proposta poderia ser melhor fundamentada com a apresentação de cronograma de implementação, detalhamento de custos e especificação/maior detalhamento de tecnologias/linguagens/plataformas que serão utilizadas para sua implementação","1750963985799x779631706475331600","","","","","vieira.anaines@gmail.com"
"Sem cronograma apresentado.","1750964021001x386125084374335500","","","","","vieira.anaines@gmail.com"
"","1750964093459x744066598213779500","","","","","diogo.henriquepaz@gmail.com"
"","1750964093459x744066598213779500","","","","","diogo.henriquepaz@gmail.com"
"","1750964123293x533403006340956160","","","","","diogo.henriquepaz@gmail.com"
"","1750964164453x640714698106077200","","","","","diogo.henriquepaz@gmail.com"
"","1750964200955x735368502759129100","","","","","diogo.henriquepaz@gmail.com"
"","1750964240693x680085200583000000","","","","","diogo.henriquepaz@gmail.com"
"","1750964288518x514121274137509900","","","","","diogo.henriquepaz@gmail.com"
"","1750964376988x869254656989331500","","","","","diogo.henriquepaz@gmail.com"
"","1750964093459x744066598213779500","","","","","diogo.henriquepaz@gmail.com"
"","1750964123293x533403006340956160","","","","","diogo.henriquepaz@gmail.com"
"","1750964164453x640714698106077200","","","","","diogo.henriquepaz@gmail.com"
"","1750964200955x735368502759129100","","","","","diogo.henriquepaz@gmail.com"
"","1750964240693x680085200583000000","","","","","diogo.henriquepaz@gmail.com"
"","1750964288518x514121274137509900","","","","","diogo.henriquepaz@gmail.com"
"","1750964376988x869254656989331500","","","","","diogo.henriquepaz@gmail.com"
"","1750964093459x744066598213779500","","","","","diogo.henriquepaz@gmail.com"
"","1750964123293x533403006340956160","","","","","diogo.henriquepaz@gmail.com"
"","1750964164453x640714698106077200","","","","","diogo.henriquepaz@gmail.com"
"","1750964200955x735368502759129100","","","","","diogo.henriquepaz@gmail.com"
"","1750964240693x680085200583000000","","","","","diogo.henriquepaz@gmail.com"
"","1750964288518x514121274137509900","","","","","diogo.henriquepaz@gmail.com"
"","1750964376988x869254656989331500","","","","","diogo.henriquepaz@gmail.com"
"Pontos críticos: Vídeo de apresentação da proposta privado; proposta não apresenta MVP como entregável; cronograma com prazos inexequíveis; sem custos detalhados.","1750963737427x154850918931365900","","","","","vieira.anaines@gmail.com"
"","1750964093459x744066598213779500","","","","","diogo.henriquepaz@gmail.com"
"","1750964123293x533403006340956160","","","","","diogo.henriquepaz@gmail.com"
"","1750964164453x640714698106077200","","","","","diogo.henriquepaz@gmail.com"
"Pontos críticos: proposta não apresenta MVP como entregável; cronograma com prazos inexequíveis; sem custos detalhados.","1750963789342x740622417311039500","","","","","vieira.anaines@gmail.com"
"","1750964200955x735368502759129100","","","","","diogo.henriquepaz@gmail.com"
"","1750964240693x680085200583000000","","","","","diogo.henriquepaz@gmail.com"
"","1750964288518x514121274137509900","","","","","diogo.henriquepaz@gmail.com"
"","1750964288518x514121274137509900","","","","","diogo.henriquepaz@gmail.com"
"","1750964376988x869254656989331500","","","","","diogo.henriquepaz@gmail.com"
"Pontos críticos: sem comparação com outras soluções; MVP como entregável não apresentado.","1750963840538x709527632057466900","","","","","vieira.anaines@gmail.com"
"Pontos críticos: sem apresentação de tecnologias e entregáveis na proposta.","1750963905243x917948856028364800","","","","","vieira.anaines@gmail.com"
"Pontos críticos: Vídeo de apresentação da proposta privado; proposta não apresenta MVP como entregável, modelo de negócio ou tecnologias a serem utilizadas.","1750963948773x168407758455701500","","","","","vieira.anaines@gmail.com"
"A solução proposta faz muito sentido, mas não ficou claro se o produto é apenas o software e os postes inteligentes precisariam ser solucionados à parte. Além disso, a demonstração da detecção da câmera evidenciou uma possível fragilidade nos mecanismos de controle.","1750964093459x744066598213779500","","","","","viviane.kawashima@recife.pe.gov.br"
"Pontos positivos: construção inicial teórica em relação ao público-alvo do desafio.
Pontos críticos:  proposta não apresenta MVP como entregável; cronograma com prazos inexequíveis; sem custos detalhados; sem apresentação de tecnologias para implementação.","1750963985799x779631706475331600","","","","","vieira.anaines@gmail.com"
"Cronograma sem detalhamento e prazos exequíveis.","1750964021001x386125084374335500","","","","","vieira.anaines@gmail.com"
"A solução proposta faz muito sentido, mas não ficou claro se o produto é apenas o software e os postes inteligentes precisariam ser solucionados à parte (se incluir o poste não foi exibido nenhum protótipo). Além disso, a demonstração da detecção da câmera evidenciou uma possível fragilidade nos mecanismos de controle.","1750964093459x744066598213779500","","","","","viviane.kawashima@recife.pe.gov.br"
"Proposta sem apresentação de cronograma de implementação.","1750964021001x386125084374335500","","","","","vieira.anaines@gmail.com"
"Sem apresentação de cronogramas, prazos, tecnologias a serem utilizadas.","1750963985799x779631706475331600","","","","","vieira.anaines@gmail.com"
"Avaliação do critério prejudicada com a ausência de orçamento e cronograma, além de falta de menção às tecnologias utilizadas para implementação da solução.","1750963948773x168407758455701500","","","","","vieira.anaines@gmail.com"
"Aparenta ser viável a implantação, mas como deixou algumas dúvidas não dá pra ter 100% de segurança.","1750964123293x533403006340956160","","","","","viviane.kawashima@recife.pe.gov.br"
"Os custos não foram apresentados, impossibilitando a comparação.","1750964164453x640714698106077200","","","","","viviane.kawashima@recife.pe.gov.br"
"Proposta apresenta solução de prateleira com pouca adesão à realidade da Atenção Primária em Saúde no âmbito do município e sem menção a integração com sistemas de saúde já existentes. Ademais, não há apresentação de custos de implementação. ","1750963737427x154850918931365900","","","","","vieira.anaines@gmail.com"
"Sem apresentação do modelo de negócios na proposta.","1750963789342x740622417311039500","","","","","vieira.anaines@gmail.com"
"Há soluções no mercado de mensageria; proponente não apresentou detalhamento de custos na proposta.","1750963840538x709527632057466900","","","","","vieira.anaines@gmail.com"
"Sem detalhamento de linguagens, plataformas e tecnologias a serem utilizadas na implementação da proposta.","1750963905243x917948856028364800","","","","","vieira.anaines@gmail.com"
"Tecnologias aparentemente factíveis. Precisaria entender melhor sobre os dispositivos que vão embarcar o software.","1750964200955x735368502759129100","","","","","viviane.kawashima@recife.pe.gov.br"
"Aparenta ser escalável até pela possibilidade de integrar com dispositivos pré-existentes. Mas sem os custos e sem entender se os postes inteligentes estão inclusos na solução não dá pra fazer uma análise totalmente precisa.","1750964240693x680085200583000000","","","","","viviane.kawashima@recife.pe.gov.br"
"Houve uma grande preocupação em detalhar bem a documentação, mas não especificou custos e prazos do cronograma.","1750964288518x514121274137509900","","","","","viviane.kawashima@recife.pe.gov.br"
"Pontos positivos: solução alinhada com necessidades de monitoramento e acompanhamento de usuários da rede de saúde, prevê monitoramento ativo dos usuários e integração com e-SUS APS; orçamento apresentado de forma exequível e detalhada. ","1750963737427x154850918931365900","","","","","vieira.anaines@gmail.com"
"Não apresentou cronograma.","1750964376988x869254656989331500","","","","","viviane.kawashima@recife.pe.gov.br"
"Pontos positivos: proponente com experiência em relação ao e-SUS APS; sinergia com a necessidade de interoperabilidade entre sistemas (menção ao padrão HL7 FHIR); proposta de modificação de sistemas e soluções já existentes utilizadas pelo município; 
Pontos críticos: outras soluções/propostas apresentam com clareza o modelo de LLM e uso de IA generativa para monitoramento ativo dos usuários; sem especificações mais técnicas sobre linguagens/plataformas de desenvolvimento dos dashboards de monitoramento.","1750963905243x917948856028364800","","","","","vieira.anaines@gmail.com"
"Pontos positivos: solução alinhada com necessidades de monitoramento e acompanhamento de usuários da rede de saúde, prevê monitoramento ativo dos usuários e integração com e-SUS APS; orçamento apresentado de forma exequível e detalhada. ","1750963737427x154850918931365900","","","","","vieira.anaines@gmail.com"
"Pontos positivos: solução apresentada factível e que leva em conta a realidade já existente da rede de saúde do município; alto conhecimento de funcionamento do e-SUS APS.
Pontos críticos: prazos com probabilidade de dilação em relação a fase atual sinalizada de desenvolvimento da proposta.","1750963789342x740622417311039500","","","","","vieira.anaines@gmail.com"
"Pontos positivos: solução apresentada factível e que leva em conta a realidade já existente da rede de saúde.
Pontos críticos: orçamento maior para desenvolvimento em relação a propostas similares apresentadas.","1750963840538x709527632057466900","","","","","vieira.anaines@gmail.com"
"Pontos positivos: Adoção de padrões de interoperabilidade e conhecimento prévio do e-SUS APS; escalonamento de pilotos previstos na proposta.","1750963948773x168407758455701500","","","","","vieira.anaines@gmail.com"
"Pontos positivos: proposta bem fundamentada do ponto de vista tecnológico e de saúde.
","1750963985799x779631706475331600","","","","","vieira.anaines@gmail.com"
"Pontos críticos: para a fase de implementação do MVP, prazos surpassam o solicitado no desafio.","1750964021001x386125084374335500","","","","","vieira.anaines@gmail.com"
"Pontos positivos: solução alinhada com necessidades de monitoramento e acompanhamento de usuários da rede de saúde, prevê monitoramento ativo dos usuários e integração com e-SUS APS; orçamento apresentado de forma exequível e detalhada. ","1750963737427x154850918931365900","","","","","vieira.anaines@gmail.com"
"Pontos positivos: solução apresenta possibilidades de monitoramento e acompanhamento de usuários da rede de saúde através de integração com o e-SUS APS.
Pontos críticos: falta de detalhamento de custos na apresentação da proposta.","1750963737427x154850918931365900","","","","","vieira.anaines@gmail.com"
"Pontos críticos: pouca clareza na apresentação do modelo de negócios e empresa.","1750963789342x740622417311039500","","","","","vieira.anaines@gmail.com"
"Pontos positivos: solução apresentada leva em conta a realidade já existente da rede de saúde, inclusive padrões de interoperabilidade utilizados.
Pontos críticos: sem orçamento detalhado para comparação com outras soluções e propostas.","1750963840538x709527632057466900","","","","","vieira.anaines@gmail.com"
"Pontos positivos: menção a padrões de interoperabilidade e conhecimento prévio do e-SUS APS; proposição de integração com plataformas existentes no município; menção a uso de tecnologias open source e APIs padrão para implementação.
Pontos críticos: falta clareza no que serão os entregáveis para avaliação.","1750963905243x917948856028364800","","","","","vieira.anaines@gmail.com"
"Pontos positivos: solução apresentada leva em conta a realidade já existente da rede de saúde, inclusive padrões de interoperabilidade utilizados.
Pontos críticos: sem orçamento detalhado para comparação com outras soluções e propostas; falta clareza no que serão os entregáveis para avaliação.","1750963840538x709527632057466900","","","","","vieira.anaines@gmail.com"
"Pontos positivos: solução apresenta possibilidades de monitoramento e acompanhamento de usuários da rede de saúde através de integração com o e-SUS APS.
Pontos críticos: falta de detalhamento de custos na apresentação da proposta; falta clareza no que serão os entregáveis para avaliação.","1750963737427x154850918931365900","","","","","vieira.anaines@gmail.com"
"Através dos padrões, APIs e tecnologias mencionadas, solução pode ser escalável, mas falta clareza em custos e entregáveis para melhor avaliação.","1750963948773x168407758455701500","","","","","vieira.anaines@gmail.com"
"Pontos positivos: solução apresenta possibilidades de monitoramento e acompanhamento de usuários da rede de saúde através de integração com o e-SUS APS.
Pontos críticos: falta de detalhamento de custos na apresentação da proposta; proposta em fase conceitual.","1750963737427x154850918931365900","","","","","vieira.anaines@gmail.com"
"Pontos positivos: solução apresentada leva em conta a realidade já existente da rede de saúde, inclusive padrões de interoperabilidade utilizados.
Pontos críticos: sem orçamento detalhado para comparação com outras soluções e propostas.","1750963840538x709527632057466900","","","","","vieira.anaines@gmail.com"
"Pontos positivos: menção a padrões de interoperabilidade e conhecimento prévio do e-SUS APS; proposição de integração com plataformas existentes no município; menção a uso de tecnologias open source e APIs padrão para implementação.
Pontos críticos: proposta em fase conceitual, alongando cronograma possível de entregáveis.","1750963905243x917948856028364800","","","","","vieira.anaines@gmail.com"
"Pontos positivos: menção a padrões de interoperabilidade e conhecimento prévio do e-SUS APS; proposição de integração com plataformas existentes no município; menção a uso de tecnologias open source e APIs padrão para implementação.
","1750963905243x917948856028364800","","","","","vieira.anaines@gmail.com"
"Através dos padrões, APIs e tecnologias mencionadas, solução pode ser escalável, mas falta clareza em custos e entregáveis para melhor avaliação. Além disto, proposta está em fase conceitual, alongando cronograma possível de entregáveis.","1750963948773x168407758455701500","","","","","vieira.anaines@gmail.com"
"Proposta bem fundamentada tecnicamente em saúde, apresentando ainda ciência da realidade da gestão pública em relação a sistemas de saúde. Falta maior clareza e dimensionamento em relação a custos de implementação e apresentação de cronograma exequível.","1750963985799x779631706475331600","","","","","vieira.anaines@gmail.com"
"Cronograma não apresentado.","1750964021001x386125084374335500","","","","","vieira.anaines@gmail.com"
"Entrega do MVP surpassa prazo previsto pelo desafio.","1750964021001x386125084374335500","","","","","vieira.anaines@gmail.com"
"Proposta sem maiores detalhes em relação a tecnologias e custos de implementação.","1750963985799x779631706475331600","","","","","vieira.anaines@gmail.com"
"Proposta sem maiores detalhes de custos de implementação, prejudicando a avaliação do critério.","1750963948773x168407758455701500","","","","","vieira.anaines@gmail.com"
"Proposta menciona de forma genérica algumas tecnologias a serem utilizadas para implementação nos entregáveis, e não apresenta proposição de integração com sistemas de saúde já existentes.","1750963905243x917948856028364800","","","","","vieira.anaines@gmail.com"
"Proposta sem maiores detalhes de custos de implementação, prejudicando a avaliação do critério.","1750963840538x709527632057466900","","","","","vieira.anaines@gmail.com"
"Proposta sem maiores detalhes de custos de implementação, prejudicando a avaliação do critério, além de ausência objetiva de menção em relação ao modelo de negócio.","1750963789342x740622417311039500","","","","","vieira.anaines@gmail.com"
"Proposta prevê o uso genérico de IA para monitoramento,  sem maiores detalhes de custos de implementação, integração com sistemas já existentes, e menciona de forma genérica o monitoramento ativo de DCNTs dos pacientes e acompanhamento pelas equipes e profissionais das informações necessárias. ","1750963737427x154850918931365900","","","","","vieira.anaines@gmail.com"
"Proposta duplicada.","1750963737427x154850918931365900","","","","","vieira.anaines@gmail.com"
"Proposta duplicada.","1750963789342x740622417311039500","","","","","vieira.anaines@gmail.com"
"Proposta duplicada.","1750963840538x709527632057466900","","","","","vieira.anaines@gmail.com"
"Proposta duplicada.","1750963905243x917948856028364800","","","","","vieira.anaines@gmail.com"
"Proposta duplicada.","1750963948773x168407758455701500","","","","","vieira.anaines@gmail.com"
"Proposta duplicada.","1750963985799x779631706475331600","","","","","vieira.anaines@gmail.com"
"Proposta duplicada.","1750964021001x386125084374335500","","","","","vieira.anaines@gmail.com"
"Pontos positivos: prevê integração com a API do PEC e-SUS; solução simples para implementação (chatbot); propõe monitoramento ativo através do engajamento dos usuários.
","1750963737427x154850918931365900","","","","","vieira.anaines@gmail.com"
"Pontos positivos: prevê integração com a API do PEC e-SUS; solução simples para implementação (chatbot); propõe monitoramento ativo através do engajamento dos usuários.
","1750963737427x154850918931365900","","","","","vieira.anaines@gmail.com"
"Solução em fase conceitual; modelo de negócios sem maior detalhamento.","1750963789342x740622417311039500","","","","","vieira.anaines@gmail.com"
" O custo estimado de implementação da solução em relação a outros proponentes é menor, mas a solução proposta é mais simples e os custos com infraestrutura estão dimensionados para 3 meses.","1750963840538x709527632057466900","","","","","vieira.anaines@gmail.com"
"Pontos positivos: proponente menciona integração com a API do e-SUS APS; implementação de chatbot via WhatsApp, facilitando acessibilidade; BD PostgreSQL; interface em React.","1750963905243x917948856028364800","","","","","vieira.anaines@gmail.com"
"Solução prevê integração com a API do PEC e-SUS; solução simples para implementação (chatbot); propõe monitoramento ativo através do engajamento dos usuários. Há soluções similares em implementação ou já implementadas pelo município, com a proposta em questão apresentando baixo potencial de inovação.
","1750963737427x154850918931365900","","","","","vieira.anaines@gmail.com"
" O custo estimado de implementação da solução em relação a outros proponentes é menor, a solução proposta é mais simples.","1750963840538x709527632057466900","","","","","vieira.anaines@gmail.com"
"Infraestrutura necessária é simplificada, facilitando a escalabilidade. ","1750963948773x168407758455701500","","","","","vieira.anaines@gmail.com"
"Proposta apresentou satisfatoriamente tecnologias, custos e prazos.","1750963985799x779631706475331600","","","","","vieira.anaines@gmail.com"
"Solução prevê integração com a API do PEC e-SUS; solução simples para implementação (chatbot com IA); propõe engajamento dos usuários através de alertas e mensagens, sem maior potencial de monitoramento ativo. Há soluções similares em implementação ou já implementadas pelo município, com a proposta em questão apresentando baixo potencial de inovação.
","1750963737427x154850918931365900","","","","","vieira.anaines@gmail.com"
"Implantação do piloto, para uma solução mais simples, surpassa o prazo do desafio para entrega do MVP.","1750964021001x386125084374335500","","","","","vieira.anaines@gmail.com"
"Vídeo da proposta indisponível. ","1750963737427x154850918931365900","","","","","vieira.anaines@gmail.com"
"Vídeo da proposta indisponível. Documentos apresentados não permitem maior contextualização. ","1750963737427x154850918931365900","","","","","vieira.anaines@gmail.com"
"Vídeo da proposta indisponível. Documentos apresentados não permitem maior contextualização. ","1750963789342x740622417311039500","","","","","vieira.anaines@gmail.com"
"Vídeo da proposta indisponível. Documentos apresentados não permitem maior contextualização. ","1750963840538x709527632057466900","","","","","vieira.anaines@gmail.com"
"Vídeo da proposta indisponível. Documentos apresentados não permitem maior contextualização. ","1750963905243x917948856028364800","","","","","vieira.anaines@gmail.com"
"Vídeo da proposta indisponível. Documentos apresentados não permitem maior contextualização. ","1750963948773x168407758455701500","","","","","vieira.anaines@gmail.com"
"Vídeo da proposta indisponível. Documentos apresentados não permitem maior contextualização. ","1750963985799x779631706475331600","","","","","vieira.anaines@gmail.com"
"Vídeo da proposta indisponível. Documentos apresentados não permitem maior contextualização. ","1750964021001x386125084374335500","","","","","vieira.anaines@gmail.com"
"Vídeo da proposta indisponível. Documentos apresentados não permitem maior contextualização. ","1750964021001x386125084374335500","","","","","vieira.anaines@gmail.com"
"Custo alto apresentado, sem maiores detalhamentos para implementação na rede de saúde do município, em relação a outras propostas.","1750963840538x709527632057466900","","","","","vieira.anaines@gmail.com"
"Solução não menciona integração com plataformas e sistemas de saúde existentes e utilizados na rede de saúde do Recife;  ","1750963737427x154850918931365900","","","","","vieira.anaines@gmail.com"
"Pontos positivos: proposta apresenta solução de monitoramento ativo e engajamento de pacientes acompanhados.
Pontos críticos: solução não abarca integração com plataformas e sistemas de saúde existentes e utilizados nas redes públicas de Saúde e em Recife; custos apresentados altos em comparação a outras propostas com maior potencial de resolutividade. ","1750963737427x154850918931365900","","","","","vieira.anaines@gmail.com"
"Custo apresentado é alto em relação a outras propostas; sem maiores detalhamentos para implementação.","1750963840538x709527632057466900","","","","","vieira.anaines@gmail.com"
"Pontos positivos: proposta apresenta solução de monitoramento ativo e engajamento de pacientes acompanhados.
Pontos críticos: solução não abarca integração com plataformas e sistemas de saúde existentes e utilizados na rede pública de Saúde; custos apresentados altos em comparação a outras propostas com maior potencial de resolutividade. ","1750963737427x154850918931365900","","","","","vieira.anaines@gmail.com"
"Pontos positivos: TRL8.
Pontos críticos: custo e viabilidade considerando o cenário da rede de saúde do Recife.","1750963789342x740622417311039500","","","","","vieira.anaines@gmail.com"
"Pontos positivos: mensageria e WhatsApp utilizados para monitoramento ativo e engajamento.
Pontos críticos: ausência de menção à interoperabilidade com sistemas utilizados na rede; ausência de menção à integração com o e-SUS APS; ausência de menção ao modelo de LLM utilizado.; alto custo previsto no geral para sustentação da solução a longo prazo.","1750963905243x917948856028364800","","","","","vieira.anaines@gmail.com"
"Alto custo previsto para sustentação da solução a longo prazo considerando o potencial do público-alvo dentro da rede de saúde.","1750963948773x168407758455701500","","","","","vieira.anaines@gmail.com"
"Pontos críticos: falta de proposição de cronograma e orçamentos alinhados ao desafio; falta de alinhamento geral da proposta à perspectiva da rede de saúde pública.","1750963985799x779631706475331600","","","","","vieira.anaines@gmail.com"
"Pontos positivos: proposta apresenta solução de monitoramento ativo e engajamento de pacientes acompanhados.
Pontos críticos: solução não abarca integração com plataformas e sistemas de saúde existentes e utilizados na rede pública de Saúde; custos não apresentados e com potencial de serem altos em comparação a outras propostas com maior potencial de resolutividade. ","1750963737427x154850918931365900","","","","","vieira.anaines@gmail.com"
"Pontos positivos: proposta apresenta solução de monitoramento ativo e engajamento de pacientes acompanhados.
Pontos críticos: solução não abarca integração com plataformas e sistemas de saúde existentes e utilizados na rede pública de Saúde; custos detalhados de implementação relacionados ao desafio não apresentados e com probabilidade de serem mais altos em comparação a outras propostas com maior potencial de resolutividade. ","1750963737427x154850918931365900","","","","","vieira.anaines@gmail.com"
"Pontos positivos: TRL8.
Pontos críticos: custos e viabilidade considerando o cenário da rede de saúde do Recife.","1750963789342x740622417311039500","","","","","vieira.anaines@gmail.com"
"Custos sem maiores detalhamentos para avaliação de implementação.","1750963840538x709527632057466900","","","","","vieira.anaines@gmail.com"
"Custos sem maiores detalhamentos e comparação com outras soluções para avaliação.","1750963840538x709527632057466900","","","","","vieira.anaines@gmail.com"
"Ausência de cronograma de proposta alinhado ao objetivo do desafio.","1750964021001x386125084374335500","","","","","vieira.anaines@gmail.com"
"Proposta não alinhada com o objetivo e público-alvo do desafio.","1750963737427x154850918931365900","","","","","vieira.anaines@gmail.com"
"","1750963789342x740622417311039500","","","","","vieira.anaines@gmail.com"
"Proposta não alinhada com o objetivo e público-alvo do desafio.","1750963789342x740622417311039500","","","","","vieira.anaines@gmail.com"
"Proposta não alinhada com o objetivo e público-alvo do desafio.","1750963840538x709527632057466900","","","","","vieira.anaines@gmail.com"
"Proposta não alinhada com o objetivo e público-alvo do desafio.","1750963905243x917948856028364800","","","","","vieira.anaines@gmail.com"
"Proposta não alinhada com o objetivo e público-alvo do desafio.","1750963948773x168407758455701500","","","","","vieira.anaines@gmail.com"
"Proposta não alinhada com o objetivo e público-alvo do desafio.Proposta não alinhada com o objetivo e público-alvo do desafio.","1750963985799x779631706475331600","","","","","vieira.anaines@gmail.com"
"Proposta não alinhada com o objetivo e público-alvo do desafio.","1750963985799x779631706475331600","","","","","vieira.anaines@gmail.com"
"Proposta não alinhada com o objetivo e público-alvo do desafio.","1750964021001x386125084374335500","","","","","vieira.anaines@gmail.com"
"Pontos positivos: possibilidades de interoperabilidade e integração com sistemas já existentes; linguagens mencionadas de ampla utilização no mercado.","1750963905243x917948856028364800","","","","","vieira.anaines@gmail.com"
"Pontos positivos: solução com percepção da com necessidades de monitoramento e acompanhamento de usuários da rede de saúde, prevê monitoramento ativo dos usuários e utilização do e-SUS APS como motor.
Pontos críticos: sem orçamento detalhado e exequível apresentado.","1750963737427x154850918931365900","","","","","vieira.anaines@gmail.com"
"TRL2; potencial alto de inexequibilidade no cumprimento de cronograma; prazos mencionados de forma ampla e genérica.","1750963789342x740622417311039500","","","","","vieira.anaines@gmail.com"
"Sem orçamento ou detalhamento de custos apresentado para comparação com outras soluções.","1750963840538x709527632057466900","","","","","vieira.anaines@gmail.com"
"Pontos positivos: possibilidade de interoperabilidade e integração PEC e-SUS APS; mensageria via Whatsapp; solução simplificada de adoção de plugin para facilitar o dia a dia de profissionais de saúde.
Pontos críticos: sem maior detalhamento de custos para melhor avaliação do critério.","1750963948773x168407758455701500","","","","","vieira.anaines@gmail.com"
"Pontos positivos: proposta bem fundamentada inicialmente do ponto de vista técnico em saúde e alinhada com as necessidades e desafios da rede púbica. 
Pontos críticos: ausência de detalhamento de prazos e custos.","1750963985799x779631706475331600","","","","","vieira.anaines@gmail.com"
"Prazo não exequível apresentado em relação ao proposto no desafio.","1750964021001x386125084374335500","","","","","vieira.anaines@gmail.com"
"Parte importante da solução já é um produto de alta utilização por usuários (Whatsapp); modelo de LLM não foi especificado; custos para implementação não estão detalhados/claros.","1750963905243x917948856028364800","","","","","vieira.anaines@gmail.com"
"Solução utiliza o WhatsApp combinado a IA Generativa.","1750963789342x740622417311039500","","","","","vieira.anaines@gmail.com"
"Solução utiliza o WhatsApp combinado a IA Generativa, com potencial de escalabilidade.","1750963789342x740622417311039500","","","","","vieira.anaines@gmail.com"
"Pontos críticos: Avaliação total da proposta prejudicada pela ausência de detalhamento dos custos apresentados para implementação. Outras propostas apresentadas envolvem custos mais baixos para implementação de soluções de IA Generativa e chatbots.","1750963840538x709527632057466900","","","","","vieira.anaines@gmail.com"
"Tecnologia pronta para ser adaptada ao desafio; uso de IA generativa, chatbots e dashboards para monitoramento de indicadores; ausência de detalhamento de custos de implementação.","1750963789342x740622417311039500","","","","","vieira.anaines@gmail.com"
"Parte importante da solução já é um produto de alta utilização por usuários (Whatsapp); modelo de LLM não especificado; tecnologias/plataformas além do Whatsapp não mencionadas de forma mais clara para análise de sustentabilidade a longo prazo.","1750963905243x917948856028364800","","","","","vieira.anaines@gmail.com"
"Para uma melhor fundamentação, seria necessário apresentar detalhamento do custo de implementação (e não menção genérica ao valor total), explicitar o motor de decisão/modelo de LLM e demais linguagens e tecnologias utilizados para implementação da solução (para verificar necessidade de infraestrutura e capacidade de manutenção a longo prazo). Como a solução já existe e precisa ser apenas adaptada ao desafio, um diferencial seria apresentar protótipo em funcionamento.","1750963985799x779631706475331600","","","","","vieira.anaines@gmail.com"
"Pontos positivos: proposta alinhada com a necessidade de engajamento de usuários e monitoramento.
Pontos críticos: ausência de maior fundamentação em relação a custos, entregáveis, cronograma de implementação, integração e interoperabilidade com sistemas já existentes e utilizados na rede de saúde.","1750963737427x154850918931365900","","","","","vieira.anaines@gmail.com"
"Pontos positivos: proposta alinhada com a necessidade de engajamento de usuários e monitoramento.
Pontos críticos: ausência de maior fundamentação em relação a custos, entregáveis, cronograma de implementação, integração e interoperabilidade com sistemas já existentes e utilizados na rede de saúde.","1750963737427x154850918931365900","","","","","vieira.anaines@gmail.com"
"Pontos críticos: ausência de maior fundamentação em relação ao modelo de negócios na inscrição.","1750963789342x740622417311039500","","","","","vieira.anaines@gmail.com"
"Pontos críticos: ausência de maior fundamentação em relação a custos; outras soluções similares apresentadas com orçamento e cronogramas propostos.","1750963840538x709527632057466900","","","","","vieira.anaines@gmail.com"
"Pontos positivos: uso do Whatsapp como ferramenta principal de engajamento.
Pontos críticos: ausência de maior fundamentação da proposta em relação a demais tecnologias que serão utilizadas na implementação da solução.","1750963905243x917948856028364800","","","","","vieira.anaines@gmail.com"
"Pontos críticos: análise prejudicada pela ausência de detalhamento de orçamento/custos, tecnologias/linguagens e uma maior fundamentação da proposta.","1750963948773x168407758455701500","","","","","vieira.anaines@gmail.com"
"Pontos críticos: informações essenciais para a avaliação ausentes, como custos, linguagens e tecnologias necessárias além da menção ao uso do Whatsapp, possibilidades de interoperabilidade de integração com sistemas existentes.","1750963985799x779631706475331600","","","","","vieira.anaines@gmail.com"
"Proposta sem cronograma de implementação apresentado.","1750964021001x386125084374335500","","","","","vieira.anaines@gmail.com"
"Pontos positivos: proposta alinhada com a proposição do desafio para monitoramento e engajamento.
Pontos críticos: ausência de menção à interoperabilidade e integração com sistemas já existentes na rede de saúde.","1750963737427x154850918931365900","","","","","vieira.anaines@gmail.com"
"Orçamento proposto abaixo do total disponível para implementação da solução; mapeamento de possibilidades futuras de financiamento da solução.","1750963789342x740622417311039500","","","","","vieira.anaines@gmail.com"
"Proposta similar a outras soluções apresentadas, mas destacável em relação a custo x benefício.","1750963840538x709527632057466900","","","","","vieira.anaines@gmail.com"
"Pontos positivos: proposta alinhada com a proposição do desafio para monitoramento e engajamento.
Pontos críticos: ausência de menção à interoperabilidade e integração com sistemas já existentes na rede de saúde; solução é aplicativo, outras propostas apresentam ferramentas de maior viabilidade e escalabilidade para uso (Whatsapp).","1750963737427x154850918931365900","","","","","vieira.anaines@gmail.com"
"Orçamento proposto abaixo do total disponível para implementação da solução; mapeamento de possibilidades futuras de financiamento da solução; solução proposta como aplicativo, com potencial de redução de alcance a usuários em relação a outras soluções apresentadas (Whatsapp).","1750963789342x740622417311039500","","","","","vieira.anaines@gmail.com"
"Pontos críticos: solução envolve API própria, podendo comprometer sustentabilidade futura; outras soluções propõem resoluções similares para engajamento de usuários, mas com o uso de ferramenta mais acessível (Whatsapp)","1750963905243x917948856028364800","","","","","vieira.anaines@gmail.com"
"Pontos positivos: proposta orçamentária atrativa. 
Pontos críticos: Solução é aplicativo e usa API própria","1750963948773x168407758455701500","","","","","vieira.anaines@gmail.com"
"Orçamento apresentado em horas trabalhadas, público-alvo assertivamente correlacionado, linguagens e tecnologias apresentadas.","1750963985799x779631706475331600","","","","","vieira.anaines@gmail.com"
"Prazo de entrega do MVP não compatível com o solicitado no desafio.","1750964021001x386125084374335500","","","","","vieira.anaines@gmail.com"
"Pontos positivos: solução mais ampla que as necessidades de monitoramento e acompanhamento de usuários previstas pelo desafio.
Pontos críticos: custos de implementação não apresentados.","1750963737427x154850918931365900","","","","","vieira.anaines@gmail.com"
"Modelo de negócio com alto grau de maturidade; empresa possui captação de recursos públicos em curso.","1750963789342x740622417311039500","","","","","vieira.anaines@gmail.com"
"Pontos positivos: solução mais ampla que as necessidades de monitoramento e acompanhamento de usuários previstas pelo desafio.
Pontos críticos: custos de implementação para a rede de saúde do Recife não apresentados.","1750963737427x154850918931365900","","","","","vieira.anaines@gmail.com"
"Proposta sem apresentação de custos em relação à implementação na rede e sem indicativos de comparação com outras soluções.","1750963840538x709527632057466900","","","","","vieira.anaines@gmail.com"
"Proposta sem apresentação de custos em relação à implementação na rede e sem indicativos de comparação com outras soluções; possibilidade de maior custo para a adoção da solução por ser plataforma mais ampla.","1750963840538x709527632057466900","","","","","vieira.anaines@gmail.com"
"Interoperabilidade (FHIR) com sistemas de saúde já em utilização; LLM utilizada apresentada; alto grau de maturidade e conhecimento do e-SUS APS; interface com usuário/paciente via Whatsapp.","1750963905243x917948856028364800","","","","","vieira.anaines@gmail.com"
"Solução a ser adaptada para o desafio, com alto grau de escalabilidade devido as tecnologias apresentadas e maturidade da proposta. Orçamento para implementação não apresentado, plataforma apresenta resolução mais ampla que o objeto do desafio.","1750963948773x168407758455701500","","","","","vieira.anaines@gmail.com"
"Ausência de orçamento e cronogramas detalhados para adaptação e implementação da solução.","1750963985799x779631706475331600","","","","","vieira.anaines@gmail.com"
"Proposta fundamentada em relação as tecnologias, plataforma, modelo de negócio e escalabilidade. Ausência de orçamento e cronogramas detalhados para adaptação e implementação da solução.","1750963985799x779631706475331600","","","","","vieira.anaines@gmail.com"
"Pontos positivos: solução mais ampla que as necessidades de monitoramento e acompanhamento de usuários previstas pelo desafio.
","1750963737427x154850918931365900","","","","","vieira.anaines@gmail.com"
"Modelo de negócio com alto grau de maturidade e viabilidade.","1750963789342x740622417311039500","","","","","vieira.anaines@gmail.com"
"Proposta sem clareza em relação a custos para à implementação de forma ampla na rede; possibilidade de maior custo para a adoção da solução pelo objeto ser mais amplo. Considerando R$ 50 mil de aportes do E.I.T.A. para um impacto esperado em 1.000 pessoas, solução poderá apresentar custo elevado no futuro para manutenção e sustentabilidade.","1750963840538x709527632057466900","","","","","vieira.anaines@gmail.com"
"Solução a ser adaptada para o desafio, com alto grau de escalabilidade devido as tecnologias apresentadas e maturidade da proposta. Orçamento para implementação é ponto sensível, plataforma apresenta resolução mais ampla que o objeto do desafio.","1750963948773x168407758455701500","","","","","vieira.anaines@gmail.com"
"Proposta fundamentada em relação as tecnologias, plataforma, modelo de negócio e escalabilidade. ","1750963985799x779631706475331600","","","","","vieira.anaines@gmail.com"
"A proposta do desafio envolve prazo de 3 meses para entrega do MVP. Proposta apresenta no cronograma 6 meses para entrega do MVP.","1750964021001x386125084374335500","","","","","vieira.anaines@gmail.com"
"Observação conceitual sobre a proposta: o paciente pode ser monitorado à distância pela sua equipe, mas dados não podem ser registrados diretamente no prontuário por questões clínicas e legais. Ademais, a solução apresentada não propõe soluções para engajamento dos usuários além do registro de aferições.","1750963737427x154850918931365900","","","","","vieira.anaines@gmail.com"
"Solução em fase de mockup; não contempla toda a problemática de monitoramento do desafio.","1750963789342x740622417311039500","","","","","vieira.anaines@gmail.com"
"Outras propostas com escopo mais amplo apresentam melhor custo x benefício.","1750963840538x709527632057466900","","","","","vieira.anaines@gmail.com"
"Tecnologias para desenvolvimento da solução não especificadas.","1750963905243x917948856028364800","","","","","vieira.anaines@gmail.com"
"Sem maior fundamentação sobre tecnologias utilizadas.","1750963948773x168407758455701500","","","","","vieira.anaines@gmail.com"
"Solução em fase de mockup; não contempla toda a problemática de monitoramento e engajamento dos usuários do desafio.","1750963789342x740622417311039500","","","","","vieira.anaines@gmail.com"
"Ausência de informações sobre modelo de negócio, escalabilidade e tecnologias a serem utilizadas.","1750963985799x779631706475331600","","","","","vieira.anaines@gmail.com"
"Cronograma inexequível em relação à fundamentação apresentada.","1750964021001x386125084374335500","","","","","vieira.anaines@gmail.com"
"Proposta poderia apresentar melhor fundamentação teórica em relação ao público-alvo e tecnologias a serem utilizadas.","1750963985799x779631706475331600","","","","","vieira.anaines@gmail.com"
"Ausência de informações sobre tecnologias/linguagens a serem utilizadas, outras soluções apresentam maior resolutividade.","1750963737427x154850918931365900","","","","","vieira.anaines@gmail.com"
"Sem apresentação em relação ao modelo de negócio.","1750963789342x740622417311039500","","","","","vieira.anaines@gmail.com"
"Pontos críticos: uso de app em comparação com ferramentas mais acessíveis (Whatsapp).","1750963840538x709527632057466900","","","","","vieira.anaines@gmail.com"
"Sem informações mais detalhadas sobre tecnologias utilizadas para implementação do desafio.","1750963905243x917948856028364800","","","","","vieira.anaines@gmail.com"
"Sem informações mais detalhadas sobre tecnologias utilizadas para implementação da solução.","1750963905243x917948856028364800","","","","","vieira.anaines@gmail.com"
"Outras soluções apresentam uma proposta de maior escalabilidade com as mesmas premissas.","1750963948773x168407758455701500","","","","","vieira.anaines@gmail.com"
"Entrega do MVP acima do preconizado pelo desafio.","1750964021001x386125084374335500","","","","","vieira.anaines@gmail.com"
"Nome Conecta Saúde utilizado por plataforma já existente; inconsistências de informações ao longo do documento da proposta (indica que plataforma está pronta, mas a fase de indicada de desenvolvimento da ideia é conceitual).","1750963737427x154850918931365900","","","","","vieira.anaines@gmail.com"
"Nome Conecta Saúde utilizado por plataforma já existente; inconsistências de informações ao longo do documento da proposta (indica que plataforma está pronta, mas a fase de indicada de desenvolvimento da ideia é conceitual), plano financeiro genérico, sem mais detalhes.","1750963737427x154850918931365900","","","","","vieira.anaines@gmail.com"
"Proposta conceitual e genérica, modelo de negócios não está claro.","1750963789342x740622417311039500","","","","","vieira.anaines@gmail.com"
"Sem demonstração de custo-benefício em relação a soluções existentes no mercado.","1750963840538x709527632057466900","","","","","vieira.anaines@gmail.com"
"Linguagens e tecnologias a serem utilizada não especificadas na proposta; menção apenas ao Whatsapp como canal de comunicação e a dashboards de forma genérica.","1750963905243x917948856028364800","","","","","vieira.anaines@gmail.com"
"Proposta inscrita como conceitual/mockup, mas constantemente em documento o texto cita a plataforma como existente. Análise do critério prejudicada pelas incosistências.","1750963948773x168407758455701500","","","","","vieira.anaines@gmail.com"
"Proposta inscrita como conceitual/mockup, mas constantemente em documento o texto cita a plataforma como existente. Análise do critério prejudicada pelas inconsistências.","1750963948773x168407758455701500","","","","","vieira.anaines@gmail.com"
"Proposta com inconsistências entre fase da ideia e citações sobre a plataforma. ","1750963985799x779631706475331600","","","","","vieira.anaines@gmail.com"
"Sem apresentação de cronograma detalhado da solução.","1750964021001x386125084374335500","","","","","vieira.anaines@gmail.com"
"A solução foca apenas na gestão de papeleiras, desconsiderando o cerne do desafio (monitoramento e fiscalização). Abrange um escopo muito pequeno e não resolve o descarte irregular da construção civil, móveis, eletrodomésticos como cita o desafio. ","1750964093459x744066598213779500","","","","","viviane.kawashima@recife.pe.gov.br"
"Altamente viável de ser implantado mas não soluciona o desafio. É uma boa ação complementar, não uma solução para os problemas descritos.","1750964123293x533403006340956160","","","","","viviane.kawashima@recife.pe.gov.br"
"O custo é muito baixo, mas o valor agregado e diferencial também são baixos.","1750964164453x640714698106077200","","","","","viviane.kawashima@recife.pe.gov.br"
"O custo é muito baixo, mas o valor agregado e diferencial também são baixos.","1750964164453x640714698106077200","","","","","viviane.kawashima@recife.pe.gov.br"
"A solução é simples e factível de implementar, mas não soluciona o desafio. É um bom complemento como ferramenta de apoio a gestão.","1750964200955x735368502759129100","","","","","viviane.kawashima@recife.pe.gov.br"
"Altamente viável de ser implantado mas não soluciona o desafio. É uma boa ação complementar, não uma solução para os problemas descritos.","1750964123293x533403006340956160","","","","","viviane.kawashima@recife.pe.gov.br"
"solução escalável, mas com baixa aderência ao desafio.","1750964240693x680085200583000000","","","","","viviane.kawashima@recife.pe.gov.br"
"Foi citado o baixo custo de implantação mas não foi exeibida nenhuma projeção de cálculo para a aceleração do produto. Também não apresentou cronograma.","1750964288518x514121274137509900","","","","","viviane.kawashima@recife.pe.gov.br"
"Apesar de ser possível inferir que a solução é de fácil/raípida implantação, não foram demonstrados prazos nem cronograma.","1750964376988x869254656989331500","","","","","viviane.kawashima@recife.pe.gov.br"
"","1750964093459x744066598213779500","","","","","viviane.kawashima@recife.pe.gov.br"
"","1750964123293x533403006340956160","","","","","viviane.kawashima@recife.pe.gov.br"
"","1750964164453x640714698106077200","","","","","viviane.kawashima@recife.pe.gov.br"
"","1750964200955x735368502759129100","","","","","viviane.kawashima@recife.pe.gov.br"
"","1750964240693x680085200583000000","","","","","viviane.kawashima@recife.pe.gov.br"
"","1750964288518x514121274137509900","","","","","viviane.kawashima@recife.pe.gov.br"
"","1750964376988x869254656989331500","","","","","viviane.kawashima@recife.pe.gov.br"
"A solução demonstra um bom potencial de resolução do problema, combinando várias ações integradas: video monitoramento para fiscalização e reconhecimento de veículos e pessoas, uso de drones para identificar padrões, gestão de resíduos com uso de lixeiras ""inteligentes"", sistema de denúncia e alerta para cidadãos e interoperabilidade. Não demonstraram os custos de implantação da solução nem ficou claro se a solução inclui o hardware.","1750964093459x744066598213779500","","","","","viviane.kawashima@recife.pe.gov.br"
"Aparenta ser viável e escalável, só não ficou claro do ponto de vista de custos. O projeto requer a implantação/uso de câmeras pela cidade e não foi demonstrado como seria possível.","1750964123293x533403006340956160","","","","","viviane.kawashima@recife.pe.gov.br"
"O benefício fica claro, os custos não.","1750964164453x640714698106077200","","","","","viviane.kawashima@recife.pe.gov.br"
"Tecnologias coerentes com o desafio, só não fica claro o custo com hardware se seria viável.","1750964200955x735368502759129100","","","","","viviane.kawashima@recife.pe.gov.br"
"Software escalável, implantação de hardware e uso de drones já não fica claro.","1750964240693x680085200583000000","","","","","viviane.kawashima@recife.pe.gov.br"
"Faltou apresentar cronograma de implantação e custos.","1750964288518x514121274137509900","","","","","viviane.kawashima@recife.pe.gov.br"
"Não foi descrito.","1750964376988x869254656989331500","","","","","viviane.kawashima@recife.pe.gov.br"
"A solução é muito mais focada em prevenção de alagamentos e resiliência climática, sendo muito boa para essas temáticas. Apesar de citar o monitoramento da obstrução de canais e galerias, não endereça os problemas do desafio que propõe monitoramento e fiscalização do descarte irregular de resíduos sólicos.","1750964093459x744066598213779500","","","","","viviane.kawashima@recife.pe.gov.br"
"O modelo de negócio não é viável para solucionar o desafio em questão.","1750964123293x533403006340956160","","","","","viviane.kawashima@recife.pe.gov.br"
"não é possível comparar uma solução com foco na prevenção de alagamentos com o desafio proposto.","1750964164453x640714698106077200","","","","","viviane.kawashima@recife.pe.gov.br"
"Apesar de ser factível, não endereça corretamente os problemas do desafio.","1750964200955x735368502759129100","","","","","viviane.kawashima@recife.pe.gov.br"
"","1750964240693x680085200583000000","","","","","viviane.kawashima@recife.pe.gov.br"
"Baixa correlação com o desafio, não expôs cronograma de implantação nem custos.","1750964288518x514121274137509900","","","","","viviane.kawashima@recife.pe.gov.br"
"Não foi mencionado.","1750964376988x869254656989331500","","","","","viviane.kawashima@recife.pe.gov.br"
"A solução é boa, utiliza drones para mapear áreas e reconhecer o descarte irregular de resíduos com uso de IA. No entanto, essa medida funciona melhor como apoio à gestão e identifica ""tardiamente"" o descarte, não sendo possível acompanhar em tempo real nem identificar os infratores.","1750964093459x744066598213779500","","","","","viviane.kawashima@recife.pe.gov.br"
"Aparenta ser viável de implantar, ajudando parcialmente na resolução do problema.","1750964123293x533403006340956160","","","","","viviane.kawashima@recife.pe.gov.br"
"Existem outras soluções de monitoramento em tempo real, que fazem mais sentido para o desafio proposto.","1750964164453x640714698106077200","","","","","viviane.kawashima@recife.pe.gov.br"
"Aparenta ser factível mas não resolve a totalidade do desafio.","1750964200955x735368502759129100","","","","","viviane.kawashima@recife.pe.gov.br"
"Depende de voos de drones para cobrir grandes áreas.","1750964240693x680085200583000000","","","","","viviane.kawashima@recife.pe.gov.br"
"Não demonstrou cronograma de implantação e custos","1750964288518x514121274137509900","","","","","viviane.kawashima@recife.pe.gov.br"
"Não foi demonstrado.","1750964376988x869254656989331500","","","","","viviane.kawashima@recife.pe.gov.br"
"Não foi demonstrado, mas é possível inferir que tem grande potencial de ser feito no prazo (tecnologia pronta)","1750964376988x869254656989331500","","","","","viviane.kawashima@recife.pe.gov.br"
"Solução atua em várias frentes que vão até além do monitoramento e fiscalização. Únicos pontos de ressalva é que a solução não cita a identificação dos infratores e parte da premissa que do uso de câmeras já instaladas pelo município, não a aquisição das mesmas.","1750964093459x744066598213779500","","","","","viviane.kawashima@recife.pe.gov.br"
"Projeto aparenta ser bastante viável, só precisaria detalhar melhor o hardware (câmera) para embarcar o monitoramento com IA e os custos associados.","1750964123293x533403006340956160","","","","","viviane.kawashima@recife.pe.gov.br"
"A solução apresenta ser mais completa já que considera gestão de resíduos e destinação com impacto social (economia circular), além do monitoramento e fiscalização.","1750964164453x640714698106077200","","","","","viviane.kawashima@recife.pe.gov.br"
"Muito bem documentado e esmiuçado. Tecnologias coerentes e factíveis.","1750964200955x735368502759129100","","","","","viviane.kawashima@recife.pe.gov.br"
"Foi demonstrado que a solução é altamente escalável.","1750964240693x680085200583000000","","","","","viviane.kawashima@recife.pe.gov.br"
"Documentação completa, organizada e muito bem fundamentada.","1750964288518x514121274137509900","","","","","viviane.kawashima@recife.pe.gov.br"
"Apesar de citar no pitch o tempo de 9 meses, no documento descritivo foi adaptado um mvp com entrega dentro do prazo estimado.","1750964376988x869254656989331500","","","","","viviane.kawashima@recife.pe.gov.br"
"A plataforma tem como propósito criat um senso de comunidade e auxiliar o cidadão nos pilares de informação, ações educativas, gamificação, acesso a serviços de coleta. A proposta prevê a denúncia do descarte irregular pelos cidadãos, não garantindo o monitoramento e fiscalização em tempo real e dependendo exclusivamente do engajamento da população. Além disso, parte da premissa de prestação de serviços que a prefeitura não oferece e desconsidera que resíduos de construção, por exemplo, dependem da correta destinação através de recurso privado. O protótipo apresentado da plataforma foi interessante e tem interface amigável, só senti falta de abordar algum ponto que fale sobre a integração da ferramenta com o Conecta.","1750964093459x744066598213779500","","","","","viviane.kawashima@recife.pe.gov.br"
"Bastante viável de ser implantado, mas precisaria endereçar melhor os problemas elencados no desafio.","1750964123293x533403006340956160","","","","","viviane.kawashima@recife.pe.gov.br"
"A solução tem um impacto positivo com custo baixo, mas não resolve boa parte dos problemas, já que não realiza o monitoramento em tempo real e depende excluisvamente da população para exercer fiscalização.","1750964164453x640714698106077200","","","","","viviane.kawashima@recife.pe.gov.br"
"Tecnologia simples e coerente com o proposto, mas falta na proposta alguma solução que monitore o descarte em tempo real.","1750964200955x735368502759129100","","","","","viviane.kawashima@recife.pe.gov.br"
"Fácil de escalar, mas precisaria ir além da plataforma.","1750964240693x680085200583000000","","","","","viviane.kawashima@recife.pe.gov.br"
"Projeto bem fundamentado, solução incompleta.","1750964288518x514121274137509900","","","","","viviane.kawashima@recife.pe.gov.br"
"Atende ao prazo, mas a solução é incompleta.","1750964376988x869254656989331500","","","","","viviane.kawashima@recife.pe.gov.br"
"A solução tem potencial de resolver o problema, já que foca no monitoramento real e fiscalização de descarte irregular com uso de câmeras e inteligência artificial para processar as imagens. Se propõe ainda a identificar o tipo de resíduo que está sendo descartado e o infrator, mas o vídeo demonstrativo é muito incipiente e demonstra o descarte de um volume ínfimo e que não é o cerne do desafio. Não foram evidenciadas informações sobre o hardware utilizado para esta solução.","1750964093459x744066598213779500","","","","","viviane.kawashima@recife.pe.gov.br"
"Aparenta ser viável, mas precisaria entender melhor os equipamentos utilizados e custos associados.","1750964123293x533403006340956160","","","","","viviane.kawashima@recife.pe.gov.br"
"Não traz diferencial competitivo em relação a outras soluções e não é possível avaliar do ponto de vista de custos.","1750964164453x640714698106077200","","","","","viviane.kawashima@recife.pe.gov.br"
"Tecnologias coerentes com a solução, mas faltou descrever melhor sobre o hardware necessário.","1750964200955x735368502759129100","","","","","viviane.kawashima@recife.pe.gov.br"
"Aparenta mser escalável, precisaria ficar mais claro só do ponto de vista de custos.","1750964240693x680085200583000000","","","","","viviane.kawashima@recife.pe.gov.br"
"Faltam informações cruciais sobre hardware, custos e cronograma.","1750964288518x514121274137509900","","","","","viviane.kawashima@recife.pe.gov.br"
"Não foi evidenciado.","1750964376988x869254656989331500","","","","","viviane.kawashima@recife.pe.gov.br"
"A relação custo/benefício 'não foi apresentada, mas apresentou o diferencial em relação a outras soluções existentes no mercado. ","1750963840538x709527632057466900","","","","","homero@recife.pe.gov.br"
"A solução é boa mas seu escopo de atuação é muito pequeno, dependendo exclusivamente do sistema de denúncia pelos cidadãos para realização do monitoramento e fiscalização de descartes irregulares. Isso não garante o monitoramento em tempo real e nem a identificação dos infratores. Não resolve plenamente o desafio, é uma boa ação complementar já que tem baixos custos associados (apenas software) e já foi pensado de forma integrada ao Conecta.","1750964093459x744066598213779500","","","","","viviane.kawashima@recife.pe.gov.br"
"É plenamente viável de ser implementado mas a solução é incompleta.","1750964123293x533403006340956160","","","","","viviane.kawashima@recife.pe.gov.br"
"Tem custo baixo, mas a solução é incompleta comparada a outras.","1750964164453x640714698106077200","","","","","viviane.kawashima@recife.pe.gov.br"
"Tecnologias coerentes mas deixa a desejar no monitoramento em tempo real e deixa problemas em aberto.","1750964200955x735368502759129100","","","","","viviane.kawashima@recife.pe.gov.br"
"Facilmente escalável, mas a solução é incompleta do ponto de vista do desafio.","1750964240693x680085200583000000","","","","","viviane.kawashima@recife.pe.gov.br"
"Projeto bem fundamentado mas não atende plenamente os problemas do desafio.","1750964288518x514121274137509900","","","","","viviane.kawashima@recife.pe.gov.br"
"Prazos coerentes com a metodologia, seria interessante como uma ação complementar, mas não resolve a totalidade do desafio.","1750964376988x869254656989331500","","","","","viviane.kawashima@recife.pe.gov.br"
"Facilmente escalável, mas a solução é incompleta do ponto de vista do desafio.","1750964240693x680085200583000000","","","","","viviane.kawashima@recife.pe.gov.br"
"Prazos coerentes com a metodologia, seria interessante como uma ação complementar, mas não resolve a totalidade do desafio.","1750964376988x869254656989331500","","","","","viviane.kawashima@recife.pe.gov.br"
"A solução é muito boa, atua em 3 pilares: algoritmos de visão computacional, chatbots conversacionais (consultas de informações e denúncias), plataforma de gestão de dados e monitoramento. Um diferencial é a integração de dados e APIs, e um ponto falho é que depende da fiscalização com participação cidadã, não ocorrendo o monitoramento em tempo real, não identificando os infratores e assim não solucionando o desafio por completo.","1750964093459x744066598213779500","","","","","viviane.kawashima@recife.pe.gov.br"
"Projeto altamente viável para o que se propõe, mas a solução é incompleta.","1750964123293x533403006340956160","","","","","viviane.kawashima@recife.pe.gov.br"
"Baixo custo, alguns diferenciais competitivos para soluções semelhantes, mas deixa a desejar quando comparado a soluções que realizam monitoramento e fiscalização em tempo real e sem depender da autuação de humanos.","1750964164453x640714698106077200","","","","","viviane.kawashima@recife.pe.gov.br"
"Coerentes com o desafio, mas falta algum dispositivo que realize o monitoramento de forma automática.","1750964200955x735368502759129100","","","","","viviane.kawashima@recife.pe.gov.br"
"Escalável, mas solução incompleta.","1750964240693x680085200583000000","","","","","viviane.kawashima@recife.pe.gov.br"
"Projeto muito bem detalhado e fundamentado, precisava apenas explorar melhor o monitoramento.","1750964288518x514121274137509900","","","","","viviane.kawashima@recife.pe.gov.br"
"Projeto foi bem fundamentado e o produto bem explicado, precisava explorar melhor soluções de monitoramento, detalhar custos e cronograma.","1750964288518x514121274137509900","","","","","viviane.kawashima@recife.pe.gov.br"
"Não foi mencionado.","1750964376988x869254656989331500","","","","","viviane.kawashima@recife.pe.gov.br"
"Pontos positivos: solução mais ampla que as necessidades de monitoramento e acompanhamento de usuários previstas pelo desafio.
","1750963737427x154850918931365900","","","","","vieira.anaines@gmail.com"
"Modelo de negócio com alto grau de maturidade e viabilidade.","1750963789342x740622417311039500","","","","","vieira.anaines@gmail.com"
"Solução a ser adaptada para o desafio, com alto grau de escalabilidade devido as tecnologias apresentadas e maturidade da proposta. Orçamento para implementação é ponto sensível, plataforma apresenta resolução mais ampla que o objeto do desafio.","1750963948773x168407758455701500","","","","","vieira.anaines@gmail.com"
"Solução a ser adaptada para o desafio, com alto grau de escalabilidade devido as tecnologias apresentadas e maturidade da proposta. Orçamento para implementação é ponto sensível, plataforma apresenta resolução mais ampla que o objeto do desafio.","1750963948773x168407758455701500","","","","","vieira.anaines@gmail.com"
"Proposta fundamentada em relação as tecnologias, plataforma, modelo de negócio e escalabilidade. ","1750963985799x779631706475331600","","","","","vieira.anaines@gmail.com"
"A proposta do desafio envolve prazo de 3 meses para entrega do MVP. Proposta apresenta no cronograma 6 meses para entrega do MVP.","1750964021001x386125084374335500","","","","","vieira.anaines@gmail.com"
"Proposta duplicada.","1750963737427x154850918931365900","","","","","vieira.anaines@gmail.com"
"Proposta duplicada.","1750963789342x740622417311039500","","","","","vieira.anaines@gmail.com"
"Proposta duplicada.","1750963840538x709527632057466900","","","","","vieira.anaines@gmail.com"
"Proposta duplicada.","1750963905243x917948856028364800","","","","","vieira.anaines@gmail.com"
"Proposta duplicada.","1750963948773x168407758455701500","","","","","vieira.anaines@gmail.com"
"Proposta duplicada.","1750963985799x779631706475331600","","","","","vieira.anaines@gmail.com"
"Proposta duplicada.","1750964021001x386125084374335500","","","","","vieira.anaines@gmail.com"
"Pontos críticos: Vídeo de apresentação da proposta privado; proposta não apresenta MVP como entregável; cronograma com prazos inexequíveis; sem custos detalhados.","1750963737427x154850918931365900","","","","","vieira.anaines@gmail.com"
"Pontos críticos: proposta não apresenta MVP como entregável; cronograma com prazos inexequíveis; sem custos detalhados.","1750963789342x740622417311039500","","","","","vieira.anaines@gmail.com"
"Pontos críticos: sem comparação com outras soluções; MVP como entregável não apresentado.","1750963840538x709527632057466900","","","","","vieira.anaines@gmail.com"
"Pontos críticos: sem apresentação de tecnologias e entregáveis na proposta.","1750963905243x917948856028364800","","","","","vieira.anaines@gmail.com"
"Pontos críticos: Vídeo de apresentação da proposta privado; proposta não apresenta MVP como entregável, modelo de negócio ou tecnologias a serem utilizadas.","1750963948773x168407758455701500","","","","","vieira.anaines@gmail.com"
"Pontos positivos: construção inicial teórica em relação ao público-alvo do desafio.
Pontos críticos:  proposta não apresenta MVP como entregável; cronograma com prazos inexequíveis; sem custos detalhados; sem apresentação de tecnologias para implementação.","1750963985799x779631706475331600","","","","","vieira.anaines@gmail.com"
"Cronograma sem detalhamento e prazos exequíveis.","1750964021001x386125084374335500","","","","","vieira.anaines@gmail.com"
"Pontos críticos: Vídeo de apresentação da proposta privado; proposta não apresenta MVP como entregável; cronograma com prazos inexequíveis; sem custos detalhados.","1750963737427x154850918931365900","","","","","vieira.anaines@gmail.com"
"Pontos positivos: construção inicial teórica em relação ao público-alvo do desafio.
Pontos críticos:  proposta não apresenta MVP como entregável; cronograma com prazos inexequíveis; sem custos detalhados; sem apresentação de tecnologias para implementação.","1750963985799x779631706475331600","","","","","vieira.anaines@gmail.com"
"","1750963985799x779631706475331600","","","","","moisesb@recife.pe.gov.br"
"","1750963985799x779631706475331600","","","","","moisesb@recife.pe.gov.br"
"","1750963737427x154850918931365900","","","","","rodrigobzrra@gmail.com"
"","1750963789342x740622417311039500","","","","","rodrigobzrra@gmail.com"
"","1750963840538x709527632057466900","","","","","rodrigobzrra@gmail.com"
"","1750964021001x386125084374335500","","","","","rodrigobzrra@gmail.com"
"","1750963948773x168407758455701500","","","","","rodrigobzrra@gmail.com"
"","1750963905243x917948856028364800","","","","","rodrigobzrra@gmail.com"
"","1750963985799x779631706475331600","","","","","rodrigobzrra@gmail.com"
"","1750963789342x740622417311039500","","","","","rodrigobzrra@gmail.com"
"","1750963737427x154850918931365900","","","","","vieira.anaines@gmail.com"
"","1750963789342x740622417311039500","","","","","vieira.anaines@gmail.com"
"","1750963840538x709527632057466900","","","","","vieira.anaines@gmail.com"
"","1750963905243x917948856028364800","","","","","vieira.anaines@gmail.com"
"","1750963948773x168407758455701500","","","","","vieira.anaines@gmail.com"
"","1750963985799x779631706475331600","","","","","vieira.anaines@gmail.com"
"","1750964021001x386125084374335500","","","","","vieira.anaines@gmail.com"
"","1750963737427x154850918931365900","","","","","gustavo.godoy@recife.pe.gov.br"
"","1750963789342x740622417311039500","","","","","gustavo.godoy@recife.pe.gov.br"
"","1750963840538x709527632057466900","","","","","gustavo.godoy@recife.pe.gov.br"
"","1750963905243x917948856028364800","","","","","gustavo.godoy@recife.pe.gov.br"
"","1750963948773x168407758455701500","","","","","gustavo.godoy@recife.pe.gov.br"
"","1750963985799x779631706475331600","","","","","gustavo.godoy@recife.pe.gov.br"
"","1750964021001x386125084374335500","","","","","gustavo.godoy@recife.pe.gov.br"
"Vídeo da proposta indisponível. Documentos apresentados não permitem maior contextualização. ","1750963737427x154850918931365900","","","","","vieira.anaines@gmail.com"
"Vídeo da proposta indisponível. Documentos apresentados não permitem maior contextualização. ","1750963789342x740622417311039500","","","","","vieira.anaines@gmail.com"
"Pontos positivos: solução com percepção da com necessidades de monitoramento e acompanhamento de usuários da rede de saúde, prevê monitoramento ativo dos usuários e utilização do e-SUS APS como motor.
Pontos críticos: sem orçamento detalhado e exequível apresentado.","1750963737427x154850918931365900","","","","","vieira.anaines@gmail.com"
"TRL2; potencial alto de inexequibilidade no cumprimento de cronograma; prazos mencionados de forma ampla e genérica.","1750963789342x740622417311039500","","","","","vieira.anaines@gmail.com"
"Sem orçamento ou detalhamento de custos apresentado para comparação com outras soluções.","1750963840538x709527632057466900","","","","","vieira.anaines@gmail.com"
"Pontos positivos: possibilidades de interoperabilidade e integração com sistemas já existentes; linguagens mencionadas de ampla utilização no mercado.","1750963905243x917948856028364800","","","","","vieira.anaines@gmail.com"
"Pontos positivos: possibilidade de interoperabilidade e integração PEC e-SUS APS; mensageria via Whatsapp; solução simplificada de adoção de plugin para facilitar o dia a dia de profissionais de saúde.
Pontos críticos: sem maior detalhamento de custos para melhor avaliação do critério.","1750963948773x168407758455701500","","","","","vieira.anaines@gmail.com"
"Pontos positivos: proposta bem fundamentada inicialmente do ponto de vista técnico em saúde e alinhada com as necessidades e desafios da rede púbica. 
Pontos críticos: ausência de detalhamento de prazos e custos.","1750963985799x779631706475331600","","","","","vieira.anaines@gmail.com"
"Prazo não exequível apresentado em relação ao proposto no desafio.","1750964021001x386125084374335500","","","","","vieira.anaines@gmail.com"
"Pontos positivos: solução com percepção da com necessidades de monitoramento e acompanhamento de usuários da rede de saúde, prevê monitoramento ativo dos usuários e utilização do e-SUS APS como motor.
Pontos críticos: sem orçamento detalhado e exequível apresentado.","1750963737427x154850918931365900","","","","","vieira.anaines@gmail.com"
"Sem orçamento ou detalhamento de custos apresentado para comparação com outras soluções.","1750963840538x709527632057466900","","","","","vieira.anaines@gmail.com"
"A solução endereça uma parte das dores e resultados esperados do desafio, considera a realidade do SUS e atua na interação entre usuário e profissionais de saúde. Entretanto não explorou bem como se dará a interação com usuário. ","1750963737427x154850918931365900","","","","","homero@recife.pe.gov.br"
"Apresentou o orçamento global do projeto, mas faltou fazer o recorte para o MVP. Não separou o investimento ao longo do tempo. ","1750963789342x740622417311039500","","","","","homero@recife.pe.gov.br"
"Existem soluções similares, mas apresentou o diferencial de plugin para integração com o PEC e-SUS APS reduzindo a necessidade de inserção de novas ferramentas para as equipes. Não abordou a relação custo/benefício em relação às outras soluções.","1750963840538x709527632057466900","","","","","homero@recife.pe.gov.br"
"As tecnologias utilizadas para a solução do desafio são factíveis, fáceis de manter, padrão de mercado e de baixo custo.","1750963905243x917948856028364800","","","","","homero@recife.pe.gov.br"
"Apresentou uma boa fundamentação, identificando as dores, resultados esperados, investimento a ser realizado, tecnologias a serem utilizadas, mas faltou fazer o planejamento ao longo do tempo e detalhar melhor as funcionalidades para os usuários e profissionais de saúde. ","1750963985799x779631706475331600","","","","","homero@recife.pe.gov.br"
"Faltou apresentar o planejamento das entregas ao longo do tempo. Não fez o recorte do MVP. ","1750964021001x386125084374335500","","","","","homero@recife.pe.gov.br"
"A solução proposta tem grande potencial de escalabilidade para o público alvo do desafio e para outros entes da federação. ","1750963948773x168407758455701500","","","","","homero@recife.pe.gov.br"
"","1750964093459x744066598213779500","","","","","ana.breda@recife.pe.gov.br"
"","1750964376988x869254656989331500","","","","","ana.breda@recife.pe.gov.br"
"Me parece que esta proposta é para outro desafio, e não possui nenhuma conexão com o desafio 03 voltado a segurança alimentar.  Mas ainda assim seria um otimo candidato ao desafio o2. Me parece que esta proposta é para outro desafio, e não possui nenhuma conexão com o desafio 03 voltado a segurança alimentar.  Mas ainda assim seria um otimo candidato ao desafio o2. Reduzida pois toca no tema resíduos sólidos urbanos de forma geral e genérica, não aponta de forma concreta o como reduzir o desperdício de alimentos. Reforçando que a proposta enviada não foi pensada para o desafio proposto.","1750964491955x785552669767368700","","","","","cesararaujo569@gmail.com"
"Me parece que esta proposta é para outro desafio, e não possui nenhuma conexão com o desafio 03 voltado a segurança alimentar.  Mas ainda assim seria um otimo candidato ao desafio o2. Me parece que esta proposta é para outro desafio, e não possui nenhuma conexão com o desafio 03 voltado a segurança alimentar.  Mas ainda assim seria um otimo candidato ao desafio o2. Reduzida pois toca no tema resíduos sólidos urbanos de forma geral e genérica, não aponta de forma concreta o como reduzir o desperdício de alimentos. Reforçando que a proposta enviada não foi pensada para o desafio proposto.","1750964491955x785552669767368700","","","","","cesararaujo569@gmail.com"
"","1750964093459x744066598213779500","","","","","ana.breda@recife.pe.gov.br"
"","1750964376988x869254656989331500","","","","","ana.breda@recife.pe.gov.br"
"","1750964093459x744066598213779500","","","","","ana.breda@recife.pe.gov.br"
"","1750964376988x869254656989331500","","","","","ana.breda@recife.pe.gov.br"
"Me parece que esta proposta é para outro desafio, e não possui nenhuma conexão com o desafio 03 voltado a segurança alimentar.  Mas ainda assim seria um otimo candidato ao desafio o2. Me parece que esta proposta é para outro desafio, e não possui nenhuma conexão com o desafio 03 voltado a segurança alimentar.  Mas ainda assim seria um otimo candidato ao desafio o2. Reduzida pois toca no tema resíduos sólidos urbanos de forma geral e genérica, não aponta de forma concreta o como reduzir o desperdício de alimentos. Reforçando que a proposta enviada não foi pensada para o desafio proposto.","1750964491955x785552669767368700","","","","","cesararaujo569@gmail.com"
"","","","","","",""
"","","","","","",""
"","","","","","",""
"","","","","","",""
"","","","","","",""
"","","","","","",""
"","","","","","",""
"","","","","","",""
"","","","","","",""
"","","","","","",""
"","","","","","",""
"","","","","","",""
"","","","","","",""
"","","","","","",""
"","","","","","",""
"","","","","","",""
"","","","","","",""
"","","","","","",""
"","","","","","",""
"","","","","","",""
"","","","","","",""
"","","","","","",""
"","","","","","",""
"","","","","","",""
"","","","","","",""
"","","","","","",""
"","","","","","",""
"","","","","","",""
"","1756833087782x649477942278094800","","","","","rodrigobzrra@gmail.com"
"","1756833109633x582000974989361200","","","","","rodrigobzrra@gmail.com"
"","1756833127551x302469414590087200","","","","","rodrigobzrra@gmail.com"
"","1756833153215x839739052610814000","","","","","rodrigobzrra@gmail.com"
"","1756833168785x143192505835585540","","","","","rodrigobzrra@gmail.com"
"","1756833218439x517074676142309400","","","","","rodrigobzrra@gmail.com"
"","1756833233327x923122873745014800","","","","","rodrigobzrra@gmail.com"
"","1756833087782x649477942278094800","","","","","rodrigobzrra@gmail.com"
"","1756833109633x582000974989361200","","","","","rodrigobzrra@gmail.com"
"","1756833127551x302469414590087200","","","","","rodrigobzrra@gmail.com"
"","1756833153215x839739052610814000","","","","","rodrigobzrra@gmail.com"
"","1756833168785x143192505835585540","","","","","rodrigobzrra@gmail.com"
"","1756833218439x517074676142309400","","","","","rodrigobzrra@gmail.com"
"","1756833233327x923122873745014800","","","","","rodrigobzrra@gmail.com"
"Acho que ainda não existe no produto uma vertente que garanta a redução do índice da insegurança alimentar e nutricional, como posto no desafio inicial. No entanto, todos os outros objetivos e critérios estão bem vinculados e são respondidos com a iniciativa.","1756833685376x875830579497533400","","","","","lauracaldasm@gmail.com"
"","1756833810546x372556985617874940","","","","","rafael.paula@recife.pe.gov.br"
"Acho que ainda não existe no produto uma vertente que garanta a redução do índice da insegurança alimentar e nutricional, como posto no desafio inicial. Além disso, apesar da integração no sistema, a solução ainda apresenta lacunas logisticas relevantes para garantir que haja a destinação adequada de resíduos solídos. Os outros objetivos e critérios estão bem vinculados e são respondidos com a iniciativa.","1756833685376x875830579497533400","","","","","lauracaldasm@gmail.com"
"A proposta já foi executada em outros municípios, sendo comprovadamente funcional. O cronograma e precificação estão alinhados com o solicitado pelo desafio. ","1756833695529x987533763589701600","","","","","lauracaldasm@gmail.com"
"Apesar da integração no sistema, a solução ainda apresenta lacunas logisticas relevantes para garantir que haja a destinação adequada de resíduos solídos. Os outros objetivos e critérios estão bem vinculados e são respondidos com a iniciativa.","1756833685376x875830579497533400","","","","","lauracaldasm@gmail.com"
"","1756833751901x290894390434463740","","","","","lauracaldasm@gmail.com"
"Não está precificado nada de logisitca, questão que mesmo com doações pode ser oneroso posteriormente.","1756833708048x266717460134101000","","","","","lauracaldasm@gmail.com"
"Não está se quer considerado nas dependências externas ou premissas toda a logisitca que viabiliza a destinação dos alimentos e/ou residuos propriamente. ","1756833763742x121498752216465400","","","","","lauracaldasm@gmail.com"
"Perdeu pontos por não está se quer considerado nas dependências externas ou premissas toda a logisitca que viabiliza a destinação dos alimentos e/ou residuos propriamente. ","1756833763742x121498752216465400","","","","","lauracaldasm@gmail.com"
"A proposta já foi executada em outros municípios, sendo comprovadamente funcional. O cronograma e precificação estão alinhados com o solicitado pelo desafio. Perde pontos, novamente, pela falta de consideração do processo logistico.","1756833695529x987533763589701600","","","","","lauracaldasm@gmail.com"
"","1756833776351x485253660838723600","","","","","lauracaldasm@gmail.com"
"","1756833785455x314043705214107650","","","","","lauracaldasm@gmail.com"
"","1756833819076x259913344038207500","","","","","rafael.paula@recife.pe.gov.br"
"","1756833828053x163308465067393020","","","","","rafael.paula@recife.pe.gov.br"
"","1756833842116x670002571737825300","","","","","rafael.paula@recife.pe.gov.br"
"","1756833853248x862547233727316000","","","","","rafael.paula@recife.pe.gov.br"
"","1756833863304x328667933441523700","","","","","rafael.paula@recife.pe.gov.br"
"Prazo compatível com o produto oferecido e regra do edital.","1756833877850x335765741240320000","","","","","rafael.paula@recife.pe.gov.br"
"","1756833819076x259913344038207500","","","","","maia.tito.professor@gmail.com"
"","1756833810546x372556985617874940","","","","","maia.tito.professor@gmail.com"
"","1756833828053x163308465067393020","","","","","maia.tito.professor@gmail.com"
"","1756833842116x670002571737825300","","","","","maia.tito.professor@gmail.com"
"","1756833853248x862547233727316000","","","","","maia.tito.professor@gmail.com"
"","1756833863304x328667933441523700","","","","","maia.tito.professor@gmail.com"
"","1756833877850x335765741240320000","","","","","maia.tito.professor@gmail.com"
"","1756833810546x372556985617874940","","","","","maia.tito.professor@gmail.com"
"","1756833819076x259913344038207500","","","","","maia.tito.professor@gmail.com"
"","1756833828053x163308465067393020","","","","","maia.tito.professor@gmail.com"
"","1756833842116x670002571737825300","","","","","maia.tito.professor@gmail.com"
"","1756833853248x862547233727316000","","","","","maia.tito.professor@gmail.com"
"","1756833863304x328667933441523700","","","","","maia.tito.professor@gmail.com"
"","1756833877850x335765741240320000","","","","","maia.tito.professor@gmail.com"
"","1756833810546x372556985617874940","","","","","maia.tito.professor@gmail.com"
"","1756833819076x259913344038207500","","","","","maia.tito.professor@gmail.com"
"","1756833842116x670002571737825300","","","","","maia.tito.professor@gmail.com"
"","1756833863304x328667933441523700","","","","","maia.tito.professor@gmail.com"
"","1756833810546x372556985617874940","","","","","maia.tito.professor@gmail.com"
"","1756833819076x259913344038207500","","","","","maia.tito.professor@gmail.com"
"","1756833828053x163308465067393020","","","","","maia.tito.professor@gmail.com"
"","1756833842116x670002571737825300","","","","","maia.tito.professor@gmail.com"
"","1756833853248x862547233727316000","","","","","maia.tito.professor@gmail.com"
"","1756833863304x328667933441523700","","","","","maia.tito.professor@gmail.com"
"","1756833877850x335765741240320000","","","","","maia.tito.professor@gmail.com"
"A solução atende aos critérios de aceite, porém existem outras soluções que oferecem mais funcioanlidades","1756833561184x490938041132646400","","","","","ana.breda@recife.pe.gov.br"
"","1756833583918x672549706009935900","","","","","ana.breda@recife.pe.gov.br"
"A fundamentação está ótima, bem como as especificaçõs técnicas","1756833583918x672549706009935900","","","","","ana.breda@recife.pe.gov.br"
"A solução está dentro dos valores estipulados, porém no final da aceleração antende a uma quantidade muito menor de pontos, com um custo mais elevado.","1756833596535x923739984489349100","","","","","ana.breda@recife.pe.gov.br"
"O planejamento está bem detalhado e coerente com os que pretende ser entregue.","1756833613565x638562815923978200","","","","","ana.breda@recife.pe.gov.br"
"A empresa demosntra experiência e coerencia no modelo proposto.","1756833628571x275561129566535680","","","","","ana.breda@recife.pe.gov.br"
"A solução é escalável em quantidade de pontos, como também replicavém para outros clientes","1756833639598x277007929825820670","","","","","ana.breda@recife.pe.gov.br"
"O prazo está extrapolando o limite em um mes, por ter 25 sprints","1756833651533x994305595570913300","","","","","ana.breda@recife.pe.gov.br"
"A solução atende a todos os critérios de aceite, além de agregar mais algumas funcionalidades adicionais.","1756833561184x490938041132646400","","","","","ana.breda@recife.pe.gov.br"
"O projeto está muito bem fundamentado, porém o grau de desenvolvimenbto é inferior a outras soluções.","1756833583918x672549706009935900","","","","","ana.breda@recife.pe.gov.br"
"O modelo apresentado é viável, porém depende da disponibilidade de cameras de terceiros para atender o numero de pontos que pretende ao final da aceleração.","1756833628571x275561129566535680","","","","","ana.breda@recife.pe.gov.br"
"Os custos estão dentro dos valoreslimites estabelecidos e compatíveis com as entregas previstas","1756833596535x923739984489349100","","","","","ana.breda@recife.pe.gov.br"
"O perfil da equipe e quantidade estão compatíveis com os produtos a serem entregues.","1756833613565x638562815923978200","","","","","ana.breda@recife.pe.gov.br"
"A proposta é escalável, porém pode haver dificuldade an utilizaçãode câmeras de terceiros. Também é replicavel para outros clientes.","1756833639598x277007929825820670","","","","","ana.breda@recife.pe.gov.br"
"O prazo está dentro do limite e compatível com o escopo do projeto.","1756833651533x994305595570913300","","","","","ana.breda@recife.pe.gov.br"
"Embora a política já tenha sido amplamente testada, demonstrando sua alta viabilidade com opração corrente em mais de um estado, o seu uso para alimentos a serem doados / utilizados para redução de insegurança alimentar possui lacunas de implementação. A logistica de transporte e o alinhamento de demandas de uso dendo as principais delas, esta última sendo extremamente dependente de etapas de atualização e alguma mão de obra por parte das ongs que se voluntariarem a receber o alimento. Todo esse trabalho é descrito como ""atualização em tempo real"" sem pensar em quem é que está do outro lado da tela fazendo essa atualização.","1756833685376x875830579497533400","","","","","lauracaldasm@gmail.com"
"Embora a política já tenha sido amplamente testada, demonstrando sua alta viabilidade com opração corrente em mais de um estado, o seu uso para alimentos a serem doados / utilizados para redução de insegurança alimentar possui lacunas de implementação. A logistica de transporte e o alinhamento de demandas de uso dendo as principais delas, esta última sendo extremamente dependente de etapas de atualização e alguma mão de obra por parte das ongs que se voluntariarem a receber o alimento. Todo esse trabalho é descrito como ""atualização em tempo real"" sem pensar em quem é que está do outro lado da tela fazendo essa atualização.","1756833685376x875830579497533400","","","","","lauracaldasm@gmail.com"
"","1756833785455x314043705214107650","","","","","lauracaldasm@gmail.com"
"Sim, embora dependa da adesão de empresas, é escalavel","1756833776351x485253660838723600","","","","","lauracaldasm@gmail.com"
"Não tem custo de logisitca operacional","1756833708048x266717460134101000","","","","","lauracaldasm@gmail.com"
"","1756833087782x649477942278094800","","","","","rodrigobzrra@gmail.com"
"","1756833109633x582000974989361200","","","","","rodrigobzrra@gmail.com"
"","1756833127551x302469414590087200","","","","","rodrigobzrra@gmail.com"
"","1756833153215x839739052610814000","","","","","rodrigobzrra@gmail.com"
"","1756833168785x143192505835585540","","","","","rodrigobzrra@gmail.com"
"","1756833218439x517074676142309400","","","","","rodrigobzrra@gmail.com"
"","1756833233327x923122873745014800","","","","","rodrigobzrra@gmail.com"
"A solução proposta busca endereçar as questões elencadas no desafio, mas a forma proposta pode comprometer o engajamento com a introdução de novas ferramentas para o paciente e para o profissional de saúde. Faltou considerar as farmácias da rede.","1756833087782x649477942278094800","","","","","homero@recife.pe.gov.br"
"A solução proposta está bem fundamentada. Talvez um subdimencionamento dos custos podendo compromenter o desenvolvimento da solução.","1756833109633x582000974989361200","","","","","homero@recife.pe.gov.br"
"A solução proposta está bem fundamentada. ","1756833109633x582000974989361200","","","","","homero@recife.pe.gov.br"
"O orçamento proposto está dentro do previsto no edital. Um pouco subdimenciando em relação ao escopo proposto. ","1756833127551x302469414590087200","","","","","homero@recife.pe.gov.br"
"O planejamento do MVP e da aceleração estão bem feitos e adequados ao escopo do desafio. ","1756833153215x839739052610814000","","","","","homero@recife.pe.gov.br"
"O tempo disponível e o perfil da equipe alocada são compatíveis com as atividades propostas no projeto.","1756833153215x839739052610814000","","","","","homero@recife.pe.gov.br"
"O modelo de negócio apresentado é viável.","1756833168785x143192505835585540","","","","","homero@recife.pe.gov.br"
"A proposta de solução apresentada é escalável,","1756833218439x517074676142309400","","","","","homero@recife.pe.gov.br"
"","1756833233327x923122873745014800","","","","","homero@recife.pe.gov.br"
"O protótipo permitir a medição dos índices de desperdício de alimentos a partir de dados de alimentos coletados,
reaproveitados e descartados,","1756833685376x875830579497533400","","","","",""
"O protótipo permitir a medição dos índices de desperdício de alimentos a partir de dados de alimentos coletados,
reaproveitados e descartados,","1756833685376x875830579497533400","","","","",""
"","1756833695529x987533763589701600","","","","",""
"","1756833685376x875830579497533400","","","","",""
"Achei a propsta bem desenvolvida e clara.","1756833695529x987533763589701600","","","","",""
"O esafio proposto é atendido. Mostra a medição de índices de desperdício de alimentos pelo registro dos dados de alimentos coletados, reaproveitados e descartados.","1756833685376x875830579497533400","","","","",""
"","1756833695529x987533763589701600","","","","",""
"","1756833685376x875830579497533400","","","","",""
"","1756833708048x266717460134101000","","","","",""
"","1756833685376x875830579497533400","","","","",""
"","1756833695529x987533763589701600","","","","",""
"","1756833708048x266717460134101000","","","","",""
"","1756833751901x290894390434463740","","","","",""
"","1756833810546x372556985617874940","","","","",""
"","1756833819076x259913344038207500","","","","",""
"","1756833828053x163308465067393020","","","","",""
"","1756833842116x670002571737825300","","","","",""
"","1756833853248x862547233727316000","","","","",""
"","1756833863304x328667933441523700","","","","",""
"","1756833877850x335765741240320000","","","","",""
"","1756833810546x372556985617874940","","","","",""
"","1756833819076x259913344038207500","","","","",""
"","1756833828053x163308465067393020","","","","",""
"","1756833810546x372556985617874940","","","","",""
"","1756833819076x259913344038207500","","","","",""
"","1756833810546x372556985617874940","","","","",""
"","1756833819076x259913344038207500","","","","",""
"","1756833810546x372556985617874940","","","","",""
"","1756833819076x259913344038207500","","","","",""
"O prazo está extrapolando o limite em um mes, por ter 25 sprints","1756833651533x994305595570913300","","","","","ana.breda@recife.pe.gov.br"
"","1756833685376x875830579497533400","","","","","adriana.figueira@recife.pe.gov.br"
"","1756833695529x987533763589701600","","","","","adriana.figueira@recife.pe.gov.br"
"","1756833708048x266717460134101000","","","","","adriana.figueira@recife.pe.gov.br"
"","1756833685376x875830579497533400","","","","",""
"","1756833695529x987533763589701600","","","","",""
"","1756833685376x875830579497533400","","","","","adriana.figueira@recife.pe.gov.br"
"","1756833708048x266717460134101000","","","","","adriana.figueira@recife.pe.gov.br"
"","1756833751901x290894390434463740","","","","","adriana.figueira@recife.pe.gov.br"
"","1756833763742x121498752216465400","","","","","adriana.figueira@recife.pe.gov.br"
"","1756833776351x485253660838723600","","","","","adriana.figueira@recife.pe.gov.br"
"Em minha opinião, o tempo poderia ser maior.","1756833776351x485253660838723600","","","","","adriana.figueira@recife.pe.gov.br"
"","1756833776351x485253660838723600","","","","","adriana.figueira@recife.pe.gov.br"
"","1756833776351x485253660838723600","","","","","adriana.figueira@recife.pe.gov.br"
"","1756833785455x314043705214107650","","","","","adriana.figueira@recife.pe.gov.br"
"","1756833785455x314043705214107650","","","","","adriana.figueira@recife.pe.gov.br"
"","1756833785455x314043705214107650","","","","","adriana.figueira@recife.pe.gov.br"
"","1756833708048x266717460134101000","","","","","adriana.figueira@recife.pe.gov.br"
"","1756833685376x875830579497533400","","","","","adriana.figueira@recife.pe.gov.br"
"","1756833695529x987533763589701600","","","","","adriana.figueira@recife.pe.gov.br"
"","1756833708048x266717460134101000","","","","","adriana.figueira@recife.pe.gov.br"
"","1756833751901x290894390434463740","","","","","adriana.figueira@recife.pe.gov.br"
"","1756833763742x121498752216465400","","","","","adriana.figueira@recife.pe.gov.br"
"","1756833776351x485253660838723600","","","","","adriana.figueira@recife.pe.gov.br"
"A proposta é boa, contudo não resolve o problema na sua totalidade. Refiro-me à questão do transporte de alimentos e de resíduos orgânicos.","1756833785455x314043705214107650","","","","","adriana.figueira@recife.pe.gov.br"
"A proposta é boa, contudo não resolve o problema na sua totalidade. Refiro-me à questão do transporte de alimentos e de resíduos orgânicos.","1756833785455x314043705214107650","","","","","adriana.figueira@recife.pe.gov.br"
"","1756833785455x314043705214107650","","","","","adriana.figueira@recife.pe.gov.br"
"O prazo está extrapolando o limite em um mes, por ter 25 sprints","1756833651533x994305595570913300","","","","","ana.breda@recife.pe.gov.br"
"","1756833810546x372556985617874940","","","","","rafael.paula@recife.pe.gov.br"
"","1756833819076x259913344038207500","","","","","rafael.paula@recife.pe.gov.br"
"Observa-se que, na pág. 15 do Resumo Executivo do Protótipo anexado, o valor ""total geral estimado"" (R$ 1.669.950,00) ultrapassa o valor instituído como limite no edital do 3.º Ciclo do EITA Recife.","1756833828053x163308465067393020","","","","","rafael.paula@recife.pe.gov.br"
"","1756833842116x670002571737825300","","","","","rafael.paula@recife.pe.gov.br"
"","1756833853248x862547233727316000","","","","","rafael.paula@recife.pe.gov.br"
"A proposta demonstra um bom alinhamento geral, abordando explicitamente todos os oito critérios de aceite. Destaca-se o foco robusto em acessibilidade (CS 6) e autocuidado (CS 5), com funcionalidades como OCR para medicamentos e gamificação. No entanto, sua abordagem para a integração com o Modelo de Atenção às Condições Crônicas (MACC - CS 1) é apresentada de forma mais superficial. Embora mencionem a estratificação de risco, falta detalhamento sobre como a lógica e os diferentes níveis do MACC seriam operacionalizados no painel do profissional para guiar a proatividade das equipes, um ponto central do desafio.","1756833087782x649477942278094800","","","","","gustavo.godoy@recife.pe.gov.br"
"","1756833863304x328667933441523700","","","","","rafael.paula@recife.pe.gov.br"
"","1756833877850x335765741240320000","","","","","rafael.paula@recife.pe.gov.br"
"","1756833810546x372556985617874940","","","","","rafael.paula@recife.pe.gov.br"
"","1756833819076x259913344038207500","","","","","rafael.paula@recife.pe.gov.br"
"","1756833828053x163308465067393020","","","","","rafael.paula@recife.pe.gov.br"
"","1756833842116x670002571737825300","","","","","rafael.paula@recife.pe.gov.br"
"","1756833853248x862547233727316000","","","","","rafael.paula@recife.pe.gov.br"
"","1756833863304x328667933441523700","","","","","rafael.paula@recife.pe.gov.br"
"","1756833877850x335765741240320000","","","","","rafael.paula@recife.pe.gov.br"
"O documento demonstra um alinhamento completo com os requisitos do desafio. Há uma seção inteiramente dedicada a detalhar como a solução proposta atende a cada um dos sete critérios de sucesso estabelecidos. 

Para cada critério, o texto apresenta funcionalidades correspondentes, como a oferta de APIs abertas para integração, arquitetura modular para adaptação ao contexto urbano do Recife e um protocolo de segurança com alertas e modo de emergência.","1756833810546x372556985617874940","","","","","fernandosouza@recife.pe.gov.br"
"Por mais que o projeto apresentado indique uma boa avaliação do que foi proposto, não considero maduro o suficiente para uma implantação de curto e médio prazo.","1756833561184x490938041132646400","","","","","algdb@hotmail.com"
"","1756833810546x372556985617874940","","","","","oburegio@gmail.com"
"","1756833819076x259913344038207500","","","","","oburegio@gmail.com"
"","1756833828053x163308465067393020","","","","","oburegio@gmail.com"
"","1756833842116x670002571737825300","","","","","oburegio@gmail.com"
"","1756833853248x862547233727316000","","","","","oburegio@gmail.com"
"","1756833863304x328667933441523700","","","","","oburegio@gmail.com"
"","1756833877850x335765741240320000","","","","","oburegio@gmail.com"
"","1756833583918x672549706009935900","","","","","algdb@hotmail.com"
"","1756833561184x490938041132646400","","","","",""
"","1756833583918x672549706009935900","","","","",""
"","1756833596535x923739984489349100","","","","",""
"","1756833596535x923739984489349100","","","","","algdb@hotmail.com"
"","1756833561184x490938041132646400","","","","",""
"","1756833583918x672549706009935900","","","","",""
"","1756833596535x923739984489349100","","","","","algdb@hotmail.com"
"","1756833561184x490938041132646400","","","","",""
"","1756833583918x672549706009935900","","","","",""
"O protótipo apresenta um grau de desenvolvimento notável para esta fase. A disponibilização de um protótipo parcialmente funcional com repositório no GitHub, telas no Figma e uma demonstração navegável confere alta credibilidade técnica e tangibilidade à solução. A divisão em módulos (paciente e profissional) está clara e as funcionalidades são bem definidas.","1756833109633x582000974989361200","","","","","gustavo.godoy@recife.pe.gov.br"
"","1756833561184x490938041132646400","","","","",""
"","1756833583918x672549706009935900","","","","",""
"","1756833613565x638562815923978200","","","","","algdb@hotmail.com"
"","1756833613565x638562815923978200","","","","","algdb@hotmail.com"
"A proposta é economicamente viável. O custo do MVP está dentro do teto, e o custo da aceleração representa apenas 15,7% do orçamento máximo. Essa folga orçamentária é um ponto positivo, permitindo futuras manutenções e evoluções sem comprometer a sustentabilidade financeira para o município.","1756833127551x302469414590087200","","","","","gustavo.godoy@recife.pe.gov.br"
"","1756833628571x275561129566535680","","","","","algdb@hotmail.com"
"","1756833639598x277007929825820670","","","","","algdb@hotmail.com"
"","1756833561184x490938041132646400","","","","","tmendes00@gmail.com"
"","1756833583918x672549706009935900","","","","","tmendes00@gmail.com"
"O custo do MVP está dentro do teto, e o custo da aceleração representa apenas 15,7% do orçamento máximo. Essa folga orçamentária é um ponto positivo, permitindo futuras manutenções e evoluções sem comprometer a sustentabilidade financeira para o município.","1756833127551x302469414590087200","","","","","gustavo.godoy@recife.pe.gov.br"
"","1756833651533x994305595570913300","","","","","algdb@hotmail.com"
"","1756833651533x994305595570913300","","","","","algdb@hotmail.com"
"","1756833596535x923739984489349100","","","","","tmendes00@gmail.com"
"","1756833613565x638562815923978200","","","","","tmendes00@gmail.com"
"Asoluç±ao de apresenta de forma completa e bem fundamenteada, destacando-se pela profundidade em toas as suas dimensoes. Clareza na definiçao do problema, utilizando-se de dados para estabelecer uma base sólida para a soluçao.","1756833819076x259913344038207500","","","","","fernandosouza@recife.pe.gov.br"
"","1756833628571x275561129566535680","","","","","tmendes00@gmail.com"
"Este é um ponto de atenção. A equipe é composta por três membros, sendo apenas um com dedicação total. Para um projeto dessa complexidade, que envolve integrações com sistemas legados como o PEC e-SUS e a necessidade de rápida interação com as equipes de saúde, a dedicação parcial da maioria do time pode representar um risco para o cumprimento dos prazos e para a agilidade necessária durante a fase de aceleração.","1756833153215x839739052610814000","","","","","gustavo.godoy@recife.pe.gov.br"
"","1756833628571x275561129566535680","","","","","tmendes00@gmail.com"
"","1756833651533x994305595570913300","","","","","algdb@hotmail.com"
"","1756833639598x277007929825820670","","","","","tmendes00@gmail.com"
"O modelo é focado na entrega de uma solução sob contrato para a prefeitura. A maturidade do modelo está diretamente ligada à capacidade de entrega e manutenção da equipe. A baixa complexidade contratual é positiva, mas a sustentabilidade a longo prazo depende da capacidade da equipe em evoluir o produto e prestar suporte contínuo, o que retorna à preocupação com a dedicação e o tamanho do time.","1756833168785x143192505835585540","","","","","gustavo.godoy@recife.pe.gov.br"
"","1756833810546x372556985617874940","","","","","oburegio@gmail.com"
"","1756833651533x994305595570913300","","","","","algdb@hotmail.com"
"","1756833819076x259913344038207500","","","","","oburegio@gmail.com"
"","1756833613565x638562815923978200","","","","","algdb@hotmail.com"
"","1756833828053x163308465067393020","","","","","oburegio@gmail.com"
"","1756833596535x923739984489349100","","","","","tmendes00@gmail.com"
"","1756833842116x670002571737825300","","","","","oburegio@gmail.com"
"","1756833853248x862547233727316000","","","","","oburegio@gmail.com"
"","1756833596535x923739984489349100","","","","","tmendes00@gmail.com"
"","1756833863304x328667933441523700","","","","","oburegio@gmail.com"
"","1756833651533x994305595570913300","","","","","tmendes00@gmail.com"
"","1756833877850x335765741240320000","","","","","oburegio@gmail.com"
"a proposta apresentada é viável com os recursos disponíveis, e o preço solicitado é compatível e competitivo. O preço solicitado é justo e demonstra uma alocação de recursos eficiente e focada no desenvolvimento do produto.","1756833828053x163308465067393020","","","","","fernandosouza@recife.pe.gov.br"
"","1756833561184x490938041132646400","","","","","algdb@hotmail.com"
"","1756833583918x672549706009935900","","","","","algdb@hotmail.com"
"","1756833596535x923739984489349100","","","","","algdb@hotmail.com"
"A digitalização de processos e a redução do desperdício alimentar podem gerar economia indireta. Solução estruturada para otimização logística e redução de perdas.","1756833685376x875830579497533400","","","","","joao.lobo@recife.pe.gov.br"
"","1756833613565x638562815923978200","","","","","algdb@hotmail.com"
"","1756833628571x275561129566535680","","","","","algdb@hotmail.com"
"","1756833651533x994305595570913300","","","","","algdb@hotmail.com"
"Tecnicamente, a arquitetura proposta é modular e utiliza tecnologias que permitem a escalabilidade. Operacionalmente, a estratégia de implantação piloto em microáreas é adequada. O principal gargalo para a escalabilidade, no entanto, não é tecnológico, mas humano. A capacidade de expandir a solução para toda a rede do Recife dependerá do crescimento e da dedicação da equipe.","1756833218439x517074676142309400","","","","","gustavo.godoy@recife.pe.gov.br"
"","1756833639598x277007929825820670","","","","","algdb@hotmail.com"
"A solução propõe atacar o desperdício de forma ampla e estruturada, abrangendo coleta, triagem, compostagem e redistribuição, com dados, painéis e indicadores.","1756833685376x875830579497533400","","","","","joao.lobo@recife.pe.gov.br"
"A digitalização de processos e a redução do desperdício alimentar podem gerar economia indireta. Solução estruturada para otimização logística e redução de perdas.","1756833695529x987533763589701600","","","","","joao.lobo@recife.pe.gov.br"
"A equipe apresentou um cronograma detalhado em sprints para o MVP e para a aceleração. Os prazos são realistas, desde que a equipe consiga gerenciar a carga de trabalho com a dedicação informada.","1756833233327x923122873745014800","","","","","gustavo.godoy@recife.pe.gov.br"
"","1756833810546x372556985617874940","","","","","oburegio@gmail.com"
"","1756833819076x259913344038207500","","","","","oburegio@gmail.com"
"","1756833828053x163308465067393020","","","","","oburegio@gmail.com"
"","1756833842116x670002571737825300","","","","","oburegio@gmail.com"
"","1756833853248x862547233727316000","","","","","oburegio@gmail.com"
"","1756833863304x328667933441523700","","","","","oburegio@gmail.com"
"","1756833877850x335765741240320000","","","","","oburegio@gmail.com"
"A proposta da Cogfy aborda os critérios, mas de forma genérica. A integração com o MACC (CS 1) e com os protocolos do Recife (CS 2) é mencionada superficialmente, sem detalhar como a lógica clínica específica do SUS Recife seria incorporada ao seu motor de IA. Isso gera o risco de uma solução ""de prateleira"", pouco adaptada à realidade local. A integração com teleconsultorias (CS 3) e com o PEC e-SUS (CS 4) é prevista, mas também carece de detalhes operacionais. A sua força está no potencial da plataforma de IA para o autocuidado (CS 5) e acessibilidade (CS 6).","1756833087782x649477942278094800","","","","","gustavo.godoy@recife.pe.gov.br"
"A proposta demonstra conhecimento técnico e institucional (Associação Luminus), com experiência prévia e definição clara de MVP. No entanto, ainda carece de validação em escala pública. Não foi possível mensurar.","1756833708048x266717460134101000","","","","","joao.lobo@recife.pe.gov.br"
"A solução parte de uma plataforma de IA conversacional já existente e robusta (Cogfy Messenger), o que representa um altíssimo grau de maturidade tecnológica. A arquitetura apresentada é sólida e a divisão em ""copilotos"" para cada ator (paciente, profissional, gestor) é conceitualmente poderosa. No entanto, os artefatos apresentados são mais focados na plataforma genérica do que em telas e fluxos específicos para o desafio do SUS Recife.","1756833109633x582000974989361200","","","","","gustavo.godoy@recife.pe.gov.br"
"","1756833561184x490938041132646400","","","","","tmendes00@gmail.com"
"","1756833561184x490938041132646400","","","","","tmendes00@gmail.com"
"","1756833583918x672549706009935900","","","","","tmendes00@gmail.com"
"","1756833596535x923739984489349100","","","","","tmendes00@gmail.com"
"","1756833613565x638562815923978200","","","","","tmendes00@gmail.com"
"A proposta apresenta diferencial tecnológico relevante (visualização de indicadores, painéis e roteirização). Ainda assim, há outras iniciativas similares no país, como os apps de combate ao desperdício.","1756833751901x290894390434463740","","","","","joao.lobo@recife.pe.gov.br"
"","1756833596535x923739984489349100","","","","","tmendes00@gmail.com"
"","1756833628571x275561129566535680","","","","","tmendes00@gmail.com"
"","1756833639598x277007929825820670","","","","","tmendes00@gmail.com"
"","1756833651533x994305595570913300","","","","","tmendes00@gmail.com"
"O pitch detalha tecnologias acessíveis, integradas e viáveis, incluindo Google Maps/Open Street, banco de dados, integração Gov.br e exportação de dados.","1756833763742x121498752216465400","","","","","joao.lobo@recife.pe.gov.br"
"A solução é desenhada para ser escalada para toda a cidade e replicável em outros municípios com facilidade. Boa estrutura de governança e painéis de gestão favorecem a expansão.","1756833776351x485253660838723600","","","","","joao.lobo@recife.pe.gov.br"
"Prazo de entrega plenamente compatível com o cronograma do ciclo de inovação (até 3 meses para MVP e 1 ano para produto final).","1756833785455x314043705214107650","","","","","joao.lobo@recife.pe.gov.br"
"","1756833561184x490938041132646400","","","","","tmendes00@gmail.com"
"","1756833583918x672549706009935900","","","","","tmendes00@gmail.com"
"","1756833613565x638562815923978200","","","","","tmendes00@gmail.com"
"","1756833628571x275561129566535680","","","","","tmendes00@gmail.com"
"Os custos apresentados diferem entre a apresentação e o resumo executivo. ","1756833127551x302469414590087200","","","","","gustavo.godoy@recife.pe.gov.br"
"Os custos apresentados diferem entre a apresentação e o resumo executivo. Além dos custos apresentados parecem ultrapassar o teto definido pelo edital tanto no MVP (R$ 49.980 de desenvolvimento + R$ 17.500 de infraestrutura = R$ 67.480) quanto na aceleração. ","1756833127551x302469414590087200","","","","","gustavo.godoy@recife.pe.gov.br"
"A solução proposta ataca diretamente o problema do desperdício alimentar, promovendo consumo consciente, engajamento social e redução de perdas em estabelecimentos comerciais. Apresenta impacto direto sobre o desafio proposto.","1756833685376x875830579497533400","","","","","joao.lobo@recife.pe.gov.br"
"Embora o foco inicial seja privado, há clara possibilidade de parceria com o setor público, especialmente na destinação de alimentos para entidades assistenciais e redução de gastos com descarte.","1756833695529x987533763589701600","","","","","joao.lobo@recife.pe.gov.br"
"A proposta já está em operação piloto, possui modelo validado com potenciais receitas via % sobre vendas e parcerias. Ainda em fase inicial de maturidade, mas com elementos sólidos de viabilidade.","1756833708048x266717460134101000","","","","","joao.lobo@recife.pe.gov.br"
"Existem soluções semelhantes (ex. TooGoodToGo, Comida Invisível), mas a SaveAdd apresenta um diferencial ao focar em inclusão social e facilitar uso em ambientes de baixa conectividade, o que amplia o custo-benefício para contextos públicos e periféricos.","1756833751901x290894390434463740","","","","","joao.lobo@recife.pe.gov.br"
"Plataforma em desenvolvimento com tecnologia acessível e baseada em sistemas simples, o que favorece sua replicabilidade e manutenção com baixo custo.","1756833763742x121498752216465400","","","","","joao.lobo@recife.pe.gov.br"
"Plataforma em desenvolvimento com tecnologia acessível e baseada em sistemas simples, o que favorece sua replicabilidade e manutenção com baixo custo.","1756833763742x121498752216465400","","","","","joao.lobo@recife.pe.gov.br"
"O modelo é escalável para qualquer cidade, com integração simples a novos parceiros e com forte apelo social. Pode inclusive ser replicado em redes públicas de educação e assistência social.","1756833776351x485253660838723600","","","","","joao.lobo@recife.pe.gov.br"
"A equipe informa prazos compatíveis com o ciclo do programa (MVP em 3 meses e escalonamento em até 1 ano), com clareza e viabilidade operacional.","1756833785455x314043705214107650","","","","","joao.lobo@recife.pe.gov.br"
"A documentação não detalha o nível de dedicação dos membros da equipe ao projeto. ","1756833153215x839739052610814000","","","","","gustavo.godoy@recife.pe.gov.br"
"Por ser uma empresa estabelecida com um produto no mercado, seu modelo de negócio é maduro. A proposta para a prefeitura seria uma adaptação e licenciamento de sua plataforma, o que é um modelo de negócio B2G (Business-to-Government) claro e viável, caso a questão orçamentária for resolvida.","1756833168785x143192505835585540","","","","","gustavo.godoy@recife.pe.gov.br"
"A solução é nativamente escalável. A arquitetura baseada em nuvem, a tecnologia de IA e a experiência da empresa com grandes clientes são garantias de que a solução pode ser expandida para um grande número de usuários sem dificuldades técnicas.","1756833218439x517074676142309400","","","","","gustavo.godoy@recife.pe.gov.br"
"Apresenta um cronograma de sprints detalhado. Os prazos parecem factíveis, dada a maturidade da plataforma-base, mas há falta de informação detalhada sobre a equipe.","1756833233327x923122873745014800","","","","","gustavo.godoy@recife.pe.gov.br"
"","1756833561184x490938041132646400","","","","","diogo.henriquepaz@gmail.com"
"","1756833583918x672549706009935900","","","","","diogo.henriquepaz@gmail.com"
"","1756833596535x923739984489349100","","","","","diogo.henriquepaz@gmail.com"
"","1756833613565x638562815923978200","","","","","diogo.henriquepaz@gmail.com"
"","1756833639598x277007929825820670","","","","","diogo.henriquepaz@gmail.com"
"","1756833651533x994305595570913300","","","","","diogo.henriquepaz@gmail.com"
"","1756833628571x275561129566535680","","","","","diogo.henriquepaz@gmail.com"
"A SUSIA demonstra um alinhamento com todos os critérios do desafio. A integração com o MACC (CS 1) é o pilar da solução, visível nos dashboards que apresentam a carteira de pacientes estratificada e orientam a busca ativa. Os protocolos do Recife (CS 2) são a base da lógica da ""Cabine de Controle"". A integração com teleconsultoria (CS 3) e PEC e-SUS (CS 4) está claramente articulada. O grande diferencial é a atenção dada à prática dos profissionais, buscando otimizar seu tempo e qualificar o cuidado.","1756833087782x649477942278094800","","","","","gustavo.godoy@recife.pe.gov.br"
"A proposta é bem fundamentada e detalhada. As telas e os fluxos apresentados na ""Cabine de Controle"" (Dashboard, Carteira de Pacientes, Mapa Territorial) revelam o conhecimento do processo de trabalho da Estratégia de Saúde da Família (ESF). A funcionalidade ""Assistente de Consulta"", que transforma áudio em registro SOAP, é inovadora e ataca diretamente um dos maiores pontos de dor dos profissionais: o tempo gasto com burocracia.","1756833109633x582000974989361200","","","","","gustavo.godoy@recife.pe.gov.br"
"","1756833583918x672549706009935900","","","","","diogo.henriquepaz@gmail.com"
"","1756833596535x923739984489349100","","","","","diogo.henriquepaz@gmail.com"
"","1756833613565x638562815923978200","","","","","diogo.henriquepaz@gmail.com"
"","1756833628571x275561129566535680","","","","","diogo.henriquepaz@gmail.com"
"","1756833639598x277007929825820670","","","","","diogo.henriquepaz@gmail.com"
"","1756833651533x994305595570913300","","","","","diogo.henriquepaz@gmail.com"
"","1756833561184x490938041132646400","","","","","diogo.henriquepaz@gmail.com"
"O custo do MVP e o da aceleração está dentro do limite e adequado para a complexidade da tecnologia empregada. ","1756833127551x302469414590087200","","","","","gustavo.godoy@recife.pe.gov.br"
"A equipe é multidisciplinar e de alto nível, incluindo médico, especialista do setor público, doutor em ciência da computação e cientista de dados. A combinação de dedicação parcial e total, com os perfis técnicos mais críticos em tempo integral, representa um modelo equilibrado e realista para a execução do projeto.","1756833153215x839739052610814000","","","","","gustavo.godoy@recife.pe.gov.br"
"Sua maturidade e sustentabilidade vêm do alinhamento com a estratégia de saúde digital já em curso no Recife. A solução não se apresenta como um produto externo, mas como uma peça que se encaixa e potencializa o ecossistema existente (Conecta Recife, Fale com Sua Equipe, etc.), o que aumenta suas chances de adoção e sustentabilidade.","1756833168785x143192505835585540","","","","","gustavo.godoy@recife.pe.gov.br"
"A arquitetura tecnológica proposta é robusta e baseada em nuvem, o que garante a escalabilidade técnica. A modularidade da solução (Agente do Cuidado, Cabine de Controle, Assistente de Consulta) permite uma implantação gradual e a futura expansão para outras condições crônicas, demonstrando um planejamento de escalabilidade operacional.","1756833218439x517074676142309400","","","","","gustavo.godoy@recife.pe.gov.br"
"Sugiro um cronograma mais detalhado em sprints. Embora o escopo do MVP esteja claro, a ausência de um plano de entregas faseado impede uma análise mais precisa dos prazos.","1756833233327x923122873745014800","","","","","gustavo.godoy@recife.pe.gov.br"
"Solução preconiza pontos como priorização de usuários de acordo com MACC, estratificação de risco, estratégia de plano de autocuidado apoiado, propondo um ecossistema com módulos interdependentes envolvendo território, priorização de pacientes, acompanhamento de indicadores, entre outros, para integração e operacionalização do MACC e protocolo municipal de manejo de hipertensão arterial. Foram identificadas funcionalidades  envolvendo a integração com o Fale com Sua Equipe e uso do Whatsapp como canal de comunicação e proposta de integração com o PEC eSUS para leitura e escrita de dados. Protótipo prevê ferramentas de monitoramento e engajamento através do uso de lembretes e dicas, uso de dasbhoards de monitoramento, painel clínico gerencial. Uso de áudio no Agente do Cuidado referenciado como diferencial para acessibilidade. Ausência de menção na proposta à possibilidade de avaliação de satisfação dos usuários/feedback após uso da solução e de avaliação/feedback nos módulos a serem utilizados pelos profissionais.","1756833087782x649477942278094800","","","","","vieira.anaines@gmail.com"
"Sim, a equipe tem pessoas suficientes full time para execução do programa.","1756833751901x290894390434463740","","","","","lauracaldasm@gmail.com"
"Está bem fundamentado","1756833695529x987533763589701600","","","","","lauracaldasm@gmail.com"
"Está bem fundamentado e responde a todas as etapas propostas pelo desafio","1756833695529x987533763589701600","","","","","lauracaldasm@gmail.com"
"O projeto tem premissas razoáveis e apresenta um modelo de negócio escalável","1756833763742x121498752216465400","","","","","lauracaldasm@gmail.com"
"Elementos da arquitetura da solução descritos de forma clara, contendo indicação das linguagens e frameworks a serem utilizados no front e no back-end (como React, Python, Node.js e as bibliotecas pensando nos navegadores a serem utilizados), estrutura e tipo do banco de dados (transacional, PostgreSQL) e demais elementos de integração, incluindo componentes externos, também orçados na proposta.  

Cronograma e sprints detalhados (6 sprints e Sprint Final, subtotal de 600h), assim como a fase de aceleração (prevista dentro de 12 meses). Faltou maior atenção ao dimensionamento de pessoal e custos por entregável, visto que a tabela apresentada tem como ponto de partida os sprints.

Planejamento de custos em conformidade com o solicitado, preço de custo considerado.","1756833109633x582000974989361200","","","","","vieira.anaines@gmail.com"
"Resumo dos custos totais do projeto (página 35 do resumo apresentado pelo proponente) em conformidade com o proposto pelo desafio.","1756833127551x302469414590087200","","","","","vieira.anaines@gmail.com"
"Proponente cita para o MPV participação parcial da equipe de desenvolvimento, consultor de produto e contratação pontual para testes e experiência do usuário. Possível subdimensionamento diante entregáveis propostos.  ","1756833153215x839739052610814000","","","","","vieira.anaines@gmail.com"
"Premissas e recursos necessários para solução são de complexidade diminuta, com baixa dependência de atores externos aos principais órgãos que serão envolvidos para implementação da solução e parcerias necessárias para andamento.","1756833168785x143192505835585540","","","","","vieira.anaines@gmail.com"
"Com a integração e uso de ferramentas como o PEC e-SUS (metadados, dicionários de dados, estrutura e campos conhecidos e padronizados pelo Ministério da Saúde) e Whatsapp (aplicativo de amplo uso e acesso), usando de bases de dados e premissas conhecidas, solução possui alta escalabilidade. ","1756833218439x517074676142309400","","","","","vieira.anaines@gmail.com"
"Com a integração e uso de ferramentas como o PEC e-SUS (metadados, dicionários de dados, estrutura e campos conhecidos e padronizados pelo Ministério da Saúde) e Whatsapp (aplicativo de amplo uso e acesso), usando de bases de dados e premissas conhecidas, solução possui alta escalabilidade. ","1756833218439x517074676142309400","","","","","vieira.anaines@gmail.com"
"Prazos apresentados em conformidade com os limites e escopo.","1756833233327x923122873745014800","","","","","vieira.anaines@gmail.com"
"Sim, com base nas premissas, recursos e dependencias listadas, o negócio se apresenta como viável. Enxergo pontos fortes como:
 - Diversificação de receita - aborda tanto o setor privado b2b com assunaturas SaaS, quanto o setor governamental b2g, com contratos de serviço e parcerias. 
Ponto fraco: Está condicionado a existência de infraestrutura de Wi-FI que seja compatível nos ambientes que for rodas o aplicativo. ","1756833853248x862547233727316000","","","","","fernandosouza@recife.pe.gov.br"
"O planejamento está conforme o edital exige, com prazo máximo de até 12 meses. 

O perfil técnico da equipe se mostra aderente com o desafio proposto. As competências listadas, como o Engenheiro de IA (Ivisson Alves), desenvolvedor Backend (Ivisson Alves) e desenvolvedor Frontend (Livia Clarissa, Luiz Eduardo), alinham-se perfeitamente com as tecnologias e os desafios do desenvolvimento.","1756833842116x670002571737825300","","","","","fernandosouza@recife.pe.gov.br"
"Sim, a proposta é escalável, ela é um ponto que considero forte da solução, pois trata tanto da operação, como também do ponto de vista técnico. Um exemplo disso é que a solução não depende de beacons ou hardwares proprietários, utilizando apenas a infraestrutura Wi-FI já existente nos locais. Ela também utiliza uma arquitetura em nuvem da AWS que permite que a utilização de máquinas ECS cresçam de forma horizontal quando necessário.

","1756833863304x328667933441523700","","","","","fernandosouza@recife.pe.gov.br"
"Sim, o prazo está compatível com o escopo e os limites estabelecidos. Desenvolvimento do MVP com 3 sprints de 15 dias, execução da fase de testes em campo e com ambiente controlado.","1756833877850x335765741240320000","","","","","fernandosouza@recife.pe.gov.br"
"O projeto está bem alinhado com as melhores práticas atuais para o desenvolvimento de tecnologias para deficientes visuais. A ideia de combinar hardware de baixo custo, como óculos, com poder de processamento de um smartphone é uma excelente abordagem acessível pra população.","1756833810546x372556985617874940","","","","","fernandosouza@recife.pe.gov.br"
"","1756833810546x372556985617874940","","","","","dalmario.telecom@gmail.com"
"","1756833819076x259913344038207500","","","","","dalmario.telecom@gmail.com"
"","1756833828053x163308465067393020","","","","","dalmario.telecom@gmail.com"
"","1756833842116x670002571737825300","","","","","dalmario.telecom@gmail.com"
"","1756833853248x862547233727316000","","","","","dalmario.telecom@gmail.com"
"","1756833863304x328667933441523700","","","","","dalmario.telecom@gmail.com"
"","1756833877850x335765741240320000","","","","","dalmario.telecom@gmail.com"
"","1756833810546x372556985617874940","","","","","dalmario.telecom@gmail.com"
"","1756833819076x259913344038207500","","","","","dalmario.telecom@gmail.com"
"","1756833828053x163308465067393020","","","","","dalmario.telecom@gmail.com"
"","1756833842116x670002571737825300","","","","","dalmario.telecom@gmail.com"
"","1756833853248x862547233727316000","","","","","dalmario.telecom@gmail.com"
"","1756833863304x328667933441523700","","","","","dalmario.telecom@gmail.com"
"","1756833877850x335765741240320000","","","","","dalmario.telecom@gmail.com"
"","1756833810546x372556985617874940","","","","","dalmario.telecom@gmail.com"
"","1756833819076x259913344038207500","","","","","dalmario.telecom@gmail.com"
"","1756833828053x163308465067393020","","","","","dalmario.telecom@gmail.com"
"","1756833842116x670002571737825300","","","","","dalmario.telecom@gmail.com"
"","1756833853248x862547233727316000","","","","","dalmario.telecom@gmail.com"
"","1756833863304x328667933441523700","","","","","dalmario.telecom@gmail.com"
"","1756833877850x335765741240320000","","","","","dalmario.telecom@gmail.com"
"O protótipo apresentado endereça integralmente os critérios de sucesso estabelecidos para o desafio proposto.","1756833087782x649477942278094800","","","","","homero@recife.pe.gov.br"
"O protótipo apresentado endereça integralmente os critérios de sucesso estabelecidos para o desafio proposto.","1756833087782x649477942278094800","","","","","homero@recife.pe.gov.br"
"A solução proposta está bem completa e bem fundamentada. Único ponto a esclarecer é em relação ao a alguns valores no orçamento previsto, mas que será avaliado e pontuado no critério 3.","1756833109633x582000974989361200","","","","","homero@recife.pe.gov.br"
"A proposta apresentada é viável e o preço é compatível com o projeto apresentado. Entretanto na aceleração foram apresentados valores hora bem diferentes para o mesmo profissional (na sprint 1, 80 horas de um dev backend custa R$19.375,00, e na sprint 15, 160 horas de um dev backend custa mais do que o dobro que as 80 horas da sprint 1 --> 19.375,00) e no resumo existente na página 17 foi apresentado um custo adicional que não ficou claro se será absorvido dela equipe do Cogfy, ou não. ","1756833127551x302469414590087200","","","","","homero@recife.pe.gov.br"
"Sim, o tempo disponível e o perfil da equipe alocada está compatível com as atividades propostas no projeto.","1756833153215x839739052610814000","","","","","homero@recife.pe.gov.br"
"Sim, o modelo de negócio apresentado é economicamente viável, podendo haver um ajuste nos valores a serem investidos, conforme apontado no critério 3.","1756833168785x143192505835585540","","","","","homero@recife.pe.gov.br"
"Sim, a proposta de solução apresentada tem alto potencial de escalabilidade. ","1756833218439x517074676142309400","","","","","homero@recife.pe.gov.br"
"Sim, prazo compatível com o escopo do projeto.","1756833233327x923122873745014800","","","","","homero@recife.pe.gov.br"
"Solução apresenta proposta de classificação e estratificação de risco de pacientes, preconizando a leitura e integração de dados do PEC e-SUS APS para acompanhamento das condições crônicas, e integração com o sistema integra.AI. Faltou clareza sobre como o uso da teleconsultoria seria incentivado a partir dessa integração e maior alinhamento para utilização de ferramentas já utilizadas como o Conecta Recife e Fale com Sua Equipe para interação com o usuário . Como destaque, tem proposta de engajamento com os usuários via gamificação, além de lembretes inteligentes e permitir o registro autodeclarado pelos pacientes de medições, aferições e medicamentos usados. Proposta contempla utilização de dashboards de monitoramento clínico para equipes e profissionais. Houve menção a aplicação de formulários de feedback para avaliação de satisfação pelos usuários e profissionais, sem demonstração da funcionalidade.","1756833087782x649477942278094800","","","","","vieira.anaines@gmail.com"
"Solução apresenta proposta de classificação e estratificação de risco de pacientes, preconizando a leitura e integração de dados do PEC e-SUS APS para acompanhamento das condições crônicas, e integração com o sistema integra.AI. Faltou clareza sobre como o uso da teleconsultoria seria incentivado a partir dessa integração e maior alinhamento para utilização de ferramentas já utilizadas como o Conecta Recife e Fale com Sua Equipe para interação com o usuário . Como destaque, tem proposta de engajamento com os usuários via gamificação, além de lembretes inteligentes e permitir o registro autodeclarado pelos pacientes de medições, aferições e medicamentos usados. Proposta contempla utilização de dashboards de monitoramento clínico para equipes e profissionais. Houve menção a aplicação de formulários de feedback para avaliação de satisfação pelos usuários e profissionais, sem demonstração da funcionalidade.","1756833087782x649477942278094800","","","","","vieira.anaines@gmail.com"
"Elementos da arquitetura da solução descritos de forma clara, contendo indicação das linguagens e frameworks a serem utilizados no front e no back-end (React, TypeScript, Node.js, demais bibliotecas), estrutura e tipo do banco de dados (PostgreSQL) e demais elementos de integração, incluindo componentes externos como OCR, bases públicas e mensageria.
","1756833109633x582000974989361200","","","","","vieira.anaines@gmail.com"
"O proponente atendeu todos os requesitos de forma satisfatória. ","1756833685376x875830579497533400","","","","","cesararaujo569@gmail.com"
"Elementos da arquitetura da solução descritos de forma clara, contendo indicação das linguagens e frameworks a serem utilizados no front e no back-end (React, TypeScript, Node.js, demais bibliotecas), estrutura e tipo do banco de dados (PostgreSQL) e demais elementos de integração, incluindo componentes externos como OCR, bases públicas e mensageria.

Cronograma e sprints detalhados para o MVP, com 6 sprints, 510 horas. Fase de aceleração desenhada e prevista em horas (1.170h), posteriormente citadas como prováveis para um período de 9,5 meses. Recomendado revisão na relação entre as horas, sprints e período em meses. Dimensionamento de pessoal e custos feito por entregável, mas custos apresentados com estimativas mais genéricas e envolvendo inicialmente planos mais básicos e gratuitos, sem maior clareza dos impactos na fase de aceleração e em caso de maior utilização da solução.
","1756833109633x582000974989361200","","","","","vieira.anaines@gmail.com"
"","1756833127551x302469414590087200","","","","","vieira.anaines@gmail.com"
"Elementos da arquitetura da solução descritos de forma clara, contendo indicação das linguagens e frameworks a serem utilizados no front e no back-end (React, TypeScript, Node.js, demais bibliotecas), estrutura e tipo do banco de dados (PostgreSQL) e demais elementos de integração, incluindo componentes externos como OCR, bases públicas e mensageria.

Cronograma e sprints detalhados para o MVP, com 6 sprints, 510 horas. Fase de aceleração desenhada e prevista em horas (1.170h), posteriormente citadas como prováveis para um período de 9,5 meses. Recomendado revisão na relação entre as horas, sprints e período em meses. Dimensionamento de pessoal e custos feito por entregável, mas custos apresentados com estimativas mais genéricas e envolvendo inicialmente planos mais básicos e gratuitos, sem maior clareza dos impactos na fase de aceleração e em caso de maior utilização da solução, possível subdimensionamento dos custos com escalabilidade da proposta.
","1756833109633x582000974989361200","","","","","vieira.anaines@gmail.com"
"A arquitetura é bem definida, com uso de hardwares como ESP32, sensores LIDAR e softwares como React Native e Node.js. Essas tecnologias sao modernas e com custo-benefício comprovado e adequadas para o desafio proposto.","1756833819076x259913344038207500","","","","","fernandosouza@recife.pe.gov.br"
"As tecnologias descritas são factiveis com a proposta apresentada; O Mvp possui etapas e custos exequiveis, a descrição foi clara e objetiva, a proposta se apresenta como um produto a ser adaptado ao contexto da cidade do Recife, sendo apresentado como já implementado em outros territórios do país. ","1756833695529x987533763589701600","","","","","cesararaujo569@gmail.com"
"Orçamento apresentado dentro da proposta, atenção a possível subdimensionamento para a fase de aceleração.","1756833127551x302469414590087200","","","","","vieira.anaines@gmail.com"
"MVP dimensionado dentro do prazo, aceleração prevista para 9,5 meses (possível subdimensionamento do tempo necessário), mas não há menção ao tempo de dedicação das equipes (full ou part time).","1756833153215x839739052610814000","","","","","vieira.anaines@gmail.com"
"Sim, a proposta é viável e o preço é compatível com o projeto apresentado.

Fase MVP (R$ 50 mil): O custo total estimado para o desenvolvimento do MVP é de exatamente R$ 50.000,00. Este valor corresponde perfeitamente ao recurso disponível e, segundo o cronograma, cobre as 1.000 horas de trabalho necessárias para entregar um protótipo funcional do hardware e do software em quatro sprints.

Fase de Aceleração (R$ 1,5 milhão): O orçamento de R$ 1,5 milhão para a aceleração também corresponde exatamente ao custo total estimado no plano. Este valor é compatível com a complexidade e a escala das atividades propostas para os 12 meses.
","1756833828053x163308465067393020","","","","","fernandosouza@recife.pe.gov.br"
"Uso do PEC e-SUS e integra.AI como pontos positivos. Baixa dependência de atores externos aos principais órgãos que serão envolvidos para implementação da solução e parcerias necessárias para andamento. Como melhorias, proponente poderia estudar a integração e uso de ferramentas já existentes e utilizadas pelos pacientes, como o Conecta Saúde e o Whatsapp, para implementação do mesmo tipo de solução, e não um novo app como proposta.
","1756833168785x143192505835585540","","","","","vieira.anaines@gmail.com"
"Como o app é solução fechada, inclusive de interface de mensageria (solução não usa, por exemplo, um app como o Whatsapp para implementação de lembretes, chatbots e afins),  há certa relação de dependência para implementação, apesar de baixa, conforme página 21 do resumo. ","1756833218439x517074676142309400","","","","","vieira.anaines@gmail.com"
"Sim, o tempo disponível e o perfil da equipe alocada são compatíveis com as atividades propostas no projeto.

A equipe é composta por seis membros com papéis definidos que cobrem todas as áreas críticas do projeto: Liderança e Produto (CEO) , Arquitetura de Software e IA (CTO) , Desenvolvimento de Hardware e Sensores (Head de Hardware) , Gerenciamento de Projetos e Qualidade (Gerente de Projetos) e Engenheiros de Suporte dedicados para software e hardware.

O plano para o MVP é dividido em quatro sprints , com entregas claras e perfis de equipe associados a cada atividade. Por exemplo, o ""Hardware Dev"" está alocado no desenvolvimento do protótipo físico , enquanto o ""Mobile Dev"" e o ""ML Engineer""  focam no aplicativo e na inteligência artificial. Essa estrutura detalhada resulta em um cronograma de 1.000 horas para o MVP.

A fase final foca em testes massivos com mais de 100 usuários, demonstrando uma compreensão clara do ciclo de vida de desenvolvimento do produto.
","1756833842116x670002571737825300","","","","","fernandosouza@recife.pe.gov.br"
"","1756833233327x923122873745014800","","","","","vieira.anaines@gmail.com"
"Prazos apresentados em conformidade com o escopo do projeto.
","1756833233327x923122873745014800","","","","","vieira.anaines@gmail.com"
"O modelo de negócio é fundamentalmente baseado em uma colaboração público-privada. A viabilidade da solução depende criticamente do acesso a dados e sistemas controlados pela Prefeitura do Recife e pela CTTU, como APIs de transporte em tempo real e mapas urbanos. A integração com sistemas de emergência (SAMU, Bombeiros) também se enquadra nesta categoria. Sem a formalização e manutenção desses acordos, o produto perde uma parte significativa de seu valor agregado e funcionalidade.","1756833853248x862547233727316000","","","","","fernandosouza@recife.pe.gov.br"
"O preço para a proposta de MVP é compativel com o apresentado, entretanto a aceleração o montante global da proposta esteja adequado, constata-se significativa variação nos custos/hora entre sprints (de R$ 333,00/hora a R$ 1.200,00/hora). Em minha avaliação essa discrepância sugere necessidade de revisão da metodologia de estimativa de custos ou de apresentação de justificativas técnicas adicionais, em especial para as Sprints que concentram os valores mais elevados em relação ao esforço de trabalho.

Para equipe solicito:
-Um maior detalhamento da composição dos custos de cada sprint;
- Avaliar ajustes para equalizar a proporcionalidade entre esforço, complexidade e orçamento;
- Garantir que atividades críticas, como suporte e treinamento, não estejam subfinanciadas.","1756833708048x266717460134101000","","","","","cesararaujo569@gmail.com"
"Sim, a proposta de solução apresentada é escalável, O hardware é construído com componentes acessíveis e verificados, como o ESP32 e sensores LIDAR, com um custo total de R$ 87 por unidade em lotes de 100.

A estratégia de produção é baseada em ""manufatura sob demanda via parceria com fabricantes locais (Polo Tecnológico do Recife)"".

O plano prevê uma produção flexível de 50 a 500 unidades por lote e um processo semi-automatizado que permite escalar para mais de 2.000 unidades por mês.

O plano afirma explicitamente que ""a solução pode ser replicada em outras cidades através de parcerias locais, adaptando APIs de transporte, mapas urbano"".

","1756833863304x328667933441523700","","","","","fernandosouza@recife.pe.gov.br"
"A solução proposta está completa e bem fundamentada.","1756833109633x582000974989361200","","","","","homero@recife.pe.gov.br"
"A proposta apresentada é viável e o preço é compatível com o projeto apresentado.","1756833127551x302469414590087200","","","","","homero@recife.pe.gov.br"
"O tempo disponível e o perfil da equipe alocada são compatíveis com as atividades propostas no projeto.","1756833153215x839739052610814000","","","","","homero@recife.pe.gov.br"
"Fase MVP (Produto Mínimo Viável):

Prazo: O desenvolvimento do MVP está planejado para ocorrer em quatro sprints de 15 dias , totalizando aproximadamente 2 meses, com um esforço estimado de 1.000 horas de trabalho.

Viabilidade: Embora ambicioso, o prazo é factível, pois o plano detalha as entregas específicas para cada sprint, como o desenvolvimento do hardware inicial , a integração com APIs e a implementação de machine learning local. ","1756833877850x335765741240320000","","","","","fernandosouza@recife.pe.gov.br"
"O modelo de negócio apresentado é viável.","1756833168785x143192505835585540","","","","","homero@recife.pe.gov.br"
"A solução é escalável, mas com um leve risco de crescimento de custos acima do orçamento previsto em função da plataforma escolhida. ","1756833218439x517074676142309400","","","","","homero@recife.pe.gov.br"
"","1756833233327x923122873745014800","","","","","homero@recife.pe.gov.br"
"Em relação ao tempo de dedicação, os perfis apresentados estão, em geral, coerentes com as necessidades de desenvolvimento da proposta. Contudo, recomenda-se que o perfil de Design e o perfil de Relacionamento com a Comunidade sejam alocados em regime full-time.

Essa recomendação se justifica pelo fato de que projetos que envolvem múltiplas partes interessadas — com contextos diversos e diferentes formas de comunicação — demandam acompanhamento contínuo e maior disponibilidade desses profissionais. Tal dedicação ampliada contribuirá para assegurar consistência nas interações, fluidez no processo de cocriação e, principalmente, uma melhor experiência para os usuários finais.","1756833751901x290894390434463740","","","","","cesararaujo569@gmail.com"
"Em relação ao tempo de dedicação, os perfis apresentados estão, em geral, coerentes com as necessidades de desenvolvimento da proposta. Contudo, recomenda-se que o perfil de Design e o perfil de Relacionamento com a Comunidade sejam alocados em regime full-time.

Essa recomendação se justifica pelo fato de que projetos que envolvem múltiplas partes interessadas — com contextos diversos e diferentes formas de comunicação — demandam acompanhamento contínuo e maior disponibilidade desses profissionais. Tal dedicação ampliada contribuirá para assegurar consistência nas interações, fluidez no processo de cocriação e, principalmente, uma melhor experiência para os usuários finais.","1756833751901x290894390434463740","","","","","cesararaujo569@gmail.com"
"O protótipo apresentado endereça os critérios de sucesso estabelecidos para o desafio proposto. Entretando faltou apresentar mais detalhes e informações de como será a integração com as teleconsultorias, já existentes na Prefeitura do Recife, nas especialidades relacionadas ao cuidado de HAS e DM, assim como em relação à acessibilidade nas funcionalidades da solução.","1756833087782x649477942278094800","","","","","homero@recife.pe.gov.br"
"Proposta sem documentos anexados e sem apresentação de protótipo ou telas demonstrativas, diferencial apresentado das demais soluções participantes. Solução preconiza lembranças de consultas, alertas clínicos, fluxos de lembretes de cuidado para os pacientes e monitoramento via painel de gestão clínica, cruzamento de dados para geração de insights clínicos. Citações feitas de forma genérica à integração futura com o PEC e-SUS, teleconsultorias e gamificação com a moeda CAPIBA, fluxo de avaliação de satisfação do usuário a ser implementado com NPS e análise de sentimento.","1756833087782x649477942278094800","","","","","vieira.anaines@gmail.com"
"O protótipo apresentado endereça os critérios de sucesso estabelecidos para o desafio proposto. Entretando faltou apresentar mais detalhes e informações de como será a integração com as teleconsultorias, já existentes na Prefeitura do Recife, nas especialidades relacionadas ao cuidado de HAS e DM, assim como em relação à acessibilidade nas funcionalidades da solução.","1756833087782x649477942278094800","","","","","homero@recife.pe.gov.br"
"A solução é escalável, mas com um leve risco de crescimento de custos acima do orçamento previsto em função da plataforma escolhida. ","1756833218439x517074676142309400","","","","","homero@recife.pe.gov.br"
"De acordo com o texto fornecido e os documentos, a solução permite uma integração com dispositivos pessoais: O projeto prevê a integração nativa com smartphones (Android/iOS) , utilizando seus recursos de GPS, NFC e Bluetooth. Além disso, o aplicativo é compatível com tecnologias assistivas que os usuários já utilizam, como leitores de tela (TalkBack e VoiceOver) e fones de ouvido bluetooth.

A solução utiliza Beacons Bluetooth de baixo custo em ambientes internos e etiquetas RFID/NFC em pontos fixos, como paradas de ônibus. Esses dispositivos comunicam-se com o aplicativo do usuário para oferecer orientação precisa em locais onde o GPS é ineficaz, como dentro de museus ou prédios públicos.","1756833810546x372556985617874940","","","","","fernandosouza@recife.pe.gov.br"
"A proposta é economicamente como apresentada é viável e escalável, mas ainda precisa de aprimoramento em projeções financeiras e cenários de risco, e se possivel medidas para mitigar esse risco, uma matriz auxiliaria muito, para dar mais consistência e credibilidade ao plano de implantação no Recife.","1756833763742x121498752216465400","","","","","cesararaujo569@gmail.com"
"Com base nos documentos apresentados, o projeto Visus demonstra um nível de completude e fundamentação. A proposta vai além de uma ideia conceitual, apresentando um plano detalhado e bem-estruturado que abrange desde a concepção e validação até a aceleração e expansão da solução em escala urbana.

O projeto é solidamente ancorado nas necessidades reais de seus usuários. Isso é evidenciado pela criação de quatro personas detalhadas que representam os principais públicos da solução:

Ana Paula (Moradora Cega): Representa o usuário final em seu deslocamento diário. Suas necessidades de segurança, localização de pontos de ônibus e orientação em locais públicos são diretamente abordadas pelas funcionalidades do MVP.

Javier Torres (Turista Cego): Amplia o escopo para o turismo acessível, destacando a necessidade de descrições de ambientes e rotas culturais.

Carla Andrade (Gestora Pública): Inclui a perspectiva do poder público, fundamentando a criação de um painel de gestão para monitoramento e atualização da infraestrutura de acessibilidade.

Lucas Bezerra (Usuário Voluntário): Introduz a dimensão colaborativa e de segurança, com a rede de voluntários que oferece assistência remota por vídeo.

O projeto foi pensado para atender às necessidades de diferentes perfis, como moradores locais, turistas, gestores públicos e uma rede de voluntários que pode dar assistência remota por videochamada. O plano de implementação é muito detalhado, começando com um teste prático (MVP) em um bairro-piloto para validar a tecnologia com usuários reais. 
","1756833819076x259913344038207500","","","","","fernandosouza@recife.pe.gov.br"
"O projeto é viável com os recursos disponíveis, e o preço é totalmente compatível com o escopo apresentado. A documentação oferece uma fundamentação financeira robusta que sustenta essa conclusão.","1756833828053x163308465067393020","","","","","fernandosouza@recife.pe.gov.br"
"Necessário maior clareza nos elementos da arquitetura do Cogfy Messenger e Cogfy Tables (linguagens/soluções de desenvolvimento das plataformas de mensageria e gestão de dados), banco de dados, criptografia.

Sprints e entregáveis detalhados conforme solicitado, sem menção à dedicação total ou parcial da equipe. ","1756833109633x582000974989361200","","","","","vieira.anaines@gmail.com"
"A solução apresenta alta escalabilidade e forte potencial de replicação em grande escala. Contudo, ainda depende da mitigação de riscos relacionados às integrações municipais e da manutenção de custos marginais controlados para garantir sustentabilidade no crescimento.","1756833776351x485253660838723600","","","","","cesararaujo569@gmail.com"
"O tempo disponível e o perfil da equipe alocada são compatíveis com as atividades propostas no projeto Visus. 

A fase de MVP está planejada para durar 2 meses, divididos em 4 sprints quinzenais. Este prazo é adequado para um produto mínimo viável, pois o escopo é focado em validar as funcionalidades essenciais.

Equipe e Atividades: A equipe alocada para o MVP é multidisciplinar e suas competências correspondem diretamente às tarefas de cada sprint.


Sprint 1 (Setup Técnico): Conta com um Arquiteto de Software (40%), um Desenvolvedor (100%), um Designer UX (50%) e um Analista (20%) para configurar a arquitetura e desenvolver a navegação básica por áudio.


Sprint 2 (Integração Física): Envolve um Engenheiro de Automação (100%) e um Desenvolvedor (50%) para trabalhar na integração com RFID/NFC em pontos de ônibus.


Sprint 3 (Integrações Urbanas): Aloca um Desenvolvedor (100%), um Analista (20%) e o Engenheiro de Automação para integrar as APIs de ônibus e semáforos.


Sprint 4 (Segurança): Um Desenvolvedor (50%) e um Designer UX (50%) são responsáveis pelo módulo piloto de voluntariado.
","1756833842116x670002571737825300","","","","","fernandosouza@recife.pe.gov.br"
"Os prasos foram descritos e coerentes com o teto de prazo legal do edital. ","1756833785455x314043705214107650","","","","","cesararaujo569@gmail.com"
"O modelo de negócio do Visus parece bem sólido por alguns motivos. Primeiro, ele foi pensado para ser barato de implementar e manter. Isso é possível porque o projeto usa tecnologias simples e de baixo custo, como etiquetas RFID que nem precisam de bateria e pequenos sensores Bluetooth (beacons). Além disso, como o aplicativo funciona nos celulares que as pessoas já têm, não há necessidade de gastar com aparelhos caros.

Para se sustentar no futuro, a ideia não é depender de uma fonte de dinheiro só. O plano é fechar contratos com outras prefeituras, fazer parcerias com empresas de ônibus e pontos turísticos, e até licenciar a plataforma para outras cidades que queiram usar a tecnologia.

O mais interessante é que o projeto pode crescer aos poucos. A expansão pode acontecer também com parcerias com o setor privado. Por exemplo, um shopping ou supermercado poderia pagar para instalar os sensores e tornar seu espaço mais acessível. A solução é flexível a ponto de poder ser usada até em grandes eventos, como o Carnaval, com equipamentos temporários. Ou seja, ele combina baixo custo com várias formas de receita e um crescimento inteligente, o que torna o projeto bastante viável a longo prazo.","1756833853248x862547233727316000","","","","","fernandosouza@recife.pe.gov.br"
"Precificação divergente no resumo do proponente. Soma  da tabela da página 10 para o MVP: R$ 50.000. Custos de Infraestrutura mencionados para o MVP na tabela da página 13: R$ 17.500. Página 15 sobre o que a estimativa de custo de R$ 50 mil contempla cita infraestrutura e ciclo inicial de desenvolvimento.  Soma da tabela da página 11 para a Aceleração: R$ 1.550.000. Custos de Infraestrutura mencionados para a Aceleração na tabela da página 14: R$ 542.500. Página 15 cita que a estimativa de custo do MVP em R$ 50 mil contempla cita infraestrutura e ciclo inicial de desenvolvimento.","1756833127551x302469414590087200","","","","","vieira.anaines@gmail.com"
"Precificação divergente no resumo do proponente. Soma  da tabela da página 10 para o MVP: R$ 50.000. Custos de Infraestrutura mencionados para o MVP na tabela da página 13: R$ 17.500. Página 15 sobre o que a estimativa de custo de R$ 50 mil contempla cita infraestrutura e ciclo inicial de desenvolvimento.  Soma da tabela da página 11 para a Aceleração: R$ 1.550.000. Custos de Infraestrutura mencionados para a Aceleração na tabela da página 14: R$ 542.500. Página 15 cita que a estimativa de custo do MVP em R$ 50 mil contempla cita infraestrutura e ciclo inicial de desenvolvimento.","1756833127551x302469414590087200","","","","","vieira.anaines@gmail.com"
"Uma das grandes vantagens do projeto Visus é que ele já nasceu com a ideia de crescer. A forma como a tecnologia foi construída permite adicionar novas funções sem complicação e, por usar equipamentos simples e de baixo custo, como sensores Bluetooth (beacons), a expansão não sai cara.

O plano é começar aos poucos, em um bairro, para depois levar a solução para a cidade inteira. O legal é que esse crescimento não depende só do governo; a ideia é que empresas privadas, como shoppings e supermercados, também possam participar e tornar seus espaços mais acessíveis. É uma solução que se adapta, podendo ser usada até em grandes eventos como o Carnaval.","1756833863304x328667933441523700","","","","","fernandosouza@recife.pe.gov.br"
"Não citado se equipe é full-time ou part-time, assumido inicialmente que full-time pelo dimensionamento de horas em relação ao prazo de cada sprint. Atenção à precificação divergente no resumo do proponente em relação aos custos, podendo envolver divergências no dimensionamento dos custos da equipe de desenvolvimento.","1756833153215x839739052610814000","","","","","vieira.anaines@gmail.com"
"O cronograma proposto é considerado viável e bem estruturado, pois está detalhado em fases claras, com entregas realistas para cada período.

MVP : Com duração de 2 meses, divididos em 4 sprints de 15 dias cada. Este prazo é considerado adequado para o escopo proposto, que inclui o desenvolvimento de um aplicativo funcional com GPS e voz, a integração piloto com APIs de ônibus e semáforos, e testes com usuários em um bairro específico. 

Aceleração: Com duração de 12 meses, divididos em 24 sprints. Este prazo é destinado à expansão da solução para toda a cidade de Recife. As entregas são mais complexas, incluindo a ampliação da rede de beacons, um painel de gestão completo com analytics, o mapa sonoro, o sistema de voluntariado com videochamada e um botão SOS avançado.","1756833877850x335765741240320000","","","","","fernandosouza@recife.pe.gov.br"
"Solução prevê integração com o PEC e-SUS e dados públicos disponíveis do ConecteSUS, utilizando copilotos no Whatsapp. Um maior alinhamento à integração com ferramentas como o ConectaSaúde e menus de Saúde já existentes no Whatsapp seriam diferenciais. Não houve ainda apresentação de telas ou protótipos funcionais da solução.","1756833168785x143192505835585540","","","","","vieira.anaines@gmail.com"
"Destaques para uso do Whatsapp como principal motor da proposta e possibilidade de integração para leitura de dados do e-SUS APS. Conforme precificação e modelo de mensageria e LLM, seria necessário revisão para aplicação da solução em escala maior que o município.","1756833218439x517074676142309400","","","","","vieira.anaines@gmail.com"
"","1756833087782x649477942278094800","","","","","moisesb@recife.pe.gov.br"
"Prazo estimado apresentado compatível com escopo solicitado. ","1756833233327x923122873745014800","","","","","vieira.anaines@gmail.com"
"","1756833109633x582000974989361200","","","","","moisesb@recife.pe.gov.br"
"","1756833233327x923122873745014800","","","","","moisesb@recife.pe.gov.br"
"O protótipo endereça todos os critérios de sucesso de forma clara e consistente, tanto no MVP quanto na visão de futuro. A documentação evidencia como cada requisito foi tratado, reduzindo riscos de não atendimento na fase de implementação.","1756833685376x875830579497533400","","","","","cesararaujo569@gmail.com"
"","1756833218439x517074676142309400","","","","","moisesb@recife.pe.gov.br"
"","1756833168785x143192505835585540","","","","","moisesb@recife.pe.gov.br"
"","1756833153215x839739052610814000","","","","","moisesb@recife.pe.gov.br"
"","1756833127551x302469414590087200","","","","","moisesb@recife.pe.gov.br"
"A apresentação do esta realiazda de forma adequada, contudo a fundamentação do MVP e de alguns itens da aceleração se apresententão inconsistentes, como a exemplo dos custos para a implementação do MVP, esta descrito como um total de R$50.000,00, entretanto a soma dos itens da tabela listados somam R$46.000,00. Assim como na aceleração algusn custos apresentados podem estar subprecificados. ","1756833695529x987533763589701600","","","","","cesararaujo569@gmail.com"
"A proposta é viavel, e a equipe já demosntou experiencia prática, validada no contexto do desafio, entretanto reforço que o material apresentado possui inconsistências na fundamentação do MVP e de alguns itens da aceleração se apresententão inconsistentes, como a exemplo dos custos para a implementação do MVP, esta descrito como um total de R$50.000,00, entretanto a soma dos itens da tabela listados somam R$46.000,00. Assim como na aceleração algusn custos apresentados podem estar subprecificados. ","1756833708048x266717460134101000","","","","","cesararaujo569@gmail.com"
"Sim, permite. Ainda que realidades urbanas e sociais de BH e Recife, possam ter suas particularidades/diferenças, a proposta de integrar parceiros-chave. Contudo, compreende-se que haja percalços levantar informações da realidade de Recife, para entender os desafios de construir essa rede, de entender a logística da cidade, compreender a cultura alimentar, bem como alcançar público-alvo da proposta,  mas não são informações difíceis de obter para já apresenta. Recomendo um reforço nesses aspectos já de início caso chegue a final.","1756833685376x875830579497533400","","","","",""
"Os requisitos e proposta para atender os usuários aparentam serem plausíveis, visto já a experiência fortalecida em Belo Horizonte.","1756833695529x987533763589701600","","","","",""
"Está dentro do escopo do orçamento previsto e que atenderá a proposta.","1756833708048x266717460134101000","","","","",""
"Os cargos e funções do time estão dentro do escopo proposto.","1756833751901x290894390434463740","","","","",""
"A proposta é viavel, e a equipe já demosntou experiencia prática, validada no contexto do desafio, entretanto reforço que o material apresentado possui inconsistências na fundamentação do MVP e de alguns itens da aceleração se apresententão inconsistentes, como a exemplo dos custos para a implementação do MVP, esta descrito como um total de R$50.000,00, entretanto a soma dos itens da tabela listados somam R$46.000,00. Assim como na aceleração algusn custos apresentados podem estar subprecificados. ","1756833708048x266717460134101000","","","","","cesararaujo569@gmail.com"
"A apresentação do esta realiazda de forma adequada, contudo a fundamentação do MVP e de alguns itens da aceleração se apresententão inconsistentes, como a exemplo dos custos para a implementação do MVP, esta descrito como um total de R$50.000,00, entretanto a soma dos itens da tabela listados somam R$46.000,00. Assim como na aceleração algusn custos apresentados podem estar subprecificados. ","1756833695529x987533763589701600","","","","","cesararaujo569@gmail.com"
"Poderia ter apresentado mais sobre o modelo de negócio e como ele de fato monetiza e as condições de gerar valor.","1756833763742x121498752216465400","","","","",""
"Sim, se considerar os resultados por e para o munícipio. É plausível que eles cresçam. Mas podem haver outros mercados possíveis que possam explorar.","1756833776351x485253660838723600","","","","",""
"Está tudo de acordo.","1756833785455x314043705214107650","","","","",""
"Está tudo de acordo.","1756833785455x314043705214107650","","","","",""
"","1756833685376x875830579497533400","","","","",""
"","1756833695529x987533763589701600","","","","",""
"","1756833708048x266717460134101000","","","","",""
"","1756833685376x875830579497533400","","","","",""
"","1756833695529x987533763589701600","","","","",""
"","1756833685376x875830579497533400","","","","",""
"","1756833695529x987533763589701600","","","","",""
"No resumo executivo e nos demais materiais da apresentação (Pitch) fica definida a equipe dedidaca, mas não há referencia para o nivel de disponibilidade de cada profissional (part-time ou full-time). ","1756833751901x290894390434463740","","","","","cesararaujo569@gmail.com"
"O modelo apresentado demenstra maturidade sificiente, com metodologias bem definidas, estratégias e rede de trabalho, no contexto onde é atualmente implementada, ficando necessário para a implementação no Recife de realizar a adequação e validação de tais estratégias e metodologias. ","1756833763742x121498752216465400","","","","","cesararaujo569@gmail.com"
"Em relação a escalabilidade, o projeto se apresenta viavel, com alguns pontos de resalva, no que se refere aos riscos do projeto, principalmente engajamento. ","1756833776351x485253660838723600","","","","","cesararaujo569@gmail.com"
"","1756833785455x314043705214107650","","","","","cesararaujo569@gmail.com"
"Em relação a escalabilidade, o projeto se apresenta viavel, com alguns pontos de resalva, no que se refere aos riscos do projeto, principalmente engajamento. ","1756833776351x485253660838723600","","","","","cesararaujo569@gmail.com"
"Sim, atende.","1756833685376x875830579497533400","","","","",""
"","1756833695529x987533763589701600","","","","",""
"","1756833685376x875830579497533400","","","","",""
"","1756833785455x314043705214107650","","","","","cesararaujo569@gmail.com"
"O modelo apresentado demenstra maturidade sificiente, com metodologias bem definidas, estratégias e rede de trabalho, no contexto onde é atualmente implementada, ficando necessário para a implementação no Recife de realizar a adequação e validação de tais estratégias e metodologias. ","1756833763742x121498752216465400","","","","","cesararaujo569@gmail.com"
"","1756833685376x875830579497533400","","","","",""
"","1756833695529x987533763589701600","","","","",""
"","1756833708048x266717460134101000","","","","",""
"","1756833785455x314043705214107650","","","","",""
"","1756833776351x485253660838723600","","","","",""
"","1756833087782x649477942278094800","","","","","moisesb@recife.pe.gov.br"
"","1756833109633x582000974989361200","","","","","moisesb@recife.pe.gov.br"
"","1756833127551x302469414590087200","","","","","moisesb@recife.pe.gov.br"
"","1756833153215x839739052610814000","","","","","moisesb@recife.pe.gov.br"
"","1756833168785x143192505835585540","","","","","moisesb@recife.pe.gov.br"
"","1756833218439x517074676142309400","","","","","moisesb@recife.pe.gov.br"
"","1756833233327x923122873745014800","","","","","moisesb@recife.pe.gov.br"
"","1756833233327x923122873745014800","","","","","moisesb@recife.pe.gov.br"
"","1756833087782x649477942278094800","","","","","moisesb@recife.pe.gov.br"
"","1756833109633x582000974989361200","","","","","moisesb@recife.pe.gov.br"
"","1756833087782x649477942278094800","","","","","moisesb@recife.pe.gov.br"
"","1756833109633x582000974989361200","","","","","moisesb@recife.pe.gov.br"
"","1756833127551x302469414590087200","","","","","moisesb@recife.pe.gov.br"
"","1756833153215x839739052610814000","","","","","moisesb@recife.pe.gov.br"
"","1756833087782x649477942278094800","","","","","moisesb@recife.pe.gov.br"
"","1756833168785x143192505835585540","","","","","moisesb@recife.pe.gov.br"
"","1756833218439x517074676142309400","","","","","moisesb@recife.pe.gov.br"
"","1756833233327x923122873745014800","","","","","moisesb@recife.pe.gov.br"
"","1756833218439x517074676142309400","","","","","moisesb@recife.pe.gov.br"
"","1756833087782x649477942278094800","","","","","moisesb@recife.pe.gov.br"
"","1756833109633x582000974989361200","","","","","moisesb@recife.pe.gov.br"
"","1756833087782x649477942278094800","","","","","moisesb@recife.pe.gov.br"
"","1756833087782x649477942278094800","","","","","moisesb@recife.pe.gov.br"
"","1756833087782x649477942278094800","","","","","moisesb@recife.pe.gov.br"
"A solução demonstra atender a todos os critérios de aceite, inclusive de forma explícita e estruturada no próprio pitch, item a item. No entanto, cabe ressaltar que, sobre o critério de aceite ""3- Possibilitar a identificação de possíveis infratores no descarte irregular de resíduos sólidos"" o atendimento é parcial, já que não foi demonstrada nenhuma automação para identificação do indivíduo. A solução detecta placas de veículos, mas não pessoas. A inibição/coibição das infrações realizadas por pessoas dependeria de uma ação humana com deslocamento até o local da infração, o que pode não fazer tanto sentido na prática. Apesar desta ressalva, como a nota se dá através de números inteiros, não acho que isso seja suficiente para subtrair um ponto da solução.","1756833561184x490938041132646400","","","","","viviane.kawashima@recife.pe.gov.br"
"A solução demonstra atender a todos os critérios de aceite, inclusive de forma explícita e estruturada no próprio pitch, item a item. No entanto, cabe ressaltar que, sobre o critério de aceite ""3- Possibilitar a identificação de possíveis infratores no descarte irregular de resíduos sólidos"" o atendimento é parcial, já que não foi demonstrada nenhuma automação para identificação do indivíduo. A solução detecta placas de veículos, mas não pessoas. A inibição/coibição das infrações realizadas por pessoas dependeria de uma ação humana com deslocamento até o local da infração, o que pode não fazer tanto sentido na prática. Apesar desta ressalva, como a nota se dá através de números inteiros, não acho que isso seja suficiente para subtrair um ponto na análise.","1756833561184x490938041132646400","","","","","viviane.kawashima@recife.pe.gov.br"
"A submissão está excelente, sem deixar de compor no resumo executivo nenhuma informação importante/solicitada.","1756833583918x672549706009935900","","","","","viviane.kawashima@recife.pe.gov.br"
"Em geral, o preço está compatível com a solução entregue e os itens descritos (só os custos de nuvem ser um pouco acima da média de mercado). Os custos estão margeando o limite de recurso disponível, tendo um grande risco de ""estouro"" no caso de subdmensionamento de qualquer valor estimado. Isso indicaria uma diminuição do escopo do projeto. ","1756833596535x923739984489349100","","","","","viviane.kawashima@recife.pe.gov.br"
"De acordo com a equipe dimensionada há um certo risco de atraso/gargalo no desenvolvimento. De forma geral, demonstra estar compatível.","1756833613565x638562815923978200","","","","","viviane.kawashima@recife.pe.gov.br"
"O modelo de negócio demonstra ser viável e endereçar bem a resolução dos problemas identificados. Como ponto de ressalva, que não inviabiliza a solução mas a torna mais frágil, principalmente sobre o ponto de vista de gerar economia e dependência de outras instâncias: a dependência da autuação humana para os infratores. Mesmo que houvesse efetivo para realizar a fiscalização/autuação no momento do flagrante, seria muito difícil conseguir chegar a tempo no local. A solução precisaria de outros recursos que diminuessem essa dependência e custo. Um ponto que gera dúvida sobre o modelo construído é se as detecções realizadas por IA x denúncias da população gerariam duplicidade de registros, já que não foi evidenciado/esclarecido nada sobre isso.","1756833628571x275561129566535680","","","","","viviane.kawashima@recife.pe.gov.br"
"Como a solução requer instalação de câmeras (quando não há/onde não tem), exige um certo limite na capacidade de escalar. Além disso, o principal ponto que dificulta a escalabilidade é a dependência de autuação humana nos atos de infração.","1756833639598x277007929825820670","","","","","viviane.kawashima@recife.pe.gov.br"
"","1756833651533x994305595570913300","","","","","viviane.kawashima@recife.pe.gov.br"
"Todos os critérios de aceite foram endereçados no pitch/resumo executivo. Única ressalva, mas que não interfere na nota, é que não passaram segurança sobre alguns pontos. A identificação dos infratores, já que o pitch veio acompanhado de ""a gente vai tentar"" e não explicitaram como cruzar informações com bases existentes . Também não passaram segurança sobre a IA conseguir classificar tipo e volumetria (no pitch é dito algo como ""a gente pretende"").","1756833561184x490938041132646400","","","","","viviane.kawashima@recife.pe.gov.br"
"A equipe não deixou de submeter nenhum item do relatório executivo, mas não há muita clareza sobre COMO serão desenvolvidas algumas das funcionalidades citadas pela equipe (reconhecimento facial de infratores, rastreamento de rota e identificação de resíduos por tipo e volumetria). A demonstração da solução se mostrou muito incipiente ainda, tanto no funcionamento da IA como nas telas de dashboards (ainda em fase bem inicial). Essas lacunas no desenvolvimento da ideia/solução apontam para uma baixa maturidade na concepção da solução.","1756833583918x672549706009935900","","","","","viviane.kawashima@recife.pe.gov.br"
"A equipe não deixou de submeter nenhum item do relatório executivo, mas não há muita clareza sobre COMO serão desenvolvidas algumas das funcionalidades citadas pela equipe (reconhecimento facial de infratores, rastreamento de rota e identificação de resíduos por tipo e volumetria). A demonstração da solução se mostrou muito incipiente ainda, tanto no funcionamento da IA como nas telas de dashboards (ainda em fase bem inicial). Essas lacunas no desenvolvimento da ideia/solução apontam para uma baixa maturidade na concepção da solução.","1756833583918x672549706009935900","","","","","viviane.kawashima@recife.pe.gov.br"
"Todos os critérios de aceite foram endereçados no pitch/resumo executivo. Única ressalva, mas que não interfere na nota, é que não passaram segurança sobre alguns pontos. A identificação dos infratores, já que o pitch veio acompanhado de ""a gente vai tentar"" e não explicitaram como cruzar informações com bases existentes . Também não passaram segurança sobre a IA conseguir classificar tipo e volumetria (no pitch é dito algo como ""a gente pretende"").","1756833561184x490938041132646400","","","","","viviane.kawashima@recife.pe.gov.br"
"Os valores são compatíveis com os entregáveis e com os recursos financeiros disponíveis.","1756833596535x923739984489349100","","","","","viviane.kawashima@recife.pe.gov.br"
"A equipe demonstra ser compatível, mas vale salientar que na prática há um risco de gargalo na área de ciência de dados/IA. ","1756833613565x638562815923978200","","","","","viviane.kawashima@recife.pe.gov.br"
"Apesar de endereçar adequadamente os critérios de aceite (na teoria), a solução demonstra pouca maturidade em COMO será desenvolvida. A equipe não se aprofundou em questões fundamentais que comprovem a entrega de funcionalidades essenciais para resolução do problema. Não ficou claro como conseguirão realizar consulta a um banco de dados com biometria da população, se a IA terá capacidade de identificar tipo de resíduos e volumetria e não abordaram de forma clara sobre o quantitativo de câmeras... o pitch cita o reuso de câmeras já instaladas na cidade e o resumo executivo cita um custo de infra com 1530 pontos de câmera. O modelo de negócio não parece estar bem definido.","1756833628571x275561129566535680","","","","","viviane.kawashima@recife.pe.gov.br"
"A proposta da solução atende aos critérios de avaliação. E está num estágio que poderá atender o cronograma do edital.","1756833685376x875830579497533400","","","","","prof.eder.leao@gmail.com"
"A proposta está dentro do proposto para o desenvolvimento do cronograma.","1756833695529x987533763589701600","","","","","prof.eder.leao@gmail.com"
"Demonstra limitação de escalabilidade na infraestrutura de campo já que conta com 1500 câmeras.","1756833639598x277007929825820670","","","","","viviane.kawashima@recife.pe.gov.br"
"","1756833651533x994305595570913300","","","","","viviane.kawashima@recife.pe.gov.br"
"A proposta está dentro do proposto para o desenvolvimento do cronograma.","1756833695529x987533763589701600","","","","","prof.eder.leao@gmail.com"
"A proposta da solução atende aos critérios de avaliação. E está num estágio que poderá atender o cronograma do edital.","1756833685376x875830579497533400","","","","","prof.eder.leao@gmail.com"
"Demonstra limitação de escalabilidade na infraestrutura de campo já que conta com 1500 câmeras. Também tem um outro ponto que, apesar de trazer maior confiabilidade, pode gerar gargalo: a validação humana para as ocorrências registradas.","1756833639598x277007929825820670","","","","","viviane.kawashima@recife.pe.gov.br"
"Sim, está dentro do teto financeiro.","1756833708048x266717460134101000","","","","","prof.eder.leao@gmail.com"
"Sim, contudo, não ficou claro como será atuação em campo/contatos em Recife por parte da equipe. Compreendo como sendo fundamental, dado nuances e particularidades da cidade. Para a parte de devs, designers e cientistas, compreendo está dentro do necessário. ","1756833751901x290894390434463740","","","","","prof.eder.leao@gmail.com"
"","1756833651533x994305595570913300","","","","","viviane.kawashima@recife.pe.gov.br"
"Como a solução requer instalação de câmeras (quando não há/onde não tem), exige um certo limite na capacidade de escalar. O número de câmeras implantadas com o recurso disponível também pode ser outro limitador: estão previstas 274 na aceleração e a problemática aborda 1700 pontos de descarte. Outro problema é a dependência de autuação humana nos atos de infração.","1756833639598x277007929825820670","","","","","viviane.kawashima@recife.pe.gov.br"
"Como a solução requer instalação de câmeras (quando não há/onde não tem), exige um certo limite na capacidade de escalar. O número de câmeras implantadas com o recurso disponível também pode ser outro limitador: estão previstas 274 na aceleração e a problemática aborda 1700 pontos de descarte. Outro problema é a dependência de autuação humana nos atos de infração.","1756833639598x277007929825820670","","","","","viviane.kawashima@recife.pe.gov.br"
"De acordo com a equipe dimensionada há um certo risco de atraso/gargalo no desenvolvimento. De forma geral, demonstra estar compatível.","1756833613565x638562815923978200","","","","","viviane.kawashima@recife.pe.gov.br"
"A proposta, validação e toda experiência em BH corroboram a instituição, contudo, é importante a parte de escalabilidade para cada cidade que for aportada a solução. Algo que observo é a importante de compreender a cultura da cidade/município, por exemplo, que podem interferir no protocolo proposto. Mas são desafios que podem criar oportunidades. ","1756833763742x121498752216465400","","","","","prof.eder.leao@gmail.com"
"Na parte da solução tecnológica, integrações e logística, por exemplo, compreendo que após a experiência de BH e abrangendo uma cidade complexa como Recife, permitirá que ela possa ser aplicada a cada cidade/município, e adaptada as suas nuances. Contudo, ficou a dúvida de como isso refletirá nos contratos, por exemplo. Dado outras experiências de startups, inclusive acompanhei dentro desse escopo de sustentabilidade, houve dificuldades nessas relações com as prefeituras. Mas isso é parte de soluções para B2G.","1756833776351x485253660838723600","","","","","prof.eder.leao@gmail.com"
"Sim.","1756833785455x314043705214107650","","","","","prof.eder.leao@gmail.com"
"Na parte da solução tecnológica, integrações e logística, por exemplo, compreendo que após a experiência de BH e abrangendo uma cidade complexa como Recife, permitirá que ela possa ser aplicada a cada cidade/município, e adaptada as suas nuances. Contudo, ficou a dúvida de como isso refletirá nos contratos, por exemplo. Dado outras experiências de startups, inclusive acompanhei dentro desse escopo de sustentabilidade, houve dificuldades nessas relações com as prefeituras. Mas isso é parte de soluções para B2G.","1756833776351x485253660838723600","","","","","prof.eder.leao@gmail.com"
"Sim, pelo apresentado e nos materiais disponíveis atende. E ficou claro a possibilidade de agregar novas features. E tem uma maior experiência em várias cidades. ","1756833685376x875830579497533400","","","","","prof.eder.leao@gmail.com"
"Apresentou esse desenvolvimento, inclusive testes no Recife/Olinda.","1756833695529x987533763589701600","","","","","prof.eder.leao@gmail.com"
"Sim, dentro do limite do edital.","1756833708048x266717460134101000","","","","","prof.eder.leao@gmail.com"
"Está dentro do adequado.","1756833751901x290894390434463740","","","","","prof.eder.leao@gmail.com"
"Sim, demonstrou que está ampliando e caso concluída as duas etapas, poderá ter um sistema que poderá ser escalável, conforme o que foi apresentado nos materiais e pitch.","1756833763742x121498752216465400","","","","","prof.eder.leao@gmail.com"
"sim, poderá atender Recife e outras cidades da RMR ou de outras cidades do Brasil. Precisando compreender que existem adaptações, nuances e culturas que podem diferenciar e necessitará de um projeto adaptável. Mas pelo pitch foi apresentado que poderá incluir novas features.","1756833776351x485253660838723600","","","","","prof.eder.leao@gmail.com"
"sim, dentro do solicitado no edital.","1756833785455x314043705214107650","","","","","prof.eder.leao@gmail.com"
"","","","","","",""
"","","","","","",""
"","","","","","",""
"","","","","","",""
"deejejejejejejkejejejejejejej","1761742057377x784709806988197900","","não","","Adote um Aluno – Solução Recifense Contra a Evasão Escolar","pedrocasefilho2208@gmail.com"
"Sim","1761742057377x784709806988197900","","sim","","Adote um Aluno – Solução Recifense Contra a Evasão Escolar","pedrocasefilho2208@gmail.com"
"Sim","1761742075865x914738701678673900","","sim","","Adote um Aluno – Solução Recifense Contra a Evasão Escolar","pedrocasefilho2208@gmail.com"
"Categoria deve mudar para Startup Tração","1761742085261x485672521572548600","","não","","Adote um Aluno – Solução Recifense Contra a Evasão Escolar","pedrocasefilho2208@gmail.com"
"Sim, só precisa mudar a categoria. ","1761742108026x685329439456231400","","sim","","Adote um Aluno – Solução Recifense Contra a Evasão Escolar","pedrocasefilho2208@gmail.com"
"Iniciativa submetida por startup (NOOK) com solução OBI para educação inclusiva; enquadra-se no público-alvo (empresas/startups)","1761742057377x784709806988197900","","sim","","OBI","evisson.lucena@recife.pe.gov.br"
"Inscrito como startup tração. Mas pelo que eu li, não concordo. Acho que se enquadra mais como startup ascenção. Em nenhum lugar fala o faturamento deles. ","1761742085261x485672521572548600","","não","","OBI","evisson.lucena@recife.pe.gov.br"
"Não colocou o CNPJ","1761742075865x914738701678673900","","não","","OBI","evisson.lucena@recife.pe.gov.br"
"Falta comprovação do CNPJ. ","1761742108026x685329439456231400","","não","","OBI","evisson.lucena@recife.pe.gov.br"
"Iniciativa apresentada por startup/empresa teoricamente sediada no Recife","1761742057377x784709806988197900","","sim","","Biosurfatech: Limpeza Sustentável com o Poder dos Microrganismos","evisson.lucena@recife.pe.gov.br"
"Faltando CNPJ, não para afirmar que é de Recife","1761742075865x914738701678673900","","não","","Biosurfatech: Limpeza Sustentável com o Poder dos Microrganismos","evisson.lucena@recife.pe.gov.br"
"Faltando CNPJ, não para afirmar que é de Recife","1761742075865x914738701678673900","","não","","Biosurfatech: Limpeza Sustentável com o Poder dos Microrganismos","evisson.lucena@recife.pe.gov.br"
"Inscrição em Startup Tração, porém as evidências apresentadas indicam estágio de validação/pilotos. Sugestão: realocar para Startup Ascensão","1761742085261x485672521572548600","","","","Biosurfatech: Limpeza Sustentável com o Poder dos Microrganismos","evisson.lucena@recife.pe.gov.br"
"Inscrição em Startup Tração, porém as evidências apresentadas indicam estágio de validação/pilotos. Sugestão: realocar para Startup Ascensão","1761742085261x485672521572548600","","","","Biosurfatech: Limpeza Sustentável com o Poder dos Microrganismos","evisson.lucena@recife.pe.gov.br"
"Faltando CNPJ. ","1761742108026x685329439456231400","","","","Biosurfatech: Limpeza Sustentável com o Poder dos Microrganismos","evisson.lucena@recife.pe.gov.br"
"Porto Digital é uma OS. Se enquadra. ","1761742057377x784709806988197900","","sim","","Residência Tecnológica","evisson.lucena@recife.pe.gov.br"
"Falta CNPJ","1761742075865x914738701678673900","","não","","Residência Tecnológica","evisson.lucena@recife.pe.gov.br"
"Falta CNPJ","1761742075865x914738701678673900","","","","Residência Tecnológica","evisson.lucena@recife.pe.gov.br"
"Inscrita em Startup Tração, porém o proponente não é startup e a iniciativa é o embarque digital do Porto Digital. Não se enquadra. E já ganhou o premio em 2024. ","1761742085261x485672521572548600","","não","","Residência Tecnológica","evisson.lucena@recife.pe.gov.br"
"Já ganhou o premio em 2024","1761742108026x685329439456231400","","","","Residência Tecnológica","evisson.lucena@recife.pe.gov.br"
"Proponente é IES teoricamente sediada no Recife","1761742057377x784709806988197900","","sim","","Rede CONEXUS-PDTIS( Programa de Desenvolvimento de Talentos e Inovação em Saúde digital)","evisson.lucena@recife.pe.gov.br"
"Não achei o CNPJ. Então não tem como afirmar que é de recife","1761742075865x914738701678673900","","não","","Rede CONEXUS-PDTIS( Programa de Desenvolvimento de Talentos e Inovação em Saúde digital)","evisson.lucena@recife.pe.gov.br"
"Inscrita em Startup Tração, mas a iniciativa é programa de IES com resultados acadêmico; não é startup nem apresenta métricas típicas de tração. Sugestão de realocação: Pesquisa & Extensão Inovadora ou Instituição de Ensino e/ou Pesquisa Inovadora","1761742085261x485672521572548600","","","","Rede CONEXUS-PDTIS( Programa de Desenvolvimento de Talentos e Inovação em Saúde digital)","evisson.lucena@recife.pe.gov.br"
"Faltando o CNPJ para afirmar que é de Recife","1761742108026x685329439456231400","","","","Rede CONEXUS-PDTIS( Programa de Desenvolvimento de Talentos e Inovação em Saúde digital)","evisson.lucena@recife.pe.gov.br"
"Sede em Recife, enquadra como empresa/startup (público-alvo elegível)","1761742057377x784709806988197900","","sim","","FoodRec - Compare Delivery","evisson.lucena@recife.pe.gov.br"
"Possui CNPJ de Recife. ","1761742075865x914738701678673900","","sim","","FoodRec - Compare Delivery","evisson.lucena@recife.pe.gov.br"
"Recomendação: realocar para Ascensão.","1761742085261x485672521572548600","","","","FoodRec - Compare Delivery","evisson.lucena@recife.pe.gov.br"
"Elegível. Sugestão: troca de categoria. ","1761742108026x685329439456231400","","sim","","FoodRec - Compare Delivery","evisson.lucena@recife.pe.gov.br"
"Iniciativa proposta por IES pública de Recife (UFRPE) — público-alvo elegível no edital para instituições de ensino/pesquisa.","1761742057377x784709806988197900","","sim","","Formação em Inteligência de Mercado e Dados para Startups Deep Techs","evisson.lucena@recife.pe.gov.br"
"trata-se de iniciativa realizada em Recife","1761742075865x914738701678673900","","sim","","Formação em Inteligência de Mercado e Dados para Startups Deep Techs","evisson.lucena@recife.pe.gov.br"
"Inscrita em Startup Tração, porém não é startup; é programa de formação/extensão acadêmica com aplicação em startups deep techs. Sugestão de realocação: Instituição de Ensino e/ou Pesquisa Inovadora.","1761742085261x485672521572548600","","","","Formação em Inteligência de Mercado e Dados para Startups Deep Techs","evisson.lucena@recife.pe.gov.br"
"","1761742108026x685329439456231400","","sim","","Formação em Inteligência de Mercado e Dados para Startups Deep Techs","evisson.lucena@recife.pe.gov.br"
"iniciativa é de Recife. Foi feita no Hospital das Clínicas","1761742075865x914738701678673900","","sim","","Immuned: Uma ferramenta de predição de resposta terapêutica para doenças autoimunes reumatológicas","evisson.lucena@recife.pe.gov.br"
"Inscrita em Startup Tração, porém o case é projeto acadêmico de pesquisa/extensão  Sugestão de realocação: Pesquisa & Extensão Inovadora","1761742085261x485672521572548600","","","","Immuned: Uma ferramenta de predição de resposta terapêutica para doenças autoimunes reumatológicas","evisson.lucena@recife.pe.gov.br"
"Sugestão de mudança de categoria para Pesquisa & Extensão Inovadora","1761742108026x685329439456231400","","sim","","Immuned: Uma ferramenta de predição de resposta terapêutica para doenças autoimunes reumatológicas","evisson.lucena@recife.pe.gov.br"
"público-alvo elegível.","1761742057377x784709806988197900","","sim","","passou encontrou","evisson.lucena@recife.pe.gov.br"
"CNPJ Não é de Recife, apesar de em toda a escrita falar de startup recifense incubada no Ideia do SENAC-PE","1761742075865x914738701678673900","","não","","passou encontrou","evisson.lucena@recife.pe.gov.br"
"Realocação para categoria: Ascensão","1761742085261x485672521572548600","","","","passou encontrou","evisson.lucena@recife.pe.gov.br"
"CNPJ de fora do Recife","1761742108026x685329439456231400","","não","","passou encontrou","evisson.lucena@recife.pe.gov.br"
"Empresa Junior está dentro do público-alvo. ","1761742057377x784709806988197900","","sim","","Seed a Bit - Empresa Júnior de Tecnologia","evisson.lucena@recife.pe.gov.br"
"CNPJ de Recife. ","1761742075865x914738701678673900","","","","Seed a Bit - Empresa Júnior de Tecnologia","evisson.lucena@recife.pe.gov.br"
"A proponente é Empresa Júnior (formação/serviços educacionais) e não startup em tração. Evidências apontam foco em desenvolvimento de estudantes e prestação de serviços. Sugestão de realocação: Case de Empreendedorismo Social.","1761742085261x485672521572548600","","","","Seed a Bit - Empresa Júnior de Tecnologia","evisson.lucena@recife.pe.gov.br"
"A proponente é Empresa Júnior (formação/serviços educacionais) e não startup em tração. Sugestão de realocação: ascenção. ","1761742085261x485672521572548600","","","","Seed a Bit - Empresa Júnior de Tecnologia","evisson.lucena@recife.pe.gov.br"
"Sugestão de realocação:Ascenção","1761742108026x685329439456231400","","sim","","Seed a Bit - Empresa Júnior de Tecnologia","evisson.lucena@recife.pe.gov.br"
"Realocação para categoria: Conectada com a cidade. ","1761742085261x485672521572548600","","","","passou encontrou","evisson.lucena@recife.pe.gov.br"
"CNPJ de fora do Recife, porém como estamos sugerindo a mudança da categoria para Conectada com a Cidade, ficaria elegível. ","1761742108026x685329439456231400","","sim","","passou encontrou","evisson.lucena@recife.pe.gov.br"
"IES faz parte do público alvo","1761742057377x784709806988197900","","sim","","MONITORAMENTO DAS DECISÕES DA CORTE INTERAMERICANA DE DIREITOS HUMANOS NO CASO DO COMPLEXO DO CURADO: DESAFIOS INSTITUCIONAIS NA EFETIVIDADE DOS DIREITOS HUMANOS EM PERNAMBUCO","evisson.lucena@recife.pe.gov.br"
"IES do Recife e iniciativa realizada no Recife. ","1761742075865x914738701678673900","","sim","","MONITORAMENTO DAS DECISÕES DA CORTE INTERAMERICANA DE DIREITOS HUMANOS NO CASO DO COMPLEXO DO CURADO: DESAFIOS INSTITUCIONAIS NA EFETIVIDADE DOS DIREITOS HUMANOS EM PERNAMBUCO","evisson.lucena@recife.pe.gov.br"
"iniciativa é programa acadêmico de extensão (monitoramento de decisões da Corte IDH), não uma startup em tração. Sugestão de realocação: Pesquisa & Extensão Inovadora","1761742085261x485672521572548600","","","","MONITORAMENTO DAS DECISÕES DA CORTE INTERAMERICANA DE DIREITOS HUMANOS NO CASO DO COMPLEXO DO CURADO: DESAFIOS INSTITUCIONAIS NA EFETIVIDADE DOS DIREITOS HUMANOS EM PERNAMBUCO","evisson.lucena@recife.pe.gov.br"
" Sugestão de realocação: Pesquisa & Extensão Inovadora","1761742108026x685329439456231400","","sim","","MONITORAMENTO DAS DECISÕES DA CORTE INTERAMERICANA DE DIREITOS HUMANOS NO CASO DO COMPLEXO DO CURADO: DESAFIOS INSTITUCIONAIS NA EFETIVIDADE DOS DIREITOS HUMANOS EM PERNAMBUCO","evisson.lucena@recife.pe.gov.br"
"Projeto de Recife","1761742075865x914738701678673900","","sim","","Direitos econômicos, sociais, culturais e ambientais (DESCA), cidade e moradia adequada","evisson.lucena@recife.pe.gov.br"
"A iniciativa é programa acadêmico de extensão/pesquisa aplicada, não startup em tração. Sugestão de realocação: Pesquisa & Extensão Inovadora ","1761742085261x485672521572548600","","","","Direitos econômicos, sociais, culturais e ambientais (DESCA), cidade e moradia adequada","evisson.lucena@recife.pe.gov.br"
"Sugestão de realocação: Pesquisa & Extensão Inovadora ","1761742108026x685329439456231400","","sim","","Direitos econômicos, sociais, culturais e ambientais (DESCA), cidade e moradia adequada","evisson.lucena@recife.pe.gov.br"
"Publico alvo IES","1761742057377x784709806988197900","","sim","","Programa “ Várzea do Futuro”","evisson.lucena@recife.pe.gov.br"
"IES de Recife","1761742075865x914738701678673900","","","","Programa “ Várzea do Futuro”","evisson.lucena@recife.pe.gov.br"
"A inscrição foi feita em “Startup Tração”, porém o proponente é programa institucional de extensão/empreendedorismo do IFPE. Categorias mais adequadas: “Instituição de Ensino e/ou Pesquisa Inovadora”","1761742085261x485672521572548600","","","","Programa “ Várzea do Futuro”","evisson.lucena@recife.pe.gov.br"
"Com sugestão de mudança de categoria para Instituição de Ensino e/ou Pesquisa Inovadora","1761742108026x685329439456231400","","sim","","Programa “ Várzea do Futuro”","evisson.lucena@recife.pe.gov.br"
"","1761742057377x784709806988197900","","sim","","Eu Vi","rafael.paula@recife.pe.gov.br"
"","1761742075865x914738701678673900","","sim","","Eu Vi","rafael.paula@recife.pe.gov.br"
"","1761742085261x485672521572548600","","sim","","Eu Vi","rafael.paula@recife.pe.gov.br"
"","1761742108026x685329439456231400","","sim","","Eu Vi","rafael.paula@recife.pe.gov.br"
"","1761742057377x784709806988197900","","sim","","JOVENS DE IMPACTO","rafael.paula@recife.pe.gov.br"
"","1761742075865x914738701678673900","","sim","","JOVENS DE IMPACTO","rafael.paula@recife.pe.gov.br"
"","1761742085261x485672521572548600","","sim","","JOVENS DE IMPACTO","rafael.paula@recife.pe.gov.br"
"","1761742108026x685329439456231400","","sim","","JOVENS DE IMPACTO","rafael.paula@recife.pe.gov.br"
"","1761742057377x784709806988197900","","sim","","Adote um Aluno – Solução Recifense Contra a Evasão Escolar","tiago.teixeira@recife.pe.gov.br"
"","1761742075865x914738701678673900","","sim","","Adote um Aluno – Solução Recifense Contra a Evasão Escolar","tiago.teixeira@recife.pe.gov.br"
"","1761742085261x485672521572548600","","não","","Adote um Aluno – Solução Recifense Contra a Evasão Escolar","tiago.teixeira@recife.pe.gov.br"
"A iniciativa se enquadra no público-alvo do edital","1761742057377x784709806988197900","","sim","","Programando o Futuro","evisson.lucena@recife.pe.gov.br"
"Iniciativa de Recife.","1761742075865x914738701678673900","","sim","","Programando o Futuro","evisson.lucena@recife.pe.gov.br"
"","1761742108026x685329439456231400","","não","","Adote um Aluno – Solução Recifense Contra a Evasão Escolar","tiago.teixeira@recife.pe.gov.br"
"O projeto se enquadra adequadamente na categoria “Case de Letramento Digital”, pois trata-se de uma ação voltada à inclusão e formação tecnológica de jovens de escolas públicas, com foco em grupos sub-representados","1761742085261x485672521572548600","","sim","","Programando o Futuro","evisson.lucena@recife.pe.gov.br"
"Projeto Elegível. ","1761742108026x685329439456231400","","sim","","Programando o Futuro","evisson.lucena@recife.pe.gov.br"
"","1761742057377x784709806988197900","","","","Adote um Aluno – Solução Recifense Contra a Evasão Escolar","tiago.teixeira@recife.pe.gov.br"
"","1761742057377x784709806988197900","","sim","","Absens","tiago.teixeira@recife.pe.gov.br"
"","1761742075865x914738701678673900","","sim","","Absens","tiago.teixeira@recife.pe.gov.br"
"","1761742085261x485672521572548600","","sim","","Absens","tiago.teixeira@recife.pe.gov.br"
"","1761742108026x685329439456231400","","sim","","Absens","tiago.teixeira@recife.pe.gov.br"
"","1761742057377x784709806988197900","","sim","","VER-TI: Mobilidade que Inclui, Inova e Transforma","tiago.teixeira@recife.pe.gov.br"
"","1761742075865x914738701678673900","","sim","","VER-TI: Mobilidade que Inclui, Inova e Transforma","tiago.teixeira@recife.pe.gov.br"
"","1761742085261x485672521572548600","","não","","VER-TI: Mobilidade que Inclui, Inova e Transforma","tiago.teixeira@recife.pe.gov.br"
"","1761742057377x784709806988197900","","sim","","Iguais, mas diferentes: medindo eficácia e equidade das escolas públicas brasileiras","tiago.teixeira@recife.pe.gov.br"
"","1761742075865x914738701678673900","","sim","","Iguais, mas diferentes: medindo eficácia e equidade das escolas públicas brasileiras","tiago.teixeira@recife.pe.gov.br"
"","1761742085261x485672521572548600","","sim","","Iguais, mas diferentes: medindo eficácia e equidade das escolas públicas brasileiras","tiago.teixeira@recife.pe.gov.br"
"","1761742057377x784709806988197900","","sim","","ESG VERDA","rafael.paula@recife.pe.gov.br"
"","1761742108026x685329439456231400","","sim","","Iguais, mas diferentes: medindo eficácia e equidade das escolas públicas brasileiras","tiago.teixeira@recife.pe.gov.br"
"","1761742075865x914738701678673900","","sim","","ESG VERDA","rafael.paula@recife.pe.gov.br"
"","1761742085261x485672521572548600","","sim","","ESG VERDA","rafael.paula@recife.pe.gov.br"
"","1761742108026x685329439456231400","","sim","","ESG VERDA","rafael.paula@recife.pe.gov.br"
"","1761742057377x784709806988197900","","sim","","CICLO SHINERAY DE INOVAÇÃO","tiago.teixeira@recife.pe.gov.br"
"","1761742075865x914738701678673900","","sim","","CICLO SHINERAY DE INOVAÇÃO","tiago.teixeira@recife.pe.gov.br"
"","1761742075865x914738701678673900","","sim","","CICLO SHINERAY DE INOVAÇÃO","tiago.teixeira@recife.pe.gov.br"
"","1761742075865x914738701678673900","","sim","","CICLO SHINERAY DE INOVAÇÃO","tiago.teixeira@recife.pe.gov.br"
"","1761742085261x485672521572548600","","sim","","CICLO SHINERAY DE INOVAÇÃO","tiago.teixeira@recife.pe.gov.br"
"","1761742108026x685329439456231400","","sim","","CICLO SHINERAY DE INOVAÇÃO","tiago.teixeira@recife.pe.gov.br"
"","1761742057377x784709806988197900","","sim","","Brincadeiras, Brinquedos e Jogos no Desenvolvimento Cognitivo, Linguístico e Social de Crianças com Transtorno do Espectro Autista","tiago.teixeira@recife.pe.gov.br"
"","1761742075865x914738701678673900","","sim","","Brincadeiras, Brinquedos e Jogos no Desenvolvimento Cognitivo, Linguístico e Social de Crianças com Transtorno do Espectro Autista","tiago.teixeira@recife.pe.gov.br"
"","1761742085261x485672521572548600","","sim","","Brincadeiras, Brinquedos e Jogos no Desenvolvimento Cognitivo, Linguístico e Social de Crianças com Transtorno do Espectro Autista","tiago.teixeira@recife.pe.gov.br"
"","1761742108026x685329439456231400","","sim","","Brincadeiras, Brinquedos e Jogos no Desenvolvimento Cognitivo, Linguístico e Social de Crianças com Transtorno do Espectro Autista","tiago.teixeira@recife.pe.gov.br"
"","1761742057377x784709806988197900","","sim","","INOVAÇÃO NO TRATAMENTO DE PACIENTES NEUROATÍPICOS E PSIQUIÁTRICOS","tiago.teixeira@recife.pe.gov.br"
"","1761742075865x914738701678673900","","sim","","INOVAÇÃO NO TRATAMENTO DE PACIENTES NEUROATÍPICOS E PSIQUIÁTRICOS","tiago.teixeira@recife.pe.gov.br"
"","1761742085261x485672521572548600","","sim","","INOVAÇÃO NO TRATAMENTO DE PACIENTES NEUROATÍPICOS E PSIQUIÁTRICOS","tiago.teixeira@recife.pe.gov.br"
"","1761742108026x685329439456231400","","sim","","INOVAÇÃO NO TRATAMENTO DE PACIENTES NEUROATÍPICOS E PSIQUIÁTRICOS","tiago.teixeira@recife.pe.gov.br"
"","1761742057377x784709806988197900","","sim","","Ummix Ads – Conectando Dados, Mídia e Cidades Inteligentes","tiago.teixeira@recife.pe.gov.br"
"","1761742075865x914738701678673900","","sim","","Ummix Ads – Conectando Dados, Mídia e Cidades Inteligentes","tiago.teixeira@recife.pe.gov.br"
"","1761742085261x485672521572548600","","sim","","Ummix Ads – Conectando Dados, Mídia e Cidades Inteligentes","tiago.teixeira@recife.pe.gov.br"
"","1761742108026x685329439456231400","","sim","","Ummix Ads – Conectando Dados, Mídia e Cidades Inteligentes","tiago.teixeira@recife.pe.gov.br"
"","1761742057377x784709806988197900","","sim","","Do Conhecimento à Inovação: Ferramentas e Estratégias para Mapear Saberes, Processos e Capital de Conhecimento Institucional","tiago.teixeira@recife.pe.gov.br"
"","1761742075865x914738701678673900","","sim","","Do Conhecimento à Inovação: Ferramentas e Estratégias para Mapear Saberes, Processos e Capital de Conhecimento Institucional","tiago.teixeira@recife.pe.gov.br"
"","1761742085261x485672521572548600","","sim","","Do Conhecimento à Inovação: Ferramentas e Estratégias para Mapear Saberes, Processos e Capital de Conhecimento Institucional","tiago.teixeira@recife.pe.gov.br"
"","1761742108026x685329439456231400","","sim","","Do Conhecimento à Inovação: Ferramentas e Estratégias para Mapear Saberes, Processos e Capital de Conhecimento Institucional","tiago.teixeira@recife.pe.gov.br"
"","1761742057377x784709806988197900","","sim","","Vamos brincar? Seguros! Aperfeiçoamento nos processos de avaliação de produtos infantis com foco na segurança e na infraestrutura da qualidade","tiago.teixeira@recife.pe.gov.br"
"","1761742075865x914738701678673900","","sim","","Vamos brincar? Seguros! Aperfeiçoamento nos processos de avaliação de produtos infantis com foco na segurança e na infraestrutura da qualidade","tiago.teixeira@recife.pe.gov.br"
"","1761742085261x485672521572548600","","sim","","Vamos brincar? Seguros! Aperfeiçoamento nos processos de avaliação de produtos infantis com foco na segurança e na infraestrutura da qualidade","tiago.teixeira@recife.pe.gov.br"
"","1761742108026x685329439456231400","","não","","Vamos brincar? Seguros! Aperfeiçoamento nos processos de avaliação de produtos infantis com foco na segurança e na infraestrutura da qualidade","tiago.teixeira@recife.pe.gov.br"
"","1761742057377x784709806988197900","","sim","","Desenvolvendo Talentos Tech e Inclusão Produtiva com o Programa Start Recife","tiago.teixeira@recife.pe.gov.br"
"","1761742075865x914738701678673900","","sim","","Desenvolvendo Talentos Tech e Inclusão Produtiva com o Programa Start Recife","tiago.teixeira@recife.pe.gov.br"
"","1761742085261x485672521572548600","","sim","","Desenvolvendo Talentos Tech e Inclusão Produtiva com o Programa Start Recife","tiago.teixeira@recife.pe.gov.br"
"","1761742108026x685329439456231400","","sim","","Desenvolvendo Talentos Tech e Inclusão Produtiva com o Programa Start Recife","tiago.teixeira@recife.pe.gov.br"
"Se enquadra no público-alvo do edital — instituições de ensino e pesquisa.","1761742057377x784709806988197900","","sim","","IPTU: um tributo que precisa sair do papel.","evisson.lucena@recife.pe.gov.br"
"Trabalho da UFPE. É de Recife. ","1761742075865x914738701678673900","","sim","","IPTU: um tributo que precisa sair do papel.","evisson.lucena@recife.pe.gov.br"
"","1761742057377x784709806988197900","","sim","","Projetos de Extensão com Base nos Objetivos de Desenvolvimento Sustentável (ODS) definidos pela ONU: Conectando Saberes Acadêmicos e Soluções Reais","hellen-ssilva@hotmail.com"
"A iniciativa foi inscrita em “Pesquisa & Extensão Inovadora”, o que se mostra apropriado. Trata-se de um estudo aplicado de natureza científica","1761742085261x485672521572548600","","sim","","IPTU: um tributo que precisa sair do papel.","evisson.lucena@recife.pe.gov.br"
"Elegível por ser de Recife, se enquadrar no público alvo e a categoria está correta.","1761742108026x685329439456231400","","sim","","IPTU: um tributo que precisa sair do papel.","evisson.lucena@recife.pe.gov.br"
"","1761742085261x485672521572548600","","sim","","Projetos de Extensão com Base nos Objetivos de Desenvolvimento Sustentável (ODS) definidos pela ONU: Conectando Saberes Acadêmicos e Soluções Reais","hellen-ssilva@hotmail.com"
"","1761742108026x685329439456231400","","sim","","Projetos de Extensão com Base nos Objetivos de Desenvolvimento Sustentável (ODS) definidos pela ONU: Conectando Saberes Acadêmicos e Soluções Reais","hellen-ssilva@hotmail.com"
"Enquadra-se no público-alvo da categoria Startups Inovadoras","1761742057377x784709806988197900","","sim","","FH Data","evisson.lucena@recife.pe.gov.br"
"Startup de Recife","1761742075865x914738701678673900","","sim","","FH Data","evisson.lucena@recife.pe.gov.br"
"A categoria Startup Tração é adequada, considerando o estágio de maturidade e crescimento da empresa (faturamento acima de R$ 1 milhão em 2024, conforme dito na inscrição e base diversificada de clientes )","1761742085261x485672521572548600","","sim","","FH Data","evisson.lucena@recife.pe.gov.br"
"Publico alvo ok! Startup de Recife e categoria correta. ","1761742108026x685329439456231400","","sim","","FH Data","evisson.lucena@recife.pe.gov.br"
"","1761742057377x784709806988197900","","sim","","Liga Acadêmica da Clínica Escola de Enfermagem: Transformando a Saúde Sexual e Reprodutiva das Mulheres através da Integração Ensino-Serviço.","tiago.teixeira@recife.pe.gov.br"
"","1761742075865x914738701678673900","","sim","","Liga Acadêmica da Clínica Escola de Enfermagem: Transformando a Saúde Sexual e Reprodutiva das Mulheres através da Integração Ensino-Serviço.","tiago.teixeira@recife.pe.gov.br"
"","1761742075865x914738701678673900","","sim","","Liga Acadêmica da Clínica Escola de Enfermagem: Transformando a Saúde Sexual e Reprodutiva das Mulheres através da Integração Ensino-Serviço.","tiago.teixeira@recife.pe.gov.br"
"","1761742085261x485672521572548600","","sim","","Liga Acadêmica da Clínica Escola de Enfermagem: Transformando a Saúde Sexual e Reprodutiva das Mulheres através da Integração Ensino-Serviço.","tiago.teixeira@recife.pe.gov.br"
"","1761742108026x685329439456231400","","sim","","Liga Acadêmica da Clínica Escola de Enfermagem: Transformando a Saúde Sexual e Reprodutiva das Mulheres através da Integração Ensino-Serviço.","tiago.teixeira@recife.pe.gov.br"
"","1761742108026x685329439456231400","","não","","VER-TI: Mobilidade que Inclui, Inova e Transforma","tiago.teixeira@recife.pe.gov.br"
"","1761742057377x784709806988197900","","sim","","CIRCUITO DIGITAL DA POESIA","tiago.teixeira@recife.pe.gov.br"
"","1761742075865x914738701678673900","","sim","","CIRCUITO DIGITAL DA POESIA","tiago.teixeira@recife.pe.gov.br"
"","1761742085261x485672521572548600","","sim","","CIRCUITO DIGITAL DA POESIA","tiago.teixeira@recife.pe.gov.br"
"","1761742108026x685329439456231400","","sim","","CIRCUITO DIGITAL DA POESIA","tiago.teixeira@recife.pe.gov.br"
"","1761742057377x784709806988197900","","sim","","Transformação de biomassas em produtos de alto valore agregado","hellen-ssilva@hotmail.com"
"","1761742075865x914738701678673900","","sim","","Transformação de biomassas em produtos de alto valore agregado","hellen-ssilva@hotmail.com"
"","1761742057377x784709806988197900","","sim","","Projeto Aconchego","tiago.teixeira@recife.pe.gov.br"
"","1761742075865x914738701678673900","","sim","","Projeto Aconchego","tiago.teixeira@recife.pe.gov.br"
"","1761742085261x485672521572548600","","sim","","Transformação de biomassas em produtos de alto valore agregado","hellen-ssilva@hotmail.com"
"","1761742085261x485672521572548600","","sim","","Projeto Aconchego","tiago.teixeira@recife.pe.gov.br"
"","1761742108026x685329439456231400","","sim","","Projeto Aconchego","tiago.teixeira@recife.pe.gov.br"
"","1761742085261x485672521572548600","","sim","","Transformação de biomassas em produtos de alto valore agregado","hellen-ssilva@hotmail.com"
"","1761742085261x485672521572548600","","sim","","Transformação de biomassas em produtos de alto valore agregado","hellen-ssilva@hotmail.com"
"","1761742085261x485672521572548600","","sim","","Transformação de biomassas em produtos de alto valore agregado","hellen-ssilva@hotmail.com"
"","1761742108026x685329439456231400","","sim","","Transformação de biomassas em produtos de alto valore agregado","hellen-ssilva@hotmail.com"
"","1761742057377x784709806988197900","","sim","","Trilha de Desenvolvimento da Pessoa Idosa Recife","tiago.teixeira@recife.pe.gov.br"
"","1761742075865x914738701678673900","","sim","","Trilha de Desenvolvimento da Pessoa Idosa Recife","tiago.teixeira@recife.pe.gov.br"
"","1761742085261x485672521572548600","","sim","","Trilha de Desenvolvimento da Pessoa Idosa Recife","tiago.teixeira@recife.pe.gov.br"
"","1761742108026x685329439456231400","","sim","","Trilha de Desenvolvimento da Pessoa Idosa Recife","tiago.teixeira@recife.pe.gov.br"
"","1761742057377x784709806988197900","","sim","","Gymtime Go ","rafael.paula@recife.pe.gov.br"
"","1761742075865x914738701678673900","","sim","","Gymtime Go ","rafael.paula@recife.pe.gov.br"
"","1761742085261x485672521572548600","","sim","","Gymtime Go ","rafael.paula@recife.pe.gov.br"
"","1761742075865x914738701678673900","","sim","","Gymtime Go ","rafael.paula@recife.pe.gov.br"
"","1761742108026x685329439456231400","","sim","","Gymtime Go ","rafael.paula@recife.pe.gov.br"
"","1761742057377x784709806988197900","","sim","","Polpanet – Plataforma Digital de Integração da Cadeia Agroindustrial de Frutas e Derivados","tiago.teixeira@recife.pe.gov.br"
"","1761742075865x914738701678673900","","sim","","Polpanet – Plataforma Digital de Integração da Cadeia Agroindustrial de Frutas e Derivados","tiago.teixeira@recife.pe.gov.br"
"","1761742085261x485672521572548600","","sim","","Polpanet – Plataforma Digital de Integração da Cadeia Agroindustrial de Frutas e Derivados","tiago.teixeira@recife.pe.gov.br"
"","1761742085261x485672521572548600","","sim","","Polpanet – Plataforma Digital de Integração da Cadeia Agroindustrial de Frutas e Derivados","tiago.teixeira@recife.pe.gov.br"
"","1761742108026x685329439456231400","","sim","","Polpanet – Plataforma Digital de Integração da Cadeia Agroindustrial de Frutas e Derivados","tiago.teixeira@recife.pe.gov.br"
"","1761742057377x784709806988197900","","sim","","Rede Inova: Tecnologia e Inovação na Formação e Inclusão Social","tiago.teixeira@recife.pe.gov.br"
"","1761742075865x914738701678673900","","sim","","Rede Inova: Tecnologia e Inovação na Formação e Inclusão Social","tiago.teixeira@recife.pe.gov.br"
"","1761742085261x485672521572548600","","sim","","Rede Inova: Tecnologia e Inovação na Formação e Inclusão Social","tiago.teixeira@recife.pe.gov.br"
"","1761742085261x485672521572548600","","sim","","Rede Inova: Tecnologia e Inovação na Formação e Inclusão Social","tiago.teixeira@recife.pe.gov.br"
"","1761742108026x685329439456231400","","sim","","Rede Inova: Tecnologia e Inovação na Formação e Inclusão Social","tiago.teixeira@recife.pe.gov.br"
"","1761742057377x784709806988197900","","sim","","Programa FAST","tiago.teixeira@recife.pe.gov.br"
"","1761742075865x914738701678673900","","sim","","Programa FAST","tiago.teixeira@recife.pe.gov.br"
"","1761742085261x485672521572548600","","sim","","Programa FAST","tiago.teixeira@recife.pe.gov.br"
"","1761742075865x914738701678673900","","sim","","Programa FAST","tiago.teixeira@recife.pe.gov.br"
"","1761742108026x685329439456231400","","sim","","Programa FAST","tiago.teixeira@recife.pe.gov.br"
"","1761742057377x784709806988197900","","sim","","Line: Sistema time-lapse com IA para cultivo embrionário","hellen-ssilva@hotmail.com"
"","1761742075865x914738701678673900","","sim","","Line: Sistema time-lapse com IA para cultivo embrionário","hellen-ssilva@hotmail.com"
"","1761742085261x485672521572548600","","sim","","Line: Sistema time-lapse com IA para cultivo embrionário","hellen-ssilva@hotmail.com"
"","1761742108026x685329439456231400","","sim","","Line: Sistema time-lapse com IA para cultivo embrionário","hellen-ssilva@hotmail.com"
"Se enquadra no público alvo IES","1761742057377x784709806988197900","","sim","","Projeto de Extensão Tecnológica (PET): Aproximação do Ensino Técnico às experiências do mundo do trabalho.","evisson.lucena@recife.pe.gov.br"
"Iniciativa de Recife, da Escola Técnica de referência Agamenon Magalhães","1761742075865x914738701678673900","","sim","","Projeto de Extensão Tecnológica (PET): Aproximação do Ensino Técnico às experiências do mundo do trabalho.","evisson.lucena@recife.pe.gov.br"
"O conteúdo é coerente com a categoria Pesquisa & Extensão Inovadora: projeto aplicado com produção de protótipos e articulação ensino–empresa. Se encaixa claramente na trilha de extensão e inovação científica/prática.","1761742085261x485672521572548600","","sim","","Projeto de Extensão Tecnológica (PET): Aproximação do Ensino Técnico às experiências do mundo do trabalho.","evisson.lucena@recife.pe.gov.br"
"Projeto de Recife, atende o publico alvo e está na categoria correta. ","1761742108026x685329439456231400","","sim","","Projeto de Extensão Tecnológica (PET): Aproximação do Ensino Técnico às experiências do mundo do trabalho.","evisson.lucena@recife.pe.gov.br"
"Enquadra-se no público-alvo do edital como startup","1761742057377x784709806988197900","","sim","","Mosca Branca + GRE do Sertão do Vale do São Francisco ","evisson.lucena@recife.pe.gov.br"
"A iniciativa é uma startup de tecnologia aplicada ao setor público (govtech/deeptech) com protótipo/solução. Enquadra-se adequadamente na trilha de Startups Inovadoras / “Ascensão”, pois ainda não se trata de uma startup de tração. ","1761742085261x485672521572548600","","sim","","Mosca Branca + GRE do Sertão do Vale do São Francisco ","evisson.lucena@recife.pe.gov.br"
"Atende o público alvo, startup de Recife e está na categoria correta.","1761742108026x685329439456231400","","sim","","Mosca Branca + GRE do Sertão do Vale do São Francisco ","evisson.lucena@recife.pe.gov.br"
"Se enquadra no publico-alvo de startups","1761742057377x784709806988197900","","sim","","Move's","evisson.lucena@recife.pe.gov.br"
"Sim. A startup é de Recife. ","1761742075865x914738701678673900","","sim","","Move's","evisson.lucena@recife.pe.gov.br"
"A Move’s foi inscrita na categoria Startup Conectada com a Cidade. Na minha visão está adequado, já que a solução apresenta impacto direto na cidade do Recife, conectando dados de acessibilidade turística e apoiando políticas públicas municipais.","1761742085261x485672521572548600","","sim","","Move's","evisson.lucena@recife.pe.gov.br"
"Atende o público alvo, é de recife e a categoria está correta. ","1761742108026x685329439456231400","","sim","","Move's","evisson.lucena@recife.pe.gov.br"
"","1761742057377x784709806988197900","","sim","","Inova.Ação PCD CESAR","rafael.paula@recife.pe.gov.br"
"","1761742075865x914738701678673900","","sim","","Inova.Ação PCD CESAR","rafael.paula@recife.pe.gov.br"
"","1761742085261x485672521572548600","","sim","","Inova.Ação PCD CESAR","rafael.paula@recife.pe.gov.br"
"","1761742108026x685329439456231400","","sim","","Inova.Ação PCD CESAR","rafael.paula@recife.pe.gov.br"
"Atende ao publico alvo: startups","1761742057377x784709806988197900","","sim","","Consultoria de agentes inteligentes ","evisson.lucena@recife.pe.gov.br"
"Startup de Recife ","1761742075865x914738701678673900","","sim","","Consultoria de agentes inteligentes ","evisson.lucena@recife.pe.gov.br"
"Apesar de falar que tem experiência, em nenhum lugar da submissão a startup comprova que possui faturamento acima de 1 milhão. Diante disso, sugiro a mudança de categoria para Startup Ascenção. ","1761742085261x485672521572548600","","não","","Consultoria de agentes inteligentes ","evisson.lucena@recife.pe.gov.br"
"Elegível, porém sugiro a mudança de categoria para Startup Ascenção. ","1761742108026x685329439456231400","","sim","","Consultoria de agentes inteligentes ","evisson.lucena@recife.pe.gov.br"
"Se enquadra no publico alvo. Projeto feito no CESAR","1761742057377x784709806988197900","","sim","","Batom Inteligente","evisson.lucena@recife.pe.gov.br"
"Projeto do CESAR de Recife. e não ganhou outra premiação. ","1761742075865x914738701678673900","","sim","","Batom Inteligente","evisson.lucena@recife.pe.gov.br"
"A inscrição foi realizada em Case de Inovação Empresarial, eixo Inovação Empresarial, categoria voltada a empresas que desenvolvem projetos inovadores com resultados comprovados e impacto de mercado ou social.
O “Batom Inteligente” é resultado de uma parceria entre o CESAR (ICT) e empresas privadas, com patentes registradas e impacto social direto, com experiência comprovada. ","1761742085261x485672521572548600","","sim","","Batom Inteligente","evisson.lucena@recife.pe.gov.br"
"Atende o público alvo, ICT de Recife e com a categoria correta.","1761742108026x685329439456231400","","sim","","Batom Inteligente","evisson.lucena@recife.pe.gov.br"
"","1761742057377x784709806988197900","","sim","","Ai Vital – Inteligência Artificial para o Monitoramento de Pacientes Pós-Cirúrgicos","rafael.paula@recife.pe.gov.br"
"","1761742075865x914738701678673900","","sim","","Ai Vital – Inteligência Artificial para o Monitoramento de Pacientes Pós-Cirúrgicos","rafael.paula@recife.pe.gov.br"
"","1761742085261x485672521572548600","","sim","","Ai Vital – Inteligência Artificial para o Monitoramento de Pacientes Pós-Cirúrgicos","rafael.paula@recife.pe.gov.br"
"","1761742085261x485672521572548600","","sim","","Ai Vital – Inteligência Artificial para o Monitoramento de Pacientes Pós-Cirúrgicos","rafael.paula@recife.pe.gov.br"
"","1761742108026x685329439456231400","","sim","","Ai Vital – Inteligência Artificial para o Monitoramento de Pacientes Pós-Cirúrgicos","rafael.paula@recife.pe.gov.br"
"","1761742057377x784709806988197900","","sim","","BNCC para quê(m)? Uma pesquisa aplicada sobre a qualidade da Educação Infantil nas creches do Recife","rafael.paula@recife.pe.gov.br"
"","1761742075865x914738701678673900","","sim","","BNCC para quê(m)? Uma pesquisa aplicada sobre a qualidade da Educação Infantil nas creches do Recife","rafael.paula@recife.pe.gov.br"
"","1761742085261x485672521572548600","","sim","","BNCC para quê(m)? Uma pesquisa aplicada sobre a qualidade da Educação Infantil nas creches do Recife","rafael.paula@recife.pe.gov.br"
"","1761742108026x685329439456231400","","sim","","BNCC para quê(m)? Uma pesquisa aplicada sobre a qualidade da Educação Infantil nas creches do Recife","rafael.paula@recife.pe.gov.br"
"","1761742057377x784709806988197900","","sim","","FUTURAS CIENTISTAS","rafael.paula@recife.pe.gov.br"
"","1761742075865x914738701678673900","","sim","","FUTURAS CIENTISTAS","rafael.paula@recife.pe.gov.br"
"","1761742085261x485672521572548600","","sim","","FUTURAS CIENTISTAS","rafael.paula@recife.pe.gov.br"
"","1761742108026x685329439456231400","","sim","","FUTURAS CIENTISTAS","rafael.paula@recife.pe.gov.br"
"","1761742057377x784709806988197900","","sim","","Homologação dos Conectores de Emendas Elétricas à Prova d’Água no Programa de Modernização e Padronização da Rede Semafórica e Lombadas Eletrônicas – CTTU Recife/PE","rafael.paula@recife.pe.gov.br"
"","1761742075865x914738701678673900","","sim","","Homologação dos Conectores de Emendas Elétricas à Prova d’Água no Programa de Modernização e Padronização da Rede Semafórica e Lombadas Eletrônicas – CTTU Recife/PE","rafael.paula@recife.pe.gov.br"
"","1761742085261x485672521572548600","","sim","","Homologação dos Conectores de Emendas Elétricas à Prova d’Água no Programa de Modernização e Padronização da Rede Semafórica e Lombadas Eletrônicas – CTTU Recife/PE","rafael.paula@recife.pe.gov.br"
"","1761742108026x685329439456231400","","sim","","Homologação dos Conectores de Emendas Elétricas à Prova d’Água no Programa de Modernização e Padronização da Rede Semafórica e Lombadas Eletrônicas – CTTU Recife/PE","rafael.paula@recife.pe.gov.br"
"","1761742057377x784709806988197900","","sim","","Hawk App: a evolução digital para gestão de projetos e obras","rafael.paula@recife.pe.gov.br"
"","1761742057377x784709806988197900","","","","Hawk App: a evolução digital para gestão de projetos e obras","rafael.paula@recife.pe.gov.br"
"","1761742075865x914738701678673900","","sim","","Hawk App: a evolução digital para gestão de projetos e obras","rafael.paula@recife.pe.gov.br"
"No arquivo .pptx anexado, fica mais claro que deve se enquadrar na categoria ""Startup Ascenção"": idealizada em agosto de 2024 (imagem 3), ano da sua fundação, e com faturamento anual inferior a R$1.000.000,00 (imagem 9).","1761742085261x485672521572548600","","não","","Hawk App: a evolução digital para gestão de projetos e obras","rafael.paula@recife.pe.gov.br"
"Provavelmente inscrita na categoria errada, como escrito anteriormente.","1761742108026x685329439456231400","","não","","Hawk App: a evolução digital para gestão de projetos e obras","rafael.paula@recife.pe.gov.br"
"Provavelmente inscrita na categoria errada, como escrito anteriormente.","1761742108026x685329439456231400","","","","Hawk App: a evolução digital para gestão de projetos e obras","rafael.paula@recife.pe.gov.br"
"","1761742057377x784709806988197900","","sim","","ZeaTech – Tecnologia Que Conecta Você a Um Futuro Sustentável","rafael.paula@recife.pe.gov.br"
"Segundo informado pela organização do concurso, não foi apresentado o CNPJ.","1761742075865x914738701678673900","","não","","ZeaTech – Tecnologia Que Conecta Você a Um Futuro Sustentável","rafael.paula@recife.pe.gov.br"
"","1761742085261x485672521572548600","","sim","","ZeaTech – Tecnologia Que Conecta Você a Um Futuro Sustentável","rafael.paula@recife.pe.gov.br"
"Segundo informado pela organização do concurso, não foi apresentado o CNPJ.","1761742075865x914738701678673900","","","","ZeaTech – Tecnologia Que Conecta Você a Um Futuro Sustentável","rafael.paula@recife.pe.gov.br"
"Falta o CNPJ.","1761742108026x685329439456231400","","","","ZeaTech – Tecnologia Que Conecta Você a Um Futuro Sustentável","rafael.paula@recife.pe.gov.br"
"","1761742057377x784709806988197900","","sim","","CASA ZERO","rafael.paula@recife.pe.gov.br"
"","1761742075865x914738701678673900","","sim","","CASA ZERO","rafael.paula@recife.pe.gov.br"
"","1761742085261x485672521572548600","","sim","","CASA ZERO","rafael.paula@recife.pe.gov.br"
"","1761742108026x685329439456231400","","sim","","CASA ZERO","rafael.paula@recife.pe.gov.br"
"","1761742057377x784709806988197900","","sim","","PORTO SOCIAL","rafael.paula@recife.pe.gov.br"
"","1761742075865x914738701678673900","","sim","","PORTO SOCIAL","rafael.paula@recife.pe.gov.br"
"","1761742085261x485672521572548600","","sim","","PORTO SOCIAL","rafael.paula@recife.pe.gov.br"
"","1761742108026x685329439456231400","","sim","","PORTO SOCIAL","rafael.paula@recife.pe.gov.br"
"","1761742057377x784709806988197900","","sim","","Instituto Ipê","rafael.paula@recife.pe.gov.br"
"","1761742075865x914738701678673900","","sim","","Instituto Ipê","rafael.paula@recife.pe.gov.br"
"","1761742085261x485672521572548600","","sim","","Instituto Ipê","rafael.paula@recife.pe.gov.br"
"","1761742108026x685329439456231400","","sim","","Instituto Ipê","rafael.paula@recife.pe.gov.br"
"","1761742057377x784709806988197900","","sim","","Valorização máxima de alimentos excedentes.","rafael.paula@recife.pe.gov.br"
"","1761742075865x914738701678673900","","sim","","Valorização máxima de alimentos excedentes.","rafael.paula@recife.pe.gov.br"
"Não, está inscrita em ""Startup Tração"", quando deveria ser em ""Startup conectada com a Cidade"".","1761742085261x485672521572548600","","não","","Valorização máxima de alimentos excedentes.","rafael.paula@recife.pe.gov.br"
"Precisa mudar para a categoria de ""Startup conectada com a Cidade"".","1761742108026x685329439456231400","","não","","Valorização máxima de alimentos excedentes.","rafael.paula@recife.pe.gov.br"
"","1761742057377x784709806988197900","","sim","","CESAR Summer Job","rafael.paula@recife.pe.gov.br"
"","1761742075865x914738701678673900","","sim","","CESAR Summer Job","rafael.paula@recife.pe.gov.br"
"","1761742085261x485672521572548600","","sim","","CESAR Summer Job","rafael.paula@recife.pe.gov.br"
"","1761742108026x685329439456231400","","sim","","CESAR Summer Job","rafael.paula@recife.pe.gov.br"
"Provavelmente inscrita na categoria errada, como escrito anteriormente.","1761742108026x685329439456231400","","sim","","Hawk App: a evolução digital para gestão de projetos e obras","rafael.paula@recife.pe.gov.br"
"Precisa mudar para a categoria de ""Startup conectada com a Cidade"".","1761742108026x685329439456231400","","sim","","Valorização máxima de alimentos excedentes.","rafael.paula@recife.pe.gov.br"
"","1761742057377x784709806988197900","","sim","","Case Pitú – Transformação Digital em Marketplaces com IA e Estratégia AEIOU","rafael.paula@recife.pe.gov.br"
"","1761742075865x914738701678673900","","sim","","Case Pitú – Transformação Digital em Marketplaces com IA e Estratégia AEIOU","rafael.paula@recife.pe.gov.br"
"","1761742085261x485672521572548600","","sim","","Case Pitú – Transformação Digital em Marketplaces com IA e Estratégia AEIOU","rafael.paula@recife.pe.gov.br"
"","1761742108026x685329439456231400","","sim","","Case Pitú – Transformação Digital em Marketplaces com IA e Estratégia AEIOU","rafael.paula@recife.pe.gov.br"
"Segundo Chamie, a inscrita respondeu que tem CNPJ.","1761742075865x914738701678673900","","sim","","ZeaTech – Tecnologia Que Conecta Você a Um Futuro Sustentável","rafael.paula@recife.pe.gov.br"
"Falta o CNPJ.","1761742108026x685329439456231400","","sim","","ZeaTech – Tecnologia Que Conecta Você a Um Futuro Sustentável","rafael.paula@recife.pe.gov.br"
"CNPJ apresentado, segundo Chamie.","1761742108026x685329439456231400","","sim","","ZeaTech – Tecnologia Que Conecta Você a Um Futuro Sustentável","rafael.paula@recife.pe.gov.br"
"","1761742057377x784709806988197900","","sim","","NÚCLEO DE INOVAÇÃO TECNOLÓGICA (NIT) - Estácio Recife","rafael.paula@recife.pe.gov.br"
"","1761742075865x914738701678673900","","sim","","NÚCLEO DE INOVAÇÃO TECNOLÓGICA (NIT) - Estácio Recife","rafael.paula@recife.pe.gov.br"
"","1761742085261x485672521572548600","","sim","","NÚCLEO DE INOVAÇÃO TECNOLÓGICA (NIT) - Estácio Recife","rafael.paula@recife.pe.gov.br"
"","1761742108026x685329439456231400","","sim","","NÚCLEO DE INOVAÇÃO TECNOLÓGICA (NIT) - Estácio Recife","rafael.paula@recife.pe.gov.br"
"","1761742057377x784709806988197900","","sim","","i.de.i.a.S.: Ecossistema Colaborativo e de Inovação para Impulsionar Educação e Empreendedorismo","rafael.paula@recife.pe.gov.br"
"Sim. Só observamos que na inscrição, erraram o estado, colocando PA. Mas sendo reconhecida iniciativa do SENAC/PE, não há dúvida da sua localização e aplicação.","1761742075865x914738701678673900","","sim","","i.de.i.a.S.: Ecossistema Colaborativo e de Inovação para Impulsionar Educação e Empreendedorismo","rafael.paula@recife.pe.gov.br"
"","1761742085261x485672521572548600","","sim","","i.de.i.a.S.: Ecossistema Colaborativo e de Inovação para Impulsionar Educação e Empreendedorismo","rafael.paula@recife.pe.gov.br"
"Como escrito no Critério 2, só se observa que no ato da inscrição, erraram o estado, colocando PA em vez de PE. Mas sendo reconhecida iniciativa do SENAC/PE, no Recife, não há dúvida da sua localização e aplicação.","1761742108026x685329439456231400","","sim","","i.de.i.a.S.: Ecossistema Colaborativo e de Inovação para Impulsionar Educação e Empreendedorismo","rafael.paula@recife.pe.gov.br"
"","1761742057377x784709806988197900","","sim",""," Porto+","rafael.paula@recife.pe.gov.br"
"","1761742075865x914738701678673900","","sim",""," Porto+","rafael.paula@recife.pe.gov.br"
"","1761742085261x485672521572548600","","sim",""," Porto+","rafael.paula@recife.pe.gov.br"
"","1761742108026x685329439456231400","","sim",""," Porto+","rafael.paula@recife.pe.gov.br"
"","1761742057377x784709806988197900","","sim","","Embarque Digital","rafael.paula@recife.pe.gov.br"
"A iniciativa inscrita foi uma das vencedoras do mesmo prêmio em 2024, o que impede a sua participação na presente edição (2025), conforme previsto no ponto 4.3 dos Requisitos de Admissibilidade do Edital de Chamamento Público n.º 003/2025 (p. 3).","1761742075865x914738701678673900","","não","","Embarque Digital","rafael.paula@recife.pe.gov.br"
"","1761742085261x485672521572548600","","sim","","Embarque Digital","rafael.paula@recife.pe.gov.br"
"Não elegível, conforme descrito no critério 2: ""a iniciativa inscrita foi uma das vencedoras do mesmo prêmio em 2024, o que impede a sua participação na presente edição (2025), conforme previsto no ponto 4.3 dos Requisitos de Admissibilidade do Edital de Chamamento Público n.º 003/2025 (p. 3).""","1761742108026x685329439456231400","","não","","Embarque Digital","rafael.paula@recife.pe.gov.br"
"Não elegível, conforme descrito no critério 2: ""a iniciativa inscrita foi uma das vencedoras do mesmo prêmio em 2024, o que impede a sua participação na presente edição (2025), conforme previsto no ponto 4.3 dos Requisitos de Admissibilidade do Edital de Chamamento Público n.º 003/2025 da SECTI (p. 3).""","1761742108026x685329439456231400","","","","Embarque Digital","rafael.paula@recife.pe.gov.br"
"A iniciativa inscrita foi uma das vencedoras do mesmo prêmio em 2024, o que impede a sua participação na presente edição (2025), conforme previsto no ponto 4.3 dos Requisitos de Admissibilidade do Edital de Chamamento Público n.º 003/2025 da SECTI (p. 3).","1761742075865x914738701678673900","","","","Embarque Digital","rafael.paula@recife.pe.gov.br"
"","1761742057377x784709806988197900","","sim","","Matech Inova Simples I.S","hellen-ssilva@hotmail.com"
"","1761742075865x914738701678673900","","sim","","Matech Inova Simples I.S","hellen-ssilva@hotmail.com"
"","1761742085261x485672521572548600","","sim","","Matech Inova Simples I.S","hellen-ssilva@hotmail.com"
"","1761742108026x685329439456231400","","sim","","Matech Inova Simples I.S","hellen-ssilva@hotmail.com"
"","1761742057377x784709806988197900","","sim","","Academia SAP","rafael.paula@recife.pe.gov.br"
"","1761742075865x914738701678673900","","sim","","Academia SAP","rafael.paula@recife.pe.gov.br"
"","1761742085261x485672521572548600","","sim","","Academia SAP","rafael.paula@recife.pe.gov.br"
"","1761742108026x685329439456231400","","sim","","Academia SAP","rafael.paula@recife.pe.gov.br"
"","1761742057377x784709806988197900","","sim","","Círculo de Cultura Digital: Inclusão Digital da Pessoa Idosa pela Extensão Universitária","hellen-ssilva@hotmail.com"
"","1761742075865x914738701678673900","","sim","","Círculo de Cultura Digital: Inclusão Digital da Pessoa Idosa pela Extensão Universitária","hellen-ssilva@hotmail.com"
"","1761742085261x485672521572548600","","sim","","Círculo de Cultura Digital: Inclusão Digital da Pessoa Idosa pela Extensão Universitária","hellen-ssilva@hotmail.com"
"","1761742108026x685329439456231400","","sim","","Círculo de Cultura Digital: Inclusão Digital da Pessoa Idosa pela Extensão Universitária","hellen-ssilva@hotmail.com"
"","1761742057377x784709806988197900","","sim","","Projeto para Reabilitação de Áreas Centrais","hellen-ssilva@hotmail.com"
"","1761742075865x914738701678673900","","sim","","Projeto para Reabilitação de Áreas Centrais","hellen-ssilva@hotmail.com"
"","1761742085261x485672521572548600","","sim","","Projeto para Reabilitação de Áreas Centrais","hellen-ssilva@hotmail.com"
"","1761742108026x685329439456231400","","sim","","Projeto para Reabilitação de Áreas Centrais","hellen-ssilva@hotmail.com"
"","1761742057377x784709806988197900","","sim","","Parque Tecnológico e Científico da Universidade Federal de Pernambuco (Parque.TeC UFPE)","hellen-ssilva@hotmail.com"
"","1761742075865x914738701678673900","","sim","","Parque Tecnológico e Científico da Universidade Federal de Pernambuco (Parque.TeC UFPE)","hellen-ssilva@hotmail.com"
"","1761742085261x485672521572548600","","sim","","Parque Tecnológico e Científico da Universidade Federal de Pernambuco (Parque.TeC UFPE)","hellen-ssilva@hotmail.com"
"","1761742108026x685329439456231400","","sim","","Parque Tecnológico e Científico da Universidade Federal de Pernambuco (Parque.TeC UFPE)","hellen-ssilva@hotmail.com"
"","1761742057377x784709806988197900","","sim","","Bootcamp de Inovação","hellen-ssilva@hotmail.com"
"","1761742075865x914738701678673900","","sim","","Bootcamp de Inovação","hellen-ssilva@hotmail.com"
"O Bootcamp de Inovação do CESAR deve concorrer na categoria “Instituição de Ensino e/ou Pesquisa Inovadora” e não na categoria “Inovação Empresarial”, pois o CESAR é uma ICT, de caráter educacional e de pesquisa, e não uma empresa privada. 
O projeto tem foco na formação de pessoas e na disseminação de inovação, com impacto educativo e institucional, e não visa à geração de produtos ou serviços comerciais. 
Além disso, o perfil e os resultados do Bootcamp correspondem exatamente ao que o edital descreve para iniciativas inovadoras em ensino e pesquisa, evidenciando seu alinhamento com o Eixo de Inovação Científica.","1761742085261x485672521572548600","","não","","Bootcamp de Inovação","hellen-ssilva@hotmail.com"
"O projeto atende aos critérios de elegibilidade e admissibilidade do prêmio. No entanto, a categoria indicada (Inovação Empresarial) não é a mais adequada. O Bootcamp de Inovação deve concorrer na categoria Instituição de Ensino e/ou Pesquisa Inovadora.","1761742108026x685329439456231400","","sim","","Bootcamp de Inovação","hellen-ssilva@hotmail.com"
"O Bootcamp de Inovação do CESAR deve concorrer na categoria “Instituição de Ensino e/ou Pesquisa Inovadora” e não na categoria “Inovação Empresarial”, pois o CESAR é uma ICT, de caráter educacional e de pesquisa, e não uma empresa privada. 
O projeto tem foco na formação de pessoas e na disseminação de inovação, com impacto educativo e institucional, e não visa à geração de produtos ou serviços comerciais. ","1761742085261x485672521572548600","","","","Bootcamp de Inovação","hellen-ssilva@hotmail.com"
"O Bootcamp de Inovação deve concorrer na categoria “Instituição de Ensino e/ou Pesquisa Inovadora” e não na categoria “Inovação Empresarial”, pois o CESAR é uma ICT, de caráter educacional e de pesquisa, e não uma empresa privada. 
O projeto tem foco na formação de pessoas e na disseminação de inovação, com impacto educativo e institucional, e não visa à geração de produtos ou serviços comerciais. ","1761742085261x485672521572548600","","","","Bootcamp de Inovação","hellen-ssilva@hotmail.com"
"O Bootcamp de Inovação deve concorrer na categoria “Instituição de Ensino e/ou Pesquisa Inovadora” e não na categoria “Inovação Empresarial”, pois o CESAR é uma ICT, de caráter educacional e de pesquisa, e não uma empresa privada. 
O projeto tem foco na formação de pessoas e na disseminação de inovação, com impacto educativo e institucional.","1761742085261x485672521572548600","","","","Bootcamp de Inovação","hellen-ssilva@hotmail.com"
"O Bootcamp de Inovação deve concorrer na categoria “Instituição de Ensino e/ou Pesquisa Inovadora” e não na categoria “Inovação Empresarial”, pois o CESAR é uma ICT, de caráter educacional e de pesquisa, e não uma empresa privada. 
O projeto tem foco na formação de pessoas e na disseminação de inovação, com impacto educativo e institucional.","1761742085261x485672521572548600","","","","Bootcamp de Inovação","hellen-ssilva@hotmail.com"
"O projeto atende aos critérios de elegibilidade e admissibilidade do prêmio. No entanto, a categoria indicada (Inovação Empresarial) não é a mais adequada. O Bootcamp de Inovação deverá concorrer na categoria Instituição de Ensino e/ou Pesquisa Inovadora.","1761742108026x685329439456231400","","","","Bootcamp de Inovação","hellen-ssilva@hotmail.com"
"O projeto atende aos critérios de elegibilidade e admissibilidade do prêmio. No entanto, a categoria indicada (Inovação Empresarial) não é a mais adequada. O Bootcamp de Inovação deverá concorrer na categoria Instituição de Ensino e/ou Pesquisa Inovadora.","1761742108026x685329439456231400","","sim","","Bootcamp de Inovação","hellen-ssilva@hotmail.com"
"","1761742057377x784709806988197900","","sim","","Unidade Ecotecnológica Experimental do Recife","hellen-ssilva@hotmail.com"
"","1761742075865x914738701678673900","","sim","","Unidade Ecotecnológica Experimental do Recife","hellen-ssilva@hotmail.com"
"","1761742085261x485672521572548600","","sim","","Unidade Ecotecnológica Experimental do Recife","hellen-ssilva@hotmail.com"
"","1761742108026x685329439456231400","","sim","","Unidade Ecotecnológica Experimental do Recife","hellen-ssilva@hotmail.com"
"","1761742057377x784709806988197900","","sim","","PROGRAMA DE QUALIFICAÇÃO GRATUITA","hellen-ssilva@hotmail.com"
"","1761742075865x914738701678673900","","sim","","PROGRAMA DE QUALIFICAÇÃO GRATUITA","hellen-ssilva@hotmail.com"
"","1761742085261x485672521572548600","","sim","","PROGRAMA DE QUALIFICAÇÃO GRATUITA","hellen-ssilva@hotmail.com"
"","1761742108026x685329439456231400","","sim","","PROGRAMA DE QUALIFICAÇÃO GRATUITA","hellen-ssilva@hotmail.com"
"","1761742057377x784709806988197900","","sim","","Flagr","hellen-ssilva@hotmail.com"
"","1761742075865x914738701678673900","","sim","","Flagr","hellen-ssilva@hotmail.com"
"","1761742085261x485672521572548600","","sim","","Flagr","hellen-ssilva@hotmail.com"
"","1761742108026x685329439456231400","","sim","","Flagr","hellen-ssilva@hotmail.com"
"","1761742057377x784709806988197900","","sim","","Programando o Futuro","hellen-ssilva@hotmail.com"
"","1761742075865x914738701678673900","","sim","","Programando o Futuro","hellen-ssilva@hotmail.com"
"","1761742085261x485672521572548600","","sim","","Programando o Futuro","hellen-ssilva@hotmail.com"
"","1761742108026x685329439456231400","","sim","","Programando o Futuro","hellen-ssilva@hotmail.com"
"","1761742057377x784709806988197900","","sim","","INNOVATION JOURNEY","hellen-ssilva@hotmail.com"
"","1761742075865x914738701678673900","","sim","","INNOVATION JOURNEY","hellen-ssilva@hotmail.com"
"","1761742085261x485672521572548600","","sim","","INNOVATION JOURNEY","hellen-ssilva@hotmail.com"
"","1761742108026x685329439456231400","","sim","","INNOVATION JOURNEY","hellen-ssilva@hotmail.com"
"","1761742075865x914738701678673900","","sim","","INNOVATION JOURNEY","hellen-ssilva@hotmail.com"
"","1761742108026x685329439456231400","","","","INNOVATION JOURNEY","hellen-ssilva@hotmail.com"
"","1761742108026x685329439456231400","","sim","","INNOVATION JOURNEY","hellen-ssilva@hotmail.com"
"","1761742057377x784709806988197900","","sim","","CETENE: PROMOTOR DA INOVAÇÃO PARA O DESENVOLVIMENTO SUSTENTÁVEL E INCLUSIVO DO NORDESTE","hellen-ssilva@hotmail.com"
"","1761742075865x914738701678673900","","sim","","CETENE: PROMOTOR DA INOVAÇÃO PARA O DESENVOLVIMENTO SUSTENTÁVEL E INCLUSIVO DO NORDESTE","hellen-ssilva@hotmail.com"
"","1761742085261x485672521572548600","","sim","","CETENE: PROMOTOR DA INOVAÇÃO PARA O DESENVOLVIMENTO SUSTENTÁVEL E INCLUSIVO DO NORDESTE","hellen-ssilva@hotmail.com"
"","1761742108026x685329439456231400","","sim","","CETENE: PROMOTOR DA INOVAÇÃO PARA O DESENVOLVIMENTO SUSTENTÁVEL E INCLUSIVO DO NORDESTE","hellen-ssilva@hotmail.com"
"","1761742057377x784709806988197900","","sim","","Keycore: tornando MVPs acessíveis e escaláveis com agilidade","hellen-ssilva@hotmail.com"
"","1761742075865x914738701678673900","","sim","","Keycore: tornando MVPs acessíveis e escaláveis com agilidade","hellen-ssilva@hotmail.com"
"","1761742085261x485672521572548600","","sim","","Keycore: tornando MVPs acessíveis e escaláveis com agilidade","hellen-ssilva@hotmail.com"
"","1761742108026x685329439456231400","","sim","","Keycore: tornando MVPs acessíveis e escaláveis com agilidade","hellen-ssilva@hotmail.com"
"","1761742057377x784709806988197900","","sim","","Quark","adeildo.barros@recife.pe.gov.br"
"","1761742075865x914738701678673900","","sim","","Quark","adeildo.barros@recife.pe.gov.br"
"","1761742108026x685329439456231400","","sim","","Quark","adeildo.barros@recife.pe.gov.br"
"","1761742057377x784709806988197900","","sim","","Liga FFPE - Liga Free Fire Pernambuco","hellen-ssilva@hotmail.com"
"","1761742075865x914738701678673900","","sim","","Liga FFPE - Liga Free Fire Pernambuco","hellen-ssilva@hotmail.com"
"","1761742085261x485672521572548600","","sim","","Liga FFPE - Liga Free Fire Pernambuco","hellen-ssilva@hotmail.com"
"","1761742108026x685329439456231400","","sim","","Liga FFPE - Liga Free Fire Pernambuco","hellen-ssilva@hotmail.com"
"","1761742057377x784709806988197900","","sim","","Motive - Módulo de Telhado Inovador Verde Extensivo","hellen-ssilva@hotmail.com"
"","1761742075865x914738701678673900","","sim","","Motive - Módulo de Telhado Inovador Verde Extensivo","hellen-ssilva@hotmail.com"
"","1761742085261x485672521572548600","","sim","","Motive - Módulo de Telhado Inovador Verde Extensivo","hellen-ssilva@hotmail.com"
"","1761742108026x685329439456231400","","sim","","Motive - Módulo de Telhado Inovador Verde Extensivo","hellen-ssilva@hotmail.com"
"","1761742057377x784709806988197900","","sim","","Berlim Social","hellen-ssilva@hotmail.com"
"","1761742075865x914738701678673900","","sim","","Berlim Social","hellen-ssilva@hotmail.com"
"A categoria “Empreendedorismo Social” não é a mais adequada, pois o projeto se enquadra melhor na categoria “Letramento Digital”, ao promover educação e inclusão digital, incentivando o uso das tecnologias de forma consciente, criativa e responsável.","1761742085261x485672521572548600","","não","","Berlim Social","hellen-ssilva@hotmail.com"
"O projeto atende aos critérios de elegibilidade. No entanto, a categoria indicada, Empreendedorismo Social, não é a mais adequada. Recomenda-se que o projeto concorra na categoria Letramento Digital.","1761742108026x685329439456231400","","sim","","Berlim Social","hellen-ssilva@hotmail.com"
"","1761742057377x784709806988197900","","sim","","Banho do Bem","hellen-ssilva@hotmail.com"
"","1761742075865x914738701678673900","","sim","","Banho do Bem","hellen-ssilva@hotmail.com"
"","1761742085261x485672521572548600","","sim","","Banho do Bem","hellen-ssilva@hotmail.com"
"","1761742108026x685329439456231400","","sim","","Banho do Bem","hellen-ssilva@hotmail.com"
"","1761742057377x784709806988197900","","sim","","DESENVOLVIMENTO DE UM REMOVEDOR BIODEGRADÁVEL PARA APLICAÇÃO NA LIMPEZA DE PETRODERIVADOS DERRAMADOS EM OCEANOS","tiago.teixeira@recife.pe.gov.br"
"","1761742075865x914738701678673900","","sim","","DESENVOLVIMENTO DE UM REMOVEDOR BIODEGRADÁVEL PARA APLICAÇÃO NA LIMPEZA DE PETRODERIVADOS DERRAMADOS EM OCEANOS","tiago.teixeira@recife.pe.gov.br"
"","1761742085261x485672521572548600","","não","","DESENVOLVIMENTO DE UM REMOVEDOR BIODEGRADÁVEL PARA APLICAÇÃO NA LIMPEZA DE PETRODERIVADOS DERRAMADOS EM OCEANOS","tiago.teixeira@recife.pe.gov.br"
"","1761742108026x685329439456231400","","sim","","DESENVOLVIMENTO DE UM REMOVEDOR BIODEGRADÁVEL PARA APLICAÇÃO NA LIMPEZA DE PETRODERIVADOS DERRAMADOS EM OCEANOS","tiago.teixeira@recife.pe.gov.br"
"","1761742108026x685329439456231400","","não","","DESENVOLVIMENTO DE UM REMOVEDOR BIODEGRADÁVEL PARA APLICAÇÃO NA LIMPEZA DE PETRODERIVADOS DERRAMADOS EM OCEANOS","tiago.teixeira@recife.pe.gov.br"
"","1761742057377x784709806988197900","","sim","","ParkFinder","tiago.teixeira@recife.pe.gov.br"
"","1761742075865x914738701678673900","","sim","","ParkFinder","tiago.teixeira@recife.pe.gov.br"
"","1761742085261x485672521572548600","","sim","","ParkFinder","tiago.teixeira@recife.pe.gov.br"
"","1761742108026x685329439456231400","","sim","","ParkFinder","tiago.teixeira@recife.pe.gov.br"
"","1761742057377x784709806988197900","","sim","","Tarefas Perto","tiago.teixeira@recife.pe.gov.br"
"","1761742075865x914738701678673900","","sim","","Tarefas Perto","tiago.teixeira@recife.pe.gov.br"
"","1761742085261x485672521572548600","","sim","","Tarefas Perto","tiago.teixeira@recife.pe.gov.br"
"","1761742108026x685329439456231400","","não","","Tarefas Perto","tiago.teixeira@recife.pe.gov.br"
"","1761742057377x784709806988197900","","sim","","HUB SESC de Tecnologia Sociais","hellen-ssilva@hotmail.com"
"","1761742075865x914738701678673900","","sim","","HUB SESC de Tecnologia Sociais","hellen-ssilva@hotmail.com"
"","1761742085261x485672521572548600","","sim","","HUB SESC de Tecnologia Sociais","hellen-ssilva@hotmail.com"
"","1761742108026x685329439456231400","","sim","","HUB SESC de Tecnologia Sociais","hellen-ssilva@hotmail.com"
"","1761742057377x784709806988197900","","sim","","Sebrae ESG","hellen-ssilva@hotmail.com"
"","1761742075865x914738701678673900","","sim","","Sebrae ESG","hellen-ssilva@hotmail.com"
"","1761742085261x485672521572548600","","sim","","Sebrae ESG","hellen-ssilva@hotmail.com"
"","1761742108026x685329439456231400","","sim","","Sebrae ESG","hellen-ssilva@hotmail.com"
"","1761742057377x784709806988197900","","sim","","Case de Empreendedorismo  Social","hellen-ssilva@hotmail.com"
"","1761742075865x914738701678673900","","sim","","Case de Empreendedorismo  Social","hellen-ssilva@hotmail.com"
"","1761742085261x485672521572548600","","sim","","Case de Empreendedorismo  Social","hellen-ssilva@hotmail.com"
"","1761742108026x685329439456231400","","sim","","Case de Empreendedorismo  Social","hellen-ssilva@hotmail.com"
"","1761742057377x784709806988197900","","sim","","Case de Empreendedorismo  Social","hellen-ssilva@hotmail.com"
"Verificar se possui CNPJ ativo no município do Recife.","1761742075865x914738701678673900","","não","","Case de Empreendedorismo  Social","hellen-ssilva@hotmail.com"
"Verificar se possui CNPJ ativo no município do Recife.","1761742108026x685329439456231400","","não","","Case de Empreendedorismo  Social","hellen-ssilva@hotmail.com"
"Verificar se possui CNPJ ativo no município do Recife.","1761742075865x914738701678673900","","","","Case de Empreendedorismo  Social","hellen-ssilva@hotmail.com"
"","1761742075865x914738701678673900","","sim","","Projetos de Extensão com Base nos Objetivos de Desenvolvimento Sustentável (ODS) definidos pela ONU: Conectando Saberes Acadêmicos e Soluções Reais","hellen-ssilva@hotmail.com"
"A empresa tem o desejo de impactar, mas ainda não realizou nenhuma experiencia dentro do contexto proposto na descrição da empresa. E sobre o que foi proposto já existem iniciativas como Xô Plástico. ","1761742057377x784709806988197900","","sim","","DOSE VERDE — Regeneração, Educação Ambiental e Economia de Carbono Azul","cesararaujo569@gmail.com"
"A empresa tem o desejo de impactar, mas ainda não realizou nenhuma experiencia dentro do contexto proposto na descrição da empresa. E sobre o que foi proposto já existiram no Recife iniciativas como Xô Plástico. ","1761742057377x784709806988197900","","sim","","DOSE VERDE — Regeneração, Educação Ambiental e Economia de Carbono Azul","cesararaujo569@gmail.com"
"No Exepl do PRI a entidade possui CNPJ vinculado a Cidade do recife em atividades de Estética e cuidados com a Beleza. Não contemplas as atividades propostas na descrição para este premio. ","1761742075865x914738701678673900","","","","DOSE VERDE — Regeneração, Educação Ambiental e Economia de Carbono Azul","cesararaujo569@gmail.com"
"No Exepl do PRI a entidade possui CNPJ vinculado a Cidade do recife em atividades de Estética e cuidados com a Beleza. Não contemplas as atividades propostas na descrição para este premio. ","1761742075865x914738701678673900","","sim","","DOSE VERDE — Regeneração, Educação Ambiental e Economia de Carbono Azul","cesararaujo569@gmail.com"
"A categoria esta correta","1761742085261x485672521572548600","","sim","","DOSE VERDE — Regeneração, Educação Ambiental e Economia de Carbono Azul","cesararaujo569@gmail.com"
"Empresa esta elegida por critérios do edital, porem não possui entregas reais e Impacto comprovavel a cidade e cidadãos","1761742108026x685329439456231400","","sim","","DOSE VERDE — Regeneração, Educação Ambiental e Economia de Carbono Azul","cesararaujo569@gmail.com"
"Empresa esta elegida por critérios do edital, porem não possui entregas reais e Impacto comprovavel a cidade e cidadãos","1761742108026x685329439456231400","","sim","","DOSE VERDE — Regeneração, Educação Ambiental e Economia de Carbono Azul","cesararaujo569@gmail.com"
"","1761742057377x784709806988197900","","sim","","Quark","cesararaujo569@gmail.com"
"","1761742075865x914738701678673900","","sim","","Quark","cesararaujo569@gmail.com"
"","1761742085261x485672521572548600","","sim","","Quark","cesararaujo569@gmail.com"
"","1761742108026x685329439456231400","","sim","","Quark","cesararaujo569@gmail.com"
"","1761742057377x784709806988197900","","sim","","Bora Partilhar Mais","cesararaujo569@gmail.com"
"","1761742075865x914738701678673900","","sim","","Bora Partilhar Mais","cesararaujo569@gmail.com"
"","1761742085261x485672521572548600","","sim","","Bora Partilhar Mais","cesararaujo569@gmail.com"
"","1761742108026x685329439456231400","","sim","","Bora Partilhar Mais","cesararaujo569@gmail.com"
"","1761742057377x784709806988197900","","sim","","Conecta Patinhas","cesararaujo569@gmail.com"
"","1761742075865x914738701678673900","","sim","","Conecta Patinhas","cesararaujo569@gmail.com"
"","1761742085261x485672521572548600","","sim","","Conecta Patinhas","cesararaujo569@gmail.com"
"","1761742108026x685329439456231400","","sim","","Conecta Patinhas","cesararaujo569@gmail.com"
"","1761742057377x784709806988197900","","sim","","Cozinha solidária ","cesararaujo569@gmail.com"
"","1761742075865x914738701678673900","","sim","","Cozinha solidária ","cesararaujo569@gmail.com"
"","1761742085261x485672521572548600","","sim","","Cozinha solidária ","cesararaujo569@gmail.com"
"","1761742075865x914738701678673900","","não","","Cozinha solidária ","cesararaujo569@gmail.com"
"","1761742108026x685329439456231400","","não","","Cozinha solidária ","cesararaujo569@gmail.com"
"","1761742057377x784709806988197900","","sim","","Beyond Company","cesararaujo569@gmail.com"
"","1761742075865x914738701678673900","","sim","","Beyond Company","cesararaujo569@gmail.com"
"","1761742085261x485672521572548600","","sim","","Beyond Company","cesararaujo569@gmail.com"
"","1761742108026x685329439456231400","","sim","","Beyond Company","cesararaujo569@gmail.com"
"","1761742057377x784709806988197900","","sim","","Territórios inovadores e sustentáveis  (Matriz Energética Limpa no Porto Digital) ","cesararaujo569@gmail.com"
"","1761742075865x914738701678673900","","sim","","Territórios inovadores e sustentáveis  (Matriz Energética Limpa no Porto Digital) ","cesararaujo569@gmail.com"
"","1761742085261x485672521572548600","","sim","","Territórios inovadores e sustentáveis  (Matriz Energética Limpa no Porto Digital) ","cesararaujo569@gmail.com"
"A empresa preencheu adequadamente todos os campos, e tem experiencia comporvada por material cedido no processo de inscrição ao prêmio.
","1761742108026x685329439456231400","","sim","","Territórios inovadores e sustentáveis  (Matriz Energética Limpa no Porto Digital) ","cesararaujo569@gmail.com"
"A empresa preencheu adequadamente todos os campos, e tem experiencia comporvada por material cedido no processo de inscrição ao prêmio.
","1761742108026x685329439456231400","","","","Territórios inovadores e sustentáveis  (Matriz Energética Limpa no Porto Digital) ","cesararaujo569@gmail.com"
"A empresa preencheu adequadamente todos os campos, e tem experiencia comporvada por material cedido no processo de inscrição ao prêmio.
","1761742108026x685329439456231400","","sim","","Territórios inovadores e sustentáveis  (Matriz Energética Limpa no Porto Digital) ","cesararaujo569@gmail.com"
"","1761742057377x784709806988197900","","sim","","Doca - Frente de Inovação Aberta do Porto Digital","cesararaujo569@gmail.com"
"","1761742075865x914738701678673900","","sim","","Doca - Frente de Inovação Aberta do Porto Digital","cesararaujo569@gmail.com"
"","1761742085261x485672521572548600","","sim","","Doca - Frente de Inovação Aberta do Porto Digital","cesararaujo569@gmail.com"
"","1761742108026x685329439456231400","","sim","","Doca - Frente de Inovação Aberta do Porto Digital","cesararaujo569@gmail.com"
"","1761742057377x784709806988197900","","sim",""," Curativo Bioadesivo inovador de base nanotecnológica capaz de promover liberação controlada e prolongada de fármacos","cesararaujo569@gmail.com"
"","1761742075865x914738701678673900","","sim",""," Curativo Bioadesivo inovador de base nanotecnológica capaz de promover liberação controlada e prolongada de fármacos","cesararaujo569@gmail.com"
"Obs: Esta como Deep Tech, mas na verdade é Pesquisa&Extensão","1761742085261x485672521572548600","","",""," Curativo Bioadesivo inovador de base nanotecnológica capaz de promover liberação controlada e prolongada de fármacos","cesararaujo569@gmail.com"
"Obs: Esta como Deep Tech, mas na verdade é Pesquisa&Extensão","1761742085261x485672521572548600","","não",""," Curativo Bioadesivo inovador de base nanotecnológica capaz de promover liberação controlada e prolongada de fármacos","cesararaujo569@gmail.com"
"Deve mudar apenas a categoria","1761742108026x685329439456231400","","sim",""," Curativo Bioadesivo inovador de base nanotecnológica capaz de promover liberação controlada e prolongada de fármacos","cesararaujo569@gmail.com"
"","1761742057377x784709806988197900","","sim","","GO DELAS","cesararaujo569@gmail.com"
"","1761742075865x914738701678673900","","sim","","GO DELAS","cesararaujo569@gmail.com"
"","1761742085261x485672521572548600","","sim","","GO DELAS","cesararaujo569@gmail.com"
"","1761742108026x685329439456231400","","sim","","GO DELAS","cesararaujo569@gmail.com"
"","1761742057377x784709806988197900","","sim","","Colégio Núcleo (Geração Solidária)","cesararaujo569@gmail.com"
"","1761742075865x914738701678673900","","sim","","Colégio Núcleo (Geração Solidária)","cesararaujo569@gmail.com"
"","1761742085261x485672521572548600","","sim","","Colégio Núcleo (Geração Solidária)","cesararaujo569@gmail.com"
"","1761742108026x685329439456231400","","sim","","Colégio Núcleo (Geração Solidária)","cesararaujo569@gmail.com"
"","1761742057377x784709806988197900","","sim","","Rec´n Play","cesararaujo569@gmail.com"
"","1761742075865x914738701678673900","","não","","Rec´n Play","cesararaujo569@gmail.com"
"","1761742085261x485672521572548600","","sim","","Rec´n Play","cesararaujo569@gmail.com"
"Iniciativa Vencedora na edição 2024","1761742108026x685329439456231400","","não","","Rec´n Play","cesararaujo569@gmail.com"
"Iniciativa Vencedora na edição 2024","1761742108026x685329439456231400","","","","Rec´n Play","cesararaujo569@gmail.com"
"","1761742057377x784709806988197900","","sim","","iProtech SOS — Plataforma de identificação inteligente para cidades mais seguras e humanizadas","cesararaujo569@gmail.com"
"","1761742075865x914738701678673900","","sim","","iProtech SOS — Plataforma de identificação inteligente para cidades mais seguras e humanizadas","cesararaujo569@gmail.com"
"","1761742085261x485672521572548600","","sim","","iProtech SOS — Plataforma de identificação inteligente para cidades mais seguras e humanizadas","cesararaujo569@gmail.com"
"","1761742108026x685329439456231400","","sim","","iProtech SOS — Plataforma de identificação inteligente para cidades mais seguras e humanizadas","cesararaujo569@gmail.com"
"","1761742057377x784709806988197900","","sim","","NaviSmart – Plataforma Integrada de inteligência artificial e Navegação clínica para Detecção Precoce do Câncer","cesararaujo569@gmail.com"
"","1761742075865x914738701678673900","","sim","","NaviSmart – Plataforma Integrada de inteligência artificial e Navegação clínica para Detecção Precoce do Câncer","cesararaujo569@gmail.com"
"Poderia certamente estar vinculada a mais eixos: Deep Tech Destaque ou Case de Inovação Empresarial.","1761742085261x485672521572548600","","sim","","NaviSmart – Plataforma Integrada de inteligência artificial e Navegação clínica para Detecção Precoce do Câncer","cesararaujo569@gmail.com"
"","1761742108026x685329439456231400","","sim","","NaviSmart – Plataforma Integrada de inteligência artificial e Navegação clínica para Detecção Precoce do Câncer","cesararaujo569@gmail.com"
"","1761742057377x784709806988197900","","sim","","MeMaker: Caminhos Criativos para a Inclusão Produtiva de Jovens","cesararaujo569@gmail.com"
"","1761742075865x914738701678673900","","sim","","MeMaker: Caminhos Criativos para a Inclusão Produtiva de Jovens","cesararaujo569@gmail.com"
"","1761742085261x485672521572548600","","sim","","MeMaker: Caminhos Criativos para a Inclusão Produtiva de Jovens","cesararaujo569@gmail.com"
"","1761742108026x685329439456231400","","sim","","MeMaker: Caminhos Criativos para a Inclusão Produtiva de Jovens","cesararaujo569@gmail.com"
"","1761742057377x784709806988197900","","sim","","Inovação empresarial ","cesararaujo569@gmail.com"
"","1761742075865x914738701678673900","","","","Inovação empresarial ","cesararaujo569@gmail.com"
"","1761742075865x914738701678673900","","sim","","Inovação empresarial ","cesararaujo569@gmail.com"
"Demanda mudança de categoria para Startup conectada com a Cidade","1761742085261x485672521572548600","","não","","Inovação empresarial ","cesararaujo569@gmail.com"
"desde que ocorra a mudança de categoria para Startup conectada com a Cidade","1761742108026x685329439456231400","","sim","","Inovação empresarial ","cesararaujo569@gmail.com"
"A institução preencheu adequadamente todos os campos.
","1761742108026x685329439456231400","","sim","","Educação Ambiental e Sustentabilidade Corporativa","cesararaujo569@gmail.com"
"","1761742085261x485672521572548600","","sim","","Educação Ambiental e Sustentabilidade Corporativa","cesararaujo569@gmail.com"
"","1761742075865x914738701678673900","","sim","","Educação Ambiental e Sustentabilidade Corporativa","cesararaujo569@gmail.com"
"","1761742057377x784709806988197900","","sim","","Educação Ambiental e Sustentabilidade Corporativa","cesararaujo569@gmail.com"
"","1761742075865x914738701678673900","","sim","","INOVAREPE - A JORNADA UPE/UFEPE DE INOVAÇÃO ABERTA GOVTECH","cesararaujo569@gmail.com"
"","1761742085261x485672521572548600","","sim","","INOVAREPE - A JORNADA UPE/UFEPE DE INOVAÇÃO ABERTA GOVTECH","cesararaujo569@gmail.com"
"A institução preencheu adequadamente todos os campos.","1761742108026x685329439456231400","","sim","","INOVAREPE - A JORNADA UPE/UFEPE DE INOVAÇÃO ABERTA GOVTECH","cesararaujo569@gmail.com"
"","1761742057377x784709806988197900","","sim","","Naga.IA","cesararaujo569@gmail.com"
"","1761742075865x914738701678673900","","sim","","Naga.IA","cesararaujo569@gmail.com"
"","1761742085261x485672521572548600","","sim","","Naga.IA","cesararaujo569@gmail.com"
"A institução preencheu adequadamente todos os campos.","1761742108026x685329439456231400","","sim","","Naga.IA","cesararaujo569@gmail.com"
"","1761742057377x784709806988197900","","sim","","Movimento Empresa Junior Pernambucano","cesararaujo569@gmail.com"
"","1761742075865x914738701678673900","","sim","","Movimento Empresa Junior Pernambucano","cesararaujo569@gmail.com"
"","1761742085261x485672521572548600","","sim","","Movimento Empresa Junior Pernambucano","cesararaujo569@gmail.com"
"","1761742108026x685329439456231400","","sim","","Movimento Empresa Junior Pernambucano","cesararaujo569@gmail.com"
"","","","","","",""
"","","","","","",""
"","","","","","",""
"","","","","","",""
"scasc","1762457652028x561150064887857150","","","","CICLO SHINERAY DE INOVAÇÃO",""
"sdad asdas das","1762457652028x561150064887857150","","","","INOVAÇÃO NO TRATAMENTO DE PACIENTES NEUROATÍPICOS E PSIQUIÁTRICOS",""
"sdasd asdasd asdasd","1762457690675x335519965974888450","","","","CICLO SHINERAY DE INOVAÇÃO",""
"sdasd asdasd asdasd","1762457690675x335519965974888450","","","","CICLO SHINERAY DE INOVAÇÃO",""
"sdasdasd sadasd asd a","1762457719013x783848140687540200","","","","CICLO SHINERAY DE INOVAÇÃO",""
"das dasdas dadas dasdas dasd","1762457762379x870054925306429400","","","","CICLO SHINERAY DE INOVAÇÃO",""
"Gostei bastante","1762457652028x561150064887857150","","","","Sebrae ESG",""
"","1762457690675x335519965974888450","","","","Sebrae ESG",""
"Precisa melhorar em alguns pontos","1762457719013x783848140687540200","","","","Sebrae ESG",""
"achei bastante imersivo!","1762457762379x870054925306429400","","","","Sebrae ESG",""
"achei bastante imersivo!","1762457762379x870054925306429400","","","","Sebrae ESG",""
"Precisa melhorar em alguns pontos","1762457719013x783848140687540200","","","","Sebrae ESG",""
"Tema de alta relevância.","1762457652028x561150064887857150","","","","Brincadeiras, Brinquedos e Jogos no Desenvolvimento Cognitivo, Linguístico e Social de Crianças com Transtorno do Espectro Autista","rossana.choze@ucb.br"
"Os textos não apresentaram claramente dados sobre a quantidade de testes x efeitos esperados.","1762457690675x335519965974888450","","","","Brincadeiras, Brinquedos e Jogos no Desenvolvimento Cognitivo, Linguístico e Social de Crianças com Transtorno do Espectro Autista","rossana.choze@ucb.br"
"","1762457719013x783848140687540200","","","","Brincadeiras, Brinquedos e Jogos no Desenvolvimento Cognitivo, Linguístico e Social de Crianças com Transtorno do Espectro Autista","rossana.choze@ucb.br"
"Altamente focado nas pessoas e, consequentemente, nos benefícios sociais não apenas para as crianças, mas para os familiares, amigos/colegas com quem a criança com TEA convive e professores que têm o desafio de desenvê-las.","1762457762379x870054925306429400","","","","Brincadeiras, Brinquedos e Jogos no Desenvolvimento Cognitivo, Linguístico e Social de Crianças com Transtorno do Espectro Autista","rossana.choze@ucb.br"
"Altamente focado nas pessoas e, consequentemente, nos benefícios sociais não apenas para as crianças, mas para os familiares, amigos/colegas com quem a criança com TEA convive e professores que têm o desafio de desenvolvê-las.","1762457762379x870054925306429400","","","","Brincadeiras, Brinquedos e Jogos no Desenvolvimento Cognitivo, Linguístico e Social de Crianças com Transtorno do Espectro Autista","rossana.choze@ucb.br"
"Formulário de levantamento de informações apresentado. Não consegui verificar, porém, um compilamento das informações para que gerasse um conhecimento abrangente visível e fácil de compreender.","1762457652028x561150064887857150","","","","Do Conhecimento à Inovação: Ferramentas e Estratégias para Mapear Saberes, Processos e Capital de Conhecimento Institucional","rossana.choze@ucb.br"
"Formulário de levantamento de informações apresentado. Não consegui verificar, porém, um compilamento das informações para que gerasse um conhecimento abrangente visível e fácil de compreender.","1762457652028x561150064887857150","","","","Do Conhecimento à Inovação: Ferramentas e Estratégias para Mapear Saberes, Processos e Capital de Conhecimento Institucional","rossana.choze@ucb.br"
"Não foi possível avaliar o resultado.","1762457690675x335519965974888450","","","","Do Conhecimento à Inovação: Ferramentas e Estratégias para Mapear Saberes, Processos e Capital de Conhecimento Institucional","rossana.choze@ucb.br"
"A aplicação do formulário pode ser replicada, mas não foi possível verificar se o compilamento das informações gera conhecimento suficientemente claro e compreensível para ser aplicável em outras instituições.","1762457719013x783848140687540200","","","","Do Conhecimento à Inovação: Ferramentas e Estratégias para Mapear Saberes, Processos e Capital de Conhecimento Institucional","rossana.choze@ucb.br"
"Organizar, mapear e compreender o conhecimento tácito nas instituições é uma real necessidade. Porém, mais do que inserir as informações em um formulario, é indispensável compreender o resultado final das informações que foram mapeadas e condensadas.","1762457762379x870054925306429400","","","","Do Conhecimento à Inovação: Ferramentas e Estratégias para Mapear Saberes, Processos e Capital de Conhecimento Institucional","rossana.choze@ucb.br"
"Totalmente focado no bem-estar e segurança das crianças.","1762457762379x870054925306429400","","","","Vamos brincar? Seguros! Aperfeiçoamento nos processos de avaliação de produtos infantis com foco na segurança e na infraestrutura da qualidade","rossana.choze@ucb.br"
"","1762457652028x561150064887857150","","","","CIRCUITO DIGITAL DA POESIA","rossana.choze@ucb.br"
"","1762457690675x335519965974888450","","","","CIRCUITO DIGITAL DA POESIA","rossana.choze@ucb.br"
"","1762457719013x783848140687540200","","","","CIRCUITO DIGITAL DA POESIA","rossana.choze@ucb.br"
"","1762457762379x870054925306429400","","","","CIRCUITO DIGITAL DA POESIA","rossana.choze@ucb.br"
"","1762457652028x561150064887857150","","","","Vamos brincar? Seguros! Aperfeiçoamento nos processos de avaliação de produtos infantis com foco na segurança e na infraestrutura da qualidade","rossana.choze@ucb.br"
"","1762457690675x335519965974888450","","","","Vamos brincar? Seguros! Aperfeiçoamento nos processos de avaliação de produtos infantis com foco na segurança e na infraestrutura da qualidade","rossana.choze@ucb.br"
"","1762457719013x783848140687540200","","","","Vamos brincar? Seguros! Aperfeiçoamento nos processos de avaliação de produtos infantis com foco na segurança e na infraestrutura da qualidade","rossana.choze@ucb.br"
"Atendimentos dessa natureza já são realizados em clínicas-escola ao redor do país.","1762457652028x561150064887857150","","","","Liga Acadêmica da Clínica Escola de Enfermagem: Transformando a Saúde Sexual e Reprodutiva das Mulheres através da Integração Ensino-Serviço.","rossana.choze@ucb.br"
"Ao que compreendi, as mulheres atendidas se sentiram acolhidas e engajadas na melhoria proposta pelo projeto.","1762457690675x335519965974888450","","","","Liga Acadêmica da Clínica Escola de Enfermagem: Transformando a Saúde Sexual e Reprodutiva das Mulheres através da Integração Ensino-Serviço.","rossana.choze@ucb.br"
"","1762457719013x783848140687540200","","","","Liga Acadêmica da Clínica Escola de Enfermagem: Transformando a Saúde Sexual e Reprodutiva das Mulheres através da Integração Ensino-Serviço.","rossana.choze@ucb.br"
"","1762457762379x870054925306429400","","","","Liga Acadêmica da Clínica Escola de Enfermagem: Transformando a Saúde Sexual e Reprodutiva das Mulheres através da Integração Ensino-Serviço.","rossana.choze@ucb.br"
"A iniciativa possui uma proposta que embora possua inovação em sua solução, não é 100% disruptiva


","1762457652028x561150064887857150","","","","Desenvolvendo Talentos Tech e Inclusão Produtiva com o Programa Start Recife","fabio.moraes@ufabc.edu.br"
"A iniciativa possui resultados mensurados de maneira adequada e com recorte interseccional de sua população alvo e uma preocupação em produzir evidências para comprovar impactos.","1762457690675x335519965974888450","","","","Desenvolvendo Talentos Tech e Inclusão Produtiva com o Programa Start Recife","fabio.moraes@ufabc.edu.br"
"A iniciativa possui alto potencial de replicabilidade, e já está em curso conforme demonstrado.","1762457719013x783848140687540200","","","","Desenvolvendo Talentos Tech e Inclusão Produtiva com o Programa Start Recife","fabio.moraes@ufabc.edu.br"
"A iniciativa possui foco visível nas pessoas, território e ecossistema, e isso se evidencia em sua metodologia de atuação e em seus resultados.","1762457762379x870054925306429400","","","","Desenvolvendo Talentos Tech e Inclusão Produtiva com o Programa Start Recife","fabio.moraes@ufabc.edu.br"
"A iniciativa possui foco visível nas pessoas, território e ecossistema, e isso se evidencia em sua metodologia de atuação e em seus resultados.","1762457762379x870054925306429400","","","","Desenvolvendo Talentos Tech e Inclusão Produtiva com o Programa Start Recife","fabio.moraes@ufabc.edu.br"
"A iniciativa, embora compreenda a inovação social, não possui alto grau de disrupção.","1762457652028x561150064887857150","","","","Projeto Aconchego","fabio.moraes@ufabc.edu.br"
"A iniciativa, embora compreenda a inovação social, não possui alto grau de disrupção.","1762457652028x561150064887857150","","","","Projeto Aconchego","fabio.moraes@ufabc.edu.br"
"A iniciativa possui resultados claros sobre a sua atuação","1762457690675x335519965974888450","","","","Projeto Aconchego","fabio.moraes@ufabc.edu.br"
"A inciativa possui capacidade de replicabilidade para outros territórios, mas é necessário desenvolver melhor a capacidade institucional local.","1762457719013x783848140687540200","","","","Projeto Aconchego","fabio.moraes@ufabc.edu.br"
"A iniciativa, embora compreenda a inovação social, não possui alto grau de disrupção.","1762457652028x561150064887857150","","","","Projeto Aconchego","fabio.moraes@ufabc.edu.br"
"A iniciativa possui resultados claros sobre a sua atuação","1762457690675x335519965974888450","","","","Projeto Aconchego","fabio.moraes@ufabc.edu.br"
"A inciativa possui capacidade de replicabilidade para outros territórios, mas é necessário desenvolver melhor a capacidade institucional local.","1762457719013x783848140687540200","","","","Projeto Aconchego","fabio.moraes@ufabc.edu.br"
"É evidente que a iniciativa atende ao foco na tríade proposta por este edital","1762457762379x870054925306429400","","","","Projeto Aconchego","fabio.moraes@ufabc.edu.br"
"A iniciativa possui alto grau de disrupção e inovação social. ","1762457652028x561150064887857150","","","","Programa FAST","fabio.moraes@ufabc.edu.br"
"A iniciativa possui resultados claros e bem mensurados","1762457690675x335519965974888450","","","","Programa FAST","fabio.moraes@ufabc.edu.br"
"A iniciativa possui alto potencial de replicabilidade e escala, quando integrada à uma política pública.","1762457719013x783848140687540200","","","","Programa FAST","fabio.moraes@ufabc.edu.br"
"","1762457762379x870054925306429400","","","","Programa FAST","fabio.moraes@ufabc.edu.br"
"","1762457652028x561150064887857150","","","","Iguais, mas diferentes: medindo eficácia e equidade das escolas públicas brasileiras","izadora.mattiello@wylinka.org.br"
"","1762457719013x783848140687540200","","","","Iguais, mas diferentes: medindo eficácia e equidade das escolas públicas brasileiras","izadora.mattiello@wylinka.org.br"
"","1762457762379x870054925306429400","","","","Iguais, mas diferentes: medindo eficácia e equidade das escolas públicas brasileiras","izadora.mattiello@wylinka.org.br"
"Deixar mais claro os principais resultados encontrados, insights e conclusões, sem precisar abrir a tese. Esclarecer o que compõe o efeito escola na ficha do projeto.","1762457690675x335519965974888450","","","","Iguais, mas diferentes: medindo eficácia e equidade das escolas públicas brasileiras","izadora.mattiello@wylinka.org.br"
"","1762457652028x561150064887857150","","","","Brincadeiras, Brinquedos e Jogos no Desenvolvimento Cognitivo, Linguístico e Social de Crianças com Transtorno do Espectro Autista","izadora.mattiello@wylinka.org.br"
"","1762457690675x335519965974888450","","","","Brincadeiras, Brinquedos e Jogos no Desenvolvimento Cognitivo, Linguístico e Social de Crianças com Transtorno do Espectro Autista","izadora.mattiello@wylinka.org.br"
"","1762457719013x783848140687540200","","","","Brincadeiras, Brinquedos e Jogos no Desenvolvimento Cognitivo, Linguístico e Social de Crianças com Transtorno do Espectro Autista","izadora.mattiello@wylinka.org.br"
"","1762457762379x870054925306429400","","","","Brincadeiras, Brinquedos e Jogos no Desenvolvimento Cognitivo, Linguístico e Social de Crianças com Transtorno do Espectro Autista","izadora.mattiello@wylinka.org.br"
"","1762457719013x783848140687540200","","","","Iguais, mas diferentes: medindo eficácia e equidade das escolas públicas brasileiras","izadora.mattiello@wylinka.org.br"
"","1762457652028x561150064887857150","","","","Liga Acadêmica da Clínica Escola de Enfermagem: Transformando a Saúde Sexual e Reprodutiva das Mulheres através da Integração Ensino-Serviço.","izadora.mattiello@wylinka.org.br"
"","1762457690675x335519965974888450","","","","Liga Acadêmica da Clínica Escola de Enfermagem: Transformando a Saúde Sexual e Reprodutiva das Mulheres através da Integração Ensino-Serviço.","izadora.mattiello@wylinka.org.br"
"A dúvida da replicabilidade não é sobre a estrutura, mas sim sobre o perfil de atendimento. O que envolve serviço é baseado em um método e cultura bastante particular. Portanto, sugiro explicar melhor a estratégia de replicabilidade, para que o perfil de atendimento seja mantido.","1762457719013x783848140687540200","","","","Liga Acadêmica da Clínica Escola de Enfermagem: Transformando a Saúde Sexual e Reprodutiva das Mulheres através da Integração Ensino-Serviço.","izadora.mattiello@wylinka.org.br"
"","1762457762379x870054925306429400","","","","Liga Acadêmica da Clínica Escola de Enfermagem: Transformando a Saúde Sexual e Reprodutiva das Mulheres através da Integração Ensino-Serviço.","izadora.mattiello@wylinka.org.br"
"","1762457652028x561150064887857150","","","","Rede Inova: Tecnologia e Inovação na Formação e Inclusão Social","izadora.mattiello@wylinka.org.br"
"","1762457690675x335519965974888450","","","","Rede Inova: Tecnologia e Inovação na Formação e Inclusão Social","izadora.mattiello@wylinka.org.br"
"","1762457719013x783848140687540200","","","","Rede Inova: Tecnologia e Inovação na Formação e Inclusão Social","izadora.mattiello@wylinka.org.br"
"","1762457762379x870054925306429400","","","","Rede Inova: Tecnologia e Inovação na Formação e Inclusão Social","izadora.mattiello@wylinka.org.br"
"","1762457652028x561150064887857150","","","","Do Conhecimento à Inovação: Ferramentas e Estratégias para Mapear Saberes, Processos e Capital de Conhecimento Institucional","izadora.mattiello@wylinka.org.br"
"","1762457719013x783848140687540200","","","","Do Conhecimento à Inovação: Ferramentas e Estratégias para Mapear Saberes, Processos e Capital de Conhecimento Institucional","izadora.mattiello@wylinka.org.br"
"","1762457719013x783848140687540200","","","","Do Conhecimento à Inovação: Ferramentas e Estratégias para Mapear Saberes, Processos e Capital de Conhecimento Institucional","izadora.mattiello@wylinka.org.br"
"","1762457762379x870054925306429400","","","","Do Conhecimento à Inovação: Ferramentas e Estratégias para Mapear Saberes, Processos e Capital de Conhecimento Institucional","izadora.mattiello@wylinka.org.br"
"","1762457690675x335519965974888450","","","","Do Conhecimento à Inovação: Ferramentas e Estratégias para Mapear Saberes, Processos e Capital de Conhecimento Institucional","izadora.mattiello@wylinka.org.br"
"","1762457652028x561150064887857150","","","","Vamos brincar? Seguros! Aperfeiçoamento nos processos de avaliação de produtos infantis com foco na segurança e na infraestrutura da qualidade","izadora.mattiello@wylinka.org.br"
"","1762457690675x335519965974888450","","","","Vamos brincar? Seguros! Aperfeiçoamento nos processos de avaliação de produtos infantis com foco na segurança e na infraestrutura da qualidade","izadora.mattiello@wylinka.org.br"
"","1762457719013x783848140687540200","","","","Vamos brincar? Seguros! Aperfeiçoamento nos processos de avaliação de produtos infantis com foco na segurança e na infraestrutura da qualidade","izadora.mattiello@wylinka.org.br"
"","1762457762379x870054925306429400","","","","Vamos brincar? Seguros! Aperfeiçoamento nos processos de avaliação de produtos infantis com foco na segurança e na infraestrutura da qualidade","izadora.mattiello@wylinka.org.br"
"Como a solução aplica tecnologias já consolidadas de visão computacional e OCR, ela representa uma inovação relevante, porém incremental. Além disso, faltam detalhes que permitam avaliar seu alcance territorial e seu potencial impacto socioambiental, o que limita a percepção de ruptura. Não apresentou uma ruptura total em relação ao que o mercado já pratica em rastreabilidade e controle de qualidade na Indústria 4.0.","1762457652028x561150064887857150","","","","CICLO SHINERAY DE INOVAÇÃO","juliana.melo@aeptecba.org.br"
"A iniciativa apresenta ganhos claros em produtividade, redução de erros e melhoria do controle de qualidade, alinhados às práticas de digitalização. No entanto, as evidências apresentadas ainda são parciais e majoritariamente qualitativas, sem métricas concretas que comprovem a magnitude dos resultados, como tempos de processamento, redução percentual de retrabalho ou impacto financeiro.","1762457690675x335519965974888450","","","","CICLO SHINERAY DE INOVAÇÃO","juliana.melo@aeptecba.org.br"
"A iniciativa apresenta ganhos claros em produtividade, redução de erros e melhoria do controle de qualidade, alinhados às práticas de digitalização. No entanto, as evidências apresentadas ainda são parciais e majoritariamente qualitativas, sem métricas concretas que comprovem a magnitude dos resultados, como tempos de processamento, redução percentual de retrabalho ou impacto financeiro.","1762457690675x335519965974888450","","","","CICLO SHINERAY DE INOVAÇÃO","juliana.melo@aeptecba.org.br"
"A solução demonstra bom potencial de replicabilidade, especialmente por utilizar tecnologias flexíveis a exemplo da visão computacional e IA, que podem ser adaptadas para diferentes operações e setores. No entanto, faltam detalhes sobre os requisitos técnicos, custos de implementação e condições operacionais necessários para expandir o modelo em larga escala ou aplicá-lo em outros territórios.","1762457719013x783848140687540200","","","","CICLO SHINERAY DE INOVAÇÃO","juliana.melo@aeptecba.org.br"
"A iniciativa apresenta contribuição limitada no que diz respeito ao foco nas pessoas, no território e no ecossistema de inovação, pois os benefícios descritos concentram-se principalmente na eficiência operacional interna. Faltam evidências de como a solução promove impactos sociais mais amplos, inclusão produtiva, desenvolvimento territorial ou fortalecimento do ecossistema.","1762457762379x870054925306429400","","","","CICLO SHINERAY DE INOVAÇÃO","juliana.melo@aeptecba.org.br"
"A iniciativa apresenta contribuição limitada no que diz respeito ao foco nas pessoas, no território e no ecossistema de inovação, pois os benefícios descritos concentram-se principalmente na eficiência operacional interna. Faltam evidências de como a solução promove impactos sociais mais amplos, inclusão produtiva, desenvolvimento territorial ou fortalecimento do ecossistema.","1762457762379x870054925306429400","","","","CICLO SHINERAY DE INOVAÇÃO","juliana.melo@aeptecba.org.br"
"O texto apresentado não detalha como a solução é uma inovação, a forma como foi apresentada é semelhante ou inferior as alternativas existentes no mercado","1762457652028x561150064887857150","","","","CICLO SHINERAY DE INOVAÇÃO","lima.mayaracosta@gmail.com"
"","1762457690675x335519965974888450","","","","CICLO SHINERAY DE INOVAÇÃO","lima.mayaracosta@gmail.com"
"","1762457719013x783848140687540200","","","","CICLO SHINERAY DE INOVAÇÃO","lima.mayaracosta@gmail.com"
"","1762457719013x783848140687540200","","","","CICLO SHINERAY DE INOVAÇÃO","lima.mayaracosta@gmail.com"
"","1762457762379x870054925306429400","","","","CICLO SHINERAY DE INOVAÇÃO","lima.mayaracosta@gmail.com"
"O texto apresentado não detalha como a solução é uma inovação, a forma como foi apresentada é semelhante ou inferior as alternativas existentes no mercado","1762457652028x561150064887857150","","","","CICLO SHINERAY DE INOVAÇÃO","lima.mayaracosta@gmail.com"
"","1762457652028x561150064887857150","","","","INOVAÇÃO NO TRATAMENTO DE PACIENTES NEUROATÍPICOS E PSIQUIÁTRICOS","lima.mayaracosta@gmail.com"
"","1762457690675x335519965974888450","","","","INOVAÇÃO NO TRATAMENTO DE PACIENTES NEUROATÍPICOS E PSIQUIÁTRICOS","lima.mayaracosta@gmail.com"
"","1762457719013x783848140687540200","","","","INOVAÇÃO NO TRATAMENTO DE PACIENTES NEUROATÍPICOS E PSIQUIÁTRICOS","lima.mayaracosta@gmail.com"
"","1762457762379x870054925306429400","","","","INOVAÇÃO NO TRATAMENTO DE PACIENTES NEUROATÍPICOS E PSIQUIÁTRICOS","lima.mayaracosta@gmail.com"
"","1762457762379x870054925306429400","","","","Iguais, mas diferentes: medindo eficácia e equidade das escolas públicas brasileiras","julianadesouzacorrea@gmail.com"
"","1762457719013x783848140687540200","","","","Iguais, mas diferentes: medindo eficácia e equidade das escolas públicas brasileiras","julianadesouzacorrea@gmail.com"
"","1762457690675x335519965974888450","","","","Iguais, mas diferentes: medindo eficácia e equidade das escolas públicas brasileiras","julianadesouzacorrea@gmail.com"
"","1762457652028x561150064887857150","","","","Iguais, mas diferentes: medindo eficácia e equidade das escolas públicas brasileiras","julianadesouzacorrea@gmail.com"
"","1762457652028x561150064887857150","","","","Brincadeiras, Brinquedos e Jogos no Desenvolvimento Cognitivo, Linguístico e Social de Crianças com Transtorno do Espectro Autista","julianadesouzacorrea@gmail.com"
"","1762457690675x335519965974888450","","","","Brincadeiras, Brinquedos e Jogos no Desenvolvimento Cognitivo, Linguístico e Social de Crianças com Transtorno do Espectro Autista","julianadesouzacorrea@gmail.com"
"","1762457719013x783848140687540200","","","","Brincadeiras, Brinquedos e Jogos no Desenvolvimento Cognitivo, Linguístico e Social de Crianças com Transtorno do Espectro Autista","julianadesouzacorrea@gmail.com"
"","1762457762379x870054925306429400","","","","Brincadeiras, Brinquedos e Jogos no Desenvolvimento Cognitivo, Linguístico e Social de Crianças com Transtorno do Espectro Autista","julianadesouzacorrea@gmail.com"
"","1762457652028x561150064887857150","","","","Do Conhecimento à Inovação: Ferramentas e Estratégias para Mapear Saberes, Processos e Capital de Conhecimento Institucional","julianadesouzacorrea@gmail.com"
"","1762457690675x335519965974888450","","","","Do Conhecimento à Inovação: Ferramentas e Estratégias para Mapear Saberes, Processos e Capital de Conhecimento Institucional","julianadesouzacorrea@gmail.com"
"","1762457719013x783848140687540200","","","","Do Conhecimento à Inovação: Ferramentas e Estratégias para Mapear Saberes, Processos e Capital de Conhecimento Institucional","julianadesouzacorrea@gmail.com"
"","1762457762379x870054925306429400","","","","Do Conhecimento à Inovação: Ferramentas e Estratégias para Mapear Saberes, Processos e Capital de Conhecimento Institucional","julianadesouzacorrea@gmail.com"
"","1762457652028x561150064887857150","","","","Vamos brincar? Seguros! Aperfeiçoamento nos processos de avaliação de produtos infantis com foco na segurança e na infraestrutura da qualidade","julianadesouzacorrea@gmail.com"
"","1762457690675x335519965974888450","","","","Vamos brincar? Seguros! Aperfeiçoamento nos processos de avaliação de produtos infantis com foco na segurança e na infraestrutura da qualidade","julianadesouzacorrea@gmail.com"
"","1762457719013x783848140687540200","","","","Vamos brincar? Seguros! Aperfeiçoamento nos processos de avaliação de produtos infantis com foco na segurança e na infraestrutura da qualidade","julianadesouzacorrea@gmail.com"
"","1762457762379x870054925306429400","","","","Vamos brincar? Seguros! Aperfeiçoamento nos processos de avaliação de produtos infantis com foco na segurança e na infraestrutura da qualidade","julianadesouzacorrea@gmail.com"
"","1762457652028x561150064887857150","","","","Liga Acadêmica da Clínica Escola de Enfermagem: Transformando a Saúde Sexual e Reprodutiva das Mulheres através da Integração Ensino-Serviço.","julianadesouzacorrea@gmail.com"
"","1762457690675x335519965974888450","","","","Liga Acadêmica da Clínica Escola de Enfermagem: Transformando a Saúde Sexual e Reprodutiva das Mulheres através da Integração Ensino-Serviço.","julianadesouzacorrea@gmail.com"
"","1762457719013x783848140687540200","","","","Liga Acadêmica da Clínica Escola de Enfermagem: Transformando a Saúde Sexual e Reprodutiva das Mulheres através da Integração Ensino-Serviço.","julianadesouzacorrea@gmail.com"
"","1762457762379x870054925306429400","","","","Liga Acadêmica da Clínica Escola de Enfermagem: Transformando a Saúde Sexual e Reprodutiva das Mulheres através da Integração Ensino-Serviço.","julianadesouzacorrea@gmail.com"
"A solução não apresenta um grande incremento de inovação em si, mas utiliza muito bem a IA para reduzir filas, o que gera um impacto significativo no segmento de saúde pública e na vida das pessoas. Por isso, vejo um grau considerável de disrupção, capaz de quebrar uma lógica burocrática tradicional da operação pública.","1762457652028x561150064887857150","","","","Absens","qrzricardo@gmail.com"
"Extremamente significativo em termos financeiros e no impacto da redução de filas — um resultado muitas vezes intangível. Porém, não está muito claro qual é o investimento necessário para adquirir a plataforma e como dimensionar o retorno sobre esse investimento. Acredito que isso poderia gerar ainda mais força e relevância para a construção do case.","1762457690675x335519965974888450","","","","Absens","qrzricardo@gmail.com"
"Como não encontrei um critério específico para este tópico, registro aqui porque entendo que ele pode impactar a solução. O produto demonstrou ser altamente escalável; entretanto, parte da operação gera um ponto de atenção: o uso do WhatsApp. Embora seja uma plataforma que claramente aumenta a eficiência e a conversão pela sua capilaridade, ela também traz riscos por ser um serviço terceirizado e sujeito a nuances do negócio. Considero que esse fator pode impactar de forma relevante a escalabilidade da operação.","1762457719013x783848140687540200","","","","Absens","qrzricardo@gmail.com"
"Na minha percepção, o projeto apresenta um grau relevante de disrupção ao propor que o poder público utilize vagas ociosas da rede privada para reintegrar alunos vulneráveis ao sistema educacional. Isso rompe com décadas de um modelo exclusivamente baseado na rede pública e traz agilidade, flexibilidade e impacto imediato.

Porém, considero importante registrar um ponto sensível: ao inserir esse aluno em um ambiente privado, muitas vezes socialmente distinto daquele em que ele está inserido, existe o risco de exposição à discriminação, choque cultural ou sentimento de não pertencimento. A disrupção estrutural é forte, mas a disrupção humana precisa ser acompanhada com um olhar cuidadoso para a experiência emocional e social desses estudantes.","1762457652028x561150064887857150","","","","Adote um Aluno – Solução Recifense Contra a Evasão Escolar","qrzricardo@gmail.com"
"Os resultados sociais projetados são excelentes — reintegração escolar, fortalecimento comunitário, mobilidade social e reativação de vagas ociosas. Tudo isso demonstra um potencial verdadeiro de transformação.

Mas sinto falta de evidências concretas no documento. Não há dados consolidados sobre quantos alunos já foram atendidos, qual foi o impacto real na evasão, como evoluiu a frequência, ou como se comportou o desempenho escolar dos beneficiados. O potencial é alto, mas a comprovação ainda é limitada, o que impacta a segurança da análise.","1762457690675x335519965974888450","","","","Adote um Aluno – Solução Recifense Contra a Evasão Escolar","qrzricardo@gmail.com"
"Aqui vejo um ponto de maior sensibilidade. Embora o projeto se apresente como escalável nacionalmente, considero que alguns elementos importantes ainda não estão claros:

Não existe uma demonstração objetiva de comparação entre o custo do aluno na rede pública e o custo do aluno dentro do modelo proposto.

Não sabemos em quais perfis de município esse fundo realmente se sustenta. Acreditar que todos os municípios — sobretudo os de IDH mais baixo — conseguirão aderir ao modelo da mesma forma não me parece realista.

A estrutura operacional para escalar isso nacionalmente também não está totalmente detalhada.

Ou seja, o potencial de escala existe, mas depende de variáveis estruturais importantes que ainda não estão explicitadas.","1762457719013x783848140687540200","","","","Adote um Aluno – Solução Recifense Contra a Evasão Escolar","qrzricardo@gmail.com"
"Aqui vejo um ponto de maior sensibilidade. Embora o projeto se apresente como escalável nacionalmente, considero que alguns elementos importantes ainda não estão claros:

Não existe uma demonstração objetiva de comparação entre o custo do aluno na rede pública e o custo do aluno dentro do modelo proposto.

Não sabemos em quais perfis de município esse fundo realmente se sustenta. Acreditar que todos os municípios — sobretudo os de IDH mais baixo — conseguirão aderir ao modelo da mesma forma não me parece realista.

A estrutura operacional para escalar isso nacionalmente também não está totalmente detalhada.

Ou seja, o potencial de escala existe, mas depende de variáveis estruturais importantes que ainda não estão explicitadas.","1762457719013x783848140687540200","","","","Adote um Aluno – Solução Recifense Contra a Evasão Escolar","qrzricardo@gmail.com"
"Na minha percepção, o projeto apresenta um grau relevante de disrupção ao propor que o poder público utilize vagas ociosas da rede privada para reintegrar alunos vulneráveis ao sistema educacional. Isso rompe com décadas de um modelo exclusivamente baseado na rede pública e traz agilidade, flexibilidade e impacto imediato.

Porém, considero importante registrar um ponto sensível: ao inserir esse aluno em um ambiente privado, muitas vezes socialmente distinto daquele em que ele está inserido, existe o risco de exposição à discriminação, choque cultural ou sentimento de não pertencimento. A disrupção estrutural é forte, mas a disrupção humana precisa ser acompanhada com um olhar cuidadoso para a experiência emocional e social desses estudantes.","1762457652028x561150064887857150","","","","Adote um Aluno – Solução Recifense Contra a Evasão Escolar","qrzricardo@gmail.com"
"Este é, na minha visão, um dos pontos mais fortes do projeto.
O foco claro em crianças e adolescentes vulneráveis, as causas estruturais da evasão, o uso do território real, a conexão com famílias e escolas e o impacto direto no ecossistema educacional demonstram uma solução profundamente orientada às pessoas.

Meu único ponto de atenção — já mencionado no critério 1 — é garantir que a experiência desse aluno em ambiente privado seja acompanhada com sensibilidade, evitando impactos emocionais negativos.

Tirando isso, o projeto mostra um compromisso muito sólido com as pessoas e com o território.","1762457762379x870054925306429400","","","","Adote um Aluno – Solução Recifense Contra a Evasão Escolar","qrzricardo@gmail.com"
"","1762457652028x561150064887857150","","","","Sebrae ESG","lima.mayaracosta@gmail.com"
"","1762457690675x335519965974888450","","","","Sebrae ESG","lima.mayaracosta@gmail.com"
"","1762457719013x783848140687540200","","","","Sebrae ESG","lima.mayaracosta@gmail.com"
"","1762457762379x870054925306429400","","","","Sebrae ESG","lima.mayaracosta@gmail.com"
"","1762457652028x561150064887857150","","","","Berlim Social","lima.mayaracosta@gmail.com"
"","1762457690675x335519965974888450","","","","Berlim Social","lima.mayaracosta@gmail.com"
"","1762457719013x783848140687540200","","","","Berlim Social","lima.mayaracosta@gmail.com"
"","1762457762379x870054925306429400","","","","Berlim Social","lima.mayaracosta@gmail.com"
"","1762457652028x561150064887857150","","","","Keycore: tornando MVPs acessíveis e escaláveis com agilidade","lima.mayaracosta@gmail.com"
"","1762457690675x335519965974888450","","","","Keycore: tornando MVPs acessíveis e escaláveis com agilidade","lima.mayaracosta@gmail.com"
"","1762457719013x783848140687540200","","","","Keycore: tornando MVPs acessíveis e escaláveis com agilidade","lima.mayaracosta@gmail.com"
"","1762457762379x870054925306429400","","","","Keycore: tornando MVPs acessíveis e escaláveis com agilidade","lima.mayaracosta@gmail.com"
"","1762457652028x561150064887857150","","","","INNOVATION JOURNEY","lima.mayaracosta@gmail.com"
"","1762457690675x335519965974888450","","","","INNOVATION JOURNEY","lima.mayaracosta@gmail.com"
"","1762457719013x783848140687540200","","","","INNOVATION JOURNEY","lima.mayaracosta@gmail.com"
"","1762457762379x870054925306429400","","","","INNOVATION JOURNEY","lima.mayaracosta@gmail.com"
"","1762457719013x783848140687540200","","","","INNOVATION JOURNEY","lima.mayaracosta@gmail.com"
"","1762457652028x561150064887857150","","","","Bootcamp de Inovação","lima.mayaracosta@gmail.com"
"","1762457690675x335519965974888450","","","","Bootcamp de Inovação","lima.mayaracosta@gmail.com"
"","1762457719013x783848140687540200","","","","Bootcamp de Inovação","lima.mayaracosta@gmail.com"
"","1762457762379x870054925306429400","","","","Bootcamp de Inovação","lima.mayaracosta@gmail.com"
"","1762457652028x561150064887857150","","","","Bootcamp de Inovação","lima.mayaracosta@gmail.com"
"","1762457652028x561150064887857150","","","","ESG VERDA","lima.mayaracosta@gmail.com"
"","1762457690675x335519965974888450","","","","ESG VERDA","lima.mayaracosta@gmail.com"
"","1762457719013x783848140687540200","","","","ESG VERDA","lima.mayaracosta@gmail.com"
"","1762457762379x870054925306429400","","","","ESG VERDA","lima.mayaracosta@gmail.com"
"","1762457652028x561150064887857150","","","","ESG VERDA","lima.mayaracosta@gmail.com"
"","1762457762379x870054925306429400","","","","ESG VERDA","lima.mayaracosta@gmail.com"
"","1762457652028x561150064887857150","","","","Inova.Ação PCD CESAR","lima.mayaracosta@gmail.com"
"","1762457690675x335519965974888450","","","","Inova.Ação PCD CESAR","lima.mayaracosta@gmail.com"
"","1762457719013x783848140687540200","","","","Inova.Ação PCD CESAR","lima.mayaracosta@gmail.com"
"","1762457762379x870054925306429400","","","","Inova.Ação PCD CESAR","lima.mayaracosta@gmail.com"
"","1762457652028x561150064887857150","","","","Case Pitú – Transformação Digital em Marketplaces com IA e Estratégia AEIOU","lima.mayaracosta@gmail.com"
"","1762457690675x335519965974888450","","","","Case Pitú – Transformação Digital em Marketplaces com IA e Estratégia AEIOU","lima.mayaracosta@gmail.com"
"","1762457719013x783848140687540200","","","","Case Pitú – Transformação Digital em Marketplaces com IA e Estratégia AEIOU","lima.mayaracosta@gmail.com"
"","1762457762379x870054925306429400","","","","Case Pitú – Transformação Digital em Marketplaces com IA e Estratégia AEIOU","lima.mayaracosta@gmail.com"
"","1762457652028x561150064887857150","","","","Case Pitú – Transformação Digital em Marketplaces com IA e Estratégia AEIOU","lima.mayaracosta@gmail.com"
"","1762457652028x561150064887857150","","","","Batom Inteligente","lima.mayaracosta@gmail.com"
"","1762457690675x335519965974888450","","","","Batom Inteligente","lima.mayaracosta@gmail.com"
"","1762457719013x783848140687540200","","","","Batom Inteligente","lima.mayaracosta@gmail.com"
"","1762457762379x870054925306429400","","","","Batom Inteligente","lima.mayaracosta@gmail.com"
"","1762457652028x561150064887857150","","","","DOSE VERDE — Regeneração, Educação Ambiental e Economia de Carbono Azul","lima.mayaracosta@gmail.com"
"","1762457690675x335519965974888450","","","","DOSE VERDE — Regeneração, Educação Ambiental e Economia de Carbono Azul","lima.mayaracosta@gmail.com"
"","1762457719013x783848140687540200","","","","DOSE VERDE — Regeneração, Educação Ambiental e Economia de Carbono Azul","lima.mayaracosta@gmail.com"
"","1762457762379x870054925306429400","","","","DOSE VERDE — Regeneração, Educação Ambiental e Economia de Carbono Azul","lima.mayaracosta@gmail.com"
"","1762457652028x561150064887857150","","","","Territórios inovadores e sustentáveis  (Matriz Energética Limpa no Porto Digital) ","lima.mayaracosta@gmail.com"
"","1762457690675x335519965974888450","","","","Territórios inovadores e sustentáveis  (Matriz Energética Limpa no Porto Digital) ","lima.mayaracosta@gmail.com"
"","1762457719013x783848140687540200","","","","Territórios inovadores e sustentáveis  (Matriz Energética Limpa no Porto Digital) ","lima.mayaracosta@gmail.com"
"","1762457762379x870054925306429400","","","","Territórios inovadores e sustentáveis  (Matriz Energética Limpa no Porto Digital) ","lima.mayaracosta@gmail.com"
"","1762457652028x561150064887857150","","","","Doca - Frente de Inovação Aberta do Porto Digital","lima.mayaracosta@gmail.com"
"","1762457690675x335519965974888450","","","","Doca - Frente de Inovação Aberta do Porto Digital","lima.mayaracosta@gmail.com"
"","1762457719013x783848140687540200","","","","Doca - Frente de Inovação Aberta do Porto Digital","lima.mayaracosta@gmail.com"
"","1762457762379x870054925306429400","","","","Doca - Frente de Inovação Aberta do Porto Digital","lima.mayaracosta@gmail.com"
"","1762457762379x870054925306429400","","","","Rede Inova: Tecnologia e Inovação na Formação e Inclusão Social","rossana.choze@ucb.br"
"De caráter multidisciplinar, projeto altamente relevante para a qualidade de vida.","1762457652028x561150064887857150","","","","Rede Inova: Tecnologia e Inovação na Formação e Inclusão Social","rossana.choze@ucb.br"
"","1762457690675x335519965974888450","","","","Rede Inova: Tecnologia e Inovação na Formação e Inclusão Social","rossana.choze@ucb.br"
"","1762457719013x783848140687540200","","","","Rede Inova: Tecnologia e Inovação na Formação e Inclusão Social","rossana.choze@ucb.br"
"Essa metodologia já existe para criação de soluções baseadas em desafios reais. A disrupção talvez advenha do resultado figital.","1762457652028x561150064887857150","","","","Projetos de Extensão com Base nos Objetivos de Desenvolvimento Sustentável (ODS) definidos pela ONU: Conectando Saberes Acadêmicos e Soluções Reais","rossana.choze@ucb.br"
"Não foi possível avaliar os resultados das soluções criadas. Apenas foram apresentadas as informações de criação de soluções.","1762457690675x335519965974888450","","","","Projetos de Extensão com Base nos Objetivos de Desenvolvimento Sustentável (ODS) definidos pela ONU: Conectando Saberes Acadêmicos e Soluções Reais","rossana.choze@ucb.br"
"Penso que a metodologia em si é altamente replicável (e já o é pois é usada ao redor do mundo). Sendo assim, o que muda são os desafios e as realidades dos locais de aplicação no que tange à demandas sociais.","1762457719013x783848140687540200","","","","Projetos de Extensão com Base nos Objetivos de Desenvolvimento Sustentável (ODS) definidos pela ONU: Conectando Saberes Acadêmicos e Soluções Reais","rossana.choze@ucb.br"
"","1762457762379x870054925306429400","","","","Projetos de Extensão com Base nos Objetivos de Desenvolvimento Sustentável (ODS) definidos pela ONU: Conectando Saberes Acadêmicos e Soluções Reais","rossana.choze@ucb.br"
"Essa metodologia já existe para criação de soluções baseadas em desafios reais. A disrupção talvez advenha do resultado figital.","1762457652028x561150064887857150","","","","Projetos de Extensão com Base nos Objetivos de Desenvolvimento Sustentável (ODS) definidos pela ONU: Conectando Saberes Acadêmicos e Soluções Reais","rossana.choze@ucb.br"
"","1762457652028x561150064887857150","","","","DESENVOLVIMENTO DE UM REMOVEDOR BIODEGRADÁVEL PARA APLICAÇÃO NA LIMPEZA DE PETRODERIVADOS DERRAMADOS EM OCEANOS","rossana.choze@ucb.br"
"Apesar dos resultados terem apresentado elevado impacto em 2019, este concurso prevê resultados demonstrados no ano de 2025.","1762457690675x335519965974888450","","","","DESENVOLVIMENTO DE UM REMOVEDOR BIODEGRADÁVEL PARA APLICAÇÃO NA LIMPEZA DE PETRODERIVADOS DERRAMADOS EM OCEANOS","rossana.choze@ucb.br"
"Análise já avaliada para escala industrial.","1762457719013x783848140687540200","","","","DESENVOLVIMENTO DE UM REMOVEDOR BIODEGRADÁVEL PARA APLICAÇÃO NA LIMPEZA DE PETRODERIVADOS DERRAMADOS EM OCEANOS","rossana.choze@ucb.br"
"","1762457762379x870054925306429400","","","","DESENVOLVIMENTO DE UM REMOVEDOR BIODEGRADÁVEL PARA APLICAÇÃO NA LIMPEZA DE PETRODERIVADOS DERRAMADOS EM OCEANOS","rossana.choze@ucb.br"
"","1762457652028x561150064887857150","","","","CETENE: PROMOTOR DA INOVAÇÃO PARA O DESENVOLVIMENTO SUSTENTÁVEL E INCLUSIVO DO NORDESTE","rossana.choze@ucb.br"
"","1762457690675x335519965974888450","","","","CETENE: PROMOTOR DA INOVAÇÃO PARA O DESENVOLVIMENTO SUSTENTÁVEL E INCLUSIVO DO NORDESTE","rossana.choze@ucb.br"
"","1762457719013x783848140687540200","","","","CETENE: PROMOTOR DA INOVAÇÃO PARA O DESENVOLVIMENTO SUSTENTÁVEL E INCLUSIVO DO NORDESTE","rossana.choze@ucb.br"
"","1762457762379x870054925306429400","","","","CETENE: PROMOTOR DA INOVAÇÃO PARA O DESENVOLVIMENTO SUSTENTÁVEL E INCLUSIVO DO NORDESTE","rossana.choze@ucb.br"
"","1762457652028x561150064887857150","","","","Unidade Ecotecnológica Experimental do Recife","rossana.choze@ucb.br"
"","1762457690675x335519965974888450","","","","Unidade Ecotecnológica Experimental do Recife","rossana.choze@ucb.br"
"","1762457719013x783848140687540200","","","","Unidade Ecotecnológica Experimental do Recife","rossana.choze@ucb.br"
"","1762457762379x870054925306429400","","","","Unidade Ecotecnológica Experimental do Recife","rossana.choze@ucb.br"
"","1762457652028x561150064887857150","","","","Parque Tecnológico e Científico da Universidade Federal de Pernambuco (Parque.TeC UFPE)","rossana.choze@ucb.br"
"Solução inovadora, não concentrada no ano de 2025 (resultados compreendem uma trajetória anterior).","1762457690675x335519965974888450","","","","Parque Tecnológico e Científico da Universidade Federal de Pernambuco (Parque.TeC UFPE)","rossana.choze@ucb.br"
"","1762457719013x783848140687540200","","","","Parque Tecnológico e Científico da Universidade Federal de Pernambuco (Parque.TeC UFPE)","rossana.choze@ucb.br"
"","1762457762379x870054925306429400","","","","Parque Tecnológico e Científico da Universidade Federal de Pernambuco (Parque.TeC UFPE)","rossana.choze@ucb.br"
"","1762457652028x561150064887857150","","","","Movimento Empresa Junior Pernambucano","rossana.choze@ucb.br"
"","1762457690675x335519965974888450","","","","Movimento Empresa Junior Pernambucano","rossana.choze@ucb.br"
"","1762457719013x783848140687540200","","","","Movimento Empresa Junior Pernambucano","rossana.choze@ucb.br"
"","1762457762379x870054925306429400","","","","Movimento Empresa Junior Pernambucano","rossana.choze@ucb.br"
"","1762457652028x561150064887857150","","","","Residência Tecnológica","rossana.choze@ucb.br"
"","1762457690675x335519965974888450","","","","Residência Tecnológica","rossana.choze@ucb.br"
"Está sendo replicado em diversas localidades.","1762457719013x783848140687540200","","","","Residência Tecnológica","rossana.choze@ucb.br"
"","1762457762379x870054925306429400","","","","Residência Tecnológica","rossana.choze@ucb.br"
"Esse tipo de atividade realmente só é efetiva se adaptada para cada realidade específica. Desta forma, a disrupção não pode estar embasada no mapeamento prévio e adaptação situacional.","1762457652028x561150064887857150","","","","Educação Ambiental e Sustentabilidade Corporativa","rossana.choze@ucb.br"
"","1762457690675x335519965974888450","","","","Educação Ambiental e Sustentabilidade Corporativa","rossana.choze@ucb.br"
"","1762457719013x783848140687540200","","","","Educação Ambiental e Sustentabilidade Corporativa","rossana.choze@ucb.br"
"","1762457762379x870054925306429400","","","","Educação Ambiental e Sustentabilidade Corporativa","rossana.choze@ucb.br"
"Incrível!","1762457652028x561150064887857150","","",""," Curativo Bioadesivo inovador de base nanotecnológica capaz de promover liberação controlada e prolongada de fármacos","rossana.choze@ucb.br"
"Seria interessante ter apresentado o nível de TRL alcançado.","1762457690675x335519965974888450","","",""," Curativo Bioadesivo inovador de base nanotecnológica capaz de promover liberação controlada e prolongada de fármacos","rossana.choze@ucb.br"
"","1762457719013x783848140687540200","","",""," Curativo Bioadesivo inovador de base nanotecnológica capaz de promover liberação controlada e prolongada de fármacos","rossana.choze@ucb.br"
"","1762457762379x870054925306429400","","",""," Curativo Bioadesivo inovador de base nanotecnológica capaz de promover liberação controlada e prolongada de fármacos","rossana.choze@ucb.br"
"","1762457652028x561150064887857150","","","","Immuned: Uma ferramenta de predição de resposta terapêutica para doenças autoimunes reumatológicas","rossana.choze@ucb.br"
"","1762457690675x335519965974888450","","","","Immuned: Uma ferramenta de predição de resposta terapêutica para doenças autoimunes reumatológicas","rossana.choze@ucb.br"
"","1762457719013x783848140687540200","","","","Immuned: Uma ferramenta de predição de resposta terapêutica para doenças autoimunes reumatológicas","rossana.choze@ucb.br"
"","1762457762379x870054925306429400","","","","Immuned: Uma ferramenta de predição de resposta terapêutica para doenças autoimunes reumatológicas","rossana.choze@ucb.br"
"","1762457652028x561150064887857150","","","","Rede CONEXUS-PDTIS( Programa de Desenvolvimento de Talentos e Inovação em Saúde digital)","rossana.choze@ucb.br"
"","1762457690675x335519965974888450","","","","Rede CONEXUS-PDTIS( Programa de Desenvolvimento de Talentos e Inovação em Saúde digital)","rossana.choze@ucb.br"
"","1762457719013x783848140687540200","","","","Rede CONEXUS-PDTIS( Programa de Desenvolvimento de Talentos e Inovação em Saúde digital)","rossana.choze@ucb.br"
"","1762457762379x870054925306429400","","","","Rede CONEXUS-PDTIS( Programa de Desenvolvimento de Talentos e Inovação em Saúde digital)","rossana.choze@ucb.br"
"Proposta não criou uma nova solução, utiliza iniciativa existente adaptada ao propósito.
","1762457652028x561150064887857150","","","","CICLO SHINERAY DE INOVAÇÃO","luizsalmeron@gmail.com"
"Apresenta resultados significativos, apresentando eficiência real na solução proposta. ","1762457690675x335519965974888450","","","","CICLO SHINERAY DE INOVAÇÃO","luizsalmeron@gmail.com"
"Apresentou forte potencial de replicabilidade.
","1762457719013x783848140687540200","","","","CICLO SHINERAY DE INOVAÇÃO","luizsalmeron@gmail.com"
"Proposta tem impacto direto na função realizada, porém não vem como solução definitiva, sim intermediária facilitadora. 
","1762457762379x870054925306429400","","","","CICLO SHINERAY DE INOVAÇÃO","luizsalmeron@gmail.com"
"Proposta não criou uma nova solução, utiliza iniciativa existente adaptada ao propósito.
","1762457652028x561150064887857150","","","","Sebrae ESG","luizsalmeron@gmail.com"
"Apresenta resultados significativos, apresentando eficiência real na solução proposta. 
","1762457690675x335519965974888450","","","","Sebrae ESG","luizsalmeron@gmail.com"
"Apresentou forte potencial de replicabilidade.","1762457719013x783848140687540200","","","","Sebrae ESG","luizsalmeron@gmail.com"
"Proposta tem impacto direto na função realizada e tem altíssimo grau de efetividade no ecossitema que atua.
","1762457762379x870054925306429400","","","","Sebrae ESG","luizsalmeron@gmail.com"
"Pensar em revitalizar uma área já tão desgastada que, a princípio, se alinharia mais com uma visão histórica direta, mas projetando-a para a inovação, é algo bastante disruptivo.","1762457652028x561150064887857150","","","","Projeto para Reabilitação de Áreas Centrais","rossana.choze@ucb.br"
"O resultado se vê na prática.","1762457690675x335519965974888450","","","","Projeto para Reabilitação de Áreas Centrais","rossana.choze@ucb.br"
"A ideia de revitalização é incrível. Mas, para replicá-la para algo inovador há que, primeiramente, avaliar a vocação da região a ser implantada, validando se tratar de região de elevado potencial para atividades de inovação.","1762457719013x783848140687540200","","","","Projeto para Reabilitação de Áreas Centrais",""
"","1762457762379x870054925306429400","","","","Projeto para Reabilitação de Áreas Centrais",""
"Replicar a ideia é totalmente viável. Aplicá-la para atividades de inovação depende da vocação da região.","1762457719013x783848140687540200","","","","Projeto para Reabilitação de Áreas Centrais","rossana.choze@ucb.br"
"","1762457762379x870054925306429400","","","","Projeto para Reabilitação de Áreas Centrais","rossana.choze@ucb.br"
"Penso que a inovação vem de se tratar de um projeto não primordialmente pautado em tecnologia, mas de logística, intermediado pela tecnologia. ","1762457652028x561150064887857150","","","","Projeto de Extensão Tecnológica (PET): Aproximação do Ensino Técnico às experiências do mundo do trabalho.","rossana.choze@ucb.br"
"Pelo tempo de existência, acho que os números poderia e deveriam ser mais vultuosos.","1762457690675x335519965974888450","","","","Projeto de Extensão Tecnológica (PET): Aproximação do Ensino Técnico às experiências do mundo do trabalho.","rossana.choze@ucb.br"
"Todas as empresas em maior ou menor grau têm atividades logísticas (nem que seja de materiais de escritório).","1762457719013x783848140687540200","","","","Projeto de Extensão Tecnológica (PET): Aproximação do Ensino Técnico às experiências do mundo do trabalho.","rossana.choze@ucb.br"
"Criação de oportunidade junto ao mercado de trabalho.","1762457762379x870054925306429400","","","","Projeto de Extensão Tecnológica (PET): Aproximação do Ensino Técnico às experiências do mundo do trabalho.","rossana.choze@ucb.br"
"","1762457652028x561150064887857150","","","","INOVAREPE - A JORNADA UPE/UFEPE DE INOVAÇÃO ABERTA GOVTECH","rossana.choze@ucb.br"
"Quantidade de pessoas envolvidas altamente relevante para se avaliar o potencial.","1762457690675x335519965974888450","","","","INOVAREPE - A JORNADA UPE/UFEPE DE INOVAÇÃO ABERTA GOVTECH","rossana.choze@ucb.br"
"","1762457719013x783848140687540200","","","","INOVAREPE - A JORNADA UPE/UFEPE DE INOVAÇÃO ABERTA GOVTECH","rossana.choze@ucb.br"
"","1762457652028x561150064887857150","","","","Desenvolvendo Talentos Tech e Inclusão Produtiva com o Programa Start Recife","fabiana.a.pereira@rfb.gov.br"
"","1762457690675x335519965974888450","","","","Desenvolvendo Talentos Tech e Inclusão Produtiva com o Programa Start Recife","fabiana.a.pereira@rfb.gov.br"
"","1762457719013x783848140687540200","","","","Desenvolvendo Talentos Tech e Inclusão Produtiva com o Programa Start Recife","fabiana.a.pereira@rfb.gov.br"
"","1762457762379x870054925306429400","","","","Desenvolvendo Talentos Tech e Inclusão Produtiva com o Programa Start Recife","fabiana.a.pereira@rfb.gov.br"
"","1762457652028x561150064887857150","","","","Trilha de Desenvolvimento da Pessoa Idosa Recife","fabiana.a.pereira@rfb.gov.br"
"","1762457690675x335519965974888450","","","","Trilha de Desenvolvimento da Pessoa Idosa Recife","fabiana.a.pereira@rfb.gov.br"
"","1762457719013x783848140687540200","","","","Trilha de Desenvolvimento da Pessoa Idosa Recife","fabiana.a.pereira@rfb.gov.br"
"","1762457762379x870054925306429400","","","","Trilha de Desenvolvimento da Pessoa Idosa Recife","fabiana.a.pereira@rfb.gov.br"
"","1762457652028x561150064887857150","","","","Trilha de Desenvolvimento da Pessoa Idosa Recife","fabiana.a.pereira@rfb.gov.br"
"","1762457652028x561150064887857150","","","","Instituto Ipê","rossana.choze@ucb.br"
"","1762457690675x335519965974888450","","","","Instituto Ipê","rossana.choze@ucb.br"
"","1762457719013x783848140687540200","","","","Instituto Ipê","rossana.choze@ucb.br"
"","1762457762379x870054925306429400","","","","Instituto Ipê","rossana.choze@ucb.br"
"","1762457652028x561150064887857150","","","","Line: Sistema time-lapse com IA para cultivo embrionário","rossana.choze@ucb.br"
"","1762457690675x335519965974888450","","","","Line: Sistema time-lapse com IA para cultivo embrionário","rossana.choze@ucb.br"
"","1762457719013x783848140687540200","","","","Line: Sistema time-lapse com IA para cultivo embrionário","rossana.choze@ucb.br"
"","1762457762379x870054925306429400","","","","Line: Sistema time-lapse com IA para cultivo embrionário","rossana.choze@ucb.br"
"","1762457652028x561150064887857150","","","","Direitos econômicos, sociais, culturais e ambientais (DESCA), cidade e moradia adequada","rossana.choze@ucb.br"
"","1762457690675x335519965974888450","","","","Direitos econômicos, sociais, culturais e ambientais (DESCA), cidade e moradia adequada","rossana.choze@ucb.br"
"","1762457719013x783848140687540200","","","","Direitos econômicos, sociais, culturais e ambientais (DESCA), cidade e moradia adequada","rossana.choze@ucb.br"
"","1762457762379x870054925306429400","","","","Direitos econômicos, sociais, culturais e ambientais (DESCA), cidade e moradia adequada","rossana.choze@ucb.br"
"","1762457652028x561150064887857150","","","","CESAR Summer Job","rossana.choze@ucb.br"
"","1762457690675x335519965974888450","","","","CESAR Summer Job","rossana.choze@ucb.br"
"","1762457719013x783848140687540200","","","","CESAR Summer Job","rossana.choze@ucb.br"
"","1762457762379x870054925306429400","","","","CESAR Summer Job","rossana.choze@ucb.br"
"","1762457652028x561150064887857150","","","","Projeto Aconchego","fabiana.a.pereira@rfb.gov.br"
"","1762457690675x335519965974888450","","","","Projeto Aconchego","fabiana.a.pereira@rfb.gov.br"
"","1762457719013x783848140687540200","","","","Projeto Aconchego","fabiana.a.pereira@rfb.gov.br"
"","1762457762379x870054925306429400","","","","Projeto Aconchego","fabiana.a.pereira@rfb.gov.br"
"","1762457762379x870054925306429400","","","","Projeto Aconchego","fabiana.a.pereira@rfb.gov.br"
"","1762457652028x561150064887857150","","","","Programa FAST","fabiana.a.pereira@rfb.gov.br"
"","1762457690675x335519965974888450","","","","Programa FAST","fabiana.a.pereira@rfb.gov.br"
"","1762457719013x783848140687540200","","","","Programa FAST","fabiana.a.pereira@rfb.gov.br"
"","1762457762379x870054925306429400","","","","Programa FAST","fabiana.a.pereira@rfb.gov.br"
"","1762457652028x561150064887857150","","","","Programa FAST","fabiana.a.pereira@rfb.gov.br"
"","1762457652028x561150064887857150","","","","Biosurfatech: Limpeza Sustentável com o Poder dos Microrganismos","rossana.choze@ucb.br"
"","1762457690675x335519965974888450","","","","Biosurfatech: Limpeza Sustentável com o Poder dos Microrganismos","rossana.choze@ucb.br"
"","1762457719013x783848140687540200","","","","Biosurfatech: Limpeza Sustentável com o Poder dos Microrganismos","rossana.choze@ucb.br"
"","1762457762379x870054925306429400","","","","Biosurfatech: Limpeza Sustentável com o Poder dos Microrganismos","rossana.choze@ucb.br"
"","1762457652028x561150064887857150","","","","HUB SESC de Tecnologia Sociais","fabiana.a.pereira@rfb.gov.br"
"","1762457690675x335519965974888450","","","","HUB SESC de Tecnologia Sociais","fabiana.a.pereira@rfb.gov.br"
"","1762457719013x783848140687540200","","","","HUB SESC de Tecnologia Sociais","fabiana.a.pereira@rfb.gov.br"
"","1762457762379x870054925306429400","","","","HUB SESC de Tecnologia Sociais","fabiana.a.pereira@rfb.gov.br"
"","1762457652028x561150064887857150","","","","Banho do Bem","fabiana.a.pereira@rfb.gov.br"
"","1762457690675x335519965974888450","","","","Banho do Bem","fabiana.a.pereira@rfb.gov.br"
"","1762457719013x783848140687540200","","","","Banho do Bem","fabiana.a.pereira@rfb.gov.br"
"","1762457762379x870054925306429400","","","","Banho do Bem","fabiana.a.pereira@rfb.gov.br"
"","1762457652028x561150064887857150","","","","PROGRAMA DE QUALIFICAÇÃO GRATUITA","fabiana.a.pereira@rfb.gov.br"
"","1762457690675x335519965974888450","","","","PROGRAMA DE QUALIFICAÇÃO GRATUITA","fabiana.a.pereira@rfb.gov.br"
"","1762457719013x783848140687540200","","","","PROGRAMA DE QUALIFICAÇÃO GRATUITA","fabiana.a.pereira@rfb.gov.br"
"","1762457762379x870054925306429400","","","","PROGRAMA DE QUALIFICAÇÃO GRATUITA","fabiana.a.pereira@rfb.gov.br"
"","1762457690675x335519965974888450","","","","Programando o Futuro","fabiana.a.pereira@rfb.gov.br"
"","1762457719013x783848140687540200","","","","Programando o Futuro","fabiana.a.pereira@rfb.gov.br"
"","1762457762379x870054925306429400","","","","Programando o Futuro","fabiana.a.pereira@rfb.gov.br"
"","1762457652028x561150064887857150","","","","Programando o Futuro","fabiana.a.pereira@rfb.gov.br"
"","1762457690675x335519965974888450","","","","Projeto Aconchego","fabiana.a.pereira@rfb.gov.br"
"","1762457719013x783848140687540200","","","","Projeto Aconchego","fabiana.a.pereira@rfb.gov.br"
"","1762457762379x870054925306429400","","","","Projeto Aconchego","fabiana.a.pereira@rfb.gov.br"
"","1762457652028x561150064887857150","","","","Banho do Bem","fabiana.a.pereira@rfb.gov.br"
"","1762457652028x561150064887857150","","","","Banho do Bem","fabiana.a.pereira@rfb.gov.br"
"","1762457719013x783848140687540200","","","","Banho do Bem","fabiana.a.pereira@rfb.gov.br"
"","1762457762379x870054925306429400","","","","Banho do Bem","fabiana.a.pereira@rfb.gov.br"
"","1762457690675x335519965974888450","","","","PROGRAMA DE QUALIFICAÇÃO GRATUITA","fabiana.a.pereira@rfb.gov.br"
"","1762457719013x783848140687540200","","","","PROGRAMA DE QUALIFICAÇÃO GRATUITA","fabiana.a.pereira@rfb.gov.br"
"","1762457762379x870054925306429400","","","","PROGRAMA DE QUALIFICAÇÃO GRATUITA","fabiana.a.pereira@rfb.gov.br"
"A iniciativa demonstra alto grau de disrupção ao introduzir práticas inovadoras, escaláveis e colaborativas que se diferenciam claramente do modelo tradicional de inovação. A capacidade de articular múltiplos atores, estruturar soluções tecnológicas avançadas e gerar impacto direto no setor produtivo evidencia uma ruptura relevante em relação ao estado da arte, ainda que existam oportunidades para ampliar sua originalidade em novos domínios.","1762457652028x561150064887857150","","","","Doca - Frente de Inovação Aberta do Porto Digital","juliana.melo@aeptecba.org.br"
"A iniciativa apresenta resultados sólidos, sustentados por evidências consistentes que demonstram impactos relevantes para o setor produtivo e para o ecossistema de inovação. Os indicadores qualitativos e quantitativos evidenciam evolução significativa, com ganhos concretos para as instituições envolvidas e clara aderência aos objetivos propostos.","1762457690675x335519965974888450","","","","Doca - Frente de Inovação Aberta do Porto Digital","juliana.melo@aeptecba.org.br"
"A iniciativa demonstra elevada capacidade de replicação e expansão, com uma metodologia flexível e estruturada que permite sua adaptação a diferentes territórios e setores. Os resultados obtidos em múltiplos contextos reforçam seu potencial de escala e sua robustez para gerar impactos contínuos no médio e longo prazo","1762457719013x783848140687540200","","","","Doca - Frente de Inovação Aberta do Porto Digital","juliana.melo@aeptecba.org.br"
"A iniciativa evidencia forte compromisso com o desenvolvimento das pessoas, do território e do ecossistema de inovação, promovendo conexões qualificadas e soluções que fortalecem capacidades locais e ampliam benefícios sociais. Sua atuação colaborativa contribui para enfrentar desafios contemporâneos e gerar impactos positivos que transcendem o contexto regional. Há espaço, contudo, para aprofundar mecanismos de participação contínua e ampliar iniciativas orientadas à inclusão e ao desenvolvimento sustentável em escala ainda maior.","1762457762379x870054925306429400","","","","Doca - Frente de Inovação Aberta do Porto Digital","juliana.melo@aeptecba.org.br"
"Baixo nível de inovação, a proposta se apropria de inovação de terceiros para sua aplicação da solução.","1762457652028x561150064887857150","","","","INOVAÇÃO NO TRATAMENTO DE PACIENTES NEUROATÍPICOS E PSIQUIÁTRICOS","luizsalmeron@gmail.com"
"Proposta sem materiais que comprovam evidências de resultados.","1762457690675x335519965974888450","","","","INOVAÇÃO NO TRATAMENTO DE PACIENTES NEUROATÍPICOS E PSIQUIÁTRICOS","luizsalmeron@gmail.com"
"Proposta com alto nível de replicabilidade. ","1762457719013x783848140687540200","","","","INOVAÇÃO NO TRATAMENTO DE PACIENTES NEUROATÍPICOS E PSIQUIÁTRICOS","luizsalmeron@gmail.com"
"Proposta apresenta forte impacto no tratamento e bem-estar da população em geral.","1762457762379x870054925306429400","","","","INOVAÇÃO NO TRATAMENTO DE PACIENTES NEUROATÍPICOS E PSIQUIÁTRICOS","luizsalmeron@gmail.com"
"Proposta apresenta abordagem em setor social que normalmente não é priorizado, por isso trás em sua iniciativa disruptividade. ","1762457652028x561150064887857150","","","","Berlim Social","luizsalmeron@gmail.com"
"Não foi apresentado resultados reais nas evidências anexas, somente peças de divulgação.","1762457690675x335519965974888450","","","","Berlim Social","luizsalmeron@gmail.com"
"De alta força para replicabilidade.","1762457719013x783848140687540200","","","","Berlim Social","luizsalmeron@gmail.com"
"Proposta tem seu foco 100% nas pessaos e comunidade.","1762457762379x870054925306429400","","","","Berlim Social","luizsalmeron@gmail.com"
"A proposta utiliza metodologias e ferramentas para impulsionar idéias e negócios locais de forma inovadora.","1762457652028x561150064887857150","","","","Keycore: tornando MVPs acessíveis e escaláveis com agilidade","luizsalmeron@gmail.com"
"","1762457690675x335519965974888450","","","","Keycore: tornando MVPs acessíveis e escaláveis com agilidade","luizsalmeron@gmail.com"
"","1762457719013x783848140687540200","","","","Keycore: tornando MVPs acessíveis e escaláveis com agilidade","luizsalmeron@gmail.com"
"","1762457762379x870054925306429400","","","","Keycore: tornando MVPs acessíveis e escaláveis com agilidade","luizsalmeron@gmail.com"
"","1762457652028x561150064887857150","","","","INNOVATION JOURNEY","luizsalmeron@gmail.com"
"","1762457690675x335519965974888450","","","","INNOVATION JOURNEY","luizsalmeron@gmail.com"
"Proposta tem limitação da replicabilidade por estar atrelada a um espaço físico/cultural.","1762457719013x783848140687540200","","","","INNOVATION JOURNEY","luizsalmeron@gmail.com"
" ","1762457762379x870054925306429400","","","","INNOVATION JOURNEY","luizsalmeron@gmail.com"
"Proposta já existente, porém, inovadora na localidade.","1762457652028x561150064887857150","","","","Bootcamp de Inovação","luizsalmeron@gmail.com"
"","1762457690675x335519965974888450","","","","Bootcamp de Inovação","luizsalmeron@gmail.com"
"","1762457719013x783848140687540200","","","","Bootcamp de Inovação","luizsalmeron@gmail.com"
"","1762457762379x870054925306429400","","","","Bootcamp de Inovação","luizsalmeron@gmail.com"
"","1762457652028x561150064887857150","","","","ESG VERDA","luizsalmeron@gmail.com"
"","1762457690675x335519965974888450","","","","ESG VERDA","luizsalmeron@gmail.com"
"","1762457719013x783848140687540200","","","","ESG VERDA","luizsalmeron@gmail.com"
"","1762457762379x870054925306429400","","","","ESG VERDA","luizsalmeron@gmail.com"
"","1762457652028x561150064887857150","","","","Inova.Ação PCD CESAR","luizsalmeron@gmail.com"
"","1762457690675x335519965974888450","","","","Inova.Ação PCD CESAR","luizsalmeron@gmail.com"
"","1762457719013x783848140687540200","","","","Inova.Ação PCD CESAR","luizsalmeron@gmail.com"
"","1762457762379x870054925306429400","","","","Inova.Ação PCD CESAR","luizsalmeron@gmail.com"
"","1762457652028x561150064887857150","","","","Homologação dos Conectores de Emendas Elétricas à Prova d’Água no Programa de Modernização e Padronização da Rede Semafórica e Lombadas Eletrônicas – CTTU Recife/PE","luizsalmeron@gmail.com"
"","1762457690675x335519965974888450","","","","Homologação dos Conectores de Emendas Elétricas à Prova d’Água no Programa de Modernização e Padronização da Rede Semafórica e Lombadas Eletrônicas – CTTU Recife/PE","luizsalmeron@gmail.com"
"","1762457719013x783848140687540200","","","","Homologação dos Conectores de Emendas Elétricas à Prova d’Água no Programa de Modernização e Padronização da Rede Semafórica e Lombadas Eletrônicas – CTTU Recife/PE","luizsalmeron@gmail.com"
"","1762457762379x870054925306429400","","","","Homologação dos Conectores de Emendas Elétricas à Prova d’Água no Programa de Modernização e Padronização da Rede Semafórica e Lombadas Eletrônicas – CTTU Recife/PE","luizsalmeron@gmail.com"
"","1762457652028x561150064887857150","","","","Case Pitú – Transformação Digital em Marketplaces com IA e Estratégia AEIOU","luizsalmeron@gmail.com"
"","1762457690675x335519965974888450","","","","Case Pitú – Transformação Digital em Marketplaces com IA e Estratégia AEIOU","luizsalmeron@gmail.com"
"","1762457719013x783848140687540200","","","","Case Pitú – Transformação Digital em Marketplaces com IA e Estratégia AEIOU","luizsalmeron@gmail.com"
"","1762457762379x870054925306429400","","","","Case Pitú – Transformação Digital em Marketplaces com IA e Estratégia AEIOU","luizsalmeron@gmail.com"
"","1762457652028x561150064887857150","","","","Batom Inteligente","luizsalmeron@gmail.com"
"","1762457690675x335519965974888450","","","","Batom Inteligente","luizsalmeron@gmail.com"
"","1762457719013x783848140687540200","","","","Batom Inteligente","luizsalmeron@gmail.com"
"","1762457762379x870054925306429400","","","","Batom Inteligente","luizsalmeron@gmail.com"
"","1762457652028x561150064887857150","","","","DOSE VERDE — Regeneração, Educação Ambiental e Economia de Carbono Azul","luizsalmeron@gmail.com"
"Sem comprovações e evidências.","1762457690675x335519965974888450","","","","DOSE VERDE — Regeneração, Educação Ambiental e Economia de Carbono Azul","luizsalmeron@gmail.com"
"","1762457719013x783848140687540200","","","","DOSE VERDE — Regeneração, Educação Ambiental e Economia de Carbono Azul","luizsalmeron@gmail.com"
"","1762457762379x870054925306429400","","","","DOSE VERDE — Regeneração, Educação Ambiental e Economia de Carbono Azul","luizsalmeron@gmail.com"
"","1762457652028x561150064887857150","","","","Territórios inovadores e sustentáveis  (Matriz Energética Limpa no Porto Digital) ","luizsalmeron@gmail.com"
"","1762457690675x335519965974888450","","","","Territórios inovadores e sustentáveis  (Matriz Energética Limpa no Porto Digital) ","luizsalmeron@gmail.com"
"","1762457719013x783848140687540200","","","","Territórios inovadores e sustentáveis  (Matriz Energética Limpa no Porto Digital) ","luizsalmeron@gmail.com"
"","1762457762379x870054925306429400","","","","Territórios inovadores e sustentáveis  (Matriz Energética Limpa no Porto Digital) ","luizsalmeron@gmail.com"
"","1762457652028x561150064887857150","","","","Doca - Frente de Inovação Aberta do Porto Digital","luizsalmeron@gmail.com"
"","1762457690675x335519965974888450","","","","Doca - Frente de Inovação Aberta do Porto Digital","luizsalmeron@gmail.com"
"","1762457719013x783848140687540200","","","","Doca - Frente de Inovação Aberta do Porto Digital","luizsalmeron@gmail.com"
"","1762457762379x870054925306429400","","","","Doca - Frente de Inovação Aberta do Porto Digital","luizsalmeron@gmail.com"
"","1762457652028x561150064887857150","","","","Colégio Núcleo (Geração Solidária)","luizsalmeron@gmail.com"
"","1762457690675x335519965974888450","","","","Colégio Núcleo (Geração Solidária)","luizsalmeron@gmail.com"
"","1762457719013x783848140687540200","","","","Colégio Núcleo (Geração Solidária)","luizsalmeron@gmail.com"
"","1762457762379x870054925306429400","","","","Colégio Núcleo (Geração Solidária)","luizsalmeron@gmail.com"
"Eu reconheço que existe uma disrupção importante no modelo da Ummix Ads, especialmente na forma de atendimento, trazendo automação, simplificação e acessibilidade para um mercado historicamente burocrático. A proposta de “impulsionar rádio/TV como se fosse digital” entrega velocidade, praticidade e democratização, e isso realmente altera a experiência do anunciante.

Por outro lado, é preciso ser realista: o mercado de mídia tradicional já vem adotando IA e automação há alguns anos. Empresas como Kantar IBOPE, JCDecaux, Clear Channel, Eletromidia e grandes grupos de comunicação já utilizam modelos avançados de dados, medição híbrida e recursos de inteligência para segmentação de campanhas e compra programática, especialmente em OOH e TV.

Então, reforço que a disrupção da Ummix Ads é muito mais no empacotamento, no acesso e na experiência do usuário — e menos uma disrupção do mercado como um todo. É uma inovação de modelo de entrega, não necessariamente uma revolução estrutural do setor.","1762457762379x870054925306429400","","","","Ummix Ads – Conectando Dados, Mídia e Cidades Inteligentes","qrzricardo@gmail.com"
"Eu reconheço que existe uma disrupção importante no modelo da Ummix Ads, especialmente na forma de atendimento, trazendo automação, simplificação e acessibilidade para um mercado historicamente burocrático. A proposta de “impulsionar rádio/TV como se fosse digital” entrega velocidade, praticidade e democratização, e isso realmente altera a experiência do anunciante.

Por outro lado, é preciso ser realista: o mercado de mídia tradicional já vem adotando IA e automação há alguns anos. Empresas como Kantar IBOPE, JCDecaux, Clear Channel, Eletromidia e grandes grupos de comunicação já utilizam modelos avançados de dados, medição híbrida e recursos de inteligência para segmentação de campanhas e compra programática, especialmente em OOH e TV.

Então, reforço que a disrupção da Ummix Ads é muito mais no empacotamento, no acesso e na experiência do usuário — e menos uma disrupção do mercado como um todo. É uma inovação de modelo de entrega, não necessariamente uma revolução estrutural do setor.","1762457652028x561150064887857150","","","","Ummix Ads – Conectando Dados, Mídia e Cidades Inteligentes","qrzricardo@gmail.com"
"Com base nos dados apresentados no deck, existe potencial concreto. Os números de crescimento, renovações e aumento de investimento são expressivos, especialmente quando analisamos os clientes que multiplicam o budget após as primeiras campanhas.

No entanto, ao mesmo tempo, eu vejo um desafio real: a competição por atenção e verba hoje é extremamente acirrada, principalmente com formatos digitais, que têm métricas mais profundas, segmentação individualizada e uma curva de aprendizado muito mais rápida.

A análise apresentada é robusta, mas ainda se apoia em uma amostra pequena de clientes. Para validar a consistência da eficiência prometida, seria necessário comparar essas métricas com um volume maior de campanhas em diferentes regiões, diferentes perfis de negócio e distintos tipos de mídia tradicional.

Ou seja, os resultados são bons, mas ainda carecem de amplitude para comprovar resiliência competitiva frente ao ecossistema de anúncios como um todo.","1762457690675x335519965974888450","","","","Ummix Ads – Conectando Dados, Mídia e Cidades Inteligentes","qrzricardo@gmail.com"
"Embora a Ummix Ads seja genuinamente uma plataforma SaaS, é preciso considerar a realidade operacional do setor de rádio e TV no Brasil. Em grandes centros, a maturidade e a digitalização dos veículos são muito maiores; porém, em cidades interiorizadas — que representam boa parte do território nacional — existe um amadorismo operacional mais evidente.

Muitas rádios locais não têm estrutura técnica, dados de audiência, integração digital ou processos comerciais organizados para suportar um modelo mais sofisticado de compra de mídia. Isso afeta diretamente a capacidade de mapeamento e integração com a plataforma.

Portanto, ainda que o modelo seja escalável em sua essência, a velocidade e a profundidade dessa escala dependem do nível de profissionalização dos parceiros locais. Isso cria uma heterogeneidade relevante e deve ser considerado como um limitador real do crescimento nacional, especialmente se o produto depende de dados estruturados, segmentação contextual e previsibilidade operacional.","1762457719013x783848140687540200","","","","Ummix Ads – Conectando Dados, Mídia e Cidades Inteligentes","qrzricardo@gmail.com"
"Embora a solução abra portas para pequenos anunciantes terem acesso à mídia tradicional de forma mais acessível, eu vejo pouco impacto direto no contexto deste critério.

Aqui estamos avaliando foco em pessoas, território e ecossistema de forma profunda — especialmente quando falamos de impacto social, transformação comunitária e fortalecimento de realidades locais. E, nesse sentido, a Ummix Ads opera muito mais como uma solução de mercado do que como uma solução orientada ao impacto social em territórios específicos.

Ela democratiza acesso à mídia para empresas menores, o que é positivo, mas o efeito sobre comunidades ou sobre vulnerabilidades sociais é indireto e limitado. Portanto, dentro deste critério, o impacto é mais periférico.","1762457762379x870054925306429400","","","","Ummix Ads – Conectando Dados, Mídia e Cidades Inteligentes","qrzricardo@gmail.com"
"","1762457652028x561150064887857150","","","","CIRCUITO DIGITAL DA POESIA","julianadesouzacorrea@gmail.com"
"","1762457690675x335519965974888450","","","","CIRCUITO DIGITAL DA POESIA","julianadesouzacorrea@gmail.com"
"","1762457719013x783848140687540200","","","","CIRCUITO DIGITAL DA POESIA","julianadesouzacorrea@gmail.com"
"","1762457762379x870054925306429400","","","","CIRCUITO DIGITAL DA POESIA","julianadesouzacorrea@gmail.com"
"","1762457652028x561150064887857150","","","","Rede Inova: Tecnologia e Inovação na Formação e Inclusão Social","julianadesouzacorrea@gmail.com"
"","1762457690675x335519965974888450","","","","Rede Inova: Tecnologia e Inovação na Formação e Inclusão Social","julianadesouzacorrea@gmail.com"
"","1762457719013x783848140687540200","","","","Rede Inova: Tecnologia e Inovação na Formação e Inclusão Social","julianadesouzacorrea@gmail.com"
"","1762457762379x870054925306429400","","","","Rede Inova: Tecnologia e Inovação na Formação e Inclusão Social","julianadesouzacorrea@gmail.com"
"","1762457652028x561150064887857150","","","","DESENVOLVIMENTO DE UM REMOVEDOR BIODEGRADÁVEL PARA APLICAÇÃO NA LIMPEZA DE PETRODERIVADOS DERRAMADOS EM OCEANOS","julianadesouzacorrea@gmail.com"
"Não entendi se quem desenvolveu foram só os pesquisadores da ICT, se teve parceria formalizada e transferência de tecnologia.","1762457690675x335519965974888450","","","","DESENVOLVIMENTO DE UM REMOVEDOR BIODEGRADÁVEL PARA APLICAÇÃO NA LIMPEZA DE PETRODERIVADOS DERRAMADOS EM OCEANOS","julianadesouzacorrea@gmail.com"
"","1762457762379x870054925306429400","","","","DESENVOLVIMENTO DE UM REMOVEDOR BIODEGRADÁVEL PARA APLICAÇÃO NA LIMPEZA DE PETRODERIVADOS DERRAMADOS EM OCEANOS","julianadesouzacorrea@gmail.com"
"","1762457719013x783848140687540200","","","","DESENVOLVIMENTO DE UM REMOVEDOR BIODEGRADÁVEL PARA APLICAÇÃO NA LIMPEZA DE PETRODERIVADOS DERRAMADOS EM OCEANOS","julianadesouzacorrea@gmail.com"
"","1762457652028x561150064887857150","","","","Projetos de Extensão com Base nos Objetivos de Desenvolvimento Sustentável (ODS) definidos pela ONU: Conectando Saberes Acadêmicos e Soluções Reais","julianadesouzacorrea@gmail.com"
"","1762457690675x335519965974888450","","","","Projetos de Extensão com Base nos Objetivos de Desenvolvimento Sustentável (ODS) definidos pela ONU: Conectando Saberes Acadêmicos e Soluções Reais","julianadesouzacorrea@gmail.com"
"","1762457719013x783848140687540200","","","","Projetos de Extensão com Base nos Objetivos de Desenvolvimento Sustentável (ODS) definidos pela ONU: Conectando Saberes Acadêmicos e Soluções Reais","julianadesouzacorrea@gmail.com"
"","1762457762379x870054925306429400","","","","Projetos de Extensão com Base nos Objetivos de Desenvolvimento Sustentável (ODS) definidos pela ONU: Conectando Saberes Acadêmicos e Soluções Reais","julianadesouzacorrea@gmail.com"
"","1762457652028x561150064887857150","","","","CETENE: PROMOTOR DA INOVAÇÃO PARA O DESENVOLVIMENTO SUSTENTÁVEL E INCLUSIVO DO NORDESTE","julianadesouzacorrea@gmail.com"
"","1762457690675x335519965974888450","","","","CETENE: PROMOTOR DA INOVAÇÃO PARA O DESENVOLVIMENTO SUSTENTÁVEL E INCLUSIVO DO NORDESTE","julianadesouzacorrea@gmail.com"
"","1762457719013x783848140687540200","","","","CETENE: PROMOTOR DA INOVAÇÃO PARA O DESENVOLVIMENTO SUSTENTÁVEL E INCLUSIVO DO NORDESTE","julianadesouzacorrea@gmail.com"
"","1762457762379x870054925306429400","","","","CETENE: PROMOTOR DA INOVAÇÃO PARA O DESENVOLVIMENTO SUSTENTÁVEL E INCLUSIVO DO NORDESTE","julianadesouzacorrea@gmail.com"
"","1762457652028x561150064887857150","","","","Unidade Ecotecnológica Experimental do Recife","julianadesouzacorrea@gmail.com"
"","1762457690675x335519965974888450","","","","Unidade Ecotecnológica Experimental do Recife","julianadesouzacorrea@gmail.com"
"","1762457719013x783848140687540200","","","","Unidade Ecotecnológica Experimental do Recife","julianadesouzacorrea@gmail.com"
"","1762457762379x870054925306429400","","","","Unidade Ecotecnológica Experimental do Recife","julianadesouzacorrea@gmail.com"
"","1762457652028x561150064887857150","","","","CIRCUITO DIGITAL DA POESIA","izadora.mattiello@wylinka.org.br"
"","1762457690675x335519965974888450","","","","CIRCUITO DIGITAL DA POESIA","izadora.mattiello@wylinka.org.br"
"","1762457719013x783848140687540200","","","","CIRCUITO DIGITAL DA POESIA","izadora.mattiello@wylinka.org.br"
"","1762457762379x870054925306429400","","","","CIRCUITO DIGITAL DA POESIA","izadora.mattiello@wylinka.org.br"
"","1762457652028x561150064887857150","","","","Parque Tecnológico e Científico da Universidade Federal de Pernambuco (Parque.TeC UFPE)","julianadesouzacorrea@gmail.com"
"","1762457690675x335519965974888450","","","","Parque Tecnológico e Científico da Universidade Federal de Pernambuco (Parque.TeC UFPE)","julianadesouzacorrea@gmail.com"
"","1762457719013x783848140687540200","","","","Parque Tecnológico e Científico da Universidade Federal de Pernambuco (Parque.TeC UFPE)","julianadesouzacorrea@gmail.com"
"","1762457762379x870054925306429400","","","","Parque Tecnológico e Científico da Universidade Federal de Pernambuco (Parque.TeC UFPE)","julianadesouzacorrea@gmail.com"
"","1762457652028x561150064887857150","","","","Projeto para Reabilitação de Áreas Centrais","julianadesouzacorrea@gmail.com"
"","1762457690675x335519965974888450","","","","Projeto para Reabilitação de Áreas Centrais","julianadesouzacorrea@gmail.com"
"","1762457719013x783848140687540200","","","","Projeto para Reabilitação de Áreas Centrais","julianadesouzacorrea@gmail.com"
"","1762457762379x870054925306429400","","","","Projeto para Reabilitação de Áreas Centrais","julianadesouzacorrea@gmail.com"
"","1762457652028x561150064887857150","","","","DESENVOLVIMENTO DE UM REMOVEDOR BIODEGRADÁVEL PARA APLICAÇÃO NA LIMPEZA DE PETRODERIVADOS DERRAMADOS EM OCEANOS","izadora.mattiello@wylinka.org.br"
"","1762457690675x335519965974888450","","","","DESENVOLVIMENTO DE UM REMOVEDOR BIODEGRADÁVEL PARA APLICAÇÃO NA LIMPEZA DE PETRODERIVADOS DERRAMADOS EM OCEANOS","izadora.mattiello@wylinka.org.br"
"","1762457719013x783848140687540200","","","","DESENVOLVIMENTO DE UM REMOVEDOR BIODEGRADÁVEL PARA APLICAÇÃO NA LIMPEZA DE PETRODERIVADOS DERRAMADOS EM OCEANOS","izadora.mattiello@wylinka.org.br"
"","1762457762379x870054925306429400","","","","DESENVOLVIMENTO DE UM REMOVEDOR BIODEGRADÁVEL PARA APLICAÇÃO NA LIMPEZA DE PETRODERIVADOS DERRAMADOS EM OCEANOS","izadora.mattiello@wylinka.org.br"
"","1762457652028x561150064887857150","","","","CIRCUITO DIGITAL DA POESIA","izadora.mattiello@wylinka.org.br"
"","1762457652028x561150064887857150","","","","Line: Sistema time-lapse com IA para cultivo embrionário","julianadesouzacorrea@gmail.com"
"","1762457690675x335519965974888450","","","","Line: Sistema time-lapse com IA para cultivo embrionário","julianadesouzacorrea@gmail.com"
"","1762457719013x783848140687540200","","","","Line: Sistema time-lapse com IA para cultivo embrionário","julianadesouzacorrea@gmail.com"
"","1762457762379x870054925306429400","","","","Line: Sistema time-lapse com IA para cultivo embrionário","julianadesouzacorrea@gmail.com"
"","1762457652028x561150064887857150","","","","Transformação de biomassas em produtos de alto valore agregado","julianadesouzacorrea@gmail.com"
"","1762457690675x335519965974888450","","","","Transformação de biomassas em produtos de alto valore agregado","julianadesouzacorrea@gmail.com"
"","1762457719013x783848140687540200","","","","Transformação de biomassas em produtos de alto valore agregado","julianadesouzacorrea@gmail.com"
"","1762457762379x870054925306429400","","","","Transformação de biomassas em produtos de alto valore agregado","julianadesouzacorrea@gmail.com"
"","1762457652028x561150064887857150","","","","Projetos de Extensão com Base nos Objetivos de Desenvolvimento Sustentável (ODS) definidos pela ONU: Conectando Saberes Acadêmicos e Soluções Reais","izadora.mattiello@wylinka.org.br"
"","1762457690675x335519965974888450","","","","Projetos de Extensão com Base nos Objetivos de Desenvolvimento Sustentável (ODS) definidos pela ONU: Conectando Saberes Acadêmicos e Soluções Reais","izadora.mattiello@wylinka.org.br"
"","1762457719013x783848140687540200","","","","Projetos de Extensão com Base nos Objetivos de Desenvolvimento Sustentável (ODS) definidos pela ONU: Conectando Saberes Acadêmicos e Soluções Reais","izadora.mattiello@wylinka.org.br"
"","1762457762379x870054925306429400","","","","Projetos de Extensão com Base nos Objetivos de Desenvolvimento Sustentável (ODS) definidos pela ONU: Conectando Saberes Acadêmicos e Soluções Reais","izadora.mattiello@wylinka.org.br"
"","1762457652028x561150064887857150","","","","BNCC para quê(m)? Uma pesquisa aplicada sobre a qualidade da Educação Infantil nas creches do Recife","julianadesouzacorrea@gmail.com"
"","1762457719013x783848140687540200","","","","BNCC para quê(m)? Uma pesquisa aplicada sobre a qualidade da Educação Infantil nas creches do Recife","julianadesouzacorrea@gmail.com"
"","1762457690675x335519965974888450","","","","BNCC para quê(m)? Uma pesquisa aplicada sobre a qualidade da Educação Infantil nas creches do Recife","julianadesouzacorrea@gmail.com"
"","1762457762379x870054925306429400","","","","BNCC para quê(m)? Uma pesquisa aplicada sobre a qualidade da Educação Infantil nas creches do Recife","julianadesouzacorrea@gmail.com"
"","1762457719013x783848140687540200","","","","FUTURAS CIENTISTAS","julianadesouzacorrea@gmail.com"
"","1762457762379x870054925306429400","","","","FUTURAS CIENTISTAS","julianadesouzacorrea@gmail.com"
"","1762457690675x335519965974888450","","","","FUTURAS CIENTISTAS","julianadesouzacorrea@gmail.com"
"","1762457652028x561150064887857150","","","","CETENE: PROMOTOR DA INOVAÇÃO PARA O DESENVOLVIMENTO SUSTENTÁVEL E INCLUSIVO DO NORDESTE","izadora.mattiello@wylinka.org.br"
"","1762457690675x335519965974888450","","","","CETENE: PROMOTOR DA INOVAÇÃO PARA O DESENVOLVIMENTO SUSTENTÁVEL E INCLUSIVO DO NORDESTE","izadora.mattiello@wylinka.org.br"
"","1762457652028x561150064887857150","","","","FUTURAS CIENTISTAS","julianadesouzacorrea@gmail.com"
"","1762457719013x783848140687540200","","","","CETENE: PROMOTOR DA INOVAÇÃO PARA O DESENVOLVIMENTO SUSTENTÁVEL E INCLUSIVO DO NORDESTE","izadora.mattiello@wylinka.org.br"
"","1762457762379x870054925306429400","","","","CETENE: PROMOTOR DA INOVAÇÃO PARA O DESENVOLVIMENTO SUSTENTÁVEL E INCLUSIVO DO NORDESTE","izadora.mattiello@wylinka.org.br"
"","1762457652028x561150064887857150","","","","ZeaTech – Tecnologia Que Conecta Você a Um Futuro Sustentável","julianadesouzacorrea@gmail.com"
"","1762457690675x335519965974888450","","","","ZeaTech – Tecnologia Que Conecta Você a Um Futuro Sustentável","julianadesouzacorrea@gmail.com"
"","1762457719013x783848140687540200","","","","ZeaTech – Tecnologia Que Conecta Você a Um Futuro Sustentável","julianadesouzacorrea@gmail.com"
"","1762457762379x870054925306429400","","","","ZeaTech – Tecnologia Que Conecta Você a Um Futuro Sustentável","julianadesouzacorrea@gmail.com"
"","1762457652028x561150064887857150","","","","Instituto Ipê","julianadesouzacorrea@gmail.com"
"","1762457690675x335519965974888450","","","","Instituto Ipê","julianadesouzacorrea@gmail.com"
"","1762457719013x783848140687540200","","","","Instituto Ipê","julianadesouzacorrea@gmail.com"
"","1762457762379x870054925306429400","","","","Instituto Ipê","julianadesouzacorrea@gmail.com"
"","1762457652028x561150064887857150","","","","Unidade Ecotecnológica Experimental do Recife","izadora.mattiello@wylinka.org.br"
"","1762457690675x335519965974888450","","","","Unidade Ecotecnológica Experimental do Recife","izadora.mattiello@wylinka.org.br"
"","1762457719013x783848140687540200","","","","Unidade Ecotecnológica Experimental do Recife","izadora.mattiello@wylinka.org.br"
"","1762457762379x870054925306429400","","","","Unidade Ecotecnológica Experimental do Recife","izadora.mattiello@wylinka.org.br"
"","1762457652028x561150064887857150","","","","CESAR Summer Job","julianadesouzacorrea@gmail.com"
"","1762457690675x335519965974888450","","","","CESAR Summer Job","julianadesouzacorrea@gmail.com"
"","1762457652028x561150064887857150","","","","Parque Tecnológico e Científico da Universidade Federal de Pernambuco (Parque.TeC UFPE)","izadora.mattiello@wylinka.org.br"
"","1762457690675x335519965974888450","","","","Parque Tecnológico e Científico da Universidade Federal de Pernambuco (Parque.TeC UFPE)","izadora.mattiello@wylinka.org.br"
"","1762457719013x783848140687540200","","","","Parque Tecnológico e Científico da Universidade Federal de Pernambuco (Parque.TeC UFPE)","izadora.mattiello@wylinka.org.br"
"","1762457762379x870054925306429400","","","","Parque Tecnológico e Científico da Universidade Federal de Pernambuco (Parque.TeC UFPE)","izadora.mattiello@wylinka.org.br"
"","1762457719013x783848140687540200","","","","CESAR Summer Job","julianadesouzacorrea@gmail.com"
"","1762457762379x870054925306429400","","","","CESAR Summer Job","julianadesouzacorrea@gmail.com"
"","1762457652028x561150064887857150","","","","NÚCLEO DE INOVAÇÃO TECNOLÓGICA (NIT) - Estácio Recife","julianadesouzacorrea@gmail.com"
"","1762457690675x335519965974888450","","","","NÚCLEO DE INOVAÇÃO TECNOLÓGICA (NIT) - Estácio Recife","julianadesouzacorrea@gmail.com"
"","1762457719013x783848140687540200","","","","NÚCLEO DE INOVAÇÃO TECNOLÓGICA (NIT) - Estácio Recife","julianadesouzacorrea@gmail.com"
"","1762457762379x870054925306429400","","","","NÚCLEO DE INOVAÇÃO TECNOLÓGICA (NIT) - Estácio Recife","julianadesouzacorrea@gmail.com"
"","1762457652028x561150064887857150","","","","i.de.i.a.S.: Ecossistema Colaborativo e de Inovação para Impulsionar Educação e Empreendedorismo","julianadesouzacorrea@gmail.com"
"","1762457690675x335519965974888450","","","","i.de.i.a.S.: Ecossistema Colaborativo e de Inovação para Impulsionar Educação e Empreendedorismo","julianadesouzacorrea@gmail.com"
"","1762457762379x870054925306429400","","","","i.de.i.a.S.: Ecossistema Colaborativo e de Inovação para Impulsionar Educação e Empreendedorismo","julianadesouzacorrea@gmail.com"
"","1762457719013x783848140687540200","","","","Iguais, mas diferentes: medindo eficácia e equidade das escolas públicas brasileiras","julianadesouzacorrea@gmail.com"
"","1762457652028x561150064887857150","","","","Biosurfatech: Limpeza Sustentável com o Poder dos Microrganismos","julianadesouzacorrea@gmail.com"
"","1762457690675x335519965974888450","","","","Biosurfatech: Limpeza Sustentável com o Poder dos Microrganismos","julianadesouzacorrea@gmail.com"
"","1762457719013x783848140687540200","","","","Biosurfatech: Limpeza Sustentável com o Poder dos Microrganismos","julianadesouzacorrea@gmail.com"
"","1762457762379x870054925306429400","","","","Biosurfatech: Limpeza Sustentável com o Poder dos Microrganismos","julianadesouzacorrea@gmail.com"
"","1762457652028x561150064887857150","","","","Projeto para Reabilitação de Áreas Centrais","izadora.mattiello@wylinka.org.br"
"","1762457690675x335519965974888450","","","","Projeto para Reabilitação de Áreas Centrais","izadora.mattiello@wylinka.org.br"
"","1762457719013x783848140687540200","","","","Projeto para Reabilitação de Áreas Centrais","izadora.mattiello@wylinka.org.br"
"","1762457762379x870054925306429400","","","","Projeto para Reabilitação de Áreas Centrais","izadora.mattiello@wylinka.org.br"
"","1762457652028x561150064887857150","","","","Residência Tecnológica","julianadesouzacorrea@gmail.com"
"","1762457690675x335519965974888450","","","","Residência Tecnológica","julianadesouzacorrea@gmail.com"
"","1762457719013x783848140687540200","","","","Residência Tecnológica","julianadesouzacorrea@gmail.com"
"","1762457652028x561150064887857150","","","","Line: Sistema time-lapse com IA para cultivo embrionário","izadora.mattiello@wylinka.org.br"
"","1762457762379x870054925306429400","","","","Iguais, mas diferentes: medindo eficácia e equidade das escolas públicas brasileiras","julianadesouzacorrea@gmail.com"
"","1762457690675x335519965974888450","","","","Line: Sistema time-lapse com IA para cultivo embrionário","izadora.mattiello@wylinka.org.br"
"","1762457719013x783848140687540200","","","","Line: Sistema time-lapse com IA para cultivo embrionário","izadora.mattiello@wylinka.org.br"
"","1762457762379x870054925306429400","","","","Residência Tecnológica","julianadesouzacorrea@gmail.com"
"","1762457762379x870054925306429400","","","","Line: Sistema time-lapse com IA para cultivo embrionário","izadora.mattiello@wylinka.org.br"
"","1762457652028x561150064887857150","","","","Rede CONEXUS-PDTIS( Programa de Desenvolvimento de Talentos e Inovação em Saúde digital)","julianadesouzacorrea@gmail.com"
"","1762457690675x335519965974888450","","","","Rede CONEXUS-PDTIS( Programa de Desenvolvimento de Talentos e Inovação em Saúde digital)","julianadesouzacorrea@gmail.com"
"","1762457719013x783848140687540200","","","","Rede CONEXUS-PDTIS( Programa de Desenvolvimento de Talentos e Inovação em Saúde digital)","julianadesouzacorrea@gmail.com"
"","1762457762379x870054925306429400","","","","Rede CONEXUS-PDTIS( Programa de Desenvolvimento de Talentos e Inovação em Saúde digital)","julianadesouzacorrea@gmail.com"
"","1762457652028x561150064887857150","","","","Transformação de biomassas em produtos de alto valore agregado","izadora.mattiello@wylinka.org.br"
"","1762457690675x335519965974888450","","","","Transformação de biomassas em produtos de alto valore agregado","izadora.mattiello@wylinka.org.br"
"","1762457652028x561150064887857150","","","","Formação em Inteligência de Mercado e Dados para Startups Deep Techs","julianadesouzacorrea@gmail.com"
"","1762457690675x335519965974888450","","","","Formação em Inteligência de Mercado e Dados para Startups Deep Techs","julianadesouzacorrea@gmail.com"
"","1762457719013x783848140687540200","","","","Formação em Inteligência de Mercado e Dados para Startups Deep Techs","julianadesouzacorrea@gmail.com"
"","1762457762379x870054925306429400","","","","Formação em Inteligência de Mercado e Dados para Startups Deep Techs","julianadesouzacorrea@gmail.com"
"","1762457690675x335519965974888450","","","","Transformação de biomassas em produtos de alto valore agregado","izadora.mattiello@wylinka.org.br"
"","1762457719013x783848140687540200","","","","Transformação de biomassas em produtos de alto valore agregado","izadora.mattiello@wylinka.org.br"
"","1762457762379x870054925306429400","","","","Transformação de biomassas em produtos de alto valore agregado","izadora.mattiello@wylinka.org.br"
"","1762457652028x561150064887857150","","","","BNCC para quê(m)? Uma pesquisa aplicada sobre a qualidade da Educação Infantil nas creches do Recife","izadora.mattiello@wylinka.org.br"
"","1762457690675x335519965974888450","","","","BNCC para quê(m)? Uma pesquisa aplicada sobre a qualidade da Educação Infantil nas creches do Recife","izadora.mattiello@wylinka.org.br"
"","1762457719013x783848140687540200","","","","BNCC para quê(m)? Uma pesquisa aplicada sobre a qualidade da Educação Infantil nas creches do Recife","izadora.mattiello@wylinka.org.br"
"","1762457762379x870054925306429400","","","","BNCC para quê(m)? Uma pesquisa aplicada sobre a qualidade da Educação Infantil nas creches do Recife","izadora.mattiello@wylinka.org.br"
"","1762457652028x561150064887857150","","","","Immuned: Uma ferramenta de predição de resposta terapêutica para doenças autoimunes reumatológicas","julianadesouzacorrea@gmail.com"
"","1762457719013x783848140687540200","","","","Immuned: Uma ferramenta de predição de resposta terapêutica para doenças autoimunes reumatológicas","julianadesouzacorrea@gmail.com"
"","1762457690675x335519965974888450","","","","Immuned: Uma ferramenta de predição de resposta terapêutica para doenças autoimunes reumatológicas","julianadesouzacorrea@gmail.com"
"","1762457652028x561150064887857150","","","","FUTURAS CIENTISTAS","izadora.mattiello@wylinka.org.br"
"","1762457690675x335519965974888450","","","","FUTURAS CIENTISTAS","izadora.mattiello@wylinka.org.br"
"","1762457719013x783848140687540200","","","","FUTURAS CIENTISTAS","izadora.mattiello@wylinka.org.br"
"A iniciativa demonstra forte impacto assistencial, acadêmico e econômico","1762457762379x870054925306429400","","","","Immuned: Uma ferramenta de predição de resposta terapêutica para doenças autoimunes reumatológicas","julianadesouzacorrea@gmail.com"
"","1762457762379x870054925306429400","","","","FUTURAS CIENTISTAS","izadora.mattiello@wylinka.org.br"
"","1762457652028x561150064887857150","","","","Seed a Bit - Empresa Júnior de Tecnologia","julianadesouzacorrea@gmail.com"
"","1762457690675x335519965974888450","","","","Seed a Bit - Empresa Júnior de Tecnologia","julianadesouzacorrea@gmail.com"
"","1762457762379x870054925306429400","","","","Seed a Bit - Empresa Júnior de Tecnologia","julianadesouzacorrea@gmail.com"
"","1762457719013x783848140687540200","","","","Seed a Bit - Empresa Júnior de Tecnologia","julianadesouzacorrea@gmail.com"
"","1762457762379x870054925306429400","","","","Seed a Bit - Empresa Júnior de Tecnologia","julianadesouzacorrea@gmail.com"
"","1762457652028x561150064887857150","","","","MONITORAMENTO DAS DECISÕES DA CORTE INTERAMERICANA DE DIREITOS HUMANOS NO CASO DO COMPLEXO DO CURADO: DESAFIOS INSTITUCIONAIS NA EFETIVIDADE DOS DIREITOS HUMANOS EM PERNAMBUCO","julianadesouzacorrea@gmail.com"
"","1762457652028x561150064887857150","","","","ZeaTech – Tecnologia Que Conecta Você a Um Futuro Sustentável","izadora.mattiello@wylinka.org.br"
"","1762457690675x335519965974888450","","","","ZeaTech – Tecnologia Que Conecta Você a Um Futuro Sustentável","izadora.mattiello@wylinka.org.br"
"","1762457690675x335519965974888450","","","","MONITORAMENTO DAS DECISÕES DA CORTE INTERAMERICANA DE DIREITOS HUMANOS NO CASO DO COMPLEXO DO CURADO: DESAFIOS INSTITUCIONAIS NA EFETIVIDADE DOS DIREITOS HUMANOS EM PERNAMBUCO","julianadesouzacorrea@gmail.com"
"","1762457719013x783848140687540200","","","","ZeaTech – Tecnologia Que Conecta Você a Um Futuro Sustentável","izadora.mattiello@wylinka.org.br"
"","1762457719013x783848140687540200","","","","MONITORAMENTO DAS DECISÕES DA CORTE INTERAMERICANA DE DIREITOS HUMANOS NO CASO DO COMPLEXO DO CURADO: DESAFIOS INSTITUCIONAIS NA EFETIVIDADE DOS DIREITOS HUMANOS EM PERNAMBUCO","julianadesouzacorrea@gmail.com"
"","1762457762379x870054925306429400","","","","ZeaTech – Tecnologia Que Conecta Você a Um Futuro Sustentável","izadora.mattiello@wylinka.org.br"
"","1762457762379x870054925306429400","","","","MONITORAMENTO DAS DECISÕES DA CORTE INTERAMERICANA DE DIREITOS HUMANOS NO CASO DO COMPLEXO DO CURADO: DESAFIOS INSTITUCIONAIS NA EFETIVIDADE DOS DIREITOS HUMANOS EM PERNAMBUCO","julianadesouzacorrea@gmail.com"
"","1762457652028x561150064887857150","","","","Direitos econômicos, sociais, culturais e ambientais (DESCA), cidade e moradia adequada","julianadesouzacorrea@gmail.com"
"","1762457719013x783848140687540200","","","","Direitos econômicos, sociais, culturais e ambientais (DESCA), cidade e moradia adequada","julianadesouzacorrea@gmail.com"
"","1762457690675x335519965974888450","","","","Direitos econômicos, sociais, culturais e ambientais (DESCA), cidade e moradia adequada","julianadesouzacorrea@gmail.com"
"","1762457762379x870054925306429400","","","","Direitos econômicos, sociais, culturais e ambientais (DESCA), cidade e moradia adequada","julianadesouzacorrea@gmail.com"
"","1762457652028x561150064887857150","","","","Programa “ Várzea do Futuro”","julianadesouzacorrea@gmail.com"
"","1762457690675x335519965974888450","","","","Programa “ Várzea do Futuro”","julianadesouzacorrea@gmail.com"
"","1762457719013x783848140687540200","","","","Programa “ Várzea do Futuro”","julianadesouzacorrea@gmail.com"
"","1762457762379x870054925306429400","","","","Programa “ Várzea do Futuro”","julianadesouzacorrea@gmail.com"
"","1762457652028x561150064887857150","","","","Instituto Ipê","izadora.mattiello@wylinka.org.br"
"","1762457652028x561150064887857150","","","","IPTU: um tributo que precisa sair do papel.","julianadesouzacorrea@gmail.com"
"","1762457690675x335519965974888450","","","","Instituto Ipê","izadora.mattiello@wylinka.org.br"
"","1762457690675x335519965974888450","","","","IPTU: um tributo que precisa sair do papel.","julianadesouzacorrea@gmail.com"
"","1762457719013x783848140687540200","","","","Instituto Ipê","izadora.mattiello@wylinka.org.br"
"","1762457762379x870054925306429400","","","","IPTU: um tributo que precisa sair do papel.","julianadesouzacorrea@gmail.com"
"","1762457762379x870054925306429400","","","","Instituto Ipê","izadora.mattiello@wylinka.org.br"
"","1762457719013x783848140687540200","","","","IPTU: um tributo que precisa sair do papel.","julianadesouzacorrea@gmail.com"
"","1762457652028x561150064887857150","","","","Projeto de Extensão Tecnológica (PET): Aproximação do Ensino Técnico às experiências do mundo do trabalho.","julianadesouzacorrea@gmail.com"
"","1762457690675x335519965974888450","","","","Projeto de Extensão Tecnológica (PET): Aproximação do Ensino Técnico às experiências do mundo do trabalho.","julianadesouzacorrea@gmail.com"
"","1762457719013x783848140687540200","","","","Projeto de Extensão Tecnológica (PET): Aproximação do Ensino Técnico às experiências do mundo do trabalho.","julianadesouzacorrea@gmail.com"
"","1762457762379x870054925306429400","","","","Projeto de Extensão Tecnológica (PET): Aproximação do Ensino Técnico às experiências do mundo do trabalho.","julianadesouzacorrea@gmail.com"
"","1762457652028x561150064887857150","","","","CESAR Summer Job","izadora.mattiello@wylinka.org.br"
"","1762457690675x335519965974888450","","","","CESAR Summer Job","izadora.mattiello@wylinka.org.br"
"","1762457719013x783848140687540200","","","","CESAR Summer Job","izadora.mattiello@wylinka.org.br"
"","1762457762379x870054925306429400","","","","CESAR Summer Job","izadora.mattiello@wylinka.org.br"
"","1762457652028x561150064887857150","","",""," Curativo Bioadesivo inovador de base nanotecnológica capaz de promover liberação controlada e prolongada de fármacos","julianadesouzacorrea@gmail.com"
"","1762457690675x335519965974888450","","",""," Curativo Bioadesivo inovador de base nanotecnológica capaz de promover liberação controlada e prolongada de fármacos","julianadesouzacorrea@gmail.com"
"","1762457719013x783848140687540200","","",""," Curativo Bioadesivo inovador de base nanotecnológica capaz de promover liberação controlada e prolongada de fármacos","julianadesouzacorrea@gmail.com"
"","1762457762379x870054925306429400","","",""," Curativo Bioadesivo inovador de base nanotecnológica capaz de promover liberação controlada e prolongada de fármacos","julianadesouzacorrea@gmail.com"
"","1762457652028x561150064887857150","","","","Educação Ambiental e Sustentabilidade Corporativa","julianadesouzacorrea@gmail.com"
"","1762457690675x335519965974888450","","","","Educação Ambiental e Sustentabilidade Corporativa","julianadesouzacorrea@gmail.com"
"","1762457719013x783848140687540200","","","","Educação Ambiental e Sustentabilidade Corporativa","julianadesouzacorrea@gmail.com"
"","1762457762379x870054925306429400","","","","Educação Ambiental e Sustentabilidade Corporativa","julianadesouzacorrea@gmail.com"
"","1762457652028x561150064887857150","","","","INOVAREPE - A JORNADA UPE/UFEPE DE INOVAÇÃO ABERTA GOVTECH","julianadesouzacorrea@gmail.com"
"","1762457690675x335519965974888450","","","","INOVAREPE - A JORNADA UPE/UFEPE DE INOVAÇÃO ABERTA GOVTECH","julianadesouzacorrea@gmail.com"
"","1762457719013x783848140687540200","","","","INOVAREPE - A JORNADA UPE/UFEPE DE INOVAÇÃO ABERTA GOVTECH","julianadesouzacorrea@gmail.com"
"","1762457762379x870054925306429400","","","","INOVAREPE - A JORNADA UPE/UFEPE DE INOVAÇÃO ABERTA GOVTECH","julianadesouzacorrea@gmail.com"
"","1762457762379x870054925306429400","","","","INOVAREPE - A JORNADA UPE/UFEPE DE INOVAÇÃO ABERTA GOVTECH","julianadesouzacorrea@gmail.com"
"","1762457652028x561150064887857150","","","","Movimento Empresa Junior Pernambucano","julianadesouzacorrea@gmail.com"
"","1762457690675x335519965974888450","","","","Movimento Empresa Junior Pernambucano","julianadesouzacorrea@gmail.com"
"","1762457762379x870054925306429400","","","","Movimento Empresa Junior Pernambucano","julianadesouzacorrea@gmail.com"
"","1762457719013x783848140687540200","","","","Movimento Empresa Junior Pernambucano","julianadesouzacorrea@gmail.com"
"","1762457690675x335519965974888450","","","","Movimento Empresa Junior Pernambucano","julianadesouzacorrea@gmail.com"
"","1762457690675x335519965974888450","","","","NÚCLEO DE INOVAÇÃO TECNOLÓGICA (NIT) - Estácio Recife","izadora.mattiello@wylinka.org.br"
"","1762457652028x561150064887857150","","","","NÚCLEO DE INOVAÇÃO TECNOLÓGICA (NIT) - Estácio Recife","izadora.mattiello@wylinka.org.br"
"","1762457719013x783848140687540200","","","","NÚCLEO DE INOVAÇÃO TECNOLÓGICA (NIT) - Estácio Recife","izadora.mattiello@wylinka.org.br"
"","1762457762379x870054925306429400","","","","NÚCLEO DE INOVAÇÃO TECNOLÓGICA (NIT) - Estácio Recife","izadora.mattiello@wylinka.org.br"
"","1762457652028x561150064887857150","","","","i.de.i.a.S.: Ecossistema Colaborativo e de Inovação para Impulsionar Educação e Empreendedorismo","izadora.mattiello@wylinka.org.br"
"","1762457690675x335519965974888450","","","","i.de.i.a.S.: Ecossistema Colaborativo e de Inovação para Impulsionar Educação e Empreendedorismo","izadora.mattiello@wylinka.org.br"
"","1762457719013x783848140687540200","","","","i.de.i.a.S.: Ecossistema Colaborativo e de Inovação para Impulsionar Educação e Empreendedorismo","izadora.mattiello@wylinka.org.br"
"","1762457762379x870054925306429400","","","","i.de.i.a.S.: Ecossistema Colaborativo e de Inovação para Impulsionar Educação e Empreendedorismo","izadora.mattiello@wylinka.org.br"
"","1762457652028x561150064887857150","","","","Biosurfatech: Limpeza Sustentável com o Poder dos Microrganismos","izadora.mattiello@wylinka.org.br"
"","1762457652028x561150064887857150","","","","Biosurfatech: Limpeza Sustentável com o Poder dos Microrganismos","izadora.mattiello@wylinka.org.br"
"","1762457690675x335519965974888450","","","","Biosurfatech: Limpeza Sustentável com o Poder dos Microrganismos","izadora.mattiello@wylinka.org.br"
"","1762457719013x783848140687540200","","","","Biosurfatech: Limpeza Sustentável com o Poder dos Microrganismos","izadora.mattiello@wylinka.org.br"
"","1762457762379x870054925306429400","","","","Biosurfatech: Limpeza Sustentável com o Poder dos Microrganismos","izadora.mattiello@wylinka.org.br"
"","1762457652028x561150064887857150","","","","Residência Tecnológica","izadora.mattiello@wylinka.org.br"
"","1762457652028x561150064887857150","","","","Residência Tecnológica","izadora.mattiello@wylinka.org.br"
"","1762457719013x783848140687540200","","","","Residência Tecnológica","izadora.mattiello@wylinka.org.br"
"","1762457762379x870054925306429400","","","","Residência Tecnológica","izadora.mattiello@wylinka.org.br"
"","1762457690675x335519965974888450","","","","Residência Tecnológica","izadora.mattiello@wylinka.org.br"
"","1762457652028x561150064887857150","","","","Rede CONEXUS-PDTIS( Programa de Desenvolvimento de Talentos e Inovação em Saúde digital)","izadora.mattiello@wylinka.org.br"
"","1762457690675x335519965974888450","","","","Rede CONEXUS-PDTIS( Programa de Desenvolvimento de Talentos e Inovação em Saúde digital)","izadora.mattiello@wylinka.org.br"
"","1762457719013x783848140687540200","","","","Rede CONEXUS-PDTIS( Programa de Desenvolvimento de Talentos e Inovação em Saúde digital)","izadora.mattiello@wylinka.org.br"
"","1762457762379x870054925306429400","","","","Rede CONEXUS-PDTIS( Programa de Desenvolvimento de Talentos e Inovação em Saúde digital)","izadora.mattiello@wylinka.org.br"
"","1762457652028x561150064887857150","","","","Formação em Inteligência de Mercado e Dados para Startups Deep Techs","izadora.mattiello@wylinka.org.br"
"","1762457690675x335519965974888450","","","","Formação em Inteligência de Mercado e Dados para Startups Deep Techs","izadora.mattiello@wylinka.org.br"
"","1762457719013x783848140687540200","","","","Formação em Inteligência de Mercado e Dados para Startups Deep Techs","izadora.mattiello@wylinka.org.br"
"","1762457762379x870054925306429400","","","","Formação em Inteligência de Mercado e Dados para Startups Deep Techs","izadora.mattiello@wylinka.org.br"
"","1762457652028x561150064887857150","","","","Immuned: Uma ferramenta de predição de resposta terapêutica para doenças autoimunes reumatológicas","izadora.mattiello@wylinka.org.br"
"","1762457690675x335519965974888450","","","","Immuned: Uma ferramenta de predição de resposta terapêutica para doenças autoimunes reumatológicas","izadora.mattiello@wylinka.org.br"
"","1762457719013x783848140687540200","","","","Immuned: Uma ferramenta de predição de resposta terapêutica para doenças autoimunes reumatológicas","izadora.mattiello@wylinka.org.br"
"","1762457762379x870054925306429400","","","","Immuned: Uma ferramenta de predição de resposta terapêutica para doenças autoimunes reumatológicas","izadora.mattiello@wylinka.org.br"
"","1762457719013x783848140687540200","","","","Immuned: Uma ferramenta de predição de resposta terapêutica para doenças autoimunes reumatológicas","izadora.mattiello@wylinka.org.br"
"","1762457652028x561150064887857150","","","","Seed a Bit - Empresa Júnior de Tecnologia","izadora.mattiello@wylinka.org.br"
"","1762457690675x335519965974888450","","","","Seed a Bit - Empresa Júnior de Tecnologia","izadora.mattiello@wylinka.org.br"
"","1762457719013x783848140687540200","","","","Seed a Bit - Empresa Júnior de Tecnologia","izadora.mattiello@wylinka.org.br"
"","1762457690675x335519965974888450","","","","Seed a Bit - Empresa Júnior de Tecnologia","izadora.mattiello@wylinka.org.br"
"","1762457762379x870054925306429400","","","","Seed a Bit - Empresa Júnior de Tecnologia","izadora.mattiello@wylinka.org.br"
"","1762457652028x561150064887857150","","","","Movimento Empresa Junior Pernambucano","izadora.mattiello@wylinka.org.br"
"","1762457690675x335519965974888450","","","","Movimento Empresa Junior Pernambucano","izadora.mattiello@wylinka.org.br"
"","1762457719013x783848140687540200","","","","Movimento Empresa Junior Pernambucano","izadora.mattiello@wylinka.org.br"
"","1762457762379x870054925306429400","","","","Movimento Empresa Junior Pernambucano","izadora.mattiello@wylinka.org.br"
"","1762457690675x335519965974888450","","","","Movimento Empresa Junior Pernambucano","izadora.mattiello@wylinka.org.br"
"","1762457652028x561150064887857150","","","","INOVAREPE - A JORNADA UPE/UFEPE DE INOVAÇÃO ABERTA GOVTECH","izadora.mattiello@wylinka.org.br"
"","1762457690675x335519965974888450","","","","INOVAREPE - A JORNADA UPE/UFEPE DE INOVAÇÃO ABERTA GOVTECH","izadora.mattiello@wylinka.org.br"
"","1762457719013x783848140687540200","","","","INOVAREPE - A JORNADA UPE/UFEPE DE INOVAÇÃO ABERTA GOVTECH","izadora.mattiello@wylinka.org.br"
"","1762457762379x870054925306429400","","","","INOVAREPE - A JORNADA UPE/UFEPE DE INOVAÇÃO ABERTA GOVTECH","izadora.mattiello@wylinka.org.br"
"","1762457652028x561150064887857150","","","","Educação Ambiental e Sustentabilidade Corporativa","izadora.mattiello@wylinka.org.br"
"","1762457690675x335519965974888450","","","","Educação Ambiental e Sustentabilidade Corporativa","izadora.mattiello@wylinka.org.br"
"","1762457762379x870054925306429400","","","","Educação Ambiental e Sustentabilidade Corporativa","izadora.mattiello@wylinka.org.br"
"","1762457719013x783848140687540200","","","","Educação Ambiental e Sustentabilidade Corporativa","izadora.mattiello@wylinka.org.br"
"","1762457652028x561150064887857150","","",""," Curativo Bioadesivo inovador de base nanotecnológica capaz de promover liberação controlada e prolongada de fármacos","izadora.mattiello@wylinka.org.br"
"","1762457690675x335519965974888450","","",""," Curativo Bioadesivo inovador de base nanotecnológica capaz de promover liberação controlada e prolongada de fármacos","izadora.mattiello@wylinka.org.br"
"","1762457762379x870054925306429400","","",""," Curativo Bioadesivo inovador de base nanotecnológica capaz de promover liberação controlada e prolongada de fármacos","izadora.mattiello@wylinka.org.br"
"","1762457719013x783848140687540200","","",""," Curativo Bioadesivo inovador de base nanotecnológica capaz de promover liberação controlada e prolongada de fármacos","izadora.mattiello@wylinka.org.br"
"","1762457652028x561150064887857150","","","","Projeto de Extensão Tecnológica (PET): Aproximação do Ensino Técnico às experiências do mundo do trabalho.","izadora.mattiello@wylinka.org.br"
"","1762457690675x335519965974888450","","","","Projeto de Extensão Tecnológica (PET): Aproximação do Ensino Técnico às experiências do mundo do trabalho.","izadora.mattiello@wylinka.org.br"
"","1762457719013x783848140687540200","","","","Projeto de Extensão Tecnológica (PET): Aproximação do Ensino Técnico às experiências do mundo do trabalho.","izadora.mattiello@wylinka.org.br"
"","1762457762379x870054925306429400","","","","Projeto de Extensão Tecnológica (PET): Aproximação do Ensino Técnico às experiências do mundo do trabalho.","izadora.mattiello@wylinka.org.br"
"","1762457652028x561150064887857150","","","","IPTU: um tributo que precisa sair do papel.","izadora.mattiello@wylinka.org.br"
"","1762457690675x335519965974888450","","","","IPTU: um tributo que precisa sair do papel.","izadora.mattiello@wylinka.org.br"
"","1762457719013x783848140687540200","","","","IPTU: um tributo que precisa sair do papel.","izadora.mattiello@wylinka.org.br"
"","1762457762379x870054925306429400","","","","IPTU: um tributo que precisa sair do papel.","izadora.mattiello@wylinka.org.br"
"","1762457652028x561150064887857150","","","","Programa “ Várzea do Futuro”","izadora.mattiello@wylinka.org.br"
"","1762457690675x335519965974888450","","","","Programa “ Várzea do Futuro”","izadora.mattiello@wylinka.org.br"
"","1762457719013x783848140687540200","","","","Programa “ Várzea do Futuro”","izadora.mattiello@wylinka.org.br"
"","1762457762379x870054925306429400","","","","Programa “ Várzea do Futuro”","izadora.mattiello@wylinka.org.br"
"","1762457652028x561150064887857150","","","","MONITORAMENTO DAS DECISÕES DA CORTE INTERAMERICANA DE DIREITOS HUMANOS NO CASO DO COMPLEXO DO CURADO: DESAFIOS INSTITUCIONAIS NA EFETIVIDADE DOS DIREITOS HUMANOS EM PERNAMBUCO","izadora.mattiello@wylinka.org.br"
"","1762457690675x335519965974888450","","","","MONITORAMENTO DAS DECISÕES DA CORTE INTERAMERICANA DE DIREITOS HUMANOS NO CASO DO COMPLEXO DO CURADO: DESAFIOS INSTITUCIONAIS NA EFETIVIDADE DOS DIREITOS HUMANOS EM PERNAMBUCO","izadora.mattiello@wylinka.org.br"
"","1762457719013x783848140687540200","","","","MONITORAMENTO DAS DECISÕES DA CORTE INTERAMERICANA DE DIREITOS HUMANOS NO CASO DO COMPLEXO DO CURADO: DESAFIOS INSTITUCIONAIS NA EFETIVIDADE DOS DIREITOS HUMANOS EM PERNAMBUCO","izadora.mattiello@wylinka.org.br"
"","1762457762379x870054925306429400","","","","MONITORAMENTO DAS DECISÕES DA CORTE INTERAMERICANA DE DIREITOS HUMANOS NO CASO DO COMPLEXO DO CURADO: DESAFIOS INSTITUCIONAIS NA EFETIVIDADE DOS DIREITOS HUMANOS EM PERNAMBUCO","izadora.mattiello@wylinka.org.br"
"","1762457652028x561150064887857150","","","","MONITORAMENTO DAS DECISÕES DA CORTE INTERAMERICANA DE DIREITOS HUMANOS NO CASO DO COMPLEXO DO CURADO: DESAFIOS INSTITUCIONAIS NA EFETIVIDADE DOS DIREITOS HUMANOS EM PERNAMBUCO","izadora.mattiello@wylinka.org.br"
"","1762457652028x561150064887857150","","","","Direitos econômicos, sociais, culturais e ambientais (DESCA), cidade e moradia adequada","izadora.mattiello@wylinka.org.br"
"","1762457690675x335519965974888450","","","","Direitos econômicos, sociais, culturais e ambientais (DESCA), cidade e moradia adequada","izadora.mattiello@wylinka.org.br"
"","1762457719013x783848140687540200","","","","Direitos econômicos, sociais, culturais e ambientais (DESCA), cidade e moradia adequada","izadora.mattiello@wylinka.org.br"
"","1762457762379x870054925306429400","","","","Direitos econômicos, sociais, culturais e ambientais (DESCA), cidade e moradia adequada","izadora.mattiello@wylinka.org.br"
"","1762457652028x561150064887857150","","","","Direitos econômicos, sociais, culturais e ambientais (DESCA), cidade e moradia adequada","izadora.mattiello@wylinka.org.br"
"O Polpanet apresenta uma proposta fortemente disruptiva em teoria, ao digitalizar uma cadeia agroindustrial que historicamente sempre operou de forma analógica, fragmentada e pouco transparente. O conceito de integrar produtores, agroindústrias e poder público por meio de rastreabilidade e dados compartilhados é extremamente promissor e pode transformar de maneira profunda o abastecimento alimentar urbano.

Entretanto, preciso ponderar a nota porque não consegui acessar evidências práticas mais robustas que comprovem a aplicação plena dessa lógica em operação real. A fundamentação conceitual é sólida, mas falta visibilidade sobre a implementação concreta em escala.

Ainda assim, reconheço que o componente de rastreabilidade tem potencial poderoso para eficiência logística, colheitas mais inteligentes e redução significativa de desperdício. Por isso mantenho uma nota alta, mas ajustada pela ausência de provas práticas mais consistentes.","1762457652028x561150064887857150","","","","Polpanet – Plataforma Digital de Integração da Cadeia Agroindustrial de Frutas e Derivados","qrzricardo@gmail.com"
"Conceitualmente, o projeto é muito bem defendido e endereça problemas estruturais reais da cadeia de abastecimento. Os resultados iniciais apresentados — integração de produtores, redução projetada de perdas e organização dos fluxos — demonstram direcionamento positivo.

No entanto, como não foram apresentados dados concretos mais amplos ou métricas consolidadas de impacto real, é necessário pesar a mão na avaliação. Os resultados são promissores, mas ainda incipientes do ponto de vista quantitativo. Falta demonstração mais clara de antes e depois, impacto financeiro, redução efetiva de perdas e evolução de previsibilidade em larga escala.","1762457690675x335519965974888450","","","","Polpanet – Plataforma Digital de Integração da Cadeia Agroindustrial de Frutas e Derivados","qrzricardo@gmail.com"
"Neste critério, o Polpanet se destaca de forma exemplar. Diferente de outros projetos mais mercadológicos, este nasce com uma convicção clara: a inovação só faz sentido quando melhora a vida das pessoas e fortalece o território.

A plataforma democratiza acesso à informação, formaliza pequenos produtores, reduz desigualdades, gera inclusão produtiva e conecta rural e urbano de forma justa e transparente. Isso coloca a população — não a tecnologia, não o lucro — no centro da inovação.

Além disso, o projeto articula o ecossistema pernambucano de forma madura: universidades, ICTs, governo, empresas e cadeias produtivas atuando em conjunto em torno de segurança alimentar e bioeconomia.

É um case que não apenas gera impacto econômico, mas impacto humano, comunitário e ambiental, alinhado diretamente a ODS globais.","1762457719013x783848140687540200","","","","Polpanet – Plataforma Digital de Integração da Cadeia Agroindustrial de Frutas e Derivados","qrzricardo@gmail.com"
"Embora o texto conceitual destaque um impacto humano e territorial profundo, não consigo validar isso na prática, já que o projeto ainda não demonstrou evidências suficientes que comprovem transformações sociais diretas, inclusão produtiva mensurável ou mudanças efetivas no ecossistema local.

O discurso é forte, a tese é ótima, e o propósito está claro — mas, pelo que foi apresentado, ainda não vejo esse impacto aplicado de maneira estruturada ou comprovada. Por isso, ajusto a nota para refletir o momento atual do projeto.","1762457762379x870054925306429400","","","","Polpanet – Plataforma Digital de Integração da Cadeia Agroindustrial de Frutas e Derivados","qrzricardo@gmail.com"
"","1762457652028x561150064887857150","","","","VER-TI: Mobilidade que Inclui, Inova e Transforma","qrzricardo@gmail.com"
"","1762457690675x335519965974888450","","","","VER-TI: Mobilidade que Inclui, Inova e Transforma","qrzricardo@gmail.com"
"","1762457719013x783848140687540200","","","","VER-TI: Mobilidade que Inclui, Inova e Transforma","qrzricardo@gmail.com"
"","1762457762379x870054925306429400","","","","VER-TI: Mobilidade que Inclui, Inova e Transforma","qrzricardo@gmail.com"
"","1762457652028x561150064887857150","","","","Flagr","qrzricardo@gmail.com"
"","1762457690675x335519965974888450","","","","Flagr","qrzricardo@gmail.com"
"","1762457719013x783848140687540200","","","","Flagr","qrzricardo@gmail.com"
"","1762457762379x870054925306429400","","","","Flagr","qrzricardo@gmail.com"
"","1762457652028x561150064887857150","","","","Tarefas Perto","qrzricardo@gmail.com"
"","1762457690675x335519965974888450","","","","Tarefas Perto","qrzricardo@gmail.com"
"","1762457719013x783848140687540200","","","","Tarefas Perto","qrzricardo@gmail.com"
"","1762457762379x870054925306429400","","","","Tarefas Perto","qrzricardo@gmail.com"
"","1762457652028x561150064887857150","","","","Motive - Módulo de Telhado Inovador Verde Extensivo","qrzricardo@gmail.com"
"","1762457652028x561150064887857150","","","","Motive - Módulo de Telhado Inovador Verde Extensivo","qrzricardo@gmail.com"
"","1762457690675x335519965974888450","","","","Motive - Módulo de Telhado Inovador Verde Extensivo","qrzricardo@gmail.com"
"","1762457719013x783848140687540200","","","","Motive - Módulo de Telhado Inovador Verde Extensivo","qrzricardo@gmail.com"
"","1762457762379x870054925306429400","","","","Motive - Módulo de Telhado Inovador Verde Extensivo","qrzricardo@gmail.com"
"","1762457652028x561150064887857150","","","","Liga FFPE - Liga Free Fire Pernambuco","qrzricardo@gmail.com"
"","1762457652028x561150064887857150","","","","Liga FFPE - Liga Free Fire Pernambuco","qrzricardo@gmail.com"
"","1762457690675x335519965974888450","","","","Liga FFPE - Liga Free Fire Pernambuco","qrzricardo@gmail.com"
"","1762457719013x783848140687540200","","","","Liga FFPE - Liga Free Fire Pernambuco","qrzricardo@gmail.com"
"","1762457762379x870054925306429400","","","","Liga FFPE - Liga Free Fire Pernambuco","qrzricardo@gmail.com"
"","1762457652028x561150064887857150","","","","Matech Inova Simples I.S","qrzricardo@gmail.com"
"","1762457690675x335519965974888450","","","","Matech Inova Simples I.S","qrzricardo@gmail.com"
"","1762457719013x783848140687540200","","","","Matech Inova Simples I.S","qrzricardo@gmail.com"
"","1762457762379x870054925306429400","","","","Matech Inova Simples I.S","qrzricardo@gmail.com"
"","1762457652028x561150064887857150","","","","Eu Vi","qrzricardo@gmail.com"
"","1762457690675x335519965974888450","","","","Eu Vi","qrzricardo@gmail.com"
"","1762457719013x783848140687540200","","","","Eu Vi","qrzricardo@gmail.com"
"","1762457762379x870054925306429400","","","","Eu Vi","qrzricardo@gmail.com"
"","1762457652028x561150064887857150","","","","Gymtime Go ","qrzricardo@gmail.com"
"","1762457690675x335519965974888450","","","","Gymtime Go ","qrzricardo@gmail.com"
"","1762457719013x783848140687540200","","","","Gymtime Go ","qrzricardo@gmail.com"
"","1762457762379x870054925306429400","","","","Gymtime Go ","qrzricardo@gmail.com"
"","1762457652028x561150064887857150","","","","Ai Vital – Inteligência Artificial para o Monitoramento de Pacientes Pós-Cirúrgicos","qrzricardo@gmail.com"
"","1762457690675x335519965974888450","","","","Ai Vital – Inteligência Artificial para o Monitoramento de Pacientes Pós-Cirúrgicos","qrzricardo@gmail.com"
"","1762457719013x783848140687540200","","","","Ai Vital – Inteligência Artificial para o Monitoramento de Pacientes Pós-Cirúrgicos","qrzricardo@gmail.com"
"","1762457762379x870054925306429400","","","","Ai Vital – Inteligência Artificial para o Monitoramento de Pacientes Pós-Cirúrgicos","qrzricardo@gmail.com"
"","1762457652028x561150064887857150","","","","Hawk App: a evolução digital para gestão de projetos e obras","qrzricardo@gmail.com"
"","1762457690675x335519965974888450","","","","Hawk App: a evolução digital para gestão de projetos e obras","qrzricardo@gmail.com"
"","1762457719013x783848140687540200","","","","Hawk App: a evolução digital para gestão de projetos e obras","qrzricardo@gmail.com"
"","1762457762379x870054925306429400","","","","Hawk App: a evolução digital para gestão de projetos e obras","qrzricardo@gmail.com"
"","1762457652028x561150064887857150","","","","Valorização máxima de alimentos excedentes.","qrzricardo@gmail.com"
"","1762457690675x335519965974888450","","","","Valorização máxima de alimentos excedentes.","qrzricardo@gmail.com"
"","1762457719013x783848140687540200","","","","Valorização máxima de alimentos excedentes.","qrzricardo@gmail.com"
"","1762457762379x870054925306429400","","","","Valorização máxima de alimentos excedentes.","qrzricardo@gmail.com"
"","1762457652028x561150064887857150","","","","Valorização máxima de alimentos excedentes.","qrzricardo@gmail.com"
"","1762457652028x561150064887857150","","","","OBI","qrzricardo@gmail.com"
"","1762457690675x335519965974888450","","","","OBI","qrzricardo@gmail.com"
"","1762457719013x783848140687540200","","","","OBI","qrzricardo@gmail.com"
"","1762457762379x870054925306429400","","","","OBI","qrzricardo@gmail.com"
"","1762457652028x561150064887857150","","","","OBI","qrzricardo@gmail.com"
"","1762457652028x561150064887857150","","","","Colégio Núcleo (Geração Solidária)","lima.mayaracosta@gmail.com"
"","1762457690675x335519965974888450","","","","Colégio Núcleo (Geração Solidária)","lima.mayaracosta@gmail.com"
"","1762457719013x783848140687540200","","","","Colégio Núcleo (Geração Solidária)","lima.mayaracosta@gmail.com"
"","1762457762379x870054925306429400","","","","Colégio Núcleo (Geração Solidária)","lima.mayaracosta@gmail.com"
"","1762457652028x561150064887857150","","","","FoodRec - Compare Delivery","qrzricardo@gmail.com"
"","1762457690675x335519965974888450","","","","FoodRec - Compare Delivery","qrzricardo@gmail.com"
"","1762457719013x783848140687540200","","","","FoodRec - Compare Delivery","qrzricardo@gmail.com"
"","1762457762379x870054925306429400","","","","FoodRec - Compare Delivery","qrzricardo@gmail.com"
"","1762457719013x783848140687540200","","","","Inova.Ação PCD CESAR","lima.mayaracosta@gmail.com"
"","1762457652028x561150064887857150","","","","Homologação dos Conectores de Emendas Elétricas à Prova d’Água no Programa de Modernização e Padronização da Rede Semafórica e Lombadas Eletrônicas – CTTU Recife/PE","lima.mayaracosta@gmail.com"
"","1762457690675x335519965974888450","","","","Homologação dos Conectores de Emendas Elétricas à Prova d’Água no Programa de Modernização e Padronização da Rede Semafórica e Lombadas Eletrônicas – CTTU Recife/PE","lima.mayaracosta@gmail.com"
"","1762457719013x783848140687540200","","","","Homologação dos Conectores de Emendas Elétricas à Prova d’Água no Programa de Modernização e Padronização da Rede Semafórica e Lombadas Eletrônicas – CTTU Recife/PE","lima.mayaracosta@gmail.com"
"","1762457719013x783848140687540200","","","","Homologação dos Conectores de Emendas Elétricas à Prova d’Água no Programa de Modernização e Padronização da Rede Semafórica e Lombadas Eletrônicas – CTTU Recife/PE","lima.mayaracosta@gmail.com"
"","1762457762379x870054925306429400","","","","Homologação dos Conectores de Emendas Elétricas à Prova d’Água no Programa de Modernização e Padronização da Rede Semafórica e Lombadas Eletrônicas – CTTU Recife/PE","lima.mayaracosta@gmail.com"
"","1762457652028x561150064887857150","","","","MeMaker: Caminhos Criativos para a Inclusão Produtiva de Jovens","fabio.moraes@ufabc.edu.br"
"A iniciativa apresentou dados satisfatórios","1762457690675x335519965974888450","","","","MeMaker: Caminhos Criativos para a Inclusão Produtiva de Jovens","fabio.moraes@ufabc.edu.br"
"A iniciativa apresenta um certo grau de disrupção por unir tecnologias emergentes e pessoas, entretanto, há modelos similares no mercado.","1762457652028x561150064887857150","","","","MeMaker: Caminhos Criativos para a Inclusão Produtiva de Jovens","fabio.moraes@ufabc.edu.br"
"","1762457719013x783848140687540200","","","","MeMaker: Caminhos Criativos para a Inclusão Produtiva de Jovens","fabio.moraes@ufabc.edu.br"
"","1762457762379x870054925306429400","","","","MeMaker: Caminhos Criativos para a Inclusão Produtiva de Jovens","fabio.moraes@ufabc.edu.br"
"","1762457652028x561150064887857150","","","","Programando o Futuro","fabio.moraes@ufabc.edu.br"
"","1762457690675x335519965974888450","","","","Programando o Futuro","fabio.moraes@ufabc.edu.br"
"","1762457719013x783848140687540200","","","","Programando o Futuro","fabio.moraes@ufabc.edu.br"
"","1762457762379x870054925306429400","","","","Programando o Futuro","fabio.moraes@ufabc.edu.br"
"","1762457652028x561150064887857150","","","","JOVENS DE IMPACTO","fabio.moraes@ufabc.edu.br"
"","1762457690675x335519965974888450","","","","JOVENS DE IMPACTO","fabio.moraes@ufabc.edu.br"
"","1762457719013x783848140687540200","","","","JOVENS DE IMPACTO","fabio.moraes@ufabc.edu.br"
"","1762457762379x870054925306429400","","","","JOVENS DE IMPACTO","fabio.moraes@ufabc.edu.br"
"","1762457690675x335519965974888450","","","","JOVENS DE IMPACTO","fabio.moraes@ufabc.edu.br"
"","1762457690675x335519965974888450","","","","JOVENS DE IMPACTO","fabio.moraes@ufabc.edu.br"
"","1762457652028x561150064887857150","","","","Trilha de Desenvolvimento da Pessoa Idosa Recife","fabio.moraes@ufabc.edu.br"
"","1762457690675x335519965974888450","","","","Trilha de Desenvolvimento da Pessoa Idosa Recife","fabio.moraes@ufabc.edu.br"
"","1762457719013x783848140687540200","","","","Trilha de Desenvolvimento da Pessoa Idosa Recife","fabio.moraes@ufabc.edu.br"
"","1762457762379x870054925306429400","","","","Trilha de Desenvolvimento da Pessoa Idosa Recife","fabio.moraes@ufabc.edu.br"
"","1762457652028x561150064887857150","","","","PORTO SOCIAL","fabio.moraes@ufabc.edu.br"
"","1762457690675x335519965974888450","","","","PORTO SOCIAL","fabio.moraes@ufabc.edu.br"
"","1762457719013x783848140687540200","","","","PORTO SOCIAL","fabio.moraes@ufabc.edu.br"
"","1762457762379x870054925306429400","","","","PORTO SOCIAL","fabio.moraes@ufabc.edu.br"
"","1762457652028x561150064887857150","","","","Academia SAP","fabio.moraes@ufabc.edu.br"
"","1762457690675x335519965974888450","","","","Academia SAP","fabio.moraes@ufabc.edu.br"
"","1762457719013x783848140687540200","","","","Academia SAP","fabio.moraes@ufabc.edu.br"
"","1762457762379x870054925306429400","","","","Academia SAP","fabio.moraes@ufabc.edu.br"
"","1762457690675x335519965974888450","","","","Academia SAP","fabio.moraes@ufabc.edu.br"
"","1762457762379x870054925306429400","","","","Banho do Bem","fabio.moraes@ufabc.edu.br"
"","1762457719013x783848140687540200","","","","Banho do Bem","fabio.moraes@ufabc.edu.br"
"","1762457652028x561150064887857150","","","","Banho do Bem","fabio.moraes@ufabc.edu.br"
"","1762457690675x335519965974888450","","","","Banho do Bem","fabio.moraes@ufabc.edu.br"
"","1762457652028x561150064887857150","","","","Círculo de Cultura Digital: Inclusão Digital da Pessoa Idosa pela Extensão Universitária","fabiana.a.pereira@rfb.gov.br"
"","1762457690675x335519965974888450","","","","Círculo de Cultura Digital: Inclusão Digital da Pessoa Idosa pela Extensão Universitária","fabiana.a.pereira@rfb.gov.br"
"","1762457719013x783848140687540200","","","","Círculo de Cultura Digital: Inclusão Digital da Pessoa Idosa pela Extensão Universitária","fabiana.a.pereira@rfb.gov.br"
"","1762457762379x870054925306429400","","","","Círculo de Cultura Digital: Inclusão Digital da Pessoa Idosa pela Extensão Universitária","fabiana.a.pereira@rfb.gov.br"
"A iniciativa demonstrou ser bastante promissora no campo da inovação social por implementar tecnologias emergentes à sua solução, entretanto, seu grau de disrupção não é tão elevado por haver soluções como esta no mercado.","1762457652028x561150064887857150","","","","HUB SESC de Tecnologia Sociais","fabio.moraes@ufabc.edu.br"
"","1762457690675x335519965974888450","","","","HUB SESC de Tecnologia Sociais","fabio.moraes@ufabc.edu.br"
"","1762457719013x783848140687540200","","","","HUB SESC de Tecnologia Sociais","fabio.moraes@ufabc.edu.br"
"","1762457762379x870054925306429400","","","","HUB SESC de Tecnologia Sociais","fabio.moraes@ufabc.edu.br"
"","1762457652028x561150064887857150","","",""," Porto+","fabio.moraes@ufabc.edu.br"
"","1762457690675x335519965974888450","","",""," Porto+","fabio.moraes@ufabc.edu.br"
"","1762457719013x783848140687540200","","",""," Porto+","fabio.moraes@ufabc.edu.br"
"","1762457762379x870054925306429400","","",""," Porto+","fabio.moraes@ufabc.edu.br"
"","1762457719013x783848140687540200","","",""," Porto+","fabio.moraes@ufabc.edu.br"
"","1762457762379x870054925306429400","","","","Programando o Futuro","fabio.moraes@ufabc.edu.br"
"","1762457719013x783848140687540200","","","","Programando o Futuro","fabio.moraes@ufabc.edu.br"
"","1762457690675x335519965974888450","","","","Programando o Futuro","fabio.moraes@ufabc.edu.br"
"","1762457652028x561150064887857150","","","","Programando o Futuro","fabio.moraes@ufabc.edu.br"
"","1762457652028x561150064887857150","","","","CASA ZERO","fabio.moraes@ufabc.edu.br"
"","1762457690675x335519965974888450","","","","CASA ZERO","fabio.moraes@ufabc.edu.br"
"","1762457719013x783848140687540200","","","","CASA ZERO","fabio.moraes@ufabc.edu.br"
"","1762457762379x870054925306429400","","","","CASA ZERO","fabio.moraes@ufabc.edu.br"
"","1762457652028x561150064887857150","","","","Círculo de Cultura Digital: Inclusão Digital da Pessoa Idosa pela Extensão Universitária","fabio.moraes@ufabc.edu.br"
"","1762457690675x335519965974888450","","","","Círculo de Cultura Digital: Inclusão Digital da Pessoa Idosa pela Extensão Universitária","fabio.moraes@ufabc.edu.br"
"","1762457719013x783848140687540200","","","","Círculo de Cultura Digital: Inclusão Digital da Pessoa Idosa pela Extensão Universitária","fabio.moraes@ufabc.edu.br"
"","1762457762379x870054925306429400","","","","Círculo de Cultura Digital: Inclusão Digital da Pessoa Idosa pela Extensão Universitária","fabio.moraes@ufabc.edu.br"
"","1762457652028x561150064887857150","","","","PROGRAMA DE QUALIFICAÇÃO GRATUITA","fabio.moraes@ufabc.edu.br"
"","1762457690675x335519965974888450","","","","PROGRAMA DE QUALIFICAÇÃO GRATUITA","fabio.moraes@ufabc.edu.br"
"","1762457719013x783848140687540200","","","","PROGRAMA DE QUALIFICAÇÃO GRATUITA","fabio.moraes@ufabc.edu.br"
"","1762457762379x870054925306429400","","","","PROGRAMA DE QUALIFICAÇÃO GRATUITA","fabio.moraes@ufabc.edu.br"
"","1762457652028x561150064887857150","","","","JOVENS DE IMPACTO","fabiana.a.pereira@rfb.gov.br"
"","1762457690675x335519965974888450","","","","JOVENS DE IMPACTO","fabiana.a.pereira@rfb.gov.br"
"","1762457719013x783848140687540200","","","","JOVENS DE IMPACTO","fabiana.a.pereira@rfb.gov.br"
"","1762457762379x870054925306429400","","","","JOVENS DE IMPACTO","fabiana.a.pereira@rfb.gov.br"
"A iniciativa apresenta elementos de inovação social relevantes, porém ainda opera dentro de modelos já consolidados de aprendizagem por projetos e ações comunitárias. Embora gere impacto significativo, não introduz rupturas claras nem soluções inéditas para os desafios urbanos do Recife, o que justifica uma avaliação moderada quanto ao caráter disruptivo.","1762457652028x561150064887857150","","","","Colégio Núcleo (Geração Solidária)","juliana.melo@aeptecba.org.br"
"A iniciativa demonstra resultados consistentes, com dados quantitativos claros sobre alcance territorial, engajamento de estudantes e benefícios diretos para a comunidade da Ilha de Deus. Há evidências qualitativas robustas que mostram melhoria no acesso à leitura, educação e saúde. Os indicadores apresentados são coerentes com os objetivos do projeto e comprovam ganhos concretos para o público-alvo.","1762457690675x335519965974888450","","","","Colégio Núcleo (Geração Solidária)","juliana.melo@aeptecba.org.br"
"A iniciativa apresenta boa capacidade de adaptação a outros territórios, pois utiliza metodologias simples, parcerias locais e módulos independentes (biblioteca, horta, ações de saúde, aulões). No entanto, sua expansão depende de forte mobilização escolar e comunitária, o que pode limitar a escala em contextos com menor estrutura. Ainda assim, demonstra potencial de impacto continuado quando apoiada por redes educacionais e políticas públicas.","1762457719013x783848140687540200","","","","Colégio Núcleo (Geração Solidária)","juliana.melo@aeptecba.org.br"
"","1762457652028x561150064887857150","","","","CASA ZERO","fabiana.a.pereira@rfb.gov.br"
"","1762457690675x335519965974888450","","","","CASA ZERO","fabiana.a.pereira@rfb.gov.br"
"","1762457719013x783848140687540200","","","","CASA ZERO","fabiana.a.pereira@rfb.gov.br"
"","1762457762379x870054925306429400","","","","CASA ZERO","fabiana.a.pereira@rfb.gov.br"
"A iniciativa demonstra forte centralidade nas pessoas e no território, ao cocriar soluções com a comunidade e promover benefícios diretos em leitura, saúde, educação e bem-estar. Conecta escola e atores locais, fortalecendo o ecossistema de inovação social do Recife. A abordagem é coerente com desafios globais, especialmente os ODS, e evidencia potencial de gerar transformações positivas alinhadas às necessidades urbanas contemporâneas.","1762457762379x870054925306429400","","","","Colégio Núcleo (Geração Solidária)","juliana.melo@aeptecba.org.br"
"","1762457719013x783848140687540200","","","","Banho do Bem","fabiana.a.pereira@rfb.gov.br"
"A iniciativa apresenta forte caráter inovador ao transformar a matriz energética de um território histórico por meio de soluções integradas e replicáveis. Sua abordagem sistêmica, que combina energia limpa, eficiência, governança e impacto socioambiental, posiciona o projeto na vanguarda da inovação climática urbana.","1762457652028x561150064887857150","","","","Territórios inovadores e sustentáveis  (Matriz Energética Limpa no Porto Digital) ","juliana.melo@aeptecba.org.br"
"A iniciativa apresenta resultados sólidos e bem documentados, combinando indicadores financeiros, ambientais e operacionais que demonstram eficácia da transição energética no território.","1762457690675x335519965974888450","","","","Territórios inovadores e sustentáveis  (Matriz Energética Limpa no Porto Digital) ","juliana.melo@aeptecba.org.br"
"A solução demonstra alta capacidade de replicação e expansão, combinando tecnologia modular, modelo financeiro sustentável e governança madura — elementos que facilitam sua adoção em outros territórios.","1762457719013x783848140687540200","","","","Territórios inovadores e sustentáveis  (Matriz Energética Limpa no Porto Digital) ","juliana.melo@aeptecba.org.br"
"A iniciativa integra de forma clara pessoas, território e ecossistema, ao combinar redução de custos, revitalização urbana e incentivo à cultura de sustentabilidade.","1762457762379x870054925306429400","","","","Territórios inovadores e sustentáveis  (Matriz Energética Limpa no Porto Digital) ","juliana.melo@aeptecba.org.br"
"A iniciativa integra de forma clara pessoas, território e ecossistema, ao combinar redução de custos, revitalização urbana e incentivo à cultura de sustentabilidade.","1762457762379x870054925306429400","","","","Territórios inovadores e sustentáveis  (Matriz Energética Limpa no Porto Digital) ","juliana.melo@aeptecba.org.br"
"A iniciativa integra de forma clara pessoas, território e ecossistema, ao combinar redução de custos, revitalização urbana e incentivo à cultura de sustentabilidade.","1762457762379x870054925306429400","","","","Territórios inovadores e sustentáveis  (Matriz Energética Limpa no Porto Digital) ","juliana.melo@aeptecba.org.br"
"","1762457652028x561150064887857150","","","","PORTO SOCIAL","fabiana.a.pereira@rfb.gov.br"
"","1762457690675x335519965974888450","","","","PORTO SOCIAL","fabiana.a.pereira@rfb.gov.br"
"","1762457719013x783848140687540200","","","","PORTO SOCIAL","fabiana.a.pereira@rfb.gov.br"
"","1762457762379x870054925306429400","","","","PORTO SOCIAL","fabiana.a.pereira@rfb.gov.br"
"","1762457652028x561150064887857150","","",""," Porto+","fabiana.a.pereira@rfb.gov.br"
"","1762457690675x335519965974888450","","",""," Porto+","fabiana.a.pereira@rfb.gov.br"
"","1762457719013x783848140687540200","","",""," Porto+","fabiana.a.pereira@rfb.gov.br"
"","1762457762379x870054925306429400","","",""," Porto+","fabiana.a.pereira@rfb.gov.br"
"","1762457652028x561150064887857150","","","","Academia SAP","fabiana.a.pereira@rfb.gov.br"
"","1762457719013x783848140687540200","","","","Programando o Futuro","fabiana.a.pereira@rfb.gov.br"
"","1762457719013x783848140687540200","","","","Programando o Futuro","fabiana.a.pereira@rfb.gov.br"
"","1762457652028x561150064887857150","","","","Programando o Futuro","fabiana.a.pereira@rfb.gov.br"
"","1762457690675x335519965974888450","","","","Programando o Futuro","fabiana.a.pereira@rfb.gov.br"
"","1762457719013x783848140687540200","","","","Programando o Futuro","fabiana.a.pereira@rfb.gov.br"
"","1762457762379x870054925306429400","","","","Programando o Futuro","fabiana.a.pereira@rfb.gov.br"
"","1762457719013x783848140687540200","","","","Programando o Futuro","fabiana.a.pereira@rfb.gov.br"
"","1762457652028x561150064887857150","","","","Programa “ Várzea do Futuro”","rossana.choze@ucb.br"
"","1762457690675x335519965974888450","","","","Programa “ Várzea do Futuro”","rossana.choze@ucb.br"
"","1762457719013x783848140687540200","","","","Programa “ Várzea do Futuro”","rossana.choze@ucb.br"
"","1762457762379x870054925306429400","","","","Programa “ Várzea do Futuro”","rossana.choze@ucb.br"
"","1762457652028x561150064887857150","","","","MONITORAMENTO DAS DECISÕES DA CORTE INTERAMERICANA DE DIREITOS HUMANOS NO CASO DO COMPLEXO DO CURADO: DESAFIOS INSTITUCIONAIS NA EFETIVIDADE DOS DIREITOS HUMANOS EM PERNAMBUCO","rossana.choze@ucb.br"
"","1762457690675x335519965974888450","","","","MONITORAMENTO DAS DECISÕES DA CORTE INTERAMERICANA DE DIREITOS HUMANOS NO CASO DO COMPLEXO DO CURADO: DESAFIOS INSTITUCIONAIS NA EFETIVIDADE DOS DIREITOS HUMANOS EM PERNAMBUCO","rossana.choze@ucb.br"
"","1762457719013x783848140687540200","","","","MONITORAMENTO DAS DECISÕES DA CORTE INTERAMERICANA DE DIREITOS HUMANOS NO CASO DO COMPLEXO DO CURADO: DESAFIOS INSTITUCIONAIS NA EFETIVIDADE DOS DIREITOS HUMANOS EM PERNAMBUCO","rossana.choze@ucb.br"
"","1762457762379x870054925306429400","","","","MONITORAMENTO DAS DECISÕES DA CORTE INTERAMERICANA DE DIREITOS HUMANOS NO CASO DO COMPLEXO DO CURADO: DESAFIOS INSTITUCIONAIS NA EFETIVIDADE DOS DIREITOS HUMANOS EM PERNAMBUCO","rossana.choze@ucb.br"
"","1762457690675x335519965974888450","","","","Academia SAP","fabiana.a.pereira@rfb.gov.br"
"","1762457719013x783848140687540200","","","","Academia SAP","fabiana.a.pereira@rfb.gov.br"
"","1762457762379x870054925306429400","","","","Academia SAP","fabiana.a.pereira@rfb.gov.br"
"Modelo de EJ já consolidado anteriormente.","1762457652028x561150064887857150","","","","Seed a Bit - Empresa Júnior de Tecnologia","rossana.choze@ucb.br"
"","1762457690675x335519965974888450","","","","Seed a Bit - Empresa Júnior de Tecnologia","rossana.choze@ucb.br"
"","1762457719013x783848140687540200","","","","Seed a Bit - Empresa Júnior de Tecnologia","rossana.choze@ucb.br"
"","1762457762379x870054925306429400","","","","Seed a Bit - Empresa Júnior de Tecnologia","rossana.choze@ucb.br"
"","1762457652028x561150064887857150","","","","MeMaker: Caminhos Criativos para a Inclusão Produtiva de Jovens","fabiana.a.pereira@rfb.gov.br"
"","1762457690675x335519965974888450","","","","MeMaker: Caminhos Criativos para a Inclusão Produtiva de Jovens","fabiana.a.pereira@rfb.gov.br"
"","1762457719013x783848140687540200","","","","MeMaker: Caminhos Criativos para a Inclusão Produtiva de Jovens","fabiana.a.pereira@rfb.gov.br"
"","1762457762379x870054925306429400","","","","MeMaker: Caminhos Criativos para a Inclusão Produtiva de Jovens","fabiana.a.pereira@rfb.gov.br"
"A biomassa já é utilizada em sua quase totalidade para geração de energia. O bagaço da cana ","1762457652028x561150064887857150","","","","Transformação de biomassas em produtos de alto valore agregado","rossana.choze@ucb.br"
"","1762457690675x335519965974888450","","","","Transformação de biomassas em produtos de alto valore agregado","rossana.choze@ucb.br"
"","1762457719013x783848140687540200","","","","Transformação de biomassas em produtos de alto valore agregado","rossana.choze@ucb.br"
"","1762457762379x870054925306429400","","","","Transformação de biomassas em produtos de alto valore agregado","rossana.choze@ucb.br"
"","1762457652028x561150064887857150","","","","BNCC para quê(m)? Uma pesquisa aplicada sobre a qualidade da Educação Infantil nas creches do Recife","rossana.choze@ucb.br"
"","1762457690675x335519965974888450","","","","BNCC para quê(m)? Uma pesquisa aplicada sobre a qualidade da Educação Infantil nas creches do Recife","rossana.choze@ucb.br"
"Como a amostragem foi baixa, torna-se difícil compreender o quão possível e prático é adotar essa metodologia em outras realidades.","1762457719013x783848140687540200","","","","BNCC para quê(m)? Uma pesquisa aplicada sobre a qualidade da Educação Infantil nas creches do Recife","rossana.choze@ucb.br"
"","1762457762379x870054925306429400","","","","BNCC para quê(m)? Uma pesquisa aplicada sobre a qualidade da Educação Infantil nas creches do Recife","rossana.choze@ucb.br"
"Modelo já utilizado em outras instituições.","1762457652028x561150064887857150","","","","i.de.i.a.S.: Ecossistema Colaborativo e de Inovação para Impulsionar Educação e Empreendedorismo","rossana.choze@ucb.br"
"Modelo já utilizado em outras instituições.","1762457652028x561150064887857150","","","","i.de.i.a.S.: Ecossistema Colaborativo e de Inovação para Impulsionar Educação e Empreendedorismo","rossana.choze@ucb.br"
"","1762457690675x335519965974888450","","","","i.de.i.a.S.: Ecossistema Colaborativo e de Inovação para Impulsionar Educação e Empreendedorismo","rossana.choze@ucb.br"
"","1762457719013x783848140687540200","","","","i.de.i.a.S.: Ecossistema Colaborativo e de Inovação para Impulsionar Educação e Empreendedorismo","rossana.choze@ucb.br"
"","1762457762379x870054925306429400","","","","i.de.i.a.S.: Ecossistema Colaborativo e de Inovação para Impulsionar Educação e Empreendedorismo","rossana.choze@ucb.br"
"","1762457652028x561150064887857150","","","","FUTURAS CIENTISTAS","rossana.choze@ucb.br"
"","1762457690675x335519965974888450","","","","FUTURAS CIENTISTAS","rossana.choze@ucb.br"
"","1762457719013x783848140687540200","","","","FUTURAS CIENTISTAS","rossana.choze@ucb.br"
"","1762457762379x870054925306429400","","","","FUTURAS CIENTISTAS","rossana.choze@ucb.br"
"Um dos principais pontos para esta nota, é a introdução de conceitos e abordagens de inovação cívica. Algo que pode parecer corriqueiro para quem atua no setor, mas quando falamos do desenvolviemnto de talentos para tecnologia este olhar faz toda diferença. Aqui estou falando da relevância da proposta ao introduzir novas formas de pensar e agir. ","1762457652028x561150064887857150","","","","Desenvolvendo Talentos Tech e Inclusão Produtiva com o Programa Start Recife","daniela.estevam@gmail.com"
"Informa dados de resultados, mas faltou trazer de forma explicita quais indicadores relacionados às metas ODS, bem como mais informações objetivas sobre os ganhos. Não consegui abrir o link enviado. ","1762457690675x335519965974888450","","","","Desenvolvendo Talentos Tech e Inclusão Produtiva com o Programa Start Recife","daniela.estevam@gmail.com"
"Com relação à metodologia com as informações passadas a princípio é altamente replicável, porém, precisa ter mais informações no que diz respeito à capacidade de execução, uma vez que o projeto ganhe escala.","1762457719013x783848140687540200","","","","Desenvolvendo Talentos Tech e Inclusão Produtiva com o Programa Start Recife","daniela.estevam@gmail.com"
"totamente aderente. Mas coloco uma aspas neste sentido, pois não basta garantir apenas a contratação, mas a permanência dos jovens. ","1762457762379x870054925306429400","","","","Desenvolvendo Talentos Tech e Inclusão Produtiva com o Programa Start Recife","daniela.estevam@gmail.com"
"","1762457652028x561150064887857150","","","","Adote um Aluno – Solução Recifense Contra a Evasão Escolar","djenifer.macedo@southsummitbrazil.com"
"","1762457690675x335519965974888450","","","","Adote um Aluno – Solução Recifense Contra a Evasão Escolar","djenifer.macedo@southsummitbrazil.com"
"","1762457719013x783848140687540200","","","","Adote um Aluno – Solução Recifense Contra a Evasão Escolar","djenifer.macedo@southsummitbrazil.com"
"","1762457762379x870054925306429400","","","","Adote um Aluno – Solução Recifense Contra a Evasão Escolar","djenifer.macedo@southsummitbrazil.com"
"Propoe novas formas de interação. ","1762457652028x561150064887857150","","","","Trilha de Desenvolvimento da Pessoa Idosa Recife","daniela.estevam@gmail.com"
"Não consegui acessar o drive do material. Indicadores apresentados alinhados à proposta. ","1762457690675x335519965974888450","","","","Trilha de Desenvolvimento da Pessoa Idosa Recife","daniela.estevam@gmail.com"
"A criação do NIT e o modelo de educação+profissionalização para o mundo real já existe e é amplamente utilizado ao redor do país.","1762457652028x561150064887857150","","","","NÚCLEO DE INOVAÇÃO TECNOLÓGICA (NIT) - Estácio Recife","rossana.choze@ucb.br"
"","1762457690675x335519965974888450","","","","NÚCLEO DE INOVAÇÃO TECNOLÓGICA (NIT) - Estácio Recife","rossana.choze@ucb.br"
"","1762457719013x783848140687540200","","","","NÚCLEO DE INOVAÇÃO TECNOLÓGICA (NIT) - Estácio Recife","rossana.choze@ucb.br"
"Alto potencial de replicabilidade. Sugiro atenção no que diz respeito ao monitoramento e avaliação por período suficiente para acompanhar a real fixação do conteúdo, bem como desenvolvimento de competências técnicas mais robustas em fases complementares do programa. ","1762457719013x783848140687540200","","","","Trilha de Desenvolvimento da Pessoa Idosa Recife","daniela.estevam@gmail.com"
"","1762457762379x870054925306429400","","","","NÚCLEO DE INOVAÇÃO TECNOLÓGICA (NIT) - Estácio Recife","rossana.choze@ucb.br"
"Totalmente aderente","1762457762379x870054925306429400","","","","Trilha de Desenvolvimento da Pessoa Idosa Recife","daniela.estevam@gmail.com"
"","1762457652028x561150064887857150","","","","Formação em Inteligência de Mercado e Dados para Startups Deep Techs","rossana.choze@ucb.br"
"","1762457690675x335519965974888450","","","","Formação em Inteligência de Mercado e Dados para Startups Deep Techs","rossana.choze@ucb.br"
"","1762457719013x783848140687540200","","","","Formação em Inteligência de Mercado e Dados para Startups Deep Techs","rossana.choze@ucb.br"
"","1762457762379x870054925306429400","","","","Formação em Inteligência de Mercado e Dados para Startups Deep Techs","rossana.choze@ucb.br"
"","1762457652028x561150064887857150","","","","ZeaTech – Tecnologia Que Conecta Você a Um Futuro Sustentável","rossana.choze@ucb.br"
"","1762457690675x335519965974888450","","","","ZeaTech – Tecnologia Que Conecta Você a Um Futuro Sustentável","rossana.choze@ucb.br"
"","1762457719013x783848140687540200","","","","ZeaTech – Tecnologia Que Conecta Você a Um Futuro Sustentável","rossana.choze@ucb.br"
"","1762457762379x870054925306429400","","","","ZeaTech – Tecnologia Que Conecta Você a Um Futuro Sustentável","rossana.choze@ucb.br"
"","1762457652028x561150064887857150","","","","Iguais, mas diferentes: medindo eficácia e equidade das escolas públicas brasileiras","rossana.choze@ucb.br"
"","1762457690675x335519965974888450","","","","Iguais, mas diferentes: medindo eficácia e equidade das escolas públicas brasileiras","rossana.choze@ucb.br"
"","1762457719013x783848140687540200","","","","Iguais, mas diferentes: medindo eficácia e equidade das escolas públicas brasileiras","rossana.choze@ucb.br"
"","1762457762379x870054925306429400","","","","Iguais, mas diferentes: medindo eficácia e equidade das escolas públicas brasileiras","rossana.choze@ucb.br"
"","1762457652028x561150064887857150","","","","IPTU: um tributo que precisa sair do papel.","rossana.choze@ucb.br"
"","1762457690675x335519965974888450","","","","IPTU: um tributo que precisa sair do papel.","rossana.choze@ucb.br"
"","1762457719013x783848140687540200","","","","IPTU: um tributo que precisa sair do papel.","rossana.choze@ucb.br"
"","1762457762379x870054925306429400","","","","IPTU: um tributo que precisa sair do papel.","rossana.choze@ucb.br"
"","1762457652028x561150064887857150","","","","passou encontrou","qrzricardo@gmail.com"
"","1762457690675x335519965974888450","","","","passou encontrou","qrzricardo@gmail.com"
"","1762457719013x783848140687540200","","","","passou encontrou","qrzricardo@gmail.com"
"","1762457762379x870054925306429400","","","","passou encontrou","qrzricardo@gmail.com"
"","1762457652028x561150064887857150","","","","FH Data","qrzricardo@gmail.com"
"","1762457690675x335519965974888450","","","","FH Data","qrzricardo@gmail.com"
"","1762457690675x335519965974888450","","","","FH Data","qrzricardo@gmail.com"
"","1762457719013x783848140687540200","","","","FH Data","qrzricardo@gmail.com"
"","1762457762379x870054925306429400","","","","FH Data","qrzricardo@gmail.com"
"","1762457652028x561150064887857150","","","","Mosca Branca + GRE do Sertão do Vale do São Francisco ","qrzricardo@gmail.com"
"","1762457690675x335519965974888450","","","","Mosca Branca + GRE do Sertão do Vale do São Francisco ","qrzricardo@gmail.com"
"","1762457719013x783848140687540200","","","","Mosca Branca + GRE do Sertão do Vale do São Francisco ","qrzricardo@gmail.com"
"","1762457762379x870054925306429400","","","","Mosca Branca + GRE do Sertão do Vale do São Francisco ","qrzricardo@gmail.com"
"","1762457652028x561150064887857150","","","","Move's","qrzricardo@gmail.com"
"","1762457690675x335519965974888450","","","","Move's","qrzricardo@gmail.com"
"","1762457719013x783848140687540200","","","","Move's","qrzricardo@gmail.com"
"","1762457762379x870054925306429400","","","","Move's","qrzricardo@gmail.com"
"","1762457652028x561150064887857150","","","","Consultoria de agentes inteligentes ","qrzricardo@gmail.com"
"","1762457690675x335519965974888450","","","","Consultoria de agentes inteligentes ","qrzricardo@gmail.com"
"","1762457719013x783848140687540200","","","","Consultoria de agentes inteligentes ","qrzricardo@gmail.com"
"","1762457762379x870054925306429400","","","","Consultoria de agentes inteligentes ","qrzricardo@gmail.com"
"","1762457652028x561150064887857150","","","","Quark","qrzricardo@gmail.com"
"","1762457690675x335519965974888450","","","","Quark","qrzricardo@gmail.com"
"","1762457762379x870054925306429400","","","","Quark","qrzricardo@gmail.com"
"","1762457652028x561150064887857150","","","","Conecta Patinhas","qrzricardo@gmail.com"
"","1762457690675x335519965974888450","","","","Conecta Patinhas","qrzricardo@gmail.com"
"","1762457719013x783848140687540200","","","","Conecta Patinhas","qrzricardo@gmail.com"
"","1762457652028x561150064887857150","","","","Beyond Company","qrzricardo@gmail.com"
"","1762457690675x335519965974888450","","","","Beyond Company","qrzricardo@gmail.com"
"","1762457719013x783848140687540200","","","","Beyond Company","qrzricardo@gmail.com"
"","1762457762379x870054925306429400","","","","Beyond Company","qrzricardo@gmail.com"
"","1762457652028x561150064887857150","","","","iProtech SOS — Plataforma de identificação inteligente para cidades mais seguras e humanizadas","qrzricardo@gmail.com"
"","1762457690675x335519965974888450","","","","iProtech SOS — Plataforma de identificação inteligente para cidades mais seguras e humanizadas","qrzricardo@gmail.com"
"","1762457719013x783848140687540200","","","","iProtech SOS — Plataforma de identificação inteligente para cidades mais seguras e humanizadas","qrzricardo@gmail.com"
"","1762457762379x870054925306429400","","","","iProtech SOS — Plataforma de identificação inteligente para cidades mais seguras e humanizadas","qrzricardo@gmail.com"
"","1762457652028x561150064887857150","","","","NaviSmart – Plataforma Integrada de inteligência artificial e Navegação clínica para Detecção Precoce do Câncer","qrzricardo@gmail.com"
"","1762457690675x335519965974888450","","","","NaviSmart – Plataforma Integrada de inteligência artificial e Navegação clínica para Detecção Precoce do Câncer","qrzricardo@gmail.com"
"","1762457719013x783848140687540200","","","","NaviSmart – Plataforma Integrada de inteligência artificial e Navegação clínica para Detecção Precoce do Câncer","qrzricardo@gmail.com"
"","1762457762379x870054925306429400","","","","NaviSmart – Plataforma Integrada de inteligência artificial e Navegação clínica para Detecção Precoce do Câncer","qrzricardo@gmail.com"
"","1762457652028x561150064887857150","","","","Naga.IA","qrzricardo@gmail.com"
"","1762457690675x335519965974888450","","","","Naga.IA","qrzricardo@gmail.com"
"","1762457719013x783848140687540200","","","","Naga.IA","qrzricardo@gmail.com"
"","1762457762379x870054925306429400","","","","Naga.IA","qrzricardo@gmail.com"
"Super importante entender alguns conceitos tradicionais de inovação, e como adaptá-los para a realidade geográfia do país e das demadas sociasi contemporâneas. ","1762457652028x561150064887857150","","","","HUB SESC de Tecnologia Sociais","daniela.estevam@gmail.com"
"","1762457690675x335519965974888450","","","","HUB SESC de Tecnologia Sociais","daniela.estevam@gmail.com"
"Além da replicabilidade da própria metodologia, temos também o fator da capiladirade do Sesi e do potencial do sistema S, tanto no que diz respeito à inovaçãoe  tecnologia, bem com a expertise educacional. ","1762457719013x783848140687540200","","","","HUB SESC de Tecnologia Sociais","daniela.estevam@gmail.com"
"Pessoas, territórios e ecossistema sendo trabalhados de forma simultânea e sistêmica. ","1762457762379x870054925306429400","","","","HUB SESC de Tecnologia Sociais","daniela.estevam@gmail.com"
"","1762457652028x561150064887857150","","","","Programando o Futuro","daniela.estevam@gmail.com"
"","1762457719013x783848140687540200","","","","Programando o Futuro","daniela.estevam@gmail.com"
"","1762457762379x870054925306429400","","","","Programando o Futuro","daniela.estevam@gmail.com"
"","1762457690675x335519965974888450","","","","Programando o Futuro","daniela.estevam@gmail.com"
"","1762457652028x561150064887857150","","","","Absens","djenifer.macedo@southsummitbrazil.com"
"","1762457690675x335519965974888450","","","","Absens","djenifer.macedo@southsummitbrazil.com"
"","1762457719013x783848140687540200","","","","Absens","djenifer.macedo@southsummitbrazil.com"
"","1762457762379x870054925306429400","","","","Absens","djenifer.macedo@southsummitbrazil.com"
"","1762457652028x561150064887857150","","","","VER-TI: Mobilidade que Inclui, Inova e Transforma","djenifer.macedo@southsummitbrazil.com"
"","1762457690675x335519965974888450","","","","VER-TI: Mobilidade que Inclui, Inova e Transforma","djenifer.macedo@southsummitbrazil.com"
"","1762457719013x783848140687540200","","","","VER-TI: Mobilidade que Inclui, Inova e Transforma","djenifer.macedo@southsummitbrazil.com"
"","1762457762379x870054925306429400","","","","VER-TI: Mobilidade que Inclui, Inova e Transforma","djenifer.macedo@southsummitbrazil.com"
"","1762457652028x561150064887857150","","","","Ummix Ads – Conectando Dados, Mídia e Cidades Inteligentes","djenifer.macedo@southsummitbrazil.com"
"","1762457690675x335519965974888450","","","","Ummix Ads – Conectando Dados, Mídia e Cidades Inteligentes","djenifer.macedo@southsummitbrazil.com"
"","1762457719013x783848140687540200","","","","Ummix Ads – Conectando Dados, Mídia e Cidades Inteligentes","djenifer.macedo@southsummitbrazil.com"
"","1762457762379x870054925306429400","","","","Ummix Ads – Conectando Dados, Mídia e Cidades Inteligentes","djenifer.macedo@southsummitbrazil.com"
"","1762457652028x561150064887857150","","","","Polpanet – Plataforma Digital de Integração da Cadeia Agroindustrial de Frutas e Derivados","djenifer.macedo@southsummitbrazil.com"
"","1762457690675x335519965974888450","","","","Polpanet – Plataforma Digital de Integração da Cadeia Agroindustrial de Frutas e Derivados","djenifer.macedo@southsummitbrazil.com"
"","1762457719013x783848140687540200","","","","Polpanet – Plataforma Digital de Integração da Cadeia Agroindustrial de Frutas e Derivados","djenifer.macedo@southsummitbrazil.com"
"Metodologia disruptiva. Acrescento ainda o fator de interação geracional como fator de transformação social para ambos.","1762457652028x561150064887857150","","","","Círculo de Cultura Digital: Inclusão Digital da Pessoa Idosa pela Extensão Universitária","daniela.estevam@gmail.com"
"","1762457762379x870054925306429400","","","","Polpanet – Plataforma Digital de Integração da Cadeia Agroindustrial de Frutas e Derivados","djenifer.macedo@southsummitbrazil.com"
"","1762457690675x335519965974888450","","","","Círculo de Cultura Digital: Inclusão Digital da Pessoa Idosa pela Extensão Universitária","daniela.estevam@gmail.com"
"","1762457719013x783848140687540200","","","","Círculo de Cultura Digital: Inclusão Digital da Pessoa Idosa pela Extensão Universitária","daniela.estevam@gmail.com"
"Troca de saberes, inclusão digital empática e empoderadora ao colocar o idoso no centro. ","1762457762379x870054925306429400","","","","Círculo de Cultura Digital: Inclusão Digital da Pessoa Idosa pela Extensão Universitária","daniela.estevam@gmail.com"
"","1762457652028x561150064887857150","","","","Flagr","djenifer.macedo@southsummitbrazil.com"
"","1762457652028x561150064887857150","","","","Flagr","djenifer.macedo@southsummitbrazil.com"
"","1762457690675x335519965974888450","","","","Flagr","djenifer.macedo@southsummitbrazil.com"
"","1762457719013x783848140687540200","","","","Flagr","djenifer.macedo@southsummitbrazil.com"
"","1762457762379x870054925306429400","","","","Flagr","djenifer.macedo@southsummitbrazil.com"
"","1762457652028x561150064887857150","","","","Tarefas Perto","djenifer.macedo@southsummitbrazil.com"
"","1762457690675x335519965974888450","","","","Tarefas Perto","djenifer.macedo@southsummitbrazil.com"
"","1762457719013x783848140687540200","","","","Tarefas Perto","djenifer.macedo@southsummitbrazil.com"
"","1762457762379x870054925306429400","","","","Tarefas Perto","djenifer.macedo@southsummitbrazil.com"
"","1762457652028x561150064887857150","","","","Motive - Módulo de Telhado Inovador Verde Extensivo","djenifer.macedo@southsummitbrazil.com"
"","1762457690675x335519965974888450","","","","Motive - Módulo de Telhado Inovador Verde Extensivo","djenifer.macedo@southsummitbrazil.com"
"","1762457719013x783848140687540200","","","","Motive - Módulo de Telhado Inovador Verde Extensivo","djenifer.macedo@southsummitbrazil.com"
"","1762457762379x870054925306429400","","","","Motive - Módulo de Telhado Inovador Verde Extensivo","djenifer.macedo@southsummitbrazil.com"
"","1762457652028x561150064887857150","","","","Liga FFPE - Liga Free Fire Pernambuco","djenifer.macedo@southsummitbrazil.com"
"","1762457690675x335519965974888450","","","","Liga FFPE - Liga Free Fire Pernambuco","djenifer.macedo@southsummitbrazil.com"
"","1762457719013x783848140687540200","","","","Liga FFPE - Liga Free Fire Pernambuco","djenifer.macedo@southsummitbrazil.com"
"","1762457762379x870054925306429400","","","","Liga FFPE - Liga Free Fire Pernambuco","djenifer.macedo@southsummitbrazil.com"
"","1762457652028x561150064887857150","","","","Matech Inova Simples I.S","djenifer.macedo@southsummitbrazil.com"
"","1762457690675x335519965974888450","","","","Matech Inova Simples I.S","djenifer.macedo@southsummitbrazil.com"
"","1762457719013x783848140687540200","","","","Matech Inova Simples I.S","djenifer.macedo@southsummitbrazil.com"
"","1762457762379x870054925306429400","","","","Matech Inova Simples I.S","djenifer.macedo@southsummitbrazil.com"
"","1762457652028x561150064887857150","","","","Eu Vi","djenifer.macedo@southsummitbrazil.com"
"","1762457690675x335519965974888450","","","","Eu Vi","djenifer.macedo@southsummitbrazil.com"
"","1762457719013x783848140687540200","","","","Eu Vi","djenifer.macedo@southsummitbrazil.com"
"","1762457762379x870054925306429400","","","","Eu Vi","djenifer.macedo@southsummitbrazil.com"
"","1762457652028x561150064887857150","","","","Gymtime Go ","djenifer.macedo@southsummitbrazil.com"
"","1762457690675x335519965974888450","","","","Gymtime Go ","djenifer.macedo@southsummitbrazil.com"
"","1762457719013x783848140687540200","","","","Gymtime Go ","djenifer.macedo@southsummitbrazil.com"
"","1762457762379x870054925306429400","","","","Gymtime Go ","djenifer.macedo@southsummitbrazil.com"
"Principal fator de disrupção está na governança, a importância dos vínculos e olhar para este organismos vivo como poencial transformador do território, das pessoas e dos teritórios.","1762457652028x561150064887857150","","","","CASA ZERO","daniela.estevam@gmail.com"
"","1762457652028x561150064887857150","","","","Ai Vital – Inteligência Artificial para o Monitoramento de Pacientes Pós-Cirúrgicos","djenifer.macedo@southsummitbrazil.com"
"Resultados explicitos","1762457690675x335519965974888450","","","","CASA ZERO","daniela.estevam@gmail.com"
"","1762457690675x335519965974888450","","","","Ai Vital – Inteligência Artificial para o Monitoramento de Pacientes Pós-Cirúrgicos","djenifer.macedo@southsummitbrazil.com"
"","1762457719013x783848140687540200","","","","Ai Vital – Inteligência Artificial para o Monitoramento de Pacientes Pós-Cirúrgicos","djenifer.macedo@southsummitbrazil.com"
"","1762457762379x870054925306429400","","","","Ai Vital – Inteligência Artificial para o Monitoramento de Pacientes Pós-Cirúrgicos","djenifer.macedo@southsummitbrazil.com"
"Todos os 3 quesitos apresentados ebem executados. Gerando sinergia e ganhos exponenciais. ","1762457762379x870054925306429400","","","","CASA ZERO","daniela.estevam@gmail.com"
"","1762457652028x561150064887857150","","","","Hawk App: a evolução digital para gestão de projetos e obras","djenifer.macedo@southsummitbrazil.com"
"","1762457690675x335519965974888450","","","","Hawk App: a evolução digital para gestão de projetos e obras","djenifer.macedo@southsummitbrazil.com"
"","1762457719013x783848140687540200","","","","Hawk App: a evolução digital para gestão de projetos e obras","djenifer.macedo@southsummitbrazil.com"
"","1762457762379x870054925306429400","","","","Hawk App: a evolução digital para gestão de projetos e obras","djenifer.macedo@southsummitbrazil.com"
"","1762457652028x561150064887857150","","","","Valorização máxima de alimentos excedentes.","djenifer.macedo@southsummitbrazil.com"
"","1762457690675x335519965974888450","","","","Valorização máxima de alimentos excedentes.","djenifer.macedo@southsummitbrazil.com"
"","1762457719013x783848140687540200","","","","Valorização máxima de alimentos excedentes.","djenifer.macedo@southsummitbrazil.com"
"","1762457762379x870054925306429400","","","","Valorização máxima de alimentos excedentes.","djenifer.macedo@southsummitbrazil.com"
"","1762457652028x561150064887857150","","","","OBI","djenifer.macedo@southsummitbrazil.com"
"","1762457690675x335519965974888450","","","","OBI","djenifer.macedo@southsummitbrazil.com"
"","1762457719013x783848140687540200","","","","OBI","djenifer.macedo@southsummitbrazil.com"
"","1762457762379x870054925306429400","","","","OBI","djenifer.macedo@southsummitbrazil.com"
"A iniciativa apresenta bom potencial disruptivo, alinhado ao propósito do prêmio, mas a ausência de evidências concretas limita a validação plena de sua originalidade na prática. ","1762457652028x561150064887857150","","","","INOVAÇÃO NO TRATAMENTO DE PACIENTES NEUROATÍPICOS E PSIQUIÁTRICOS","juliana.melo@aeptecba.org.br"
"A iniciativa apresenta bom potencial disruptivo, alinhado ao propósito do prêmio, mas a ausência de evidências concretas limita a validação plena de sua originalidade na prática. ","1762457652028x561150064887857150","","","","INOVAÇÃO NO TRATAMENTO DE PACIENTES NEUROATÍPICOS E PSIQUIÁTRICOS","juliana.melo@aeptecba.org.br"
"","1762457652028x561150064887857150","","","","FoodRec - Compare Delivery","djenifer.macedo@southsummitbrazil.com"
"Os resultados apresentados pelo projeto ainda carecem de comprovação com impactos reais. Embora haja intenção clara de gerar impacto, não foram detalhados indicadores mensuráveis, evidências quantitativas ou demonstrações consistentes de ganhos efetivos para o público-alvo. ","1762457690675x335519965974888450","","","","INOVAÇÃO NO TRATAMENTO DE PACIENTES NEUROATÍPICOS E PSIQUIÁTRICOS","juliana.melo@aeptecba.org.br"
"","1762457690675x335519965974888450","","","","FoodRec - Compare Delivery","djenifer.macedo@southsummitbrazil.com"
"","1762457719013x783848140687540200","","","","FoodRec - Compare Delivery","djenifer.macedo@southsummitbrazil.com"
"","1762457762379x870054925306429400","","","","FoodRec - Compare Delivery","djenifer.macedo@southsummitbrazil.com"
"","1762457652028x561150064887857150","","","","passou encontrou","djenifer.macedo@southsummitbrazil.com"
"A proposta tem potencial, porém carece de mecanismos claros de escalabilidade e de validação prática que indiquem capacidade de impacto sustentado em médio e longo prazo.","1762457719013x783848140687540200","","","","INOVAÇÃO NO TRATAMENTO DE PACIENTES NEUROATÍPICOS E PSIQUIÁTRICOS","juliana.melo@aeptecba.org.br"
"","1762457690675x335519965974888450","","","","passou encontrou","djenifer.macedo@southsummitbrazil.com"
"","1762457719013x783848140687540200","","","","passou encontrou","djenifer.macedo@southsummitbrazil.com"
"","1762457762379x870054925306429400","","","","passou encontrou","djenifer.macedo@southsummitbrazil.com"
"","1762457652028x561150064887857150","","","","FH Data","djenifer.macedo@southsummitbrazil.com"
"","1762457690675x335519965974888450","","","","FH Data","djenifer.macedo@southsummitbrazil.com"
"","1762457719013x783848140687540200","","","","FH Data","djenifer.macedo@southsummitbrazil.com"
"","1762457762379x870054925306429400","","","","FH Data","djenifer.macedo@southsummitbrazil.com"
"","1762457652028x561150064887857150","","","","Mosca Branca + GRE do Sertão do Vale do São Francisco ","djenifer.macedo@southsummitbrazil.com"
"","1762457690675x335519965974888450","","","","Mosca Branca + GRE do Sertão do Vale do São Francisco ","djenifer.macedo@southsummitbrazil.com"
"","1762457719013x783848140687540200","","","","Mosca Branca + GRE do Sertão do Vale do São Francisco ","djenifer.macedo@southsummitbrazil.com"
"","1762457762379x870054925306429400","","","","Mosca Branca + GRE do Sertão do Vale do São Francisco ","djenifer.macedo@southsummitbrazil.com"
"","1762457652028x561150064887857150","","",""," Porto+","daniela.estevam@gmail.com"
"","1762457652028x561150064887857150","","","","Move's","djenifer.macedo@southsummitbrazil.com"
"","1762457690675x335519965974888450","","","","Move's","djenifer.macedo@southsummitbrazil.com"
"","1762457719013x783848140687540200","","","","Move's","djenifer.macedo@southsummitbrazil.com"
"","1762457762379x870054925306429400","","","","Move's","djenifer.macedo@southsummitbrazil.com"
"A iniciativa demonstra intenção de gerar benefícios sociais, porém apresentando impacto ainda limitado no que diz respeito à geração de transformação social ou sistêmica.","1762457762379x870054925306429400","","","","INOVAÇÃO NO TRATAMENTO DE PACIENTES NEUROATÍPICOS E PSIQUIÁTRICOS","juliana.melo@aeptecba.org.br"
"Apresentados apenas dados da participação no evento, sem citar outros resultados e indicadores importantes, como por exemplo empresas capacitadas/sensibilizadas.","1762457690675x335519965974888450","","",""," Porto+","daniela.estevam@gmail.com"
"","1762457652028x561150064887857150","","","","Consultoria de agentes inteligentes ","djenifer.macedo@southsummitbrazil.com"
"","1762457690675x335519965974888450","","","","Consultoria de agentes inteligentes ","djenifer.macedo@southsummitbrazil.com"
"grande potencial de replicabilidade.","1762457719013x783848140687540200","","",""," Porto+","daniela.estevam@gmail.com"
"","1762457719013x783848140687540200","","","","Consultoria de agentes inteligentes ","djenifer.macedo@southsummitbrazil.com"
"","1762457762379x870054925306429400","","","","Consultoria de agentes inteligentes ","djenifer.macedo@southsummitbrazil.com"
"","1762457762379x870054925306429400","","",""," Porto+","daniela.estevam@gmail.com"
"","1762457652028x561150064887857150","","","","Naga.IA","djenifer.macedo@southsummitbrazil.com"
"","1762457690675x335519965974888450","","","","Naga.IA","djenifer.macedo@southsummitbrazil.com"
"","1762457719013x783848140687540200","","","","Naga.IA","djenifer.macedo@southsummitbrazil.com"
"","1762457762379x870054925306429400","","","","Naga.IA","djenifer.macedo@southsummitbrazil.com"
"","1762457652028x561150064887857150","","","","Programando o Futuro","daniela.estevam@gmail.com"
"","1762457690675x335519965974888450","","","","Programando o Futuro","daniela.estevam@gmail.com"
"","1762457719013x783848140687540200","","","","Programando o Futuro","daniela.estevam@gmail.com"
"","1762457762379x870054925306429400","","","","Programando o Futuro","daniela.estevam@gmail.com"
"O projeto apresenta forte caráter inovador ao integrar regeneração ambiental, ciência cidadã e economia de carbono azul em um modelo único, apoiado por tecnologias como drones, sensores e IA. Essa combinação representa avanço significativo em relação às práticas tradicionais e introduz novas formas de interação entre população, território e sustentabilidade. A nota não é máxima porque ainda está em fase conceitual, sem validações práticas.","1762457652028x561150064887857150","","","","DOSE VERDE — Regeneração, Educação Ambiental e Economia de Carbono Azul","juliana.melo@aeptecba.org.br"
"","1762457652028x561150064887857150","","","","NaviSmart – Plataforma Integrada de inteligência artificial e Navegação clínica para Detecção Precoce do Câncer","djenifer.macedo@southsummitbrazil.com"
"","1762457690675x335519965974888450","","","","NaviSmart – Plataforma Integrada de inteligência artificial e Navegação clínica para Detecção Precoce do Câncer","djenifer.macedo@southsummitbrazil.com"
"","1762457719013x783848140687540200","","","","NaviSmart – Plataforma Integrada de inteligência artificial e Navegação clínica para Detecção Precoce do Câncer","djenifer.macedo@southsummitbrazil.com"
"","1762457762379x870054925306429400","","","","NaviSmart – Plataforma Integrada de inteligência artificial e Navegação clínica para Detecção Precoce do Câncer","djenifer.macedo@southsummitbrazil.com"
"A iniciativa apresenta resultados projetados consistentes e bem estruturados, com metas claras para regeneração ambiental, engajamento comunitário e criação de bases para créditos de carbono azul. Contudo, todos os resultados ainda são estimados, sem evidências concretas ou indicadores já alcançados. A ausência de comprovações práticas limita a pontuação, apesar do potencial expressivo.","1762457690675x335519965974888450","","","","DOSE VERDE — Regeneração, Educação Ambiental e Economia de Carbono Azul","juliana.melo@aeptecba.org.br"
"","1762457652028x561150064887857150","","","","iProtech SOS — Plataforma de identificação inteligente para cidades mais seguras e humanizadas","djenifer.macedo@southsummitbrazil.com"
"","1762457690675x335519965974888450","","","","iProtech SOS — Plataforma de identificação inteligente para cidades mais seguras e humanizadas","djenifer.macedo@southsummitbrazil.com"
"","1762457719013x783848140687540200","","","","iProtech SOS — Plataforma de identificação inteligente para cidades mais seguras e humanizadas","djenifer.macedo@southsummitbrazil.com"
"","1762457762379x870054925306429400","","","","iProtech SOS — Plataforma de identificação inteligente para cidades mais seguras e humanizadas","djenifer.macedo@southsummitbrazil.com"
"","1762457652028x561150064887857150","","","","Beyond Company","djenifer.macedo@southsummitbrazil.com"
"","1762457690675x335519965974888450","","","","Beyond Company","djenifer.macedo@southsummitbrazil.com"
"","1762457719013x783848140687540200","","","","Beyond Company","djenifer.macedo@southsummitbrazil.com"
"","1762457762379x870054925306429400","","","","Beyond Company","djenifer.macedo@southsummitbrazil.com"
"","1762457762379x870054925306429400","","","","Beyond Company","djenifer.macedo@southsummitbrazil.com"
"A proposta demonstra boa capacidade de expansão por ser modular e adaptável a outros territórios, unindo tecnologia e participação comunitária. No entanto, por ainda não ter sido testada na prática, a replicabilidade permanece teórica, o que limita seu grau de maturidade para escala no momento.","1762457719013x783848140687540200","","","","DOSE VERDE — Regeneração, Educação Ambiental e Economia de Carbono Azul","juliana.melo@aeptecba.org.br"
"O projeto demonstra forte alinhamento com o território, promove participação ativa da comunidade e conecta educação ambiental, tecnologia e regeneração ecológica. A abordagem favorece benefícios sociais amplos e dialoga com desafios globais, como clima e conservação.","1762457762379x870054925306429400","","","","DOSE VERDE — Regeneração, Educação Ambiental e Economia de Carbono Azul","juliana.melo@aeptecba.org.br"
"","1762457652028x561150064887857150","","","","Conecta Patinhas","djenifer.macedo@southsummitbrazil.com"
"","1762457690675x335519965974888450","","","","Conecta Patinhas","djenifer.macedo@southsummitbrazil.com"
"","1762457719013x783848140687540200","","","","Conecta Patinhas","djenifer.macedo@southsummitbrazil.com"
"","1762457762379x870054925306429400","","","","Conecta Patinhas","djenifer.macedo@southsummitbrazil.com"
"","1762457652028x561150064887857150","","","","Quark","djenifer.macedo@southsummitbrazil.com"
"","1762457690675x335519965974888450","","","","Quark","djenifer.macedo@southsummitbrazil.com"
"","1762457719013x783848140687540200","","","","Quark","djenifer.macedo@southsummitbrazil.com"
"","1762457762379x870054925306429400","","","","Quark","djenifer.macedo@southsummitbrazil.com"
"Olhar o jovem para além da necessidade de emprgabilidade, e sim para novas formas de pensar, agir e interagir.","1762457652028x561150064887857150","","","","MeMaker: Caminhos Criativos para a Inclusão Produtiva de Jovens","daniela.estevam@gmail.com"
"Dados presentes e relevantes.","1762457690675x335519965974888450","","","","MeMaker: Caminhos Criativos para a Inclusão Produtiva de Jovens","daniela.estevam@gmail.com"
"","1762457719013x783848140687540200","","","","MeMaker: Caminhos Criativos para a Inclusão Produtiva de Jovens","daniela.estevam@gmail.com"
"A iniciativa demonstra um nível alto de originalidade ao introduzir a primeira IA projetada para aplicar batom de forma autônoma e segura. O conjunto de tecnologias cria uma ruptura clara frente ao estado da arte em tecnologia assistiva e no setor de beleza. Trata-se de uma disrupção com inovação tecnológica e impacto social direto.","1762457652028x561150064887857150","","","","Batom Inteligente","juliana.melo@aeptecba.org.br"
"Atributos presentes, e totalmente aderentes aos desafios contemeporâneso. Porém a apresentação de conexão com tantos ODS me faz refletir até qu eponto de fato os indicadores e objetivos do projeto estão de fato conectados com todos os ODS descritos.","1762457762379x870054925306429400","","","","MeMaker: Caminhos Criativos para a Inclusão Produtiva de Jovens","daniela.estevam@gmail.com"
"Os resultados apresentados são sólidos e amplamente evidenciados. O reconhecimento internacional comprova relevância e maturidade tecnológica. Há indicadores quantitativos robustos, como mais de 5 mil usuários testando a solução sem falhas e o desenvolvimento de quatro patentes. O projeto demonstra efetividade real para o público-alvo, permitindo autonomia e inclusão a pessoas com deficiência visual e motora. ","1762457690675x335519965974888450","","","","Batom Inteligente","juliana.melo@aeptecba.org.br"
"Os resultados apresentados são sólidos e amplamente evidenciados. O reconhecimento internacional comprova relevância e maturidade tecnológica. Há indicadores quantitativos robustos, como mais de 5 mil usuários testando a solução sem falhas e o desenvolvimento de quatro patentes. O projeto demonstra efetividade real para o público-alvo, permitindo autonomia e inclusão a pessoas com deficiência visual e motora. ","1762457690675x335519965974888450","","","","Batom Inteligente","juliana.melo@aeptecba.org.br"
"A solução possui arquitetura tecnológica flexível e orientada à expansão, com grande potencial de adaptação para outras aplicações no setor de beleza e além dele. fato de ter patentes, metodologia replicável e um ecossistema robusto de P&D favorece escalabilidade nacional e internacional. Não encontrei a estratégia de entrada em mercado e cadeia de distribuição, não está claramente explicitada.","1762457719013x783848140687540200","","","","Batom Inteligente","juliana.melo@aeptecba.org.br"
"O projeto é exemplar em acessibilidade e inclusão, com pessoas com deficiência participando de todas as etapas de cocriação. A iniciativa gera autonomia, autoestima e participação social, fortalecendo o ecossistema de inovação assistiva","1762457762379x870054925306429400","","","","Batom Inteligente","juliana.melo@aeptecba.org.br"
"Com base nas informações apresentadas, a disrupção está na combinação entre método e tecnologia proprietária, aplicada a uma marca tradicional do Nordeste. Embora inovador, o projeto ainda está em fase inicial de validação de impacto digital em larga escala.","1762457652028x561150064887857150","","","","Case Pitú – Transformação Digital em Marketplaces com IA e Estratégia AEIOU","juliana.melo@aeptecba.org.br"
"Os resultados são relevantes, especialmente na mudança cultural na empresa, adoção de métricas digitais, capacitação interna e preparação para entrada estruturada em marketplaces. A criação d0s agentes inteligentes e a implementação de governança digital demonstram evolução concreta. Contudo, os resultados apresentados são predominantemente qualitativos e voltados à fase de estruturação.","1762457690675x335519965974888450","","","","Case Pitú – Transformação Digital em Marketplaces com IA e Estratégia AEIOU","juliana.melo@aeptecba.org.br"
"Agilidade e inovação na contratação","1762457652028x561150064887857150","","","","Academia SAP","daniela.estevam@gmail.com"
"","1762457690675x335519965974888450","","","","Academia SAP","daniela.estevam@gmail.com"
"","1762457719013x783848140687540200","","","","Academia SAP","daniela.estevam@gmail.com"
"","1762457762379x870054925306429400","","","","Academia SAP","daniela.estevam@gmail.com"
"A arquitetura permite replicação rápida em empresas de diferentes portes e segmentos, graças à combinação entre metodologia clara, IA generativa e agentes inteligentes.","1762457719013x783848140687540200","","","","Case Pitú – Transformação Digital em Marketplaces com IA e Estratégia AEIOU","juliana.melo@aeptecba.org.br"
"O projeto demonstra aderência conceitual ao foco em pessoas, território e ecossistema, mas sua escala prática de impacto ainda é limitada.
Funciona como um bom exemplo, porém ainda não como uma iniciativa de expansão ampla e difusão sistêmica.","1762457762379x870054925306429400","","","","Case Pitú – Transformação Digital em Marketplaces com IA e Estratégia AEIOU","juliana.melo@aeptecba.org.br"
"O projeto apresenta originalidade significativa ao substituir soluções tradicionais e vulneráveis por conectores elétricos à prova d’água. A aplicação da tecnologia sem necessidade de substituir integralmente os circuitos demonstra inovação prática e eficiência técnica. o diferencial está na homologação técnica aplicada a uma rede pública de semáforos e lombadas, garantindo eficiência operacional, redução de manutenção e padronização em escala urbana. Inovação Incremental, pois já existem semelhantes no mercado","1762457652028x561150064887857150","","","","Homologação dos Conectores de Emendas Elétricas à Prova d’Água no Programa de Modernização e Padronização da Rede Semafórica e Lombadas Eletrônicas – CTTU Recife/PE","juliana.melo@aeptecba.org.br"
"Com base nas informações apresentadas, os resultados demonstram impacto direto e mensurável para o público e para a gestão da cidade, com evidências claras de eficiência e economia de recursos públicos.","1762457690675x335519965974888450","","","","Homologação dos Conectores de Emendas Elétricas à Prova d’Água no Programa de Modernização e Padronização da Rede Semafórica e Lombadas Eletrônicas – CTTU Recife/PE","juliana.melo@aeptecba.org.br"
"","1762457690675x335519965974888450","","","","Projeto Aconchego","daniela.estevam@gmail.com"
"","1762457652028x561150064887857150","","","","Projeto Aconchego","daniela.estevam@gmail.com"
"","1762457719013x783848140687540200","","","","Projeto Aconchego","daniela.estevam@gmail.com"
"","1762457762379x870054925306429400","","","","Projeto Aconchego","daniela.estevam@gmail.com"
"O modelo de homologação e padronização tem grande potencial de replicação, e a  escalabilidade é clara em termos técnicos e metodológicos, porém o impacto depende de adaptação às redes existentes em outros municípios, o que pode exigir ajustes específicos.","1762457719013x783848140687540200","","","","Homologação dos Conectores de Emendas Elétricas à Prova d’Água no Programa de Modernização e Padronização da Rede Semafórica e Lombadas Eletrônicas – CTTU Recife/PE","juliana.melo@aeptecba.org.br"
"O projeto beneficia diretamente a população com segurança viária e continuidade operacional, gera economia de recursos públicos, fortalece o ecossistema local de engenharia e adota padrões internacionais de confiabilidade e sustentabilidade.","1762457762379x870054925306429400","","","","Homologação dos Conectores de Emendas Elétricas à Prova d’Água no Programa de Modernização e Padronização da Rede Semafórica e Lombadas Eletrônicas – CTTU Recife/PE","juliana.melo@aeptecba.org.br"
"O projeto rompe com o modelo tradicional de inclusão corporativa ao inverter a lógica de contratação e formação: primeiro emprega, depois capacita. ","1762457652028x561150064887857150","","","","Inova.Ação PCD CESAR","juliana.melo@aeptecba.org.br"
"Aplicaçaõ de tecnologia com olhar inclusivo para filtrar candidadatos","1762457652028x561150064887857150","","","","Programa FAST","daniela.estevam@gmail.com"
"expressivos, mas precisa de mais informações objetivas com números ou percentuais de alguns indicadores.","1762457690675x335519965974888450","","","","Programa FAST","daniela.estevam@gmail.com"
"","1762457719013x783848140687540200","","","","Programa FAST","daniela.estevam@gmail.com"
"O projeto gerou resultados concretos e oferece trilhas intensivas de formação, 100% acessíveis, e ações estruturantes de suporte à inclusão, promovendo retenção e fortalecimento da cultura organizacional.  Em relação à inovação e governança, gera valor tangível para a organização e para o setor de TI.","1762457690675x335519965974888450","","","","Inova.Ação PCD CESAR","juliana.melo@aeptecba.org.br"
"Projeto já vem com o selo de exclência do porto digital. Muito significativas as inovações edesenvolvimento noque diz respeeito às avaliações e processo seletivo. ","1762457762379x870054925306429400","","","","Programa FAST","daniela.estevam@gmail.com"
"","1762457762379x870054925306429400","","","","Programa FAST","daniela.estevam@gmail.com"
"O modelo é modular e adaptável a outros contextos corporativos e setores, bastando ajustar trilhas formativas e recursos de acessibilidade. A estrutura de educação corporativa e mentoria contínua permite expansão regional e nacional, consolidando uma nova lógica de recrutamento inclusivo e reforçando o papel da diversidade como vetor de inovação.","1762457719013x783848140687540200","","","","Inova.Ação PCD CESAR","juliana.melo@aeptecba.org.br"
"O projeto coloca as pessoas no centro, promovendo autonomia, pertencimento e desenvolvimento profissional de grupos historicamente sub-representados. No território, fortalece o ecossistema de tecnologia de Pernambuco, conectando talentos locais a oportunidades reais e estimulando outras organizações a adotarem práticas inclusivas.","1762457762379x870054925306429400","","","","Inova.Ação PCD CESAR","juliana.melo@aeptecba.org.br"
"","1762457652028x561150064887857150","","","","Banho do Bem","daniela.estevam@gmail.com"
"","1762457690675x335519965974888450","","","","Banho do Bem","daniela.estevam@gmail.com"
"","1762457719013x783848140687540200","","","","Banho do Bem","daniela.estevam@gmail.com"
"","1762457762379x870054925306429400","","","","Banho do Bem","daniela.estevam@gmail.com"
"O projeto integra padrões globais com conhecimento local, tornando o pilar social mensurável e estratégico. Combina execução direta dos fundadores, letramento do ecossistema e capacitação, criando benchmarks e fortalecendo a competitividade e impacto social das empresas locais.","1762457652028x561150064887857150","","","","ESG VERDA","juliana.melo@aeptecba.org.br"
"","1762457652028x561150064887857150","","","","PROGRAMA DE QUALIFICAÇÃO GRATUITA","daniela.estevam@gmail.com"
"expressivos","1762457690675x335519965974888450","","","","PROGRAMA DE QUALIFICAÇÃO GRATUITA","daniela.estevam@gmail.com"
"alta, ainda mais se levarmos em consideraçãoa capilaridade e reconhecimento do CIEE","1762457719013x783848140687540200","","","","PROGRAMA DE QUALIFICAÇÃO GRATUITA","daniela.estevam@gmail.com"
"foco nas pessoasl, território e ecossistema ficaram prejudicados","1762457762379x870054925306429400","","","","PROGRAMA DE QUALIFICAÇÃO GRATUITA","daniela.estevam@gmail.com"
"Mesmo em operação recente, a ESG Verda já demonstra impacto concreto: adesão imediata de grandes players do ecossistema de Recife. Os resultados fortalecem a competitividade das empresas locais, melhoram a qualidade do impacto social e criam benchmarks de referência para o ecossistema.","1762457690675x335519965974888450","","","","ESG VERDA","juliana.melo@aeptecba.org.br"
"O modelo é escalável e replicável, tanto geograficamente quanto por produto de conhecimento.","1762457719013x783848140687540200","","","","ESG VERDA","juliana.melo@aeptecba.org.br"
"A solução coloca as pessoas no centro, priorizando capacitação, autonomia, pertencimento e geração de valor social mensurável. Fortalece o ecossistema de Recife, envolvendo tecnologia, cultura e infraestrutura, e conecta empresas a padrões globais de sustentabilidade. A iniciativa também aborda desafios contemporâneos globais, como mudanças climáticas, governança e acesso a financiamento sustentável, consolidando a cidade como polo estratégico de inovação empresarial sustentável.","1762457762379x870054925306429400","","","","ESG VERDA","juliana.melo@aeptecba.org.br"
"","1762457652028x561150064887857150","","","","JOVENS DE IMPACTO","daniela.estevam@gmail.com"
"Priemeiroprojeto que vejo fazendo a correlação exata com os respectivos indicadorees dos ODS","1762457690675x335519965974888450","","","","JOVENS DE IMPACTO","daniela.estevam@gmail.com"
"","1762457719013x783848140687540200","","","","JOVENS DE IMPACTO","daniela.estevam@gmail.com"
"","1762457762379x870054925306429400","","","","JOVENS DE IMPACTO","daniela.estevam@gmail.com"
"A iniciativa é inovadora e relevante, mas sua disrupção é mais incremental e aplicada ao ecossistema regional do que global ou radical, posicionando-a como modelo replicável de alto impacto para pequenas empresas.","1762457652028x561150064887857150","","","","Sebrae ESG","juliana.melo@aeptecba.org.br"
"Evidências robustas e concretas, com impacto mensurável e diversificado, demonstrando resultados claros tanto para o Sebrae quanto para o território e pequenas empresas.","1762457690675x335519965974888450","","","","Sebrae ESG","juliana.melo@aeptecba.org.br"
"A iniciativa apresenta potencial de replicabilidade, com modelo robusto, adaptável e capaz de gerar impacto sustentável em médio e longo prazo.","1762457719013x783848140687540200","","","","Sebrae ESG","juliana.melo@aeptecba.org.br"
"O Sebrae ESG coloca pessoas e comunidades no centro, fortalecendo pequenos empreendedores e colaboradores. Conecta sustentabilidade ao desenvolvimento local e cria espaços de colaboração entre empresas, governo e sociedade.","1762457762379x870054925306429400","","","","Sebrae ESG","juliana.melo@aeptecba.org.br"
"A iniciativa é inovadora e relevante, mas sua disrupção é mais incremental e aplicada ao ecossistema regional do que global ou radical, posicionando-a como modelo replicável de alto impacto para pequenas empresas.","1762457652028x561150064887857150","","","","Sebrae ESG","juliana.melo@aeptecba.org.br"
"A iniciativa apresenta potencial de replicabilidade, com modelo robusto, adaptável e capaz de gerar impacto sustentável em médio e longo prazo.","1762457719013x783848140687540200","","","","Sebrae ESG","juliana.melo@aeptecba.org.br"
"foco no impacto socioambiental","1762457652028x561150064887857150","","","","PORTO SOCIAL","daniela.estevam@gmail.com"
"","1762457690675x335519965974888450","","","","PORTO SOCIAL","daniela.estevam@gmail.com"
"","1762457762379x870054925306429400","","","","PORTO SOCIAL","daniela.estevam@gmail.com"
"","1762457719013x783848140687540200","","","","PORTO SOCIAL","daniela.estevam@gmail.com"
"O projeto une educação digital e inclusão social, direcionando formação para grupos marginalizados (trans, travestis e baixa renda). A inovação pode ser apresentada na combinação de diversidade, empregabilidade e impacto social. Não é totalmente disruptivo globalmente, mas representa uma ruptura significativa no contexto local e setor","1762457652028x561150064887857150","","","","Berlim Social","juliana.melo@aeptecba.org.br"
"Há evidências qualitativas e quantitativas consistentes, mas a escala ainda é local e limitada","1762457690675x335519965974888450","","","","Berlim Social","juliana.melo@aeptecba.org.br"
"O modelo modular, de baixo custo e alto impacto, permite replicação em outras cidades e instituições. A metodologia é clara e adaptável, com potencial de formar uma rede regional ou nacional de inclusão digital.","1762457719013x783848140687540200","","","","Berlim Social","juliana.melo@aeptecba.org.br"
"O projeto coloca indivíduos marginalizados no centro, fortalecendo o ecossistema do Porto Digital e gerando benefícios sociais amplos. Conecta diversidade e inclusão ao mercado de tecnologia, promovendo impacto direto na economia local e cultura organizacional.","1762457762379x870054925306429400","","","","Berlim Social","juliana.melo@aeptecba.org.br"
"Bootcamps são comuns no mercado, apesar desse programa conter resultados grandiosos, a metodologia é comum a esse tipo de programa. O que podemos analisar como uma disrupção é mais de execução e escala do que de conceito.","1762457652028x561150064887857150","","","","Bootcamp de Inovação","juliana.melo@aeptecba.org.br"
"O programa apresenta evidências robustas de impacto. Resultados claros, mensuráveis e relevantes para participantes e organizações.","1762457690675x335519965974888450","","","","Bootcamp de Inovação","juliana.melo@aeptecba.org.br"
"Metodologia modular e digital permite expansão para diferentes setores, organizações e regiões. Material e processos documentados facilitam adaptação contínua. O programa é escalável e sustentável, com capacidade de formar redes de intraempreendedores em médio e longo prazo.","1762457719013x783848140687540200","","","","Bootcamp de Inovação","juliana.melo@aeptecba.org.br"
"Coloca pessoas no centro, desenvolvendo competências técnicas e comportamentais, estimulando protagonismo e intraempreendedorismo.","1762457762379x870054925306429400","","","","Bootcamp de Inovação","juliana.melo@aeptecba.org.br"
"O conceito de aceleração de MVPs não é inédito. A iniciativa democratiza o acesso à inovação e aproxima startups e comunidades locais do mercado, criando um ecossistema colaborativo com impacto social concreto. Não possui disrupção Tecnológica, apenas na prática e na abordagem.","1762457652028x561150064887857150","","","","Keycore: tornando MVPs acessíveis e escaláveis com agilidade","juliana.melo@aeptecba.org.br"
"As evidências quantitativas e qualitativas demonstram ganhos tangíveis para empreendedores e comunidades, porém não apresenta números expressivos.","1762457690675x335519965974888450","","","","Keycore: tornando MVPs acessíveis e escaláveis com agilidade","juliana.melo@aeptecba.org.br"
"Metodologia modular, uso de ferramentas abertas e processos documentados permitem expansão para outras cidades e contextos. Programas como “Quarta Conecta” e consultorias comunitárias podem ser facilmente replicados, mantendo baixo custo e alto retorno social.","1762457719013x783848140687540200","","","","Keycore: tornando MVPs acessíveis e escaláveis com agilidade","juliana.melo@aeptecba.org.br"
"Pessoas e comunidades são o centro da iniciativa. Mentorias, cursos e consultorias fortalecem talentos locais, geram oportunidades digitais e conectam empreendedores ao ecossistema de inovação do Recife. Impacto social e educacional significativo, estimulando inclusão e protagonismo.","1762457762379x870054925306429400","","","","Keycore: tornando MVPs acessíveis e escaláveis com agilidade","juliana.melo@aeptecba.org.br"
"Resultados mensuráveis ainda são limitados em termos de impacto direto em produtos ou soluções, mas há forte efeito em capital humano e redes de colaboração.","1762457690675x335519965974888450","","","","INNOVATION JOURNEY","juliana.melo@aeptecba.org.br"
"A iniciativa não é disruptiva no sentido de criar tecnologias ou modelos de negócio inéditos, mas apresenta originalidade ao integrar imersão prática, visitas a empresas, workshops e experiências culturais locais em um mesmo programa.","1762457652028x561150064887857150","","","","INNOVATION JOURNEY","juliana.melo@aeptecba.org.br"
"O modelo modular e personalizado permite adaptação para diferentes organizações, setores e territórios.","1762457719013x783848140687540200","","","","INNOVATION JOURNEY","juliana.melo@aeptecba.org.br"
"O Projeto coloca pessoas no centro, estimulando o aprendizado imersivo. Fortalece o ecossistema local ao conectar startups, empresas, cultura e comunidade, promovendo colaboração e valorização do Recife como polo de inovação com impacto social e territorial.","1762457762379x870054925306429400","","","","INNOVATION JOURNEY","juliana.melo@aeptecba.org.br"
